solid OpenSCAD_Model
  facet normal 0 -0.20901 0.977914
    outer loop
      vertex -0.546309 -5.19779 49.7261
      vertex 1.61505 -15.3662 47.5528
      vertex 0.546309 -5.19779 49.7261
    endloop
  endfacet
  facet normal 0 -0.20901 0.977914
    outer loop
      vertex 1.61505 -15.3662 47.5528
      vertex -0.546309 -5.19779 49.7261
      vertex -1.61505 -15.3662 47.5528
    endloop
  endfacet
  facet normal -0.0434571 -0.204442 0.977913
    outer loop
      vertex -0.546309 -5.19779 49.7261
      vertex -4.77457 -14.6946 47.5528
      vertex -1.61505 -15.3662 47.5528
    endloop
  endfacet
  facet normal -0.561015 0.182279 0.807488
    outer loop
      vertex -30.5641 13.608 37.1572
      vertex -31.8833 9.54778 37.1572
      vertex -28.9029 12.8684 38.4783
    endloop
  endfacet
  facet normal -0.180284 -0.848306 0.49787
    outer loop
      vertex -4.72015 -44.9093 21.2386
      vertex -6.52074 -45.0559 20.3368
      vertex -4.77457 -45.427 20.3368
    endloop
  endfacet
  facet normal -0.180312 -0.84826 0.497938
    outer loop
      vertex -10.8357 -42.3761 23.3394
      vertex -8.20058 -42.1797 24.6282
      vertex -6.5136 -40.9718 27.2968
    endloop
  endfacet
  facet normal -0.180291 -0.848288 0.497898
    outer loop
      vertex -8.20058 -42.1797 24.6282
      vertex -10.8357 -42.3761 23.3394
      vertex -8.56587 -42.4412 24.0504
    endloop
  endfacet
  facet normal -0.989132 -0.10396 0.103967
    outer loop
      vertex -47.8386 -10.1684 10.3956
      vertex -50 0 0
      vertex -48.9074 -10.3956 0
    endloop
  endfacet
  facet normal 0.509691 -0.701596 0.497975
    outer loop
      vertex 22.8484 -36.8633 24.1231
      vertex 23.157 -38.0319 22.1608
      vertex 24.4295 -35.9846 23.7428
    endloop
  endfacet
  facet normal 0.50976 -0.701555 0.497961
    outer loop
      vertex 21.7273 -37.2702 24.6975
      vertex 23.157 -38.0319 22.1608
      vertex 22.8484 -36.8633 24.1231
    endloop
  endfacet
  facet normal 0.509699 -0.701612 0.497944
    outer loop
      vertex 21.5542 -37.333 24.7862
      vertex 23.157 -38.0319 22.1608
      vertex 21.7273 -37.2702 24.6975
    endloop
  endfacet
  facet normal 0.50981 -0.701574 0.497883
    outer loop
      vertex 23.157 -38.0319 22.1608
      vertex 22.8386 -39.5577 20.3368
      vertex 23.5502 -37.9595 21.8602
    endloop
  endfacet
  facet normal 0.509691 -0.701619 0.497941
    outer loop
      vertex 22.8386 -39.5577 20.3368
      vertex 23.157 -38.0319 22.1608
      vertex 21.5542 -37.333 24.7862
    endloop
  endfacet
  facet normal 0.510018 -0.701569 0.497676
    outer loop
      vertex 23.2723 -37.9783 22.1182
      vertex 24.4295 -35.9846 23.7428
      vertex 23.157 -38.0319 22.1608
    endloop
  endfacet
  facet normal 0.509722 -0.701604 0.497931
    outer loop
      vertex 24.4295 -35.9846 23.7428
      vertex 23.2723 -37.9783 22.1182
      vertex 23.6121 -37.8205 21.9927
    endloop
  endfacet
  facet normal -0.181006 -0.104507 0.977914
    outer loop
      vertex -4.22826 -3.07201 49.7261
      vertex -14.1151 -6.28443 47.5528
      vertex -12.5 -9.08178 47.5528
    endloop
  endfacet
  facet normal 0.0434561 0.204443 0.977913
    outer loop
      vertex 4.77457 14.6946 47.5528
      vertex 0.546309 5.19779 49.7261
      vertex 1.61505 4.97062 49.7261
    endloop
  endfacet
  facet normal 0.905019 0.29405 0.307368
    outer loop
      vertex 43.551 13.1105 20.2014
      vertex 44.5208 10.3362 20
      vertex 43.622 13.1025 20
    endloop
  endfacet
  facet normal 0.904924 0.294015 0.307683
    outer loop
      vertex 44.4493 10.204 20.3368
      vertex 43.551 13.1105 20.2014
      vertex 43.4457 13.2929 20.3368
    endloop
  endfacet
  facet normal 0.904974 0.294023 0.307528
    outer loop
      vertex 43.551 13.1105 20.2014
      vertex 44.4493 10.204 20.3368
      vertex 44.5208 10.3362 20
    endloop
  endfacet
  facet normal 0.904983 0.294038 0.307485
    outer loop
      vertex 47.8386 10.1684 10.3956
      vertex 43.622 13.1025 20
      vertex 44.5208 10.3362 20
    endloop
  endfacet
  facet normal 0.904982 0.294042 0.307484
    outer loop
      vertex 43.622 13.1025 20
      vertex 47.8386 10.1684 10.3956
      vertex 41.9353 18.2937 20
    endloop
  endfacet
  facet normal 0.904961 0.294114 0.307477
    outer loop
      vertex 47.8386 10.1684 10.3956
      vertex 44.5208 10.3362 20
      vertex 44.7862 9.51959 20
    endloop
  endfacet
  facet normal 0.707144 0.636711 0.307485
    outer loop
      vertex 36.8104 27.1702 20
      vertex 39.5669 28.747 10.3956
      vertex 32.7254 36.3453 10.3956
    endloop
  endfacet
  facet normal 0.707094 0.636769 0.30748
    outer loop
      vertex 39.5669 28.747 10.3956
      vertex 36.8104 27.1702 20
      vertex 37.0422 26.9128 20
    endloop
  endfacet
  facet normal 0.90492 0.294223 0.307494
    outer loop
      vertex 41.9353 18.2937 20
      vertex 44.6791 19.8924 10.3956
      vertex 41.8282 18.6231 20
    endloop
  endfacet
  facet normal 0.904982 0.294045 0.307482
    outer loop
      vertex 44.6791 19.8924 10.3956
      vertex 41.9353 18.2937 20
      vertex 47.8386 10.1684 10.3956
    endloop
  endfacet
  facet normal -0.207866 0.0218477 0.977913
    outer loop
      vertex -5.11221 1.08663 49.7261
      vertex -15.4508 0 47.5528
      vertex -5.22642 0 49.7261
    endloop
  endfacet
  facet normal -0.303477 0.273248 0.912818
    outer loop
      vertex -20.2254 14.6946 43.3013
      vertex -16.6257 18.4647 43.3695
      vertex -16.8384 18.4563 43.3013
    endloop
  endfacet
  facet normal -0.303646 0.273412 0.912713
    outer loop
      vertex -16.6257 18.4647 43.3695
      vertex -20.2254 14.6946 43.3013
      vertex -10.3386 11.4822 47.5528
    endloop
  endfacet
  facet normal -0.085012 -0.190941 0.977913
    outer loop
      vertex -1.61505 -4.97062 49.7261
      vertex -7.72542 -13.3808 47.5528
      vertex -4.77457 -14.6946 47.5528
    endloop
  endfacet
  facet normal -0.239929 -0.538904 0.807475
    outer loop
      vertex -12.5 -21.6506 43.3013
      vertex -16.7283 -28.9742 37.1572
      vertex -10.3386 -31.819 37.1572
    endloop
  endfacet
  facet normal -0.207866 -0.0218451 0.977913
    outer loop
      vertex -5.11221 -1.08663 49.7261
      vertex -15.4508 0 47.5528
      vertex -15.1132 -3.21241 47.5528
    endloop
  endfacet
  facet normal -0.198781 0.064584 0.977914
    outer loop
      vertex -14.1151 6.28443 47.5528
      vertex -15.1132 3.21241 47.5528
      vertex -5.11221 1.08663 49.7261
    endloop
  endfacet
  facet normal 0.862467 0.0906217 0.497934
    outer loop
      vertex 40.3002 3.82632 28.9537
      vertex 40.2653 1.95567 29.3546
      vertex 40.4583 3.83542 28.6782
    endloop
  endfacet
  facet normal 0.862445 0.0906302 0.497971
    outer loop
      vertex 40.0502 3.81192 29.3893
      vertex 40.2653 1.95567 29.3546
      vertex 40.3002 3.82632 28.9537
    endloop
  endfacet
  facet normal 0.862648 0.0906604 0.497613
    outer loop
      vertex 40.2653 1.95567 29.3546
      vertex 40.0502 3.81192 29.3893
      vertex 40.2554 1.85941 29.3893
    endloop
  endfacet
  facet normal 0.824072 0.475772 0.307484
    outer loop
      vertex 39.5669 28.747 10.3956
      vertex 37.0422 26.9128 20
      vertex 41.655 18.9231 20
    endloop
  endfacet
  facet normal -0.707145 -0.63671 0.307483
    outer loop
      vertex -32.7254 -36.3453 10.3956
      vertex -33.35 -31.0134 20
      vertex -36.8104 -27.1702 20
    endloop
  endfacet
  facet normal -0.707117 -0.636734 0.307498
    outer loop
      vertex -33.35 -31.0134 20
      vertex -32.7254 -36.3453 10.3956
      vertex -32.3223 -32.1547 20
    endloop
  endfacet
  facet normal -0.707162 -0.636692 0.307482
    outer loop
      vertex -32.3223 -32.1547 20
      vertex -32.7254 -36.3453 10.3956
      vertex -30.6373 -34.0262 20
    endloop
  endfacet
  facet normal -0.707102 -0.63672 0.307561
    outer loop
      vertex -32.3223 -32.1547 20
      vertex -33.2506 -30.9611 20.3368
      vertex -33.35 -31.0134 20
    endloop
  endfacet
  facet normal -0.707197 -0.636728 0.307326
    outer loop
      vertex -33.2506 -30.9611 20.3368
      vertex -32.3223 -32.1547 20
      vertex -32.0561 -32.2878 20.3368
    endloop
  endfacet
  facet normal 0.739111 -0.665513 0.103957
    outer loop
      vertex 40.4509 -29.3893 0
      vertex 32.7254 -36.3453 10.3956
      vertex 33.4565 -37.1572 0
    endloop
  endfacet
  facet normal 0.404536 -0.908593 0.103967
    outer loop
      vertex 24.4537 -42.355 10.3956
      vertex 15.1132 -46.5137 10.3956
      vertex 25 -43.3013 0
    endloop
  endfacet
  facet normal -0.904982 -0.294045 0.307482
    outer loop
      vertex -44.6791 -19.8924 10.3956
      vertex -41.9353 -18.2937 20
      vertex -47.8386 -10.1684 10.3956
    endloop
  endfacet
  facet normal -0.90492 -0.294223 0.307494
    outer loop
      vertex -41.9353 -18.2937 20
      vertex -44.6791 -19.8924 10.3956
      vertex -41.8282 -18.6231 20
    endloop
  endfacet
  facet normal -0.861335 -0.497286 0.10397
    outer loop
      vertex -39.5669 -28.747 10.3956
      vertex -45.6773 -20.3368 0
      vertex -40.4509 -29.3893 0
    endloop
  endfacet
  facet normal 0.946342 -0.0994331 0.307489
    outer loop
      vertex 45.7505 -0.344529 20
      vertex 48.9074 0 10.3956
      vertex 45.7867 0 20
    endloop
  endfacet
  facet normal 0.946339 -0.0994696 0.307487
    outer loop
      vertex 48.9074 0 10.3956
      vertex 45.7505 -0.344529 20
      vertex 47.8386 -10.1684 10.3956
    endloop
  endfacet
  facet normal 0.352735 -0.792233 0.497941
    outer loop
      vertex 13.3324 -41.0328 24.7238
      vertex 18.0232 -38.0625 26.1267
      vertex 12.7231 -39.1576 28.1389
    endloop
  endfacet
  facet normal 0.352731 -0.79223 0.497948
    outer loop
      vertex 18.0232 -38.0625 26.1267
      vertex 13.3324 -41.0328 24.7238
      vertex 16.5369 -40.1083 23.9247
    endloop
  endfacet
  facet normal 0.741017 -0.0777881 0.666965
    outer loop
      vertex 39.5895 -8.19491 29.3893
      vertex 39.4977 -8.39548 29.4679
      vertex 39.5669 -8.4102 29.3893
    endloop
  endfacet
  facet normal 0.740909 -0.0778932 0.667073
    outer loop
      vertex 34.9529 -7.42946 34.6281
      vertex 35.7102 -6.2226 33.9279
      vertex 34.1308 -7.25472 35.5616
    endloop
  endfacet
  facet normal 0.740872 -0.0778422 0.66712
    outer loop
      vertex 35.7102 -6.2226 33.9279
      vertex 34.9529 -7.42946 34.6281
      vertex 35.9755 -6.04923 33.6535
    endloop
  endfacet
  facet normal 0.945903 -0.307341 0.103965
    outer loop
      vertex 47.8386 -10.1684 10.3956
      vertex 44.6791 -19.8924 10.3956
      vertex 45.6773 -20.3368 0
    endloop
  endfacet
  facet normal 0.586743 0.0616085 0.807426
    outer loop
      vertex 33.1878 0.519771 37.3128
      vertex 33.4565 0 37.1572
      vertex 33.3998 0.539996 37.1572
    endloop
  endfacet
  facet normal 0.586671 0.0615542 0.807483
    outer loop
      vertex 33.4565 0 37.1572
      vertex 33.1878 0.519771 37.3128
      vertex 27.7408 0 41.3099
    endloop
  endfacet
  facet normal -0.751106 0.43366 0.497774
    outer loop
      vertex -40.8887 20.0328 20.3368
      vertex -41.7283 18.5786 20.3368
      vertex -40.8469 19.7636 20.6344
    endloop
  endfacet
  facet normal -0.751044 0.433571 0.497946
    outer loop
      vertex -39.9272 17.7767 23.7516
      vertex -40.8469 19.7636 20.6344
      vertex -41.7283 18.5786 20.3368
    endloop
  endfacet
  facet normal -0.751021 0.433603 0.497952
    outer loop
      vertex -40.8469 19.7636 20.6344
      vertex -39.2102 18.3266 24.3542
      vertex -36.9537 22.6392 24.0022
    endloop
  endfacet
  facet normal -0.751151 0.433652 0.497714
    outer loop
      vertex -39.0933 18.3163 24.5396
      vertex -36.9537 22.6392 24.0022
      vertex -39.2102 18.3266 24.3542
    endloop
  endfacet
  facet normal -0.751022 0.433616 0.49794
    outer loop
      vertex -37.7847 18.2009 26.6138
      vertex -36.9537 22.6392 24.0022
      vertex -39.0933 18.3163 24.5396
    endloop
  endfacet
  facet normal -0.750997 0.433627 0.497967
    outer loop
      vertex -37.7847 18.2009 26.6138
      vertex -36.9537 17.1386 28.7921
      vertex -36.9537 22.6392 24.0022
    endloop
  endfacet
  facet normal -0.751136 0.43343 0.497929
    outer loop
      vertex -37.1105 17.0742 28.6116
      vertex -37.7847 18.2009 26.6138
      vertex -38.1394 17.7344 26.4848
    endloop
  endfacet
  facet normal -0.750975 0.433678 0.497956
    outer loop
      vertex -37.432 16.6658 28.4823
      vertex -38.1394 17.7344 26.4848
      vertex -38.5677 17.1714 26.3292
    endloop
  endfacet
  facet normal -0.751171 0.433385 0.497915
    outer loop
      vertex -37.7847 18.2009 26.6138
      vertex -37.1105 17.0742 28.6116
      vertex -36.9537 17.1386 28.7921
    endloop
  endfacet
  facet normal -0.751042 0.433588 0.497932
    outer loop
      vertex -38.1394 17.7344 26.4848
      vertex -37.432 16.6658 28.4823
      vertex -37.1105 17.0742 28.6116
    endloop
  endfacet
  facet normal -0.751034 0.433582 0.49795
    outer loop
      vertex -40.8469 19.7636 20.6344
      vertex -39.9272 17.7767 23.7516
      vertex -39.2102 18.3266 24.3542
    endloop
  endfacet
  facet normal -0.406294 0.0426993 0.912744
    outer loop
      vertex -16.1239 0.388607 47.235
      vertex -16.1425 0 47.2449
      vertex -15.4508 0 47.5528
    endloop
  endfacet
  facet normal 0.553638 0.498473 0.667091
    outer loop
      vertex 26.6856 24.4379 33.9074
      vertex 27.0669 19.6653 37.1572
      vertex 27.0669 24.755 33.354
    endloop
  endfacet
  facet normal 0.55365 0.498469 0.667083
    outer loop
      vertex 26.4678 24.5955 33.9704
      vertex 27.0669 19.6653 37.1572
      vertex 26.6856 24.4379 33.9074
    endloop
  endfacet
  facet normal 0.553613 0.498471 0.667113
    outer loop
      vertex 22.3868 24.863 37.1572
      vertex 26.4678 24.5955 33.9704
      vertex 23.8514 26.4897 34.7263
    endloop
  endfacet
  facet normal 0.55361 0.49848 0.667108
    outer loop
      vertex 26.4678 24.5955 33.9704
      vertex 22.3868 24.863 37.1572
      vertex 27.0669 19.6653 37.1572
    endloop
  endfacet
  facet normal 0.945902 0.307343 0.103968
    outer loop
      vertex 48.9074 10.3956 0
      vertex 45.6773 20.3368 0
      vertex 47.8386 10.1684 10.3956
    endloop
  endfacet
  facet normal 0.862357 -0.0905857 0.498131
    outer loop
      vertex 42.9112 -1.00585 24.9446
      vertex 42.2405 -4.73036 25.4284
      vertex 43.1784 -0.428603 24.587
    endloop
  endfacet
  facet normal 0.862448 -0.0906235 0.497966
    outer loop
      vertex 39.611 -8.13631 29.3627
      vertex 42.2405 -4.73036 25.4284
      vertex 42.9112 -1.00585 24.9446
    endloop
  endfacet
  facet normal 0.862594 -0.0905506 0.497726
    outer loop
      vertex 39.5669 -8.4102 29.3893
      vertex 39.611 -8.13631 29.3627
      vertex 39.5895 -8.19491 29.3893
    endloop
  endfacet
  facet normal 0.86241 -0.0904887 0.498057
    outer loop
      vertex 39.611 -8.13631 29.3627
      vertex 39.5669 -8.4102 29.3893
      vertex 42.2405 -4.73036 25.4284
    endloop
  endfacet
  facet normal 0.824068 0.475776 0.307488
    outer loop
      vertex 41.655 18.9231 20
      vertex 44.6791 19.8924 10.3956
      vertex 39.5669 28.747 10.3956
    endloop
  endfacet
  facet normal 0.824074 0.475765 0.307488
    outer loop
      vertex 44.6791 19.8924 10.3956
      vertex 41.655 18.9231 20
      vertex 41.8282 18.6231 20
    endloop
  endfacet
  facet normal 0.404527 0.908598 0.103957
    outer loop
      vertex 15.4508 47.5528 0
      vertex 15.1132 46.5137 10.3956
      vertex 25 43.3013 0
    endloop
  endfacet
  facet normal 0.739111 0.665513 0.103957
    outer loop
      vertex 33.4565 37.1572 0
      vertex 32.7254 36.3453 10.3956
      vertex 40.4509 29.3893 0
    endloop
  endfacet
  facet normal 0.438384 0.39471 0.80748
    outer loop
      vertex 27.0669 19.6653 37.1572
      vertex 23.3148 20.1721 38.9465
      vertex 25.5962 18.5967 38.478
    endloop
  endfacet
  facet normal 0.438383 0.394728 0.807472
    outer loop
      vertex 22.3868 24.863 37.1572
      vertex 23.3148 20.1721 38.9465
      vertex 27.0669 19.6653 37.1572
    endloop
  endfacet
  facet normal 0.438328 0.394728 0.807501
    outer loop
      vertex 23.3148 20.1721 38.9465
      vertex 22.3868 24.863 37.1572
      vertex 22.9774 20.405 39.0158
    endloop
  endfacet
  facet normal 0.438413 0.394722 0.807458
    outer loop
      vertex 22.9774 20.405 39.0158
      vertex 22.3868 24.863 37.1572
      vertex 21.3427 19.9508 40.1254
    endloop
  endfacet
  facet normal 0.122854 0.169093 0.977913
    outer loop
      vertex 7.72542 13.3808 47.5528
      vertex 2.61321 4.52621 49.7261
      vertex 10.3386 11.4822 47.5528
    endloop
  endfacet
  facet normal 0.708544 0.23011 0.667095
    outer loop
      vertex 36.9537 16.4528 29.3893
      vertex 35.1559 15.6118 31.5889
      vertex 36.5807 15.6152 30.0744
    endloop
  endfacet
  facet normal 0.708498 0.230227 0.667103
    outer loop
      vertex 35.1559 15.6118 31.5889
      vertex 36.9537 16.4528 29.3893
      vertex 35.0641 15.6115 31.6865
    endloop
  endfacet
  facet normal -0.180294 -0.848253 0.497957
    outer loop
      vertex -6.5136 -40.9718 27.2968
      vertex -11.9031 -38.5979 29.3893
      vertex -12.6628 -38.9721 28.4768
    endloop
  endfacet
  facet normal -0.180312 -0.848267 0.497927
    outer loop
      vertex -11.9031 -38.5979 29.3893
      vertex -6.5136 -40.9718 27.2968
      vertex -5.19079 -40.0247 29.3893
    endloop
  endfacet
  facet normal -0.180303 -0.848267 0.49793
    outer loop
      vertex -12.6628 -38.9721 28.4768
      vertex -10.8357 -42.3761 23.3394
      vertex -6.5136 -40.9718 27.2968
    endloop
  endfacet
  facet normal -0.180287 -0.848267 0.497936
    outer loop
      vertex -10.8357 -42.3761 23.3394
      vertex -12.6628 -38.9721 28.4768
      vertex -13.7418 -42.2928 22.4291
    endloop
  endfacet
  facet normal -0.645147 -0.372478 0.667117
    outer loop
      vertex -30.5641 -13.608 37.1572
      vertex -31.2323 -13.9055 36.3449
      vertex -30.2245 -14.1962 37.1572
    endloop
  endfacet
  facet normal -0.437872 -0.602687 0.66711
    outer loop
      vertex -19.608 -26.882 37.1572
      vertex -20.5041 -29.3711 34.3203
      vertex -16.7283 -28.9742 37.1572
    endloop
  endfacet
  facet normal -0.707094 -0.636769 0.30748
    outer loop
      vertex -39.5669 -28.747 10.3956
      vertex -36.8104 -27.1702 20
      vertex -37.0422 -26.9128 20
    endloop
  endfacet
  facet normal -0.707144 -0.636711 0.307485
    outer loop
      vertex -36.8104 -27.1702 20
      vertex -39.5669 -28.747 10.3956
      vertex -32.7254 -36.3453 10.3956
    endloop
  endfacet
  facet normal -0.824074 -0.475765 0.307488
    outer loop
      vertex -44.6791 -19.8924 10.3956
      vertex -41.655 -18.9231 20
      vertex -41.8282 -18.6231 20
    endloop
  endfacet
  facet normal -0.824068 -0.475776 0.307488
    outer loop
      vertex -41.655 -18.9231 20
      vertex -44.6791 -19.8924 10.3956
      vertex -39.5669 -28.747 10.3956
    endloop
  endfacet
  facet normal -0.861333 -0.49729 0.103965
    outer loop
      vertex -44.6791 -19.8924 10.3956
      vertex -45.6773 -20.3368 0
      vertex -39.5669 -28.747 10.3956
    endloop
  endfacet
  facet normal 0.43785 0.602707 0.667107
    outer loop
      vertex 22.3868 24.863 37.1572
      vertex 23.1504 26.8921 34.8228
      vertex 22.7698 26.8931 35.0717
    endloop
  endfacet
  facet normal 0.43782 0.602723 0.667112
    outer loop
      vertex 23.1504 26.8921 34.8228
      vertex 22.3868 24.863 37.1572
      vertex 23.8514 26.4897 34.7263
    endloop
  endfacet
  facet normal 0.437884 0.602692 0.667099
    outer loop
      vertex 22.3868 24.863 37.1572
      vertex 22.7698 26.8931 35.0717
      vertex 19.5812 26.9014 37.1572
    endloop
  endfacet
  facet normal 0.989132 -0.10396 0.103967
    outer loop
      vertex 50 0 0
      vertex 47.8386 -10.1684 10.3956
      vertex 48.9074 -10.3956 0
    endloop
  endfacet
  facet normal 0.945902 -0.307343 0.103968
    outer loop
      vertex 47.8386 -10.1684 10.3956
      vertex 45.6773 -20.3368 0
      vertex 48.9074 -10.3956 0
    endloop
  endfacet
  facet normal -0.197841 -0.930756 0.307493
    outer loop
      vertex -4.77457 -45.427 20.3368
      vertex -15.1132 -46.5137 10.3956
      vertex -5.11221 -48.6395 10.3956
    endloop
  endfacet
  facet normal 0.584606 -0.804629 0.103956
    outer loop
      vertex 32.7254 -36.3453 10.3956
      vertex 25 -43.3013 0
      vertex 33.4565 -37.1572 0
    endloop
  endfacet
  facet normal 0.561025 -0.182306 0.807475
    outer loop
      vertex 24.4537 -5.19779 43.3013
      vertex 25.796 -9.2075 41.4634
      vertex 28.1653 -5.98671 40.5444
    endloop
  endfacet
  facet normal 0.561038 -0.182298 0.807467
    outer loop
      vertex 25.796 -9.2075 41.4634
      vertex 24.4537 -5.19779 43.3013
      vertex 22.8386 -10.1684 43.3013
    endloop
  endfacet
  facet normal 0.989132 0.103968 0.10396
    outer loop
      vertex 50 0 0
      vertex 47.8386 10.1684 10.3956
      vertex 48.9074 0 10.3956
    endloop
  endfacet
  facet normal 0.904979 -0.294053 0.307484
    outer loop
      vertex 44.6791 -9.49684 20.3368
      vertex 44.1189 -11.5731 20
      vertex 47.8386 -10.1684 10.3956
    endloop
  endfacet
  facet normal 0.905001 -0.294049 0.307423
    outer loop
      vertex 44.6791 -9.49684 20.3368
      vertex 44.0092 -11.7791 20.1259
      vertex 44.1189 -11.5731 20
    endloop
  endfacet
  facet normal 0.905007 -0.294049 0.307404
    outer loop
      vertex 44.0092 -11.7791 20.1259
      vertex 44.6791 -9.49684 20.3368
      vertex 43.7445 -12.3733 20.3368
    endloop
  endfacet
  facet normal 0.904982 -0.294039 0.307487
    outer loop
      vertex 47.8386 -10.1684 10.3956
      vertex 44.1189 -11.5731 20
      vertex 41.9353 -18.2937 20
    endloop
  endfacet
  facet normal 0.707094 -0.636769 0.30748
    outer loop
      vertex 36.8104 -27.1702 20
      vertex 39.5669 -28.747 10.3956
      vertex 37.0422 -26.9128 20
    endloop
  endfacet
  facet normal 0.707144 -0.636711 0.307485
    outer loop
      vertex 39.5669 -28.747 10.3956
      vertex 36.8104 -27.1702 20
      vertex 32.7254 -36.3453 10.3956
    endloop
  endfacet
  facet normal 0.946356 -0.0994831 0.307429
    outer loop
      vertex 44.6791 -9.49684 20.3368
      vertex 44.8079 -9.3124 20
      vertex 44.8801 -7.58478 20.3368
    endloop
  endfacet
  facet normal 0.946249 -0.0978461 0.308284
    outer loop
      vertex 44.8079 -9.3124 20
      vertex 44.6791 -9.49684 20.3368
      vertex 44.7819 -9.38299 20.0574
    endloop
  endfacet
  facet normal 0.946355 -0.102309 0.306505
    outer loop
      vertex 44.7819 -9.38299 20.0574
      vertex 44.6791 -9.49684 20.3368
      vertex 44.7719 -9.40988 20.0793
    endloop
  endfacet
  facet normal 0.946367 -0.0994775 0.307398
    outer loop
      vertex 44.8079 -9.3124 20
      vertex 45.1062 -6.47456 20
      vertex 44.8801 -7.58478 20.3368
    endloop
  endfacet
  facet normal 0.946339 -0.0994746 0.307486
    outer loop
      vertex 47.8386 -10.1684 10.3956
      vertex 45.1062 -6.47456 20
      vertex 44.8079 -9.3124 20
    endloop
  endfacet
  facet normal 0.946423 -0.0987763 0.307451
    outer loop
      vertex 47.8386 -10.1684 10.3956
      vertex 44.8079 -9.3124 20
      vertex 44.8052 -9.33827 20
    endloop
  endfacet
  facet normal 0.946341 -0.0994656 0.307483
    outer loop
      vertex 45.1062 -6.47456 20
      vertex 47.8386 -10.1684 10.3956
      vertex 45.7505 -0.344529 20
    endloop
  endfacet
  facet normal 0.94633 -0.0995528 0.307488
    outer loop
      vertex 44.7719 -9.40988 20.0793
      vertex 47.8386 -10.1684 10.3956
      vertex 44.8052 -9.33827 20
    endloop
  endfacet
  facet normal 0.946347 -0.0994063 0.307482
    outer loop
      vertex 47.8386 -10.1684 10.3956
      vertex 44.7719 -9.40988 20.0793
      vertex 44.6791 -9.49684 20.3368
    endloop
  endfacet
  facet normal 0.740883 0.0778614 0.667105
    outer loop
      vertex 38.718 0 31.3138
      vertex 36.917 3.18193 32.9426
      vertex 33.5546 0.557262 36.9832
    endloop
  endfacet
  facet normal 0.741013 0.077807 0.666967
    outer loop
      vertex 33.4565 0 37.1572
      vertex 33.5546 0.557262 36.9832
      vertex 33.3998 0.539996 37.1572
    endloop
  endfacet
  facet normal 0.740883 0.0778727 0.667104
    outer loop
      vertex 33.5546 0.557262 36.9832
      vertex 33.4565 0 37.1572
      vertex 38.718 0 31.3138
    endloop
  endfacet
  facet normal 0.740897 0.077878 0.667088
    outer loop
      vertex 36.917 3.18193 32.9426
      vertex 38.718 0 31.3138
      vertex 39.4683 0.884714 30.3772
    endloop
  endfacet
  facet normal 0.509734 -0.701591 0.497936
    outer loop
      vertex 23.5502 -37.9595 21.8602
      vertex 22.8386 -39.5577 20.3368
      vertex 25.5432 -37.5927 20.3368
    endloop
  endfacet
  facet normal 0.509747 -0.701599 0.497913
    outer loop
      vertex 24.3211 -37.4911 21.731
      vertex 24.4295 -35.9846 23.7428
      vertex 23.6121 -37.8205 21.9927
    endloop
  endfacet
  facet normal 0.509763 -0.701591 0.497907
    outer loop
      vertex 24.4295 -35.9846 23.7428
      vertex 24.3211 -37.4911 21.731
      vertex 25.1448 -37.0227 21.5477
    endloop
  endfacet
  facet normal 0.509752 -0.701599 0.497907
    outer loop
      vertex 24.4295 -35.9846 23.7428
      vertex 25.1448 -37.0227 21.5477
      vertex 29.742 -33.0318 22.4647
    endloop
  endfacet
  facet normal 0.509723 -0.701579 0.497964
    outer loop
      vertex 29.742 -33.0318 22.4647
      vertex 25.1448 -37.0227 21.5477
      vertex 30.5619 -33.9424 20.3425
    endloop
  endfacet
  facet normal -0.82407 0.475777 0.307482
    outer loop
      vertex -39.5669 28.747 10.3956
      vertex -44.6791 19.8924 10.3956
      vertex -41.7283 18.5786 20.3368
    endloop
  endfacet
  facet normal 0.387033 0.869287 0.307481
    outer loop
      vertex 15.1132 46.5137 10.3956
      vertex 14.1489 43.5458 20
      vertex 22.5769 39.7934 20
    endloop
  endfacet
  facet normal 0.644469 0.580275 0.497936
    outer loop
      vertex 31.8703 26.2734 27.5861
      vertex 30.3006 28.4827 27.0431
      vertex 27.8366 29.206 29.3893
    endloop
  endfacet
  facet normal 0.64448 0.580268 0.49793
    outer loop
      vertex 32.1424 26.1547 27.3723
      vertex 32.7839 28.0699 24.3101
      vertex 30.5171 28.4192 26.837
    endloop
  endfacet
  facet normal 0.644472 0.580283 0.497923
    outer loop
      vertex 35.0523 25.467 24.4075
      vertex 32.7839 28.0699 24.3101
      vertex 34.5522 25.1036 25.4783
    endloop
  endfacet
  facet normal 0.644454 0.580276 0.497954
    outer loop
      vertex 32.9849 28.039 24.086
      vertex 34.939 26.6175 23.2135
      vertex 34.4546 27.6604 22.6251
    endloop
  endfacet
  facet normal 0.644366 0.580244 0.498106
    outer loop
      vertex 30.3006 28.4827 27.0431
      vertex 31.8703 26.2734 27.5861
      vertex 30.5171 28.4192 26.837
    endloop
  endfacet
  facet normal 0.644463 0.580282 0.497936
    outer loop
      vertex 32.7839 28.0699 24.3101
      vertex 32.1424 26.1547 27.3723
      vertex 34.5522 25.1036 25.4783
    endloop
  endfacet
  facet normal 0.644433 0.580252 0.498009
    outer loop
      vertex 30.5171 28.4192 26.837
      vertex 31.8703 26.2734 27.5861
      vertex 32.1424 26.1547 27.3723
    endloop
  endfacet
  facet normal 0.644471 0.580294 0.497911
    outer loop
      vertex 31.8703 26.2734 27.5861
      vertex 27.8366 29.206 29.3893
      vertex 32.0321 24.5465 29.3893
    endloop
  endfacet
  facet normal 0.64444 0.580312 0.497931
    outer loop
      vertex 33.027 28.1243 23.9321
      vertex 32.9849 28.039 24.086
      vertex 34.4546 27.6604 22.6251
    endloop
  endfacet
  facet normal 0.644436 0.580258 0.497999
    outer loop
      vertex 32.7839 28.0699 24.3101
      vertex 35.0808 26.3124 23.3856
      vertex 32.9849 28.039 24.086
    endloop
  endfacet
  facet normal 0.644464 0.580352 0.497853
    outer loop
      vertex 32.9849 28.039 24.086
      vertex 35.0808 26.3124 23.3856
      vertex 34.939 26.6175 23.2135
    endloop
  endfacet
  facet normal 0.644435 0.580253 0.498006
    outer loop
      vertex 35.0808 26.3124 23.3856
      vertex 32.7839 28.0699 24.3101
      vertex 35.0523 25.467 24.4075
    endloop
  endfacet
  facet normal 0.206789 0.972847 0.103957
    outer loop
      vertex 15.4508 47.5528 0
      vertex 5.22642 49.7261 0
      vertex 15.1132 46.5137 10.3956
    endloop
  endfacet
  facet normal -0.181006 0.104507 0.977914
    outer loop
      vertex -12.5 9.08178 47.5528
      vertex -14.1151 6.28443 47.5528
      vertex -4.22826 3.07201 49.7261
    endloop
  endfacet
  facet normal 0.0849503 0.399672 0.912713
    outer loop
      vertex 2.61321 24.863 43.3013
      vertex 1.61505 15.3662 47.5528
      vertex 7.72542 23.7764 43.3013
    endloop
  endfacet
  facet normal -0.904982 0.294045 0.307482
    outer loop
      vertex -44.6791 19.8924 10.3956
      vertex -47.8386 10.1684 10.3956
      vertex -41.7283 18.5786 20.3368
    endloop
  endfacet
  facet normal -0.406295 -0.0427116 0.912743
    outer loop
      vertex -16.1849 -2.01145 47.1319
      vertex -15.4508 0 47.5528
      vertex -16.151 -0.404222 47.2222
    endloop
  endfacet
  facet normal -0.406319 -0.042701 0.912733
    outer loop
      vertex -15.4508 0 47.5528
      vertex -16.1849 -2.01145 47.1319
      vertex -15.1132 -3.21241 47.5528
    endloop
  endfacet
  facet normal -0.406369 -0.0427546 0.912708
    outer loop
      vertex -17.1086 -2.38583 46.7031
      vertex -15.1132 -3.21241 47.5528
      vertex -16.1849 -2.01145 47.1319
    endloop
  endfacet
  facet normal -0.40636 -0.0427277 0.912714
    outer loop
      vertex -15.1132 -3.21241 47.5528
      vertex -17.1086 -2.38583 46.7031
      vertex -23.5968 -5.01565 43.6913
    endloop
  endfacet
  facet normal 0.739119 -0.665502 0.10397
    outer loop
      vertex 39.5669 -28.747 10.3956
      vertex 32.7254 -36.3453 10.3956
      vertex 40.4509 -29.3893 0
    endloop
  endfacet
  facet normal 0.708535 -0.230504 0.666968
    outer loop
      vertex 39.3854 -8.58153 29.5229
      vertex 39.5669 -8.4102 29.3893
      vertex 39.4977 -8.39548 29.4679
    endloop
  endfacet
  facet normal 0.708497 -0.230201 0.667113
    outer loop
      vertex 36.9537 -16.4528 29.3893
      vertex 39.3854 -8.58153 29.5229
      vertex 35.9695 -14.2424 31.1973
    endloop
  endfacet
  facet normal 0.708408 -0.230176 0.667216
    outer loop
      vertex 39.3854 -8.58153 29.5229
      vertex 36.9537 -16.4528 29.3893
      vertex 39.5669 -8.4102 29.3893
    endloop
  endfacet
  facet normal 0.708469 -0.230225 0.667134
    outer loop
      vertex 33.6118 -8.94688 35.5288
      vertex 34.1308 -7.25472 35.5616
      vertex 33.1208 -7.84406 36.4308
    endloop
  endfacet
  facet normal 0.708524 -0.230241 0.66707
    outer loop
      vertex 34.1308 -7.25472 35.5616
      vertex 33.6118 -8.94688 35.5288
      vertex 34.9529 -7.42946 34.6281
    endloop
  endfacet
  facet normal 0.346729 -0.477244 0.807476
    outer loop
      vertex 13.3273 -21.9194 42.7872
      vertex 16.7283 -28.9742 37.1572
      vertex 19.9644 -26.6231 37.1572
    endloop
  endfacet
  facet normal 0.346717 -0.477251 0.807477
    outer loop
      vertex 16.7283 -28.9742 37.1572
      vertex 13.3273 -21.9194 42.7872
      vertex 12.5 -21.6506 43.3013
    endloop
  endfacet
  facet normal -0.387008 -0.869246 0.307631
    outer loop
      vertex -22.8386 -39.5577 20.3368
      vertex -16.9631 -42.2928 20
      vertex -16.9548 -42.1773 20.3368
    endloop
  endfacet
  facet normal -0.387042 -0.869284 0.307481
    outer loop
      vertex -16.9631 -42.2928 20
      vertex -15.1132 -46.5137 10.3956
      vertex -14.1489 -43.5458 20
    endloop
  endfacet
  facet normal -0.387035 -0.869286 0.307483
    outer loop
      vertex -15.1132 -46.5137 10.3956
      vertex -16.9631 -42.2928 20
      vertex -22.8386 -39.5577 20.3368
    endloop
  endfacet
  facet normal -0.708489 -0.230239 0.667108
    outer loop
      vertex -35.0896 -12.2661 32.8138
      vertex -32.3406 -8.16916 37.1473
      vertex -33.0561 -7.69866 36.5498
    endloop
  endfacet
  facet normal -0.708522 -0.230195 0.667088
    outer loop
      vertex -32.9902 -13.3108 34.6831
      vertex -32.3406 -8.16916 37.1473
      vertex -35.0896 -12.2661 32.8138
    endloop
  endfacet
  facet normal -0.707336 -0.230842 0.668123
    outer loop
      vertex -32.3406 -8.16916 37.1473
      vertex -32.9902 -13.3108 34.6831
      vertex -32.3287 -8.17697 37.1572
    endloop
  endfacet
  facet normal -0.708504 -0.230201 0.667106
    outer loop
      vertex -32.9902 -13.3108 34.6831
      vertex -30.5641 -13.608 37.1572
      vertex -32.3287 -8.17697 37.1572
    endloop
  endfacet
  facet normal -0.708509 -0.230159 0.667115
    outer loop
      vertex -30.5641 -13.608 37.1572
      vertex -32.9902 -13.3108 34.6831
      vertex -31.2323 -13.9055 36.3449
    endloop
  endfacet
  facet normal -0.0849552 -0.399669 0.912714
    outer loop
      vertex -4.77457 -14.6946 47.5528
      vertex -7.72542 -23.7764 43.3013
      vertex -1.61505 -15.3662 47.5528
    endloop
  endfacet
  facet normal -0.438423 -0.394901 0.807366
    outer loop
      vertex -20.2254 -14.6946 43.3013
      vertex -20.3948 -14.8177 43.1491
      vertex -20.2499 -14.8099 43.2316
    endloop
  endfacet
  facet normal -0.406294 -0.0427136 0.912743
    outer loop
      vertex -16.1425 0 47.2449
      vertex -16.151 -0.404222 47.2222
      vertex -15.4508 0 47.5528
    endloop
  endfacet
  facet normal -0.553613 0.498489 0.667099
    outer loop
      vertex -27.0669 24.3003 33.6937
      vertex -32.2157 23.4061 30.089
      vertex -27.0669 19.6653 37.1572
    endloop
  endfacet
  facet normal -0.86245 0.0906822 0.497952
    outer loop
      vertex -45.6407 0.348091 20.3368
      vertex -45.6773 0 20.3368
      vertex -45.0711 0.834299 21.2348
    endloop
  endfacet
  facet normal -0.86246 0.090607 0.497949
    outer loop
      vertex -43.3994 9.22482 22.6029
      vertex -43.8111 8.12197 22.0905
      vertex -42.426 9.01793 24.3265
    endloop
  endfacet
  facet normal -0.862474 0.0906252 0.497921
    outer loop
      vertex -43.8111 8.12197 22.0905
      vertex -43.3994 9.22482 22.6029
      vertex -44.0095 7.99363 21.7702
    endloop
  endfacet
  facet normal -0.946339 0.0994696 0.307487
    outer loop
      vertex -48.9074 0 10.3956
      vertex -45.7505 0.344529 20
      vertex -47.8386 10.1684 10.3956
    endloop
  endfacet
  facet normal -0.946324 0.0996482 0.307476
    outer loop
      vertex -45.7505 0.344529 20
      vertex -48.9074 0 10.3956
      vertex -45.7675 0.183086 20
    endloop
  endfacet
  facet normal -0.946261 0.0997383 0.307641
    outer loop
      vertex -45.7675 0.183086 20
      vertex -45.6773 0 20.3368
      vertex -45.7273 0.235367 20.1067
    endloop
  endfacet
  facet normal -0.946345 0.0994138 0.307487
    outer loop
      vertex -45.6773 0 20.3368
      vertex -45.7675 0.183086 20
      vertex -48.9074 0 10.3956
    endloop
  endfacet
  facet normal -0.824563 -0.26801 0.498263
    outer loop
      vertex -44.1248 -10.7449 20.5834
      vertex -43.5734 -12.8998 20.3368
      vertex -43.9821 -10.7502 20.8167
    endloop
  endfacet
  facet normal -0.824951 -0.268035 0.497607
    outer loop
      vertex -43.5734 -12.8998 20.3368
      vertex -44.1248 -10.7449 20.5834
      vertex -44.2754 -10.7392 20.3368
    endloop
  endfacet
  facet normal -0.824771 -0.268046 0.4979
    outer loop
      vertex -43.9821 -10.7502 20.8167
      vertex -39.6801 -13.998 26.1945
      vertex -44.6171 -9.5527 20.4095
    endloop
  endfacet
  facet normal -0.824769 -0.267977 0.49794
    outer loop
      vertex -40.2572 -14.9873 24.7062
      vertex -43.9821 -10.7502 20.8167
      vertex -43.5734 -12.8998 20.3368
    endloop
  endfacet
  facet normal -0.824769 -0.267977 0.49794
    outer loop
      vertex -43.9821 -10.7502 20.8167
      vertex -40.2572 -14.9873 24.7062
      vertex -39.6801 -13.998 26.1945
    endloop
  endfacet
  facet normal -0.824773 -0.267847 0.498004
    outer loop
      vertex -40.2572 -14.9873 24.7062
      vertex -43.5734 -12.8998 20.3368
      vertex -40.4366 -15.2948 24.2437
    endloop
  endfacet
  facet normal 0.945903 0.307341 0.103965
    outer loop
      vertex 45.6773 20.3368 0
      vertex 44.6791 19.8924 10.3956
      vertex 47.8386 10.1684 10.3956
    endloop
  endfacet
  facet normal 0.751179 -0.433478 0.497823
    outer loop
      vertex 36.9537 -16.4528 29.3893
      vertex 36.9537 -16.8466 29.0464
      vertex 37.1172 -16.5256 29.0792
    endloop
  endfacet
  facet normal 0.750829 -0.433942 0.497946
    outer loop
      vertex 39.7661 -17.705 24.057
      vertex 40.6658 -18.2318 22.2413
      vertex 40.7361 -18.1369 22.218
    endloop
  endfacet
  facet normal 0.751051 -0.433559 0.497945
    outer loop
      vertex 39.7661 -17.705 24.057
      vertex 40.1435 -18.938 22.4142
      vertex 40.6658 -18.2318 22.2413
    endloop
  endfacet
  facet normal 0.751019 -0.433593 0.497963
    outer loop
      vertex 36.9537 -21.3957 25.085
      vertex 40.1435 -18.938 22.4142
      vertex 39.7661 -17.705 24.057
    endloop
  endfacet
  facet normal 0.751019 -0.433602 0.497955
    outer loop
      vertex 40.1435 -18.938 22.4142
      vertex 36.9537 -21.3957 25.085
      vertex 36.9537 -23.3418 23.3904
    endloop
  endfacet
  facet normal 0.861335 -0.497286 0.10397
    outer loop
      vertex 45.6773 -20.3368 0
      vertex 39.5669 -28.747 10.3956
      vertex 40.4509 -29.3893 0
    endloop
  endfacet
  facet normal -0.509726 -0.701593 0.497942
    outer loop
      vertex -25.2722 -34.0919 25.5468
      vertex -25.2782 -31.3604 29.3893
      vertex -26.5864 -31.1402 28.3604
    endloop
  endfacet
  facet normal -0.509746 -0.701601 0.497911
    outer loop
      vertex -25.2782 -31.3604 29.3893
      vertex -20.5266 -35.553 28.3461
      vertex -20.2254 -35.0315 29.3893
    endloop
  endfacet
  facet normal -0.509731 -0.701591 0.497941
    outer loop
      vertex -25.2782 -31.3604 29.3893
      vertex -25.2722 -34.0919 25.5468
      vertex -20.5266 -35.553 28.3461
    endloop
  endfacet
  facet normal -0.509719 -0.701603 0.497935
    outer loop
      vertex -22.4895 -38.953 21.5462
      vertex -23.2154 -38.7115 21.1434
      vertex -22.8386 -39.5577 20.3368
    endloop
  endfacet
  facet normal 0.206789 -0.972847 0.103957
    outer loop
      vertex 15.1132 -46.5137 10.3956
      vertex 5.22642 -49.7261 0
      vertex 15.4508 -47.5528 0
    endloop
  endfacet
  facet normal 0.989132 0.10396 0.103967
    outer loop
      vertex 48.9074 10.3956 0
      vertex 47.8386 10.1684 10.3956
      vertex 50 0 0
    endloop
  endfacet
  facet normal 0.645151 0.372501 0.6671
    outer loop
      vertex 36.9537 16.4528 29.3893
      vertex 34.8212 15.6065 31.9242
      vertex 35.0641 15.6115 31.6865
    endloop
  endfacet
  facet normal 0.645161 0.372481 0.667102
    outer loop
      vertex 27.0669 19.6653 37.1572
      vertex 34.8212 15.6065 31.9242
      vertex 36.9537 16.4528 29.3893
    endloop
  endfacet
  facet normal 0.645161 0.372486 0.667099
    outer loop
      vertex 34.8212 15.6065 31.9242
      vertex 27.0669 19.6653 37.1572
      vertex 29.0696 16.1969 37.157
    endloop
  endfacet
  facet normal 0.654653 0.377967 0.654653
    outer loop
      vertex 29.0696 16.1969 37.157
      vertex 27.0669 19.6653 37.1572
      vertex 29.0694 16.1969 37.1572
    endloop
  endfacet
  facet normal 0.86243 -0.0906605 0.497991
    outer loop
      vertex 44.8801 -7.58478 20.3368
      vertex 44.3902 -9.43544 20.8483
      vertex 44.6791 -9.49684 20.3368
    endloop
  endfacet
  facet normal 0.862468 -0.0906766 0.497922
    outer loop
      vertex 39.5669 -8.4102 29.3893
      vertex 41.6152 -7.59788 25.9893
      vertex 42.2405 -4.73036 25.4284
    endloop
  endfacet
  facet normal 0.862466 -0.090571 0.497946
    outer loop
      vertex 41.222 -8.762 26.4586
      vertex 41.6152 -7.59788 25.9893
      vertex 39.5669 -8.4102 29.3893
    endloop
  endfacet
  facet normal 0.862442 -0.0905442 0.497992
    outer loop
      vertex 41.6152 -7.59788 25.9893
      vertex 41.222 -8.762 26.4586
      vertex 41.4646 -8.28876 26.1245
    endloop
  endfacet
  facet normal 0.946342 0.0994331 0.307489
    outer loop
      vertex 48.9074 0 10.3956
      vertex 45.7505 0.344529 20
      vertex 45.7867 0 20
    endloop
  endfacet
  facet normal 0.946339 0.0994696 0.307487
    outer loop
      vertex 45.7505 0.344529 20
      vertex 48.9074 0 10.3956
      vertex 47.8386 10.1684 10.3956
    endloop
  endfacet
  facet normal 0.989132 -0.103968 0.10396
    outer loop
      vertex 48.9074 0 10.3956
      vertex 47.8386 -10.1684 10.3956
      vertex 50 0 0
    endloop
  endfacet
  facet normal 0.824789 -0.268075 0.497854
    outer loop
      vertex 43.9868 -10.3443 21.0274
      vertex 44.6791 -9.49684 20.3368
      vertex 44.1525 -9.97099 20.9539
    endloop
  endfacet
  facet normal 0.824768 -0.26799 0.497935
    outer loop
      vertex 43.7445 -12.3733 20.3368
      vertex 43.495 -10.8764 21.5557
      vertex 42.9841 -11.812 21.8984
    endloop
  endfacet
  facet normal 0.824779 -0.267978 0.497923
    outer loop
      vertex 43.495 -10.8764 21.5557
      vertex 43.7445 -12.3733 20.3368
      vertex 43.9376 -10.3975 21.0803
    endloop
  endfacet
  facet normal 0.824897 -0.267926 0.497755
    outer loop
      vertex 43.9376 -10.3975 21.0803
      vertex 43.7445 -12.3733 20.3368
      vertex 43.9868 -10.3443 21.0274
    endloop
  endfacet
  facet normal 0.824763 -0.267977 0.49795
    outer loop
      vertex 43.9868 -10.3443 21.0274
      vertex 43.7445 -12.3733 20.3368
      vertex 44.6791 -9.49684 20.3368
    endloop
  endfacet
  facet normal 0.824757 -0.267973 0.497962
    outer loop
      vertex 40.7361 -18.1369 22.218
      vertex 42.9841 -11.812 21.8984
      vertex 39.7661 -17.705 24.057
    endloop
  endfacet
  facet normal 0.824772 -0.26798 0.497934
    outer loop
      vertex 42.9841 -11.812 21.8984
      vertex 40.7361 -18.1369 22.218
      vertex 43.7445 -12.3733 20.3368
    endloop
  endfacet
  facet normal 0.824773 -0.268187 0.497821
    outer loop
      vertex 37.2244 -16.2091 29.0721
      vertex 36.9537 -16.4528 29.3893
      vertex 37.1172 -16.5256 29.0792
    endloop
  endfacet
  facet normal 0.82477 -0.267874 0.497993
    outer loop
      vertex 44.3902 -9.43544 20.8483
      vertex 44.1525 -9.97099 20.9539
      vertex 44.6791 -9.49684 20.3368
    endloop
  endfacet
  facet normal 0.824764 -0.267974 0.49795
    outer loop
      vertex 39.5669 -8.4102 29.3893
      vertex 38.6112 -12.5132 28.7642
      vertex 41.222 -8.762 26.4586
    endloop
  endfacet
  facet normal 0.824683 -0.267975 0.498084
    outer loop
      vertex 39.5669 -8.4102 29.3893
      vertex 38.3476 -12.8919 28.9969
      vertex 38.6112 -12.5132 28.7642
    endloop
  endfacet
  facet normal 0.824778 -0.267987 0.497921
    outer loop
      vertex 36.9537 -16.4528 29.3893
      vertex 38.3476 -12.8919 28.9969
      vertex 39.5669 -8.4102 29.3893
    endloop
  endfacet
  facet normal 0.824753 -0.267972 0.49797
    outer loop
      vertex 38.3476 -12.8919 28.9969
      vertex 36.9537 -16.4528 29.3893
      vertex 37.2244 -16.2091 29.0721
    endloop
  endfacet
  facet normal 0.166192 0.373274 0.912714
    outer loop
      vertex 7.72542 23.7764 43.3013
      vertex 4.77457 14.6946 47.5528
      vertex 7.72542 13.3808 47.5528
    endloop
  endfacet
  facet normal 0.510885 -0.294944 0.807468
    outer loop
      vertex 23.1854 -12.5422 42.2148
      vertex 22.8386 -10.1684 43.3013
      vertex 22.8816 -12.9069 42.2738
    endloop
  endfacet
  facet normal 0.510878 -0.294947 0.807471
    outer loop
      vertex 22.8386 -10.1684 43.3013
      vertex 23.1854 -12.5422 42.2148
      vertex 23.6481 -11.9866 42.125
    endloop
  endfacet
  facet normal 0.510854 -0.294957 0.807483
    outer loop
      vertex 22.8816 -12.9069 42.2738
      vertex 25.0229 -15.0743 40.1274
      vertex 23.8586 -12.4593 41.8192
    endloop
  endfacet
  facet normal 0.510863 -0.294946 0.807481
    outer loop
      vertex 22.8816 -12.9069 42.2738
      vertex 22.513 -16.3567 41.2469
      vertex 25.0229 -15.0743 40.1274
    endloop
  endfacet
  facet normal 0.510866 -0.294949 0.807478
    outer loop
      vertex 20.2254 -14.6946 43.3013
      vertex 22.8816 -12.9069 42.2738
      vertex 22.8386 -10.1684 43.3013
    endloop
  endfacet
  facet normal 0.510865 -0.294946 0.80748
    outer loop
      vertex 22.8816 -12.9069 42.2738
      vertex 20.2254 -14.6946 43.3013
      vertex 22.513 -16.3567 41.2469
    endloop
  endfacet
  facet normal 0.824771 0.26795 0.497951
    outer loop
      vertex 39.3016 14.3388 26.638
      vertex 40.8214 14.7432 23.9031
      vertex 38.9005 14.9648 26.9655
    endloop
  endfacet
  facet normal 0.82476 0.267987 0.49795
    outer loop
      vertex 40.8214 14.7432 23.9031
      vertex 39.3016 14.3388 26.638
      vertex 42.3652 11.5803 23.0483
    endloop
  endfacet
  facet normal 0.824763 0.267989 0.497943
    outer loop
      vertex 38.5812 15.4632 27.2262
      vertex 39.6959 17.6737 24.1902
      vertex 36.9537 16.4528 29.3893
    endloop
  endfacet
  facet normal 0.824767 0.267883 0.497994
    outer loop
      vertex 38.5812 15.4632 27.2262
      vertex 36.9537 16.4528 29.3893
      vertex 37.9768 15.5316 28.1904
    endloop
  endfacet
  facet normal 0.824788 0.26795 0.497923
    outer loop
      vertex 38.9005 14.9648 26.9655
      vertex 39.6959 17.6737 24.1902
      vertex 38.5812 15.4632 27.2262
    endloop
  endfacet
  facet normal 0.824775 0.267985 0.497926
    outer loop
      vertex 39.6959 17.6737 24.1902
      vertex 40.8214 14.7432 23.9031
      vertex 41.4964 15.8025 22.2149
    endloop
  endfacet
  facet normal 0.824765 0.267979 0.497945
    outer loop
      vertex 39.6959 17.6737 24.1902
      vertex 38.9005 14.9648 26.9655
      vertex 40.8214 14.7432 23.9031
    endloop
  endfacet
  facet normal 0.82479 0.267958 0.497916
    outer loop
      vertex 41.1672 14.2515 23.5949
      vertex 41.4964 15.8025 22.2149
      vertex 40.8214 14.7432 23.9031
    endloop
  endfacet
  facet normal 0.82471 0.268049 0.497999
    outer loop
      vertex 41.4964 15.8025 22.2149
      vertex 41.1672 14.2515 23.5949
      vertex 41.83 15.4559 21.849
    endloop
  endfacet
  facet normal 0.824769 0.267951 0.497954
    outer loop
      vertex 41.1672 14.2515 23.5949
      vertex 43.4035 13.3494 20.3763
      vertex 41.83 15.4559 21.849
    endloop
  endfacet
  facet normal 0.824767 0.267975 0.497945
    outer loop
      vertex 44.2021 9.93638 20.8903
      vertex 43.4035 13.3494 20.3763
      vertex 41.1672 14.2515 23.5949
    endloop
  endfacet
  facet normal 0.824806 0.267974 0.497881
    outer loop
      vertex 43.4035 13.3494 20.3763
      vertex 44.2021 9.93638 20.8903
      vertex 43.4457 13.2929 20.3368
    endloop
  endfacet
  facet normal 0.824781 0.267976 0.497921
    outer loop
      vertex 43.4457 13.2929 20.3368
      vertex 44.2812 10.022 20.7132
      vertex 44.4493 10.204 20.3368
    endloop
  endfacet
  facet normal 0.824775 0.267975 0.497932
    outer loop
      vertex 43.4457 13.2929 20.3368
      vertex 44.2021 9.93638 20.8903
      vertex 44.2812 10.022 20.7132
    endloop
  endfacet
  facet normal 0.559303 0.769828 0.307483
    outer loop
      vertex 32.7254 36.3453 10.3956
      vertex 23.1736 39.4488 20
      vertex 30.6373 34.0262 20
    endloop
  endfacet
  facet normal -0.946343 0.0994607 0.307479
    outer loop
      vertex -44.7862 9.51959 20
      vertex -47.8386 10.1684 10.3956
      vertex -45.7505 0.344529 20
    endloop
  endfacet
  facet normal -0.946356 0.0995046 0.307422
    outer loop
      vertex -45.6407 0.348091 20.3368
      vertex -45.7273 0.235367 20.1067
      vertex -45.6773 0 20.3368
    endloop
  endfacet
  facet normal -0.24017 0.330563 0.912714
    outer loop
      vertex -7.72542 13.3808 47.5528
      vertex -12.5 21.6506 43.3013
      vertex -10.3386 11.4822 47.5528
    endloop
  endfacet
  facet normal -0.824072 0.475773 0.307484
    outer loop
      vertex -39.5669 28.747 10.3956
      vertex -40.8723 20.2788 20
      vertex -37.0422 26.9128 20
    endloop
  endfacet
  facet normal -0.824009 0.475752 0.307684
    outer loop
      vertex -40.8878 20.046 20.3188
      vertex -41.7283 18.5786 20.3368
      vertex -40.8887 20.0328 20.3368
    endloop
  endfacet
  facet normal -0.824096 0.475798 0.307378
    outer loop
      vertex -40.8723 20.2788 20
      vertex -41.7283 18.5786 20.3368
      vertex -40.8878 20.046 20.3188
    endloop
  endfacet
  facet normal -0.824047 0.475799 0.30751
    outer loop
      vertex -41.7283 18.5786 20.3368
      vertex -40.8723 20.2788 20
      vertex -39.5669 28.747 10.3956
    endloop
  endfacet
  facet normal -0.989132 0.10396 0.103967
    outer loop
      vertex -48.9074 10.3956 0
      vertex -50 0 0
      vertex -47.8386 10.1684 10.3956
    endloop
  endfacet
  facet normal 0 0.994582 0.103959
    outer loop
      vertex 5.22642 49.7261 0
      vertex -5.11221 48.6395 10.3956
      vertex 5.11221 48.6395 10.3956
    endloop
  endfacet
  facet normal 0 0.994582 0.103959
    outer loop
      vertex -5.11221 48.6395 10.3956
      vertex 5.22642 49.7261 0
      vertex -5.22642 49.7261 0
    endloop
  endfacet
  facet normal -0.206789 0.972847 0.103957
    outer loop
      vertex -5.22642 49.7261 0
      vertex -15.4508 47.5528 0
      vertex -15.1132 46.5137 10.3956
    endloop
  endfacet
  facet normal 0.739119 0.665502 0.10397
    outer loop
      vertex 40.4509 29.3893 0
      vertex 32.7254 36.3453 10.3956
      vertex 39.5669 28.747 10.3956
    endloop
  endfacet
  facet normal 0.197827 0.930763 0.307482
    outer loop
      vertex 14.1489 43.5458 20
      vertex 15.1132 46.5137 10.3956
      vertex 6.82802 45.1018 20
    endloop
  endfacet
  facet normal 0.197831 0.930773 0.307448
    outer loop
      vertex 6.82802 45.1018 20
      vertex 4.77457 45.427 20.3368
      vertex 6.85131 44.9856 20.3368
    endloop
  endfacet
  facet normal 0.197835 0.930759 0.307488
    outer loop
      vertex 4.77457 45.427 20.3368
      vertex 6.82802 45.1018 20
      vertex 15.1132 46.5137 10.3956
    endloop
  endfacet
  facet normal 0.386998 0.869304 0.307477
    outer loop
      vertex 24.4537 42.355 10.3956
      vertex 22.5769 39.7934 20
      vertex 22.8934 39.6525 20
    endloop
  endfacet
  facet normal 0.387035 0.869287 0.307479
    outer loop
      vertex 22.5769 39.7934 20
      vertex 24.4537 42.355 10.3956
      vertex 15.1132 46.5137 10.3956
    endloop
  endfacet
  facet normal 0.559306 0.769824 0.307487
    outer loop
      vertex 24.4537 42.355 10.3956
      vertex 23.1736 39.4488 20
      vertex 32.7254 36.3453 10.3956
    endloop
  endfacet
  facet normal 0.559532 0.769666 0.30747
    outer loop
      vertex 23.1736 39.4488 20
      vertex 24.4537 42.355 10.3956
      vertex 22.8934 39.6525 20
    endloop
  endfacet
  facet normal -0.122656 0.577007 0.807477
    outer loop
      vertex -3.49716 33.2733 37.1572
      vertex -10.3386 31.819 37.1572
      vertex -2.61321 24.863 43.3013
    endloop
  endfacet
  facet normal 0 0.20901 0.977914
    outer loop
      vertex 1.61505 15.3662 47.5528
      vertex -0.546309 5.19779 49.7261
      vertex 0.546309 5.19779 49.7261
    endloop
  endfacet
  facet normal 0 0.20901 0.977914
    outer loop
      vertex -0.546309 5.19779 49.7261
      vertex 1.61505 15.3662 47.5528
      vertex -1.61505 15.3662 47.5528
    endloop
  endfacet
  facet normal -0.561029 -0.182284 0.807477
    outer loop
      vertex -30.1102 -7.80574 38.7824
      vertex -30.5641 -13.608 37.1572
      vertex -22.8386 -10.1684 43.3013
    endloop
  endfacet
  facet normal -0.560998 -0.182292 0.807497
    outer loop
      vertex -31.7266 -8.50309 37.502
      vertex -30.5641 -13.608 37.1572
      vertex -30.1102 -7.80574 38.7824
    endloop
  endfacet
  facet normal -0.56112 -0.182314 0.807407
    outer loop
      vertex -30.5641 -13.608 37.1572
      vertex -31.7266 -8.50309 37.502
      vertex -32.3287 -8.17697 37.1572
    endloop
  endfacet
  facet normal 0.23993 0.538901 0.807477
    outer loop
      vertex 7.72542 23.7764 43.3013
      vertex 11.5015 26.3482 40.4629
      vertex 9.14436 26.1967 41.2644
    endloop
  endfacet
  facet normal 0.239905 0.53892 0.807472
    outer loop
      vertex 7.72542 23.7764 43.3013
      vertex 9.1029 26.4078 41.1358
      vertex 8.90605 27.41 40.5254
    endloop
  endfacet
  facet normal 0.239935 0.538897 0.807479
    outer loop
      vertex 11.5015 26.3482 40.4629
      vertex 7.72542 23.7764 43.3013
      vertex 12.5 21.6506 43.3013
    endloop
  endfacet
  facet normal 0.239764 0.53899 0.807467
    outer loop
      vertex 9.1029 26.4078 41.1358
      vertex 7.72542 23.7764 43.3013
      vertex 9.14436 26.1967 41.2644
    endloop
  endfacet
  facet normal -0.510858 -0.294958 0.80748
    outer loop
      vertex -22.8386 -10.1684 43.3013
      vertex -25.6621 -15.006 39.7479
      vertex -24.9816 -14.9817 40.1873
    endloop
  endfacet
  facet normal -0.510836 -0.294977 0.807487
    outer loop
      vertex -22.8386 -10.1684 43.3013
      vertex -26.1018 -15.0217 39.464
      vertex -25.6621 -15.006 39.7479
    endloop
  endfacet
  facet normal -0.51087 -0.294946 0.807477
    outer loop
      vertex -30.5641 -13.608 37.1572
      vertex -26.1018 -15.0217 39.464
      vertex -22.8386 -10.1684 43.3013
    endloop
  endfacet
  facet normal -0.51087 -0.294953 0.807474
    outer loop
      vertex -26.1018 -15.0217 39.464
      vertex -30.5641 -13.608 37.1572
      vertex -30.2245 -14.1962 37.1572
    endloop
  endfacet
  facet normal 0.353863 -0.204303 0.912711
    outer loop
      vertex 15.8256 -7.04599 46.7192
      vertex 20.2254 -14.6946 43.3013
      vertex 22.8386 -10.1684 43.3013
    endloop
  endfacet
  facet normal 0.353844 -0.204316 0.912716
    outer loop
      vertex 20.2254 -14.6946 43.3013
      vertex 15.8256 -7.04599 46.7192
      vertex 14.5701 -6.91079 47.2362
    endloop
  endfacet
  facet normal 0.0849552 -0.399669 0.912714
    outer loop
      vertex 4.77457 -14.6946 47.5528
      vertex 1.61505 -15.3662 47.5528
      vertex 7.72542 -23.7764 43.3013
    endloop
  endfacet
  facet normal 0.0849503 -0.399672 0.912713
    outer loop
      vertex 7.72542 -23.7764 43.3013
      vertex 1.61505 -15.3662 47.5528
      vertex 2.61321 -24.863 43.3013
    endloop
  endfacet
  facet normal -0.644489 -0.580257 0.497931
    outer loop
      vertex -35.5857 -27.2929 21.5894
      vertex -35.3092 -25.6537 23.8575
      vertex -36.5815 -26.578 21.1336
    endloop
  endfacet
  facet normal -0.644463 -0.580276 0.497942
    outer loop
      vertex -35.3092 -25.6537 23.8575
      vertex -35.5857 -27.2929 21.5894
      vertex -31.1883 -28.7217 25.6157
    endloop
  endfacet
  facet normal -0.438404 -0.394749 0.80745
    outer loop
      vertex -17.2835 -17.962 43.3013
      vertex -17.4325 -19.3607 42.5366
      vertex -16.7283 -18.5786 43.3013
    endloop
  endfacet
  facet normal -0.438758 -0.394761 0.807252
    outer loop
      vertex -20.2254 -14.6946 43.3013
      vertex -20.2499 -14.8099 43.2316
      vertex -20.1276 -14.8033 43.3013
    endloop
  endfacet
  facet normal -0.388605 -0.126258 0.912713
    outer loop
      vertex -23.5968 -5.01565 43.6913
      vertex -14.1151 -6.28443 47.5528
      vertex -15.1132 -3.21241 47.5528
    endloop
  endfacet
  facet normal -0.388595 -0.126113 0.912737
    outer loop
      vertex -14.1151 -6.28443 47.5528
      vertex -23.5968 -5.01565 43.6913
      vertex -24.1286 -5.23196 43.435
    endloop
  endfacet
  facet normal -0.181007 0.104505 0.977914
    outer loop
      vertex -4.22826 3.07201 49.7261
      vertex -14.1151 6.28443 47.5528
      vertex -4.77457 2.12578 49.7261
    endloop
  endfacet
  facet normal -0.12272 -0.576995 0.807476
    outer loop
      vertex -2.61321 -24.863 43.3013
      vertex -3.4867 -27.6859 41.1514
      vertex -2.94143 -27.9859 41.0199
    endloop
  endfacet
  facet normal -0.119348 -0.577919 0.80732
    outer loop
      vertex -2.61321 -24.863 43.3013
      vertex -3.5035 -27.6964 41.1414
      vertex -3.4867 -27.6859 41.1514
    endloop
  endfacet
  facet normal -0.122755 -0.576974 0.807485
    outer loop
      vertex -2.61321 -24.863 43.3013
      vertex -3.80353 -27.8835 40.9621
      vertex -3.5035 -27.6964 41.1414
    endloop
  endfacet
  facet normal -0.122636 -0.577013 0.807475
    outer loop
      vertex -2.61321 -24.863 43.3013
      vertex -9.31411 -31.3176 37.6712
      vertex -3.80353 -27.8835 40.9621
    endloop
  endfacet
  facet normal -0.122821 -0.57688 0.807542
    outer loop
      vertex -10.3386 -31.819 37.1572
      vertex -9.31411 -31.3176 37.6712
      vertex -2.61321 -24.863 43.3013
    endloop
  endfacet
  facet normal -0.122834 -0.576863 0.807552
    outer loop
      vertex -9.31411 -31.3176 37.6712
      vertex -10.3386 -31.819 37.1572
      vertex -10.1747 -31.8539 37.1572
    endloop
  endfacet
  facet normal -0.122627 -0.577011 0.807478
    outer loop
      vertex -3.72616 -27.9063 40.9576
      vertex -3.49716 -33.2733 37.1572
      vertex -2.95689 -28.1329 40.9125
    endloop
  endfacet
  facet normal -0.123071 -0.576992 0.807424
    outer loop
      vertex -3.80353 -27.8835 40.9621
      vertex -3.49716 -33.2733 37.1572
      vertex -3.72616 -27.9063 40.9576
    endloop
  endfacet
  facet normal -0.122643 -0.577007 0.807479
    outer loop
      vertex -9.31411 -31.3176 37.6712
      vertex -3.49716 -33.2733 37.1572
      vertex -3.80353 -27.8835 40.9621
    endloop
  endfacet
  facet normal -0.122649 -0.577021 0.807468
    outer loop
      vertex -9.3993 -31.8181 37.3006
      vertex -3.49716 -33.2733 37.1572
      vertex -9.31411 -31.3176 37.6712
    endloop
  endfacet
  facet normal -0.122681 -0.577144 0.807375
    outer loop
      vertex -3.49716 -33.2733 37.1572
      vertex -9.3993 -31.8181 37.3006
      vertex -9.43225 -32.0117 37.1572
    endloop
  endfacet
  facet normal -0.122645 -0.577015 0.807473
    outer loop
      vertex -7.72542 -23.7764 43.3013
      vertex -10.3386 -31.819 37.1572
      vertex -2.61321 -24.863 43.3013
    endloop
  endfacet
  facet normal -0.740886 -0.0778593 0.667103
    outer loop
      vertex -39.0038 -3.35574 30.6046
      vertex -39.5669 -8.4102 29.3893
      vertex -33.8288 -7.19053 35.9044
    endloop
  endfacet
  facet normal -0.740848 -0.0778731 0.667143
    outer loop
      vertex -39.5058 -2.8609 30.1049
      vertex -39.5669 -8.4102 29.3893
      vertex -39.0038 -3.35574 30.6046
    endloop
  endfacet
  facet normal -0.740892 -0.0778666 0.667095
    outer loop
      vertex -39.5669 -8.4102 29.3893
      vertex -39.5058 -2.8609 30.1049
      vertex -40.2246 -2.15226 29.3893
    endloop
  endfacet
  facet normal -0.904985 0.294046 0.307473
    outer loop
      vertex -41.7283 18.5786 20.3368
      vertex -43.5466 13.3346 20
      vertex -43.3152 13.6946 20.3368
    endloop
  endfacet
  facet normal -0.904982 0.294044 0.307482
    outer loop
      vertex -47.8386 10.1684 10.3956
      vertex -43.5466 13.3346 20
      vertex -41.7283 18.5786 20.3368
    endloop
  endfacet
  facet normal -0.904981 0.294053 0.307479
    outer loop
      vertex -43.5466 13.3346 20
      vertex -47.8386 10.1684 10.3956
      vertex -44.7862 9.51959 20
    endloop
  endfacet
  facet normal -0.387035 -0.869286 0.307483
    outer loop
      vertex -22.8386 -39.5577 20.3368
      vertex -24.4537 -42.355 10.3956
      vertex -15.1132 -46.5137 10.3956
    endloop
  endfacet
  facet normal 0.166236 -0.373253 0.912714
    outer loop
      vertex 10.7864 -19.4297 44.5216
      vertex 7.72542 -13.3808 47.5528
      vertex 10.2105 -19.5248 44.5876
    endloop
  endfacet
  facet normal 0.166145 -0.373299 0.912712
    outer loop
      vertex 7.72542 -13.3808 47.5528
      vertex 10.7864 -19.4297 44.5216
      vertex 11.1802 -19.3647 44.4765
    endloop
  endfacet
  facet normal 0.166196 -0.373278 0.912712
    outer loop
      vertex 7.72542 -23.7764 43.3013
      vertex 12.1525 -21.0488 43.6107
      vertex 10.2105 -19.5248 44.5876
    endloop
  endfacet
  facet normal 0.166196 -0.373279 0.912711
    outer loop
      vertex 12.1525 -21.0488 43.6107
      vertex 7.72542 -23.7764 43.3013
      vertex 12.5 -21.6506 43.3013
    endloop
  endfacet
  facet normal 0.166186 -0.373274 0.912715
    outer loop
      vertex 7.72542 -23.7764 43.3013
      vertex 10.2105 -19.5248 44.5876
      vertex 7.72542 -13.3808 47.5528
    endloop
  endfacet
  facet normal -0.584597 -0.804635 0.103966
    outer loop
      vertex -24.4537 -42.355 10.3956
      vertex -32.7254 -36.3453 10.3956
      vertex -25 -43.3013 0
    endloop
  endfacet
  facet normal 0.404527 -0.908598 0.103957
    outer loop
      vertex 25 -43.3013 0
      vertex 15.1132 -46.5137 10.3956
      vertex 15.4508 -47.5528 0
    endloop
  endfacet
  facet normal 0.751015 -0.4336 0.497964
    outer loop
      vertex 32.7254 -23.7764 29.3893
      vertex 36.9537 -16.8466 29.0464
      vertex 36.9537 -16.4528 29.3893
    endloop
  endfacet
  facet normal 0.751036 -0.433616 0.497918
    outer loop
      vertex 36.9537 -16.8466 29.0464
      vertex 32.7254 -23.7764 29.3893
      vertex 33.8618 -22.9145 28.4258
    endloop
  endfacet
  facet normal 0.751036 -0.433601 0.497931
    outer loop
      vertex 33.8618 -22.9145 28.4258
      vertex 32.7254 -23.7764 29.3893
      vertex 33.4599 -23.7033 28.3451
    endloop
  endfacet
  facet normal 0.751317 -0.43338 0.497699
    outer loop
      vertex 36.9116 -21.451 25.1004
      vertex 36.9537 -23.3418 23.3904
      vertex 36.9537 -21.3957 25.085
    endloop
  endfacet
  facet normal 0.751027 -0.433605 0.497941
    outer loop
      vertex 36.6448 -21.6251 25.3512
      vertex 36.9537 -23.3418 23.3904
      vertex 36.9116 -21.451 25.1004
    endloop
  endfacet
  facet normal 0.751021 -0.433613 0.497943
    outer loop
      vertex 34.9013 -25.3573 24.7308
      vertex 36.6448 -21.6251 25.3512
      vertex 33.4599 -23.7033 28.3451
    endloop
  endfacet
  facet normal 0.751064 -0.43357 0.497915
    outer loop
      vertex 36.6448 -21.6251 25.3512
      vertex 36.6267 -23.7933 23.4905
      vertex 36.9537 -23.3418 23.3904
    endloop
  endfacet
  facet normal 0.751043 -0.433581 0.497938
    outer loop
      vertex 34.9013 -25.3573 24.7308
      vertex 33.4599 -23.7033 28.3451
      vertex 32.7254 -23.7764 29.3893
    endloop
  endfacet
  facet normal 0.751009 -0.43361 0.497964
    outer loop
      vertex 36.6448 -21.6251 25.3512
      vertex 34.9013 -25.3573 24.7308
      vertex 36.6267 -23.7933 23.4905
    endloop
  endfacet
  facet normal 0.751035 -0.433806 0.497754
    outer loop
      vertex 36.6267 -23.7933 23.4905
      vertex 34.9013 -25.3573 24.7308
      vertex 36.2529 -24.3093 23.6048
    endloop
  endfacet
  facet normal 0.861335 0.497286 0.10397
    outer loop
      vertex 40.4509 29.3893 0
      vertex 39.5669 28.747 10.3956
      vertex 45.6773 20.3368 0
    endloop
  endfacet
  facet normal 0.861333 0.49729 0.103965
    outer loop
      vertex 45.6773 20.3368 0
      vertex 39.5669 28.747 10.3956
      vertex 44.6791 19.8924 10.3956
    endloop
  endfacet
  facet normal 0.751085 0.433565 0.497889
    outer loop
      vertex 36.9537 16.4528 29.3893
      vertex 37.2248 19.551 26.2824
      vertex 36.9537 19.6697 26.588
    endloop
  endfacet
  facet normal 0.750926 0.433701 0.49801
    outer loop
      vertex 37.2248 19.551 26.2824
      vertex 36.9537 16.4528 29.3893
      vertex 37.4991 19.431 25.9733
    endloop
  endfacet
  facet normal 0.751026 0.433605 0.497942
    outer loop
      vertex 37.4991 19.431 25.9733
      vertex 36.9537 16.4528 29.3893
      vertex 39.6959 17.6737 24.1902
    endloop
  endfacet
  facet normal 0.553614 0.498457 0.667122
    outer loop
      vertex 27.9927 25.525 32.0103
      vertex 31.9579 23.2188 30.4429
      vertex 32.0321 24.5465 29.3893
    endloop
  endfacet
  facet normal 0.553396 0.498756 0.667079
    outer loop
      vertex 31.9579 23.2188 30.4429
      vertex 29.0931 21.1418 34.3724
      vertex 29.0965 21.1399 34.371
    endloop
  endfacet
  facet normal 0.55362 0.498484 0.667098
    outer loop
      vertex 31.9579 23.2188 30.4429
      vertex 27.9927 25.525 32.0103
      vertex 29.0931 21.1418 34.3724
    endloop
  endfacet
  facet normal 0.55361 0.498481 0.667108
    outer loop
      vertex 27.8366 29.206 29.3893
      vertex 27.9927 25.525 32.0103
      vertex 32.0321 24.5465 29.3893
    endloop
  endfacet
  facet normal 0.553581 0.498491 0.667124
    outer loop
      vertex 27.8366 29.206 29.3893
      vertex 27.5898 28.9916 29.7543
      vertex 27.9927 25.525 32.0103
    endloop
  endfacet
  facet normal 0.553698 0.49836 0.667126
    outer loop
      vertex 27.5898 28.9916 29.7543
      vertex 27.8366 29.206 29.3893
      vertex 27.5602 29.2463 29.5886
    endloop
  endfacet
  facet normal 0.553214 0.498541 0.667392
    outer loop
      vertex 27.9083 25.4548 32.1327
      vertex 29.0931 21.1418 34.3724
      vertex 27.9927 25.525 32.0103
    endloop
  endfacet
  facet normal 0.553652 0.498491 0.667065
    outer loop
      vertex 27.0669 24.755 33.354
      vertex 29.0931 21.1418 34.3724
      vertex 27.9083 25.4548 32.1327
    endloop
  endfacet
  facet normal 0.553616 0.498482 0.667102
    outer loop
      vertex 27.0669 19.6653 37.1572
      vertex 29.0931 21.1418 34.3724
      vertex 27.0669 24.755 33.354
    endloop
  endfacet
  facet normal 0.558047 0.49305 0.667446
    outer loop
      vertex 29.0931 21.1418 34.3724
      vertex 27.0669 19.6653 37.1572
      vertex 29.0947 21.1385 34.3735
    endloop
  endfacet
  facet normal 0.90492 -0.294223 0.307494
    outer loop
      vertex 44.6791 -19.8924 10.3956
      vertex 41.9353 -18.2937 20
      vertex 41.8282 -18.6231 20
    endloop
  endfacet
  facet normal 0.904982 -0.294045 0.307482
    outer loop
      vertex 41.9353 -18.2937 20
      vertex 44.6791 -19.8924 10.3956
      vertex 47.8386 -10.1684 10.3956
    endloop
  endfacet
  facet normal 0.824072 -0.475772 0.307484
    outer loop
      vertex 41.655 -18.9231 20
      vertex 37.0422 -26.9128 20
      vertex 39.5669 -28.747 10.3956
    endloop
  endfacet
  facet normal 0.586676 -0.0616529 0.807471
    outer loop
      vertex 25.6073 -0.546784 42.8183
      vertex 28.8488 -5.62657 40.0753
      vertex 30.4722 -4.92723 38.9492
    endloop
  endfacet
  facet normal 0.586668 -0.0616609 0.807477
    outer loop
      vertex 24.8016 -1.88746 43.3013
      vertex 28.8488 -5.62657 40.0753
      vertex 25.6073 -0.546784 42.8183
    endloop
  endfacet
  facet normal 0.586659 -0.0616753 0.807482
    outer loop
      vertex 28.8488 -5.62657 40.0753
      vertex 24.8016 -1.88746 43.3013
      vertex 28.2244 -5.89555 40.5084
    endloop
  endfacet
  facet normal 0.586674 -0.0616566 0.807473
    outer loop
      vertex 24.4537 -5.19779 43.3013
      vertex 28.2244 -5.89555 40.5084
      vertex 24.8016 -1.88746 43.3013
    endloop
  endfacet
  facet normal 0.5867 -0.0614873 0.807467
    outer loop
      vertex 28.2244 -5.89555 40.5084
      vertex 24.4537 -5.19779 43.3013
      vertex 28.1653 -5.98671 40.5444
    endloop
  endfacet
  facet normal 0.239938 -0.538904 0.807473
    outer loop
      vertex 12.5 -21.6506 43.3013
      vertex 7.72542 -23.7764 43.3013
      vertex 10.3386 -31.819 37.1572
    endloop
  endfacet
  facet normal 0.406345 -0.0427049 0.912721
    outer loop
      vertex 24.8016 -1.88746 43.3013
      vertex 23.1149 -4.42485 43.9335
      vertex 24.4537 -5.19779 43.3013
    endloop
  endfacet
  facet normal 0.586674 -0.0616612 0.807473
    outer loop
      vertex 33.4565 0 37.1572
      vertex 30.4722 -4.92723 38.9492
      vertex 33.0556 -3.81435 37.1572
    endloop
  endfacet
  facet normal 0.586667 -0.0616554 0.807478
    outer loop
      vertex 27.7408 0 41.3099
      vertex 30.4722 -4.92723 38.9492
      vertex 33.4565 0 37.1572
    endloop
  endfacet
  facet normal 0.586685 -0.0617524 0.807457
    outer loop
      vertex 25.6094 -0.543161 42.817
      vertex 27.7408 0 41.3099
      vertex 25.8268 -0.181497 42.6867
    endloop
  endfacet
  facet normal 0.584872 -0.0484827 0.809675
    outer loop
      vertex 25.6073 -0.546784 42.8183
      vertex 27.7408 0 41.3099
      vertex 25.6094 -0.543161 42.817
    endloop
  endfacet
  facet normal 0.586683 -0.0616415 0.807467
    outer loop
      vertex 27.7408 0 41.3099
      vertex 25.6073 -0.546784 42.8183
      vertex 30.4722 -4.92723 38.9492
    endloop
  endfacet
  facet normal 0.740885 -0.0778333 0.667106
    outer loop
      vertex 33.4565 0 37.1572
      vertex 37.3781 -1.38753 32.64
      vertex 38.718 0 31.3138
    endloop
  endfacet
  facet normal 0.740838 -0.0780524 0.667133
    outer loop
      vertex 33.4565 0 37.1572
      vertex 37.1342 -1.64007 32.8813
      vertex 37.3781 -1.38753 32.64
    endloop
  endfacet
  facet normal 0.740885 -0.0778693 0.667103
    outer loop
      vertex 37.1342 -1.64007 32.8813
      vertex 33.4565 0 37.1572
      vertex 33.0556 -3.81435 37.1572
    endloop
  endfacet
  facet normal -0.198779 0.0645873 0.977914
    outer loop
      vertex -4.77457 2.12578 49.7261
      vertex -14.1151 6.28443 47.5528
      vertex -5.11221 1.08663 49.7261
    endloop
  endfacet
  facet normal 0.207864 0.021871 0.977913
    outer loop
      vertex 12.0092 2.55263 48.2273
      vertex 5.11221 1.08663 49.7261
      vertex 12.1267 0.349381 48.2516
    endloop
  endfacet
  facet normal 0.862463 0.0906676 0.497932
    outer loop
      vertex 42.5292 9.03986 24.1438
      vertex 44.0594 7.17404 21.8331
      vertex 43.4729 9.24046 22.4727
    endloop
  endfacet
  facet normal 0.862458 0.0906469 0.497945
    outer loop
      vertex 43.7835 4.23553 22.8459
      vertex 44.0594 7.17404 21.8331
      vertex 42.5292 9.03986 24.1438
    endloop
  endfacet
  facet normal 0.862451 0.0906698 0.497954
    outer loop
      vertex 44.0751 4.17589 22.3517
      vertex 44.9725 6.63086 20.3504
      vertex 44.1591 6.82253 21.7243
    endloop
  endfacet
  facet normal 0.862562 0.0905789 0.497776
    outer loop
      vertex 44.0594 7.17404 21.8331
      vertex 43.7835 4.23553 22.8459
      vertex 44.1591 6.82253 21.7243
    endloop
  endfacet
  facet normal 0.862456 0.0906677 0.497945
    outer loop
      vertex 44.0751 4.17589 22.3517
      vertex 44.1591 6.82253 21.7243
      vertex 43.7835 4.23553 22.8459
    endloop
  endfacet
  facet normal 0.862472 0.0906368 0.497923
    outer loop
      vertex 45.2639 3.9327 20.3368
      vertex 44.9725 6.63086 20.3504
      vertex 44.0751 4.17589 22.3517
    endloop
  endfacet
  facet normal 0.863866 0.0907997 0.495471
    outer loop
      vertex 44.9725 6.63086 20.3504
      vertex 45.2639 3.9327 20.3368
      vertex 44.9805 6.62896 20.3368
    endloop
  endfacet
  facet normal -0.945903 0.307341 0.103965
    outer loop
      vertex -45.6773 20.3368 0
      vertex -47.8386 10.1684 10.3956
      vertex -44.6791 19.8924 10.3956
    endloop
  endfacet
  facet normal -0.861333 0.49729 0.103965
    outer loop
      vertex -39.5669 28.747 10.3956
      vertex -45.6773 20.3368 0
      vertex -44.6791 19.8924 10.3956
    endloop
  endfacet
  facet normal -0.739119 0.665502 0.10397
    outer loop
      vertex -32.7254 36.3453 10.3956
      vertex -40.4509 29.3893 0
      vertex -39.5669 28.747 10.3956
    endloop
  endfacet
  facet normal -0.739111 0.665513 0.103957
    outer loop
      vertex -33.4565 37.1572 0
      vertex -40.4509 29.3893 0
      vertex -32.7254 36.3453 10.3956
    endloop
  endfacet
  facet normal -0.945903 -0.307341 0.103965
    outer loop
      vertex -44.6791 -19.8924 10.3956
      vertex -47.8386 -10.1684 10.3956
      vertex -45.6773 -20.3368 0
    endloop
  endfacet
  facet normal -0.945902 -0.307343 0.103968
    outer loop
      vertex -47.8386 -10.1684 10.3956
      vertex -48.9074 -10.3956 0
      vertex -45.6773 -20.3368 0
    endloop
  endfacet
  facet normal -0.206787 0.972847 0.103959
    outer loop
      vertex -5.22642 49.7261 0
      vertex -15.1132 46.5137 10.3956
      vertex -5.11221 48.6395 10.3956
    endloop
  endfacet
  facet normal -0.387035 0.869287 0.307479
    outer loop
      vertex -24.4537 42.355 10.3956
      vertex -22.5769 39.7934 20
      vertex -15.1132 46.5137 10.3956
    endloop
  endfacet
  facet normal -0.386998 0.869304 0.307477
    outer loop
      vertex -22.5769 39.7934 20
      vertex -24.4537 42.355 10.3956
      vertex -22.8934 39.6525 20
    endloop
  endfacet
  facet normal 0 0.744966 0.667102
    outer loop
      vertex 4.22826 40.2293 29.3893
      vertex -3.49716 33.2733 37.1572
      vertex 3.49716 33.2733 37.1572
    endloop
  endfacet
  facet normal 0 0.744966 0.667102
    outer loop
      vertex -3.49716 33.2733 37.1572
      vertex 4.22826 40.2293 29.3893
      vertex -4.22826 40.2293 29.3893
    endloop
  endfacet
  facet normal 0.206787 0.972847 0.103959
    outer loop
      vertex 5.22642 49.7261 0
      vertex 5.11221 48.6395 10.3956
      vertex 15.1132 46.5137 10.3956
    endloop
  endfacet
  facet normal 0.584606 0.804629 0.103956
    outer loop
      vertex 33.4565 37.1572 0
      vertex 25 43.3013 0
      vertex 32.7254 36.3453 10.3956
    endloop
  endfacet
  facet normal 0.64445 0.580284 0.497951
    outer loop
      vertex 34.4546 27.6604 22.6251
      vertex 33.5914 29.2671 21.8699
      vertex 33.027 28.1243 23.9321
    endloop
  endfacet
  facet normal 0.644476 0.580282 0.497919
    outer loop
      vertex 33.5914 29.2671 21.8699
      vertex 34.4546 27.6604 22.6251
      vertex 33.6516 29.3891 21.6498
    endloop
  endfacet
  facet normal 0.707146 0.63671 0.307482
    outer loop
      vertex 32.7254 36.3453 10.3956
      vertex 30.6373 34.0262 20
      vertex 36.8104 27.1702 20
    endloop
  endfacet
  facet normal 0.122666 0.576988 0.807489
    outer loop
      vertex 2.61321 24.863 43.3013
      vertex 8.90605 27.41 40.5254
      vertex 8.37318 29.9013 38.8262
    endloop
  endfacet
  facet normal 0.122508 0.577112 0.807424
    outer loop
      vertex 2.61321 24.863 43.3013
      vertex 8.37318 29.9013 38.8262
      vertex 8.36521 30.0422 38.7267
    endloop
  endfacet
  facet normal 0.122645 0.577019 0.80747
    outer loop
      vertex 8.90605 27.41 40.5254
      vertex 2.61321 24.863 43.3013
      vertex 7.72542 23.7764 43.3013
    endloop
  endfacet
  facet normal 0.180325 0.848263 0.497928
    outer loop
      vertex 7.16739 40.7084 27.5087
      vertex 4.22826 40.2293 29.3893
      vertex 7.40445 39.5541 29.3893
    endloop
  endfacet
  facet normal 0.180365 0.848224 0.49798
    outer loop
      vertex 4.22826 40.2293 29.3893
      vertex 7.16739 40.7084 27.5087
      vertex 7.13305 41.1731 26.7296
    endloop
  endfacet
  facet normal 0.154907 0.728693 0.667091
    outer loop
      vertex 7.40445 39.5541 29.3893
      vertex 4.22826 40.2293 29.3893
      vertex 7.90717 35.1657 34.0662
    endloop
  endfacet
  facet normal 0.154887 0.728686 0.667103
    outer loop
      vertex 7.90717 35.1657 34.0662
      vertex 3.49716 33.2733 37.1572
      vertex 8.23944 32.2653 37.1572
    endloop
  endfacet
  facet normal 0.154885 0.728687 0.667102
    outer loop
      vertex 3.49716 33.2733 37.1572
      vertex 7.90717 35.1657 34.0662
      vertex 4.22826 40.2293 29.3893
    endloop
  endfacet
  facet normal -0.559303 0.769828 0.307483
    outer loop
      vertex -23.1736 39.4488 20
      vertex -32.7254 36.3453 10.3956
      vertex -30.6373 34.0262 20
    endloop
  endfacet
  facet normal 0 0.95155 0.307494
    outer loop
      vertex 5.11221 48.6395 10.3956
      vertex -4.77457 45.427 20.3368
      vertex 4.77457 45.427 20.3368
    endloop
  endfacet
  facet normal 0 0.95155 0.307494
    outer loop
      vertex -4.77457 45.427 20.3368
      vertex 5.11221 48.6395 10.3956
      vertex -5.11221 48.6395 10.3956
    endloop
  endfacet
  facet normal 0.240162 0.330563 0.912716
    outer loop
      vertex 12.5 21.6506 43.3013
      vertex 11.4773 16.8394 45.3129
      vertex 16.6422 18.6412 43.3013
    endloop
  endfacet
  facet normal 0.240087 0.330584 0.912728
    outer loop
      vertex 10.9567 14.3898 46.3371
      vertex 10.3386 11.4822 47.5528
      vertex 11.2077 12.4474 46.9746
    endloop
  endfacet
  facet normal 0 0.408601 0.912713
    outer loop
      vertex 2.61321 24.863 43.3013
      vertex -1.61505 15.3662 47.5528
      vertex 1.61505 15.3662 47.5528
    endloop
  endfacet
  facet normal 0 0.408601 0.912713
    outer loop
      vertex -1.61505 15.3662 47.5528
      vertex 2.61321 24.863 43.3013
      vertex -2.61321 24.863 43.3013
    endloop
  endfacet
  facet normal -0.207866 -0.0218477 0.977913
    outer loop
      vertex -5.22642 0 49.7261
      vertex -15.4508 0 47.5528
      vertex -5.11221 -1.08663 49.7261
    endloop
  endfacet
  facet normal -0.166194 -0.373274 0.912714
    outer loop
      vertex -7.72542 -13.3808 47.5528
      vertex -12.5 -21.6506 43.3013
      vertex -7.72542 -23.7764 43.3013
    endloop
  endfacet
  facet normal -0.166192 -0.373274 0.912714
    outer loop
      vertex -7.72542 -13.3808 47.5528
      vertex -7.72542 -23.7764 43.3013
      vertex -4.77457 -14.6946 47.5528
    endloop
  endfacet
  facet normal -0.155323 -0.139857 0.977913
    outer loop
      vertex -4.22826 -3.07201 49.7261
      vertex -12.5 -9.08178 47.5528
      vertex -10.3386 -11.4822 47.5528
    endloop
  endfacet
  facet normal -0.509729 -0.701601 0.497928
    outer loop
      vertex -23.7277 -38.541 20.8592
      vertex -22.8386 -39.5577 20.3368
      vertex -23.2154 -38.7115 21.1434
    endloop
  endfacet
  facet normal -0.50972 -0.701599 0.497939
    outer loop
      vertex -24.5617 -38.1732 20.5237
      vertex -22.8386 -39.5577 20.3368
      vertex -23.7277 -38.541 20.8592
    endloop
  endfacet
  facet normal -0.509774 -0.701649 0.497814
    outer loop
      vertex -22.8386 -39.5577 20.3368
      vertex -24.5617 -38.1732 20.5237
      vertex -25.0261 -37.9684 20.3368
    endloop
  endfacet
  facet normal -0.509756 -0.701586 0.497921
    outer loop
      vertex -27.8476 -30.9278 27.3685
      vertex -25.2722 -34.0919 25.5468
      vertex -26.5864 -31.1402 28.3604
    endloop
  endfacet
  facet normal -0.509737 -0.701584 0.497944
    outer loop
      vertex -27.8476 -30.9278 27.3685
      vertex -27.6275 -33.3667 24.1575
      vertex -25.2722 -34.0919 25.5468
    endloop
  endfacet
  facet normal -0.509766 -0.701571 0.497932
    outer loop
      vertex -27.8476 -30.9278 27.3685
      vertex -28.3197 -33.1536 23.7491
      vertex -27.6275 -33.3667 24.1575
    endloop
  endfacet
  facet normal -0.509709 -0.701604 0.497945
    outer loop
      vertex -28.3197 -33.1536 23.7491
      vertex -27.8476 -30.9278 27.3685
      vertex -29.6669 -32.9484 22.6592
    endloop
  endfacet
  facet normal -0.751029 -0.433605 0.497938
    outer loop
      vertex -36.9537 -26.2141 20.8892
      vertex -36.7353 -24.3665 22.8275
      vertex -36.9537 -24.2404 22.6079
    endloop
  endfacet
  facet normal -0.750998 -0.433638 0.497956
    outer loop
      vertex -36.7353 -24.3665 22.8275
      vertex -36.5815 -26.578 21.1336
      vertex -36.3957 -24.5626 23.1689
    endloop
  endfacet
  facet normal -0.750974 -0.433654 0.497978
    outer loop
      vertex -36.7353 -24.3665 22.8275
      vertex -36.9537 -26.2141 20.8892
      vertex -36.5815 -26.578 21.1336
    endloop
  endfacet
  facet normal -0.751028 -0.433613 0.497933
    outer loop
      vertex -36.3957 -24.5626 23.1689
      vertex -36.5815 -26.578 21.1336
      vertex -35.3092 -25.6537 23.8575
    endloop
  endfacet
  facet normal -0.739111 -0.665513 0.103957
    outer loop
      vertex -32.7254 -36.3453 10.3956
      vertex -40.4509 -29.3893 0
      vertex -33.4565 -37.1572 0
    endloop
  endfacet
  facet normal -0.437856 -0.602717 0.667093
    outer loop
      vertex -21.2901 -31.5545 31.8317
      vertex -16.7283 -28.9742 37.1572
      vertex -20.5041 -29.3711 34.3203
    endloop
  endfacet
  facet normal -0.437884 -0.602688 0.667102
    outer loop
      vertex -16.7283 -28.9742 37.1572
      vertex -21.2901 -31.5545 31.8317
      vertex -20.2254 -35.0315 29.3893
    endloop
  endfacet
  facet normal -0.437941 -0.602682 0.667069
    outer loop
      vertex -21.8905 -31.5252 31.464
      vertex -20.2254 -35.0315 29.3893
      vertex -21.2901 -31.5545 31.8317
    endloop
  endfacet
  facet normal -0.437875 -0.602679 0.667116
    outer loop
      vertex -20.2254 -35.0315 29.3893
      vertex -21.8905 -31.5252 31.464
      vertex -25.2782 -31.3604 29.3893
    endloop
  endfacet
  facet normal -0.155067 -0.728439 0.667331
    outer loop
      vertex -10.3386 -31.819 37.1572
      vertex -10.3851 -31.962 36.9903
      vertex -10.2756 -31.9057 37.0772
    endloop
  endfacet
  facet normal -0.154896 -0.728684 0.667103
    outer loop
      vertex -10.2313 -37.4868 30.9911
      vertex -4.71425 -39.5604 30.0071
      vertex -9.56044 -32.8901 36.1679
    endloop
  endfacet
  facet normal -0.154885 -0.728671 0.66712
    outer loop
      vertex -5.19079 -40.0247 29.3893
      vertex -10.2313 -37.4868 30.9911
      vertex -10.7308 -37.8188 30.5125
    endloop
  endfacet
  facet normal -0.154892 -0.728681 0.667107
    outer loop
      vertex -5.19079 -40.0247 29.3893
      vertex -10.7308 -37.8188 30.5125
      vertex -11.9031 -38.5979 29.3893
    endloop
  endfacet
  facet normal -0.154894 -0.72868 0.667108
    outer loop
      vertex -10.2313 -37.4868 30.9911
      vertex -5.19079 -40.0247 29.3893
      vertex -4.71425 -39.5604 30.0071
    endloop
  endfacet
  facet normal 0.197841 -0.930756 0.307493
    outer loop
      vertex 15.1132 -46.5137 10.3956
      vertex 4.77457 -45.427 20.3368
      vertex 5.11221 -48.6395 10.3956
    endloop
  endfacet
  facet normal -0.239938 -0.538904 0.807473
    outer loop
      vertex -7.72542 -23.7764 43.3013
      vertex -12.5 -21.6506 43.3013
      vertex -10.3386 -31.819 37.1572
    endloop
  endfacet
  facet normal -0.862456 -0.0906442 0.497948
    outer loop
      vertex -44.8135 -1.18888 21.6165
      vertex -41.908 0 26.8653
      vertex -45.6773 0 20.3368
    endloop
  endfacet
  facet normal -0.862449 -0.0906858 0.497954
    outer loop
      vertex -43.8055 -1.73052 23.2637
      vertex -41.908 0 26.8653
      vertex -44.8135 -1.18888 21.6165
    endloop
  endfacet
  facet normal -0.862498 -0.0905174 0.497899
    outer loop
      vertex -43.5217 -2.10687 23.6869
      vertex -41.908 0 26.8653
      vertex -43.8055 -1.73052 23.2637
    endloop
  endfacet
  facet normal -0.862459 -0.090622 0.497948
    outer loop
      vertex -43.5217 -2.10687 23.6869
      vertex -40.2246 -2.15226 29.3893
      vertex -41.908 0 26.8653
    endloop
  endfacet
  facet normal -0.862458 -0.0906391 0.497947
    outer loop
      vertex -40.0918 -6.6539 28.7999
      vertex -40.2246 -2.15226 29.3893
      vertex -43.5217 -2.10687 23.6869
    endloop
  endfacet
  facet normal -0.862444 -0.0906416 0.49797
    outer loop
      vertex -40.0918 -6.6539 28.7999
      vertex -39.5669 -8.4102 29.3893
      vertex -40.2246 -2.15226 29.3893
    endloop
  endfacet
  facet normal -0.862522 -0.0907146 0.497821
    outer loop
      vertex -40.3089 -7.00651 28.3595
      vertex -39.5669 -8.4102 29.3893
      vertex -40.0918 -6.6539 28.7999
    endloop
  endfacet
  facet normal -0.862426 -0.0905147 0.498024
    outer loop
      vertex -39.5669 -8.4102 29.3893
      vertex -40.3089 -7.00651 28.3595
      vertex -40.4364 -7.21344 28.1011
    endloop
  endfacet
  facet normal -0.862463 -0.0906345 0.497938
    outer loop
      vertex -40.4364 -7.21344 28.1011
      vertex -41.4156 -8.80315 26.1157
      vertex -39.5669 -8.4102 29.3893
    endloop
  endfacet
  facet normal -0.862482 -0.0907277 0.497888
    outer loop
      vertex -44.8135 -1.18888 21.6165
      vertex -45.6773 0 20.3368
      vertex -45.5965 -0.768107 20.3368
    endloop
  endfacet
  facet normal -0.862459 -0.0906384 0.497945
    outer loop
      vertex -44.6929 -9.36594 20.3368
      vertex -43.7229 -9.06036 22.0725
      vertex -45.153 -4.98791 20.3368
    endloop
  endfacet
  facet normal -0.862456 -0.09066 0.497947
    outer loop
      vertex -44.65 -9.49064 20.3884
      vertex -43.7229 -9.06036 22.0725
      vertex -44.6929 -9.36594 20.3368
    endloop
  endfacet
  facet normal -0.862469 -0.0905913 0.497936
    outer loop
      vertex -43.7229 -9.06036 22.0725
      vertex -44.65 -9.49064 20.3884
      vertex -43.6467 -9.27739 22.165
    endloop
  endfacet
  facet normal -0.945902 0.307343 0.103968
    outer loop
      vertex -45.6773 20.3368 0
      vertex -48.9074 10.3956 0
      vertex -47.8386 10.1684 10.3956
    endloop
  endfacet
  facet normal -0.94634 -0.0994697 0.307485
    outer loop
      vertex -45.6773 0 20.3368
      vertex -48.9074 0 10.3956
      vertex -47.8386 -10.1684 10.3956
    endloop
  endfacet
  facet normal -0.946234 -0.0992183 0.307891
    outer loop
      vertex -45.3017 -4.61492 20
      vertex -45.153 -4.98791 20.3368
      vertex -45.2394 -4.65174 20.1796
    endloop
  endfacet
  facet normal -0.94629 -0.0994697 0.307637
    outer loop
      vertex -45.3017 -4.61492 20
      vertex -44.8809 -8.61814 20
      vertex -45.153 -4.98791 20.3368
    endloop
  endfacet
  facet normal -0.946344 -0.0994568 0.307475
    outer loop
      vertex -47.8386 -10.1684 10.3956
      vertex -45.3017 -4.61492 20
      vertex -45.7166 -0.667094 20
    endloop
  endfacet
  facet normal -0.946339 -0.0994748 0.307484
    outer loop
      vertex -45.3017 -4.61492 20
      vertex -47.8386 -10.1684 10.3956
      vertex -44.8809 -8.61814 20
    endloop
  endfacet
  facet normal -0.946348 -0.0994166 0.307477
    outer loop
      vertex -44.8809 -8.61814 20
      vertex -47.8386 -10.1684 10.3956
      vertex -44.7862 -9.51959 20
    endloop
  endfacet
  facet normal -0.946322 -0.099512 0.307525
    outer loop
      vertex -47.8386 -10.1684 10.3956
      vertex -45.7166 -0.667094 20
      vertex -45.6773 0 20.3368
    endloop
  endfacet
  facet normal -0.946299 -0.0995446 0.307587
    outer loop
      vertex -45.6773 0 20.3368
      vertex -45.7166 -0.667094 20
      vertex -45.5965 -0.768107 20.3368
    endloop
  endfacet
  facet normal -0.946359 -0.0994556 0.30743
    outer loop
      vertex -45.153 -4.98791 20.3368
      vertex -44.8809 -8.61814 20
      vertex -44.6929 -9.36594 20.3368
    endloop
  endfacet
  facet normal -0.904975 -0.294071 0.307478
    outer loop
      vertex -47.8386 -10.1684 10.3956
      vertex -44.3972 -10.7167 20
      vertex -44.7862 -9.51959 20
    endloop
  endfacet
  facet normal -0.904977 -0.294065 0.307479
    outer loop
      vertex -43.7544 -12.6949 20
      vertex -44.3972 -10.7167 20
      vertex -47.8386 -10.1684 10.3956
    endloop
  endfacet
  facet normal -0.904935 -0.294051 0.307615
    outer loop
      vertex -44.3972 -10.7167 20
      vertex -43.7544 -12.6949 20
      vertex -44.2754 -10.7392 20.3368
    endloop
  endfacet
  facet normal -0.904982 -0.294037 0.307489
    outer loop
      vertex -43.7544 -12.6949 20
      vertex -47.8386 -10.1684 10.3956
      vertex -41.9353 -18.2937 20
    endloop
  endfacet
  facet normal -0.905546 -0.293924 0.305934
    outer loop
      vertex -43.7324 -12.7199 20.0411
      vertex -44.2754 -10.7392 20.3368
      vertex -43.7544 -12.6949 20
    endloop
  endfacet
  facet normal -0.904916 -0.294016 0.307704
    outer loop
      vertex -44.2754 -10.7392 20.3368
      vertex -43.7324 -12.7199 20.0411
      vertex -43.5734 -12.8998 20.3368
    endloop
  endfacet
  facet normal 0.206787 -0.972847 0.103959
    outer loop
      vertex 15.1132 -46.5137 10.3956
      vertex 5.11221 -48.6395 10.3956
      vertex 5.22642 -49.7261 0
    endloop
  endfacet
  facet normal 0.180305 -0.848265 0.497932
    outer loop
      vertex 4.77457 -45.427 20.3368
      vertex 7.55282 -41.7823 25.5398
      vertex 4.22826 -40.2293 29.3893
    endloop
  endfacet
  facet normal 0.180276 -0.848263 0.497946
    outer loop
      vertex 7.55282 -41.7823 25.5398
      vertex 4.77457 -45.427 20.3368
      vertex 7.90118 -42.2475 24.6212
    endloop
  endfacet
  facet normal 0.180799 -0.848342 0.497623
    outer loop
      vertex 7.90118 -42.2475 24.6212
      vertex 4.77457 -45.427 20.3368
      vertex 7.93361 -42.2908 24.5356
    endloop
  endfacet
  facet normal 0.180293 -0.848261 0.497943
    outer loop
      vertex 7.93361 -42.2908 24.5356
      vertex 4.77457 -45.427 20.3368
      vertex 8.40533 -44.4502 20.6862
    endloop
  endfacet
  facet normal 0.180294 -0.848264 0.497939
    outer loop
      vertex 8.40533 -44.4502 20.6862
      vertex 4.77457 -45.427 20.3368
      vertex 8.44815 -44.6462 20.3368
    endloop
  endfacet
  facet normal 0.180304 -0.848265 0.497932
    outer loop
      vertex 4.22826 -40.2293 29.3893
      vertex 7.55282 -41.7823 25.5398
      vertex 8.59288 -41.6474 25.393
    endloop
  endfacet
  facet normal 0.94633 0.0994712 0.307516
    outer loop
      vertex 44.9805 6.62896 20.3368
      vertex 45.123 6.31449 20
      vertex 45.0327 6.60535 20.1838
    endloop
  endfacet
  facet normal 0.946329 0.0994673 0.307519
    outer loop
      vertex 45.123 6.31449 20
      vertex 44.9805 6.62896 20.3368
      vertex 45.2639 3.9327 20.3368
    endloop
  endfacet
  facet normal 0.946345 0.0994443 0.307478
    outer loop
      vertex 45.123 6.31449 20
      vertex 47.8386 10.1684 10.3956
      vertex 44.7862 9.51959 20
    endloop
  endfacet
  facet normal 0.946328 0.0994676 0.307522
    outer loop
      vertex 45.3778 3.89034 20
      vertex 45.123 6.31449 20
      vertex 45.2639 3.9327 20.3368
    endloop
  endfacet
  facet normal 0.946339 0.0994688 0.307486
    outer loop
      vertex 45.123 6.31449 20
      vertex 45.3778 3.89034 20
      vertex 47.8386 10.1684 10.3956
    endloop
  endfacet
  facet normal 0.946339 0.0994696 0.307487
    outer loop
      vertex 47.8386 10.1684 10.3956
      vertex 45.3778 3.89034 20
      vertex 45.7505 0.344529 20
    endloop
  endfacet
  facet normal 0.82478 0.268021 0.497899
    outer loop
      vertex 37.9768 15.5316 28.1904
      vertex 36.9537 16.4528 29.3893
      vertex 37.2254 15.6167 29.3893
    endloop
  endfacet
  facet normal 0.824757 0.267959 0.49797
    outer loop
      vertex 42.1813 9.84454 24.2869
      vertex 42.3652 11.5803 23.0483
      vertex 39.3016 14.3388 26.638
    endloop
  endfacet
  facet normal 0.824816 0.267904 0.497901
    outer loop
      vertex 42.3652 11.5803 23.0483
      vertex 42.1813 9.84454 24.2869
      vertex 42.7107 10.8723 22.8569
    endloop
  endfacet
  facet normal 0.824748 0.268015 0.497955
    outer loop
      vertex 42.7107 10.8723 22.8569
      vertex 42.1813 9.84454 24.2869
      vertex 42.8993 10.4859 22.7525
    endloop
  endfacet
  facet normal 0.824759 0.26799 0.49795
    outer loop
      vertex 42.4028 9.33213 24.1958
      vertex 42.8993 10.4859 22.7525
      vertex 42.1813 9.84454 24.2869
    endloop
  endfacet
  facet normal 0.824763 0.267984 0.497947
    outer loop
      vertex 42.4028 9.33213 24.1958
      vertex 43.4729 9.24046 22.4727
      vertex 42.8993 10.4859 22.7525
    endloop
  endfacet
  facet normal 0.82474 0.268091 0.497927
    outer loop
      vertex 43.4729 9.24046 22.4727
      vertex 42.4028 9.33213 24.1958
      vertex 42.5292 9.03986 24.1438
    endloop
  endfacet
  facet normal 0.824074 -0.475765 0.307488
    outer loop
      vertex 41.655 -18.9231 20
      vertex 44.6791 -19.8924 10.3956
      vertex 41.8282 -18.6231 20
    endloop
  endfacet
  facet normal 0.824068 -0.475776 0.307488
    outer loop
      vertex 44.6791 -19.8924 10.3956
      vertex 41.655 -18.9231 20
      vertex 39.5669 -28.747 10.3956
    endloop
  endfacet
  facet normal 0.861333 -0.49729 0.103965
    outer loop
      vertex 44.6791 -19.8924 10.3956
      vertex 39.5669 -28.747 10.3956
      vertex 45.6773 -20.3368 0
    endloop
  endfacet
  facet normal 0.645159 -0.372502 0.667092
    outer loop
      vertex 35.421 -15.7705 31.2526
      vertex 34.7668 -17.1634 31.1075
      vertex 36.9537 -16.4528 29.3893
    endloop
  endfacet
  facet normal 0.7096 -0.230698 0.665768
    outer loop
      vertex 35.666 -15.0351 31.2461
      vertex 35.9695 -14.2424 31.1973
      vertex 35.8816 -14.3881 31.2405
    endloop
  endfacet
  facet normal 0.70853 -0.230152 0.667094
    outer loop
      vertex 36.9537 -16.4528 29.3893
      vertex 35.666 -15.0351 31.2461
      vertex 35.421 -15.7705 31.2526
    endloop
  endfacet
  facet normal 0.708503 -0.230195 0.667108
    outer loop
      vertex 35.666 -15.0351 31.2461
      vertex 36.9537 -16.4528 29.3893
      vertex 35.9695 -14.2424 31.1973
    endloop
  endfacet
  facet normal 0.708527 -0.230166 0.667093
    outer loop
      vertex 32.2769 -8.33653 37.1572
      vertex 33.6118 -8.94688 35.5288
      vertex 33.1208 -7.84406 36.4308
    endloop
  endfacet
  facet normal 0.708513 -0.230203 0.667095
    outer loop
      vertex 32.2769 -8.33653 37.1572
      vertex 31.2813 -11.5839 37.094
      vertex 33.6118 -8.94688 35.5288
    endloop
  endfacet
  facet normal 0.70804 -0.230069 0.667643
    outer loop
      vertex 31.2813 -11.5839 37.094
      vertex 32.2769 -8.33653 37.1572
      vertex 31.1871 -11.6904 37.1572
    endloop
  endfacet
  facet normal 0.181035 -0.104518 0.977907
    outer loop
      vertex 12.3818 -6.64615 47.835
      vertex 12.5 -9.08178 47.5528
      vertex 13.8012 -6.82798 47.5528
    endloop
  endfacet
  facet normal 0.180996 -0.104521 0.977914
    outer loop
      vertex 12.3818 -6.64615 47.835
      vertex 4.22826 -3.07201 49.7261
      vertex 12.5 -9.08178 47.5528
    endloop
  endfacet
  facet normal 0.180986 -0.104543 0.977913
    outer loop
      vertex 4.22826 -3.07201 49.7261
      vertex 12.3818 -6.64615 47.835
      vertex 12.3594 -5.71397 47.9388
    endloop
  endfacet
  facet normal -0.181007 -0.104505 0.977914
    outer loop
      vertex -4.77457 -2.12578 49.7261
      vertex -14.1151 -6.28443 47.5528
      vertex -4.22826 -3.07201 49.7261
    endloop
  endfacet
  facet normal 0.166192 -0.373274 0.912714
    outer loop
      vertex 7.72542 -13.3808 47.5528
      vertex 4.77457 -14.6946 47.5528
      vertex 7.72542 -23.7764 43.3013
    endloop
  endfacet
  facet normal 0.155323 -0.139857 0.977913
    outer loop
      vertex 12.5 -9.08178 47.5528
      vertex 4.22826 -3.07201 49.7261
      vertex 10.3386 -11.4822 47.5528
    endloop
  endfacet
  facet normal 0.155326 -0.139854 0.977913
    outer loop
      vertex 4.22826 -3.07201 49.7261
      vertex 3.49716 -3.88399 49.7261
      vertex 10.3386 -11.4822 47.5528
    endloop
  endfacet
  facet normal -0.0849503 0.399672 0.912713
    outer loop
      vertex -2.61321 24.863 43.3013
      vertex -7.72542 23.7764 43.3013
      vertex -1.61505 15.3662 47.5528
    endloop
  endfacet
  facet normal 0.207869 0.0217025 0.977916
    outer loop
      vertex 12.1267 0.349381 48.2516
      vertex 5.22642 0 49.7261
      vertex 12.1453 0 48.2554
    endloop
  endfacet
  facet normal 0.207861 0.0218472 0.977914
    outer loop
      vertex 5.22642 0 49.7261
      vertex 12.1267 0.349381 48.2516
      vertex 5.11221 1.08663 49.7261
    endloop
  endfacet
  facet normal 0.122853 -0.169094 0.977913
    outer loop
      vertex 3.49716 -3.88399 49.7261
      vertex 2.61321 -4.52621 49.7261
      vertex 10.3386 -11.4822 47.5528
    endloop
  endfacet
  facet normal -0.24017 -0.330563 0.912714
    outer loop
      vertex -10.3386 -11.4822 47.5528
      vertex -12.5 -21.6506 43.3013
      vertex -7.72542 -13.3808 47.5528
    endloop
  endfacet
  facet normal 0.510924 0.294985 0.807428
    outer loop
      vertex 27.0669 19.6653 37.1572
      vertex 28.5945 16.2065 37.4542
      vertex 29.0694 16.1969 37.1572
    endloop
  endfacet
  facet normal 0.510869 0.294964 0.807471
    outer loop
      vertex 28.5945 16.2065 37.4542
      vertex 27.0669 19.6653 37.1572
      vertex 26.3305 18.0113 38.2273
    endloop
  endfacet
  facet normal 0.510848 0.294979 0.807479
    outer loop
      vertex 27.0669 19.6653 37.1572
      vertex 25.5962 18.5967 38.478
      vertex 26.3305 18.0113 38.2273
    endloop
  endfacet
  facet normal 0.346743 0.47723 0.807478
    outer loop
      vertex 12.5 21.6506 43.3013
      vertex 16.8363 18.6986 43.1839
      vertex 22.3868 24.863 37.1572
    endloop
  endfacet
  facet normal 0.346976 0.477585 0.807168
    outer loop
      vertex 16.8363 18.6986 43.1839
      vertex 12.5 21.6506 43.3013
      vertex 16.6422 18.6412 43.3013
    endloop
  endfacet
  facet normal 0.155365 0.139894 0.977902
    outer loop
      vertex 10.3386 11.4822 47.5528
      vertex 11.6058 8.43213 47.7878
      vertex 11.458 10.239 47.5528
    endloop
  endfacet
  facet normal 0.155305 0.13987 0.977914
    outer loop
      vertex 11.6058 8.43213 47.7878
      vertex 10.3386 11.4822 47.5528
      vertex 4.22826 3.07201 49.7261
    endloop
  endfacet
  facet normal 0.70844 0.230216 0.667168
    outer loop
      vertex 36.9537 16.4528 29.3893
      vertex 36.5807 15.6152 30.0744
      vertex 37.2254 15.6167 29.3893
    endloop
  endfacet
  facet normal 0.740804 0.0777087 0.667211
    outer loop
      vertex 39.4683 0.884714 30.3772
      vertex 37.5062 3.64187 32.2346
      vertex 37.2711 3.4584 32.517
    endloop
  endfacet
  facet normal 0.740915 0.0779257 0.667063
    outer loop
      vertex 39.4683 0.884714 30.3772
      vertex 37.2711 3.4584 32.517
      vertex 36.917 3.18193 32.9426
    endloop
  endfacet
  facet normal 0.740895 0.0778647 0.667092
    outer loop
      vertex 37.5062 3.64187 32.2346
      vertex 40.2554 1.85941 29.3893
      vertex 40.0502 3.81192 29.3893
    endloop
  endfacet
  facet normal 0.74089 0.0778438 0.6671
    outer loop
      vertex 37.5062 3.64187 32.2346
      vertex 39.4683 0.884714 30.3772
      vertex 40.2554 1.85941 29.3893
    endloop
  endfacet
  facet normal 0.7416 0.0766149 0.666453
    outer loop
      vertex 40.2554 1.85941 29.3893
      vertex 39.4683 0.884714 30.3772
      vertex 40.2455 1.80127 29.407
    endloop
  endfacet
  facet normal 0.645097 0.372653 0.667068
    outer loop
      vertex 31.7179 21.29 31.7519
      vertex 29.7568 20.6805 33.9889
      vertex 31.6618 20.839 32.0581
    endloop
  endfacet
  facet normal 0.645184 0.372451 0.667096
    outer loop
      vertex 29.0965 21.1399 34.371
      vertex 31.7179 21.29 31.7519
      vertex 31.9579 23.2188 30.4429
    endloop
  endfacet
  facet normal 0.645461 0.371844 0.667167
    outer loop
      vertex 31.7179 21.29 31.7519
      vertex 29.7147 20.7098 34.0133
      vertex 29.7568 20.6805 33.9889
    endloop
  endfacet
  facet normal 0.64516 0.372529 0.667076
    outer loop
      vertex 31.7179 21.29 31.7519
      vertex 29.0965 21.1399 34.371
      vertex 29.7147 20.7098 34.0133
    endloop
  endfacet
  facet normal 0.645151 0.372535 0.667082
    outer loop
      vertex 33.4641 20.989 30.2313
      vertex 34.4684 20.7575 29.3893
      vertex 33.5962 21 30.0974
    endloop
  endfacet
  facet normal 0.645158 0.372479 0.667106
    outer loop
      vertex 34.4684 20.7575 29.3893
      vertex 33.4641 20.989 30.2313
      vertex 36.9537 16.4528 29.3893
    endloop
  endfacet
  facet normal 0.645164 0.372486 0.667097
    outer loop
      vertex 31.6618 20.839 32.0581
      vertex 36.9537 16.4528 29.3893
      vertex 33.4641 20.989 30.2313
    endloop
  endfacet
  facet normal 0.645158 0.372468 0.667113
    outer loop
      vertex 29.7568 20.6805 33.9889
      vertex 36.9537 16.4528 29.3893
      vertex 31.6618 20.839 32.0581
    endloop
  endfacet
  facet normal 0.645069 0.372677 0.667081
    outer loop
      vertex 27.0669 19.6653 37.1572
      vertex 29.7568 20.6805 33.9889
      vertex 29.3122 20.6435 34.4395
    endloop
  endfacet
  facet normal 0.648325 0.36628 0.667468
    outer loop
      vertex 27.0669 19.6653 37.1572
      vertex 29.3122 20.6435 34.4395
      vertex 29.2818 20.641 34.4704
    endloop
  endfacet
  facet normal 0.64516 0.372489 0.667098
    outer loop
      vertex 29.7568 20.6805 33.9889
      vertex 27.0669 19.6653 37.1572
      vertex 36.9537 16.4528 29.3893
    endloop
  endfacet
  facet normal 0.645155 0.372483 0.667107
    outer loop
      vertex 29.1053 21.1104 34.379
      vertex 27.0669 19.6653 37.1572
      vertex 29.2818 20.641 34.4704
    endloop
  endfacet
  facet normal 0.644401 0.373669 0.667172
    outer loop
      vertex 27.0669 19.6653 37.1572
      vertex 29.1053 21.1104 34.379
      vertex 29.0947 21.1385 34.3735
    endloop
  endfacet
  facet normal 0.751032 0.433605 0.497934
    outer loop
      vertex 36.9537 19.6697 26.588
      vertex 34.4684 20.7575 29.3893
      vertex 36.9537 16.4528 29.3893
    endloop
  endfacet
  facet normal 0.751002 0.433673 0.49792
    outer loop
      vertex 34.5522 25.1036 25.4783
      vertex 34.9939 24.9936 24.9079
      vertex 35.0523 25.467 24.4075
    endloop
  endfacet
  facet normal 0.751033 0.433567 0.497964
    outer loop
      vertex 34.9939 24.9936 24.9079
      vertex 34.5522 25.1036 25.4783
      vertex 34.9766 24.8537 25.0558
    endloop
  endfacet
  facet normal -0.404536 0.908593 0.103967
    outer loop
      vertex -15.1132 46.5137 10.3956
      vertex -25 43.3013 0
      vertex -24.4537 42.355 10.3956
    endloop
  endfacet
  facet normal -0.584606 0.804629 0.103956
    outer loop
      vertex -25 43.3013 0
      vertex -33.4565 37.1572 0
      vertex -32.7254 36.3453 10.3956
    endloop
  endfacet
  facet normal -0.861335 0.497286 0.10397
    outer loop
      vertex -40.4509 29.3893 0
      vertex -45.6773 20.3368 0
      vertex -39.5669 28.747 10.3956
    endloop
  endfacet
  facet normal -0.404527 0.908598 0.103957
    outer loop
      vertex -15.4508 47.5528 0
      vertex -25 43.3013 0
      vertex -15.1132 46.5137 10.3956
    endloop
  endfacet
  facet normal 0.197841 0.930756 0.307493
    outer loop
      vertex 5.11221 48.6395 10.3956
      vertex 4.77457 45.427 20.3368
      vertex 15.1132 46.5137 10.3956
    endloop
  endfacet
  facet normal 0.239934 0.538897 0.807479
    outer loop
      vertex 15.3552 26.5959 39.1525
      vertex 11.5015 26.3482 40.4629
      vertex 12.5 21.6506 43.3013
    endloop
  endfacet
  facet normal 0.346737 0.47724 0.807475
    outer loop
      vertex 16.1593 26.6053 38.8016
      vertex 22.3868 24.863 37.1572
      vertex 19.5812 26.9014 37.1572
    endloop
  endfacet
  facet normal 0.346805 0.47719 0.807475
    outer loop
      vertex 12.5 21.6506 43.3013
      vertex 16.1593 26.6053 38.8016
      vertex 15.7986 26.6011 38.959
    endloop
  endfacet
  facet normal 0.346786 0.477203 0.807476
    outer loop
      vertex 12.5 21.6506 43.3013
      vertex 15.7986 26.6011 38.959
      vertex 15.3552 26.5959 39.1525
    endloop
  endfacet
  facet normal 0.346737 0.47724 0.807475
    outer loop
      vertex 16.1593 26.6053 38.8016
      vertex 12.5 21.6506 43.3013
      vertex 22.3868 24.863 37.1572
    endloop
  endfacet
  facet normal -0.239938 0.538904 0.807473
    outer loop
      vertex -10.3386 31.819 37.1572
      vertex -12.5 21.6506 43.3013
      vertex -7.72542 23.7764 43.3013
    endloop
  endfacet
  facet normal 0.180268 0.848293 0.497898
    outer loop
      vertex 7.11182 41.4604 26.2478
      vertex 4.22826 40.2293 29.3893
      vertex 7.13305 41.1731 26.7296
    endloop
  endfacet
  facet normal 0.180294 0.848263 0.497941
    outer loop
      vertex 4.77457 45.427 20.3368
      vertex 7.11182 41.4604 26.2478
      vertex 6.85131 44.9856 20.3368
    endloop
  endfacet
  facet normal 0.180317 0.848263 0.497932
    outer loop
      vertex 7.11182 41.4604 26.2478
      vertex 4.77457 45.427 20.3368
      vertex 4.22826 40.2293 29.3893
    endloop
  endfacet
  facet normal -0.862462 0.0906244 0.497942
    outer loop
      vertex -41.908 0 26.8653
      vertex -43.7026 2.00253 23.3925
      vertex -45.0711 0.834299 21.2348
    endloop
  endfacet
  facet normal -0.862453 0.0906905 0.497946
    outer loop
      vertex -41.908 0 26.8653
      vertex -45.0711 0.834299 21.2348
      vertex -45.6773 0 20.3368
    endloop
  endfacet
  facet normal -0.862466 0.0906135 0.497938
    outer loop
      vertex -43.7026 2.00253 23.3925
      vertex -41.908 0 26.8653
      vertex -43.3598 2.29518 23.933
    endloop
  endfacet
  facet normal -0.387033 0.869287 0.307481
    outer loop
      vertex -15.1132 46.5137 10.3956
      vertex -22.5769 39.7934 20
      vertex -14.1489 43.5458 20
    endloop
  endfacet
  facet normal -0.645154 0.372528 0.667082
    outer loop
      vertex -27.0669 19.6653 37.1572
      vertex -29.3887 19.1224 35.2149
      vertex -29.2911 18.9426 35.4097
    endloop
  endfacet
  facet normal -0.645174 0.372374 0.667149
    outer loop
      vertex -27.0669 19.6653 37.1572
      vertex -29.4357 19.2092 35.121
      vertex -29.3887 19.1224 35.2149
    endloop
  endfacet
  facet normal -0.645155 0.372493 0.667101
    outer loop
      vertex -32.2157 23.4061 30.089
      vertex -29.4357 19.2092 35.121
      vertex -27.0669 19.6653 37.1572
    endloop
  endfacet
  facet normal -0.645134 0.372516 0.667108
    outer loop
      vertex -33.0572 23.2018 29.3893
      vertex -29.4357 19.2092 35.121
      vertex -32.2157 23.4061 30.089
    endloop
  endfacet
  facet normal -0.645164 0.372479 0.667101
    outer loop
      vertex -29.4357 19.2092 35.121
      vertex -33.0572 23.2018 29.3893
      vertex -36.4347 17.3517 29.3893
    endloop
  endfacet
  facet normal -0.346746 0.477267 0.807455
    outer loop
      vertex -13.7446 22.055 42.5278
      vertex -14.0559 20.5202 43.3013
      vertex -12.5 21.6506 43.3013
    endloop
  endfacet
  facet normal -0.303647 0.273411 0.912713
    outer loop
      vertex -10.3386 11.4822 47.5528
      vertex -20.2254 14.6946 43.3013
      vertex -12.5 9.08178 47.5528
    endloop
  endfacet
  facet normal -0.207866 0.0218451 0.977913
    outer loop
      vertex -15.1132 3.21241 47.5528
      vertex -15.4508 0 47.5528
      vertex -5.11221 1.08663 49.7261
    endloop
  endfacet
  facet normal 0.240621 -0.330295 0.912692
    outer loop
      vertex 12.4154 -21.2527 43.4676
      vertex 12.1525 -21.0488 43.6107
      vertex 12.5 -21.6506 43.3013
    endloop
  endfacet
  facet normal 0.240168 -0.330561 0.912715
    outer loop
      vertex 7.72542 -13.3808 47.5528
      vertex 11.9803 -19.2056 44.3236
      vertex 10.3386 -11.4822 47.5528
    endloop
  endfacet
  facet normal 0.240155 -0.330571 0.912715
    outer loop
      vertex 11.9803 -19.2056 44.3236
      vertex 7.72542 -13.3808 47.5528
      vertex 11.1802 -19.3647 44.4765
    endloop
  endfacet
  facet normal 0.122652 0.577033 0.807459
    outer loop
      vertex 3.49716 33.2733 37.1572
      vertex 8.31819 30.8733 38.14
      vertex 8.23944 32.2653 37.1572
    endloop
  endfacet
  facet normal 0.122616 0.576979 0.807503
    outer loop
      vertex 3.49716 33.2733 37.1572
      vertex 8.36521 30.0422 38.7267
      vertex 8.31819 30.8733 38.14
    endloop
  endfacet
  facet normal 0.122644 0.577008 0.807478
    outer loop
      vertex 8.36521 30.0422 38.7267
      vertex 3.49716 33.2733 37.1572
      vertex 2.61321 24.863 43.3013
    endloop
  endfacet
  facet normal 0 0.589898 0.807477
    outer loop
      vertex 3.49716 33.2733 37.1572
      vertex -2.61321 24.863 43.3013
      vertex 2.61321 24.863 43.3013
    endloop
  endfacet
  facet normal 0 0.589898 0.807477
    outer loop
      vertex -2.61321 24.863 43.3013
      vertex 3.49716 33.2733 37.1572
      vertex -3.49716 33.2733 37.1572
    endloop
  endfacet
  facet normal -0.438388 0.394737 0.807465
    outer loop
      vertex -27.0669 19.6653 37.1572
      vertex -21.5733 21.0358 39.4698
      vertex -24.0737 22.9895 37.1572
    endloop
  endfacet
  facet normal -0.438387 0.394712 0.807477
    outer loop
      vertex -21.5733 21.0358 39.4698
      vertex -27.0669 19.6653 37.1572
      vertex -20.2254 14.6946 43.3013
    endloop
  endfacet
  facet normal -0.198779 -0.0645873 0.977914
    outer loop
      vertex -5.11221 -1.08663 49.7261
      vertex -14.1151 -6.28443 47.5528
      vertex -4.77457 -2.12578 49.7261
    endloop
  endfacet
  facet normal -0.388602 -0.12627 0.912713
    outer loop
      vertex -24.1286 -5.23196 43.435
      vertex -22.8386 -10.1684 43.3013
      vertex -14.1151 -6.28443 47.5528
    endloop
  endfacet
  facet normal -0.388672 -0.126288 0.91268
    outer loop
      vertex -22.8386 -10.1684 43.3013
      vertex -24.1286 -5.23196 43.435
      vertex -24.4059 -5.34477 43.3013
    endloop
  endfacet
  facet normal -0.56103 -0.182291 0.807475
    outer loop
      vertex -24.4059 -5.34477 43.3013
      vertex -30.1102 -7.80574 38.7824
      vertex -22.8386 -10.1684 43.3013
    endloop
  endfacet
  facet normal -0.122853 -0.169094 0.977913
    outer loop
      vertex -3.49716 -3.88399 49.7261
      vertex -10.3386 -11.4822 47.5528
      vertex -2.61321 -4.52621 49.7261
    endloop
  endfacet
  facet normal 0.085012 -0.190941 0.977913
    outer loop
      vertex 7.72542 -13.3808 47.5528
      vertex 1.61505 -4.97062 49.7261
      vertex 4.77457 -14.6946 47.5528
    endloop
  endfacet
  facet normal -0.739119 -0.665502 0.10397
    outer loop
      vertex -39.5669 -28.747 10.3956
      vertex -40.4509 -29.3893 0
      vertex -32.7254 -36.3453 10.3956
    endloop
  endfacet
  facet normal -0.352733 -0.792261 0.497898
    outer loop
      vertex -20.2254 -35.0315 29.3893
      vertex -20.5266 -35.553 28.3461
      vertex -19.7532 -35.6814 28.6897
    endloop
  endfacet
  facet normal -0.352731 -0.792235 0.49794
    outer loop
      vertex -16.8704 -41.7227 21.12
      vertex -16.6331 -39.9759 24.0673
      vertex -22.4895 -38.953 21.5462
    endloop
  endfacet
  facet normal -0.352751 -0.79224 0.497918
    outer loop
      vertex -16.6331 -39.9759 24.0673
      vertex -16.1456 -41.8547 21.4233
      vertex -15.1341 -42.0391 21.8465
    endloop
  endfacet
  facet normal -0.352658 -0.792261 0.49795
    outer loop
      vertex -16.6331 -39.9759 24.0673
      vertex -16.8704 -41.7227 21.12
      vertex -16.1456 -41.8547 21.4233
    endloop
  endfacet
  facet normal -0.352723 -0.792241 0.497936
    outer loop
      vertex -16.9548 -42.1773 20.3368
      vertex -22.4895 -38.953 21.5462
      vertex -22.8386 -39.5577 20.3368
    endloop
  endfacet
  facet normal -0.352751 -0.792266 0.497876
    outer loop
      vertex -22.4895 -38.953 21.5462
      vertex -16.9548 -42.1773 20.3368
      vertex -16.8704 -41.7227 21.12
    endloop
  endfacet
  facet normal -0.352743 -0.792312 0.497809
    outer loop
      vertex -20.2254 -35.0315 29.3893
      vertex -19.056 -35.7971 28.9994
      vertex -18.7261 -35.699 29.3893
    endloop
  endfacet
  facet normal -0.352665 -0.792261 0.497945
    outer loop
      vertex -19.056 -35.7971 28.9994
      vertex -20.2254 -35.0315 29.3893
      vertex -19.7532 -35.6814 28.6897
    endloop
  endfacet
  facet normal -0.352624 -0.792242 0.498005
    outer loop
      vertex -15.1341 -42.0391 21.8465
      vertex -16.4739 -40.0037 24.1358
      vertex -16.6331 -39.9759 24.0673
    endloop
  endfacet
  facet normal -0.352735 -0.792235 0.497937
    outer loop
      vertex -15.639 -40.1495 24.4952
      vertex -13.7418 -42.2928 22.4291
      vertex -12.6628 -38.9721 28.4768
    endloop
  endfacet
  facet normal -0.352705 -0.792238 0.497954
    outer loop
      vertex -16.4739 -40.0037 24.1358
      vertex -15.1341 -42.0391 21.8465
      vertex -15.639 -40.1495 24.4952
    endloop
  endfacet
  facet normal -0.352722 -0.792234 0.497948
    outer loop
      vertex -15.639 -40.1495 24.4952
      vertex -15.1341 -42.0391 21.8465
      vertex -13.7418 -42.2928 22.4291
    endloop
  endfacet
  facet normal -0.240166 -0.330564 0.912714
    outer loop
      vertex -10.3386 -11.4822 47.5528
      vertex -16.7283 -18.5786 43.3013
      vertex -12.5 -21.6506 43.3013
    endloop
  endfacet
  facet normal -0.303627 -0.27346 0.912705
    outer loop
      vertex -20.2254 -14.6946 43.3013
      vertex -16.7215 -14.4514 44.5398
      vertex -10.3386 -11.4822 47.5528
    endloop
  endfacet
  facet normal -0.303666 -0.273215 0.912765
    outer loop
      vertex -16.7215 -14.4514 44.5398
      vertex -20.2254 -14.6946 43.3013
      vertex -20.1276 -14.8033 43.3013
    endloop
  endfacet
  facet normal -0.303754 -0.273218 0.912735
    outer loop
      vertex -16.7895 -14.8759 44.3901
      vertex -10.3386 -11.4822 47.5528
      vertex -16.7215 -14.4514 44.5398
    endloop
  endfacet
  facet normal -0.303644 -0.273408 0.912715
    outer loop
      vertex -10.3386 -11.4822 47.5528
      vertex -16.7895 -14.8759 44.3901
      vertex -16.7283 -18.5786 43.3013
    endloop
  endfacet
  facet normal -0.303644 -0.273408 0.912715
    outer loop
      vertex -16.7283 -18.5786 43.3013
      vertex -16.7895 -14.8759 44.3901
      vertex -17.2835 -17.962 43.3013
    endloop
  endfacet
  facet normal -0.644463 -0.580278 0.497941
    outer loop
      vertex -34.0762 -28.3765 22.2803
      vertex -31.1883 -28.7217 25.6157
      vertex -35.5857 -27.2929 21.5894
    endloop
  endfacet
  facet normal -0.644471 -0.580262 0.497949
    outer loop
      vertex -30.9625 -30.3529 24.0071
      vertex -31.1883 -28.7217 25.6157
      vertex -34.0762 -28.3765 22.2803
    endloop
  endfacet
  facet normal -0.64445 -0.580273 0.497964
    outer loop
      vertex -31.1883 -28.7217 25.6157
      vertex -30.9625 -30.3529 24.0071
      vertex -29.2118 -30.1932 26.4589
    endloop
  endfacet
  facet normal -0.644498 -0.580281 0.497892
    outer loop
      vertex -29.6669 -32.9484 22.6592
      vertex -30.9625 -30.3529 24.0071
      vertex -31.1501 -30.3859 23.7258
    endloop
  endfacet
  facet normal -0.644461 -0.58028 0.497941
    outer loop
      vertex -29.6669 -32.9484 22.6592
      vertex -31.1501 -30.3859 23.7258
      vertex -32.8231 -30.6799 21.2179
    endloop
  endfacet
  facet normal -0.644459 -0.580285 0.497938
    outer loop
      vertex -30.9625 -30.3529 24.0071
      vertex -29.6669 -32.9484 22.6592
      vertex -28.4624 -30.7512 26.7787
    endloop
  endfacet
  facet normal -0.644554 -0.580269 0.497833
    outer loop
      vertex -32.0561 -32.2878 20.3368
      vertex -32.8231 -30.6799 21.2179
      vertex -32.9973 -30.7944 20.8589
    endloop
  endfacet
  facet normal -0.644511 -0.580172 0.498001
    outer loop
      vertex -30.9625 -30.3529 24.0071
      vertex -28.4624 -30.7512 26.7787
      vertex -29.2118 -30.1932 26.4589
    endloop
  endfacet
  facet normal -0.644479 -0.580259 0.497942
    outer loop
      vertex -32.0561 -32.2878 20.3368
      vertex -32.9973 -30.7944 20.8589
      vertex -33.2506 -30.9611 20.3368
    endloop
  endfacet
  facet normal -0.644461 -0.580282 0.497938
    outer loop
      vertex -32.8231 -30.6799 21.2179
      vertex -32.0561 -32.2878 20.3368
      vertex -29.6669 -32.9484 22.6592
    endloop
  endfacet
  facet normal -0.644402 -0.580339 0.497949
    outer loop
      vertex -28.4624 -30.7512 26.7787
      vertex -29.6669 -32.9484 22.6592
      vertex -27.8476 -30.9278 27.3685
    endloop
  endfacet
  facet normal -0.155112 -0.728451 0.667308
    outer loop
      vertex -10.1747 -31.8539 37.1572
      vertex -10.3386 -31.819 37.1572
      vertex -10.2756 -31.9057 37.0772
    endloop
  endfacet
  facet normal -0.154897 -0.728701 0.667085
    outer loop
      vertex -9.56044 -32.8901 36.1679
      vertex -3.49716 -33.2733 37.1572
      vertex -9.43225 -32.0117 37.1572
    endloop
  endfacet
  facet normal -0.154899 -0.728688 0.667098
    outer loop
      vertex -9.56044 -32.8901 36.1679
      vertex -4.09449 -38.9565 30.8106
      vertex -3.49716 -33.2733 37.1572
    endloop
  endfacet
  facet normal -0.154868 -0.728677 0.667117
    outer loop
      vertex -4.09449 -38.9565 30.8106
      vertex -9.56044 -32.8901 36.1679
      vertex -4.71425 -39.5604 30.0071
    endloop
  endfacet
  facet normal 0.122645 -0.577015 0.807473
    outer loop
      vertex 7.72542 -23.7764 43.3013
      vertex 2.61321 -24.863 43.3013
      vertex 10.3386 -31.819 37.1572
    endloop
  endfacet
  facet normal -0.122854 -0.169093 0.977913
    outer loop
      vertex -2.61321 -4.52621 49.7261
      vertex -10.3386 -11.4822 47.5528
      vertex -7.72542 -13.3808 47.5528
    endloop
  endfacet
  facet normal -0.0850122 -0.19094 0.977913
    outer loop
      vertex -2.61321 -4.52621 49.7261
      vertex -7.72542 -13.3808 47.5528
      vertex -1.61505 -4.97062 49.7261
    endloop
  endfacet
  facet normal -0.346753 -0.477271 0.80745
    outer loop
      vertex -17.4325 -19.3607 42.5366
      vertex -12.5 -21.6506 43.3013
      vertex -16.7283 -18.5786 43.3013
    endloop
  endfacet
  facet normal -0.346737 -0.477224 0.807484
    outer loop
      vertex -17.6704 -22.1848 40.7654
      vertex -12.5 -21.6506 43.3013
      vertex -17.4325 -19.3607 42.5366
    endloop
  endfacet
  facet normal -0.346707 -0.477316 0.807443
    outer loop
      vertex -17.9481 -22.858 40.2482
      vertex -12.5 -21.6506 43.3013
      vertex -17.6704 -22.1848 40.7654
    endloop
  endfacet
  facet normal -0.346758 -0.477201 0.807489
    outer loop
      vertex -12.5 -21.6506 43.3013
      vertex -17.9481 -22.858 40.2482
      vertex -18.2162 -23.5079 39.749
    endloop
  endfacet
  facet normal -0.346738 -0.477238 0.807476
    outer loop
      vertex -18.2162 -23.5079 39.749
      vertex -16.7283 -28.9742 37.1572
      vertex -12.5 -21.6506 43.3013
    endloop
  endfacet
  facet normal -0.346729 -0.477238 0.807479
    outer loop
      vertex -16.7283 -28.9742 37.1572
      vertex -18.2162 -23.5079 39.749
      vertex -19.608 -26.882 37.1572
    endloop
  endfacet
  facet normal -0.302998 -0.680563 0.667103
    outer loop
      vertex -16.7283 -28.9742 37.1572
      vertex -20.2254 -35.0315 29.3893
      vertex -10.3386 -31.819 37.1572
    endloop
  endfacet
  facet normal -0.303359 -0.680197 0.667312
    outer loop
      vertex -10.3386 -31.819 37.1572
      vertex -18.5224 -35.6078 29.5749
      vertex -10.3851 -31.962 36.9903
    endloop
  endfacet
  facet normal -0.303006 -0.680554 0.667109
    outer loop
      vertex -20.2254 -35.0315 29.3893
      vertex -18.5224 -35.6078 29.5749
      vertex -10.3386 -31.819 37.1572
    endloop
  endfacet
  facet normal -0.303022 -0.680631 0.667022
    outer loop
      vertex -18.5224 -35.6078 29.5749
      vertex -20.2254 -35.0315 29.3893
      vertex -18.7261 -35.699 29.3893
    endloop
  endfacet
  facet normal -0.824779 -0.267946 0.49794
    outer loop
      vertex -44.6171 -9.5527 20.4095
      vertex -43.6467 -9.27739 22.165
      vertex -44.65 -9.49064 20.3884
    endloop
  endfacet
  facet normal -0.824761 -0.268002 0.497939
    outer loop
      vertex -44.6171 -9.5527 20.4095
      vertex -43.4903 -9.57049 22.2663
      vertex -43.6467 -9.27739 22.165
    endloop
  endfacet
  facet normal -0.824766 -0.267983 0.497942
    outer loop
      vertex -44.6171 -9.5527 20.4095
      vertex -42.3998 -10.4333 23.6082
      vertex -43.4903 -9.57049 22.2663
    endloop
  endfacet
  facet normal -0.824641 -0.269091 0.497551
    outer loop
      vertex -44.6171 -9.5527 20.4095
      vertex -42.2831 -10.5256 23.7517
      vertex -42.3998 -10.4333 23.6082
    endloop
  endfacet
  facet normal -0.824767 -0.267986 0.497939
    outer loop
      vertex -41.4156 -8.80315 26.1157
      vertex -39.6801 -13.998 26.1945
      vertex -38.4413 -11.8744 29.3893
    endloop
  endfacet
  facet normal -0.824762 -0.267947 0.497968
    outer loop
      vertex -39.6801 -13.998 26.1945
      vertex -42.2831 -10.5256 23.7517
      vertex -44.6171 -9.5527 20.4095
    endloop
  endfacet
  facet normal -0.824776 -0.267989 0.497923
    outer loop
      vertex -39.6801 -13.998 26.1945
      vertex -41.4156 -8.80315 26.1157
      vertex -42.2831 -10.5256 23.7517
    endloop
  endfacet
  facet normal -0.824767 -0.267986 0.497939
    outer loop
      vertex -41.4156 -8.80315 26.1157
      vertex -38.4413 -11.8744 29.3893
      vertex -39.5669 -8.4102 29.3893
    endloop
  endfacet
  facet normal -0.708506 -0.23021 0.6671
    outer loop
      vertex -39.5669 -8.4102 29.3893
      vertex -38.4413 -11.8744 29.3893
      vertex -37.7192 -10.9576 30.4726
    endloop
  endfacet
  facet normal -0.708501 -0.23022 0.667103
    outer loop
      vertex -37.4193 -11.1067 30.7396
      vertex -33.8288 -7.19053 35.9044
      vertex -39.5669 -8.4102 29.3893
    endloop
  endfacet
  facet normal -0.708425 -0.230098 0.667225
    outer loop
      vertex -37.4193 -11.1067 30.7396
      vertex -39.5669 -8.4102 29.3893
      vertex -37.7192 -10.9576 30.4726
    endloop
  endfacet
  facet normal -0.708506 -0.230212 0.6671
    outer loop
      vertex -35.0896 -12.2661 32.8138
      vertex -33.8288 -7.19053 35.9044
      vertex -37.4193 -11.1067 30.7396
    endloop
  endfacet
  facet normal -0.708542 -0.230184 0.66707
    outer loop
      vertex -33.8288 -7.19053 35.9044
      vertex -35.0896 -12.2661 32.8138
      vertex -33.0561 -7.69866 36.5498
    endloop
  endfacet
  facet normal -0.197826 -0.930763 0.307482
    outer loop
      vertex -14.1489 -43.5458 20
      vertex -15.1132 -46.5137 10.3956
      vertex -9.03649 -44.6324 20
    endloop
  endfacet
  facet normal -0.197825 -0.930844 0.307237
    outer loop
      vertex -6.7445 -45.05 20.2106
      vertex -4.77457 -45.427 20.3368
      vertex -6.52074 -45.0559 20.3368
    endloop
  endfacet
  facet normal -0.197838 -0.930759 0.307488
    outer loop
      vertex -15.1132 -46.5137 10.3956
      vertex -6.7445 -45.05 20.2106
      vertex -9.03649 -44.6324 20
    endloop
  endfacet
  facet normal -0.197825 -0.930764 0.307478
    outer loop
      vertex -6.7445 -45.05 20.2106
      vertex -15.1132 -46.5137 10.3956
      vertex -4.77457 -45.427 20.3368
    endloop
  endfacet
  facet normal 0.584597 -0.804635 0.103966
    outer loop
      vertex 32.7254 -36.3453 10.3956
      vertex 24.4537 -42.355 10.3956
      vertex 25 -43.3013 0
    endloop
  endfacet
  facet normal 0.240069 -0.330449 0.912782
    outer loop
      vertex 12.7212 -21.4899 43.3013
      vertex 12.4154 -21.2527 43.4676
      vertex 12.5 -21.6506 43.3013
    endloop
  endfacet
  facet normal 0.24017 -0.330561 0.912715
    outer loop
      vertex 16.4863 -18.3099 43.4623
      vertex 10.3386 -11.4822 47.5528
      vertex 11.9803 -19.2056 44.3236
    endloop
  endfacet
  facet normal 0 -0.994582 0.103959
    outer loop
      vertex -5.22642 -49.7261 0
      vertex 5.11221 -48.6395 10.3956
      vertex -5.11221 -48.6395 10.3956
    endloop
  endfacet
  facet normal 0 -0.994582 0.103959
    outer loop
      vertex 5.11221 -48.6395 10.3956
      vertex -5.22642 -49.7261 0
      vertex 5.22642 -49.7261 0
    endloop
  endfacet
  facet normal 0.388577 -0.12626 0.912725
    outer loop
      vertex 22.433 -5.41017 44.1322
      vertex 22.8386 -10.1684 43.3013
      vertex 24.4537 -5.19779 43.3013
    endloop
  endfacet
  facet normal 0.38862 -0.126254 0.912707
    outer loop
      vertex 20.8879 -7.57736 44.4903
      vertex 22.8386 -10.1684 43.3013
      vertex 22.433 -5.41017 44.1322
    endloop
  endfacet
  facet normal 0.388457 -0.126399 0.912757
    outer loop
      vertex 20.508 -7.5375 44.6575
      vertex 22.8386 -10.1684 43.3013
      vertex 20.8879 -7.57736 44.4903
    endloop
  endfacet
  facet normal 0.388624 -0.126227 0.912709
    outer loop
      vertex 22.8386 -10.1684 43.3013
      vertex 20.508 -7.5375 44.6575
      vertex 15.8256 -7.04599 46.7192
    endloop
  endfacet
  facet normal 0.353824 -0.204275 0.912732
    outer loop
      vertex 12.5 -9.08178 47.5528
      vertex 14.5701 -6.91079 47.2362
      vertex 13.8012 -6.82798 47.5528
    endloop
  endfacet
  facet normal 0.353854 -0.204307 0.912714
    outer loop
      vertex 14.5701 -6.91079 47.2362
      vertex 12.5 -9.08178 47.5528
      vertex 20.2254 -14.6946 43.3013
    endloop
  endfacet
  facet normal 0.0434571 -0.204442 0.977913
    outer loop
      vertex 4.77457 -14.6946 47.5528
      vertex 0.546309 -5.19779 49.7261
      vertex 1.61505 -15.3662 47.5528
    endloop
  endfacet
  facet normal 0.122854 -0.169093 0.977913
    outer loop
      vertex 10.3386 -11.4822 47.5528
      vertex 2.61321 -4.52621 49.7261
      vertex 7.72542 -13.3808 47.5528
    endloop
  endfacet
  facet normal 0.0434561 -0.204443 0.977913
    outer loop
      vertex 1.61505 -4.97062 49.7261
      vertex 0.546309 -5.19779 49.7261
      vertex 4.77457 -14.6946 47.5528
    endloop
  endfacet
  facet normal 0.510876 -0.294949 0.807472
    outer loop
      vertex 24.5339 -10.9232 41.953
      vertex 22.8386 -10.1684 43.3013
      vertex 23.6481 -11.9866 42.125
    endloop
  endfacet
  facet normal 0.510874 -0.294948 0.807473
    outer loop
      vertex 25.8918 -11.5278 40.8731
      vertex 25.0229 -15.0743 40.1274
      vertex 29.1367 -12.9725 38.2924
    endloop
  endfacet
  facet normal 0.510868 -0.294947 0.807477
    outer loop
      vertex 25.0229 -15.0743 40.1274
      vertex 25.8918 -11.5278 40.8731
      vertex 23.8586 -12.4593 41.8192
    endloop
  endfacet
  facet normal 0.561037 -0.182285 0.807472
    outer loop
      vertex 25.796 -9.2075 41.4634
      vertex 22.8386 -10.1684 43.3013
      vertex 24.5339 -10.9232 41.953
    endloop
  endfacet
  facet normal 0.561037 -0.182302 0.807468
    outer loop
      vertex 30.9433 -8.96814 37.9412
      vertex 31.1871 -11.6904 37.1572
      vertex 32.2769 -8.33653 37.1572
    endloop
  endfacet
  facet normal 0.561009 -0.18231 0.807485
    outer loop
      vertex 30.5351 -9.17499 38.1781
      vertex 31.1871 -11.6904 37.1572
      vertex 30.9433 -8.96814 37.9412
    endloop
  endfacet
  facet normal 0.561085 -0.182272 0.807441
    outer loop
      vertex 31.1871 -11.6904 37.1572
      vertex 30.5351 -9.17499 38.1781
      vertex 30.9217 -11.9501 37.283
    endloop
  endfacet
  facet normal 0.56103 -0.182291 0.807475
    outer loop
      vertex 30.5351 -9.17499 38.1781
      vertex 29.1367 -12.9725 38.2924
      vertex 30.9217 -11.9501 37.283
    endloop
  endfacet
  facet normal 0.561032 -0.182291 0.807474
    outer loop
      vertex 29.1367 -12.9725 38.2924
      vertex 30.5351 -9.17499 38.1781
      vertex 25.8918 -11.5278 40.8731
    endloop
  endfacet
  facet normal 0.438396 -0.394692 0.807482
    outer loop
      vertex 20.2254 -14.6946 43.3013
      vertex 21.6055 -16.763 41.541
      vertex 22.513 -16.3567 41.2469
    endloop
  endfacet
  facet normal 0.438308 -0.394762 0.807496
    outer loop
      vertex 21.6055 -16.763 41.541
      vertex 20.2254 -14.6946 43.3013
      vertex 21.0017 -17.0333 41.7366
    endloop
  endfacet
  facet normal 0.438543 -0.394639 0.807428
    outer loop
      vertex 21.0017 -17.0333 41.7366
      vertex 20.2254 -14.6946 43.3013
      vertex 20.7388 -17.1098 41.842
    endloop
  endfacet
  facet normal 0 -0.589892 0.807482
    outer loop
      vertex -2.61321 -24.863 43.3013
      vertex -2.34466 -28.2701 40.8123
      vertex 2.61321 -24.863 43.3013
    endloop
  endfacet
  facet normal -0.000545594 -0.58992 0.807461
    outer loop
      vertex -2.34466 -28.2701 40.8123
      vertex -2.61321 -24.863 43.3013
      vertex -2.40518 -28.2413 40.8333
    endloop
  endfacet
  facet normal 2.91953e-05 -0.589897 0.807478
    outer loop
      vertex -2.40518 -28.2413 40.8333
      vertex -2.61321 -24.863 43.3013
      vertex -2.94143 -27.9859 41.0199
    endloop
  endfacet
  facet normal 5.89522e-06 -0.589898 0.807478
    outer loop
      vertex -2.34466 -28.2701 40.8123
      vertex 3.49716 -33.2733 37.1572
      vertex 2.61321 -24.863 43.3013
    endloop
  endfacet
  facet normal -3.98772e-05 -0.589896 0.807479
    outer loop
      vertex -3.49716 -33.2733 37.1572
      vertex -2.34466 -28.2701 40.8123
      vertex -2.95689 -28.1329 40.9125
    endloop
  endfacet
  facet normal 0 -0.589902 0.807475
    outer loop
      vertex -2.34466 -28.2701 40.8123
      vertex -3.49716 -33.2733 37.1572
      vertex 3.49716 -33.2733 37.1572
    endloop
  endfacet
  facet normal 0.207866 -0.0218445 0.977913
    outer loop
      vertex 12.1603 -0.345853 48.2445
      vertex 5.11221 -1.08663 49.7261
      vertex 12.2578 -2.60548 48.1733
    endloop
  endfacet
  facet normal 0.181012 0.104488 0.977915
    outer loop
      vertex 11.6058 8.43213 47.7878
      vertex 4.22826 3.07201 49.7261
      vertex 11.8173 5.53783 48.0579
    endloop
  endfacet
  facet normal -0.584597 0.804635 0.103966
    outer loop
      vertex -25 43.3013 0
      vertex -32.7254 36.3453 10.3956
      vertex -24.4537 42.355 10.3956
    endloop
  endfacet
  facet normal -0.751028 0.433589 0.497954
    outer loop
      vertex -36.9537 22.6392 24.0022
      vertex -33.4722 23.1514 28.8071
      vertex -35.8722 23.438 24.9378
    endloop
  endfacet
  facet normal -0.751021 0.43361 0.497946
    outer loop
      vertex -36.9537 17.1386 28.7921
      vertex -33.4722 23.1514 28.8071
      vertex -36.9537 22.6392 24.0022
    endloop
  endfacet
  facet normal -0.751021 0.433595 0.497959
    outer loop
      vertex -33.2457 23.1244 29.1724
      vertex -36.4347 17.3517 29.3893
      vertex -33.0572 23.2018 29.3893
    endloop
  endfacet
  facet normal -0.751035 0.433618 0.497917
    outer loop
      vertex -36.7013 17.2423 29.0825
      vertex -33.4722 23.1514 28.8071
      vertex -36.9537 17.1386 28.7921
    endloop
  endfacet
  facet normal -0.751117 0.433641 0.497773
    outer loop
      vertex -33.4722 23.1514 28.8071
      vertex -36.4347 17.3517 29.3893
      vertex -33.2457 23.1244 29.1724
    endloop
  endfacet
  facet normal -0.751001 0.433603 0.497982
    outer loop
      vertex -36.4347 17.3517 29.3893
      vertex -33.4722 23.1514 28.8071
      vertex -36.7013 17.2423 29.0825
    endloop
  endfacet
  facet normal -0.122645 0.577015 0.807473
    outer loop
      vertex -2.61321 24.863 43.3013
      vertex -10.3386 31.819 37.1572
      vertex -7.72542 23.7764 43.3013
    endloop
  endfacet
  facet normal -0.559532 0.769666 0.30747
    outer loop
      vertex -24.4537 42.355 10.3956
      vertex -23.1736 39.4488 20
      vertex -22.8934 39.6525 20
    endloop
  endfacet
  facet normal -0.559306 0.769824 0.307487
    outer loop
      vertex -23.1736 39.4488 20
      vertex -24.4537 42.355 10.3956
      vertex -32.7254 36.3453 10.3956
    endloop
  endfacet
  facet normal 0.404536 0.908593 0.103967
    outer loop
      vertex 25 43.3013 0
      vertex 15.1132 46.5137 10.3956
      vertex 24.4537 42.355 10.3956
    endloop
  endfacet
  facet normal 0.584597 0.804635 0.103966
    outer loop
      vertex 25 43.3013 0
      vertex 24.4537 42.355 10.3956
      vertex 32.7254 36.3453 10.3956
    endloop
  endfacet
  facet normal -0.197841 0.930756 0.307493
    outer loop
      vertex -5.11221 48.6395 10.3956
      vertex -15.1132 46.5137 10.3956
      vertex -4.77457 45.427 20.3368
    endloop
  endfacet
  facet normal -0.197823 0.930742 0.307548
    outer loop
      vertex -4.77457 45.427 20.3368
      vertex -7.4121 44.9777 20
      vertex -7.47237 44.8536 20.3368
    endloop
  endfacet
  facet normal -0.197832 0.930762 0.307482
    outer loop
      vertex -7.4121 44.9777 20
      vertex -15.1132 46.5137 10.3956
      vertex -14.1489 43.5458 20
    endloop
  endfacet
  facet normal -0.197818 0.930768 0.307471
    outer loop
      vertex -15.1132 46.5137 10.3956
      vertex -7.4121 44.9777 20
      vertex -4.77457 45.427 20.3368
    endloop
  endfacet
  facet normal -0.824759 0.267998 0.497945
    outer loop
      vertex -41.7283 18.5786 20.3368
      vertex -41.5606 16.1529 21.9201
      vertex -39.9272 17.7767 23.7516
    endloop
  endfacet
  facet normal -0.824766 0.267993 0.497937
    outer loop
      vertex -41.7283 18.5786 20.3368
      vertex -41.7798 15.935 21.6743
      vertex -41.5606 16.1529 21.9201
    endloop
  endfacet
  facet normal -0.824778 0.267985 0.497921
    outer loop
      vertex -43.3152 13.6946 20.3368
      vertex -41.7798 15.935 21.6743
      vertex -41.7283 18.5786 20.3368
    endloop
  endfacet
  facet normal -0.824796 0.268031 0.497866
    outer loop
      vertex -41.7798 15.935 21.6743
      vertex -43.3152 13.6946 20.3368
      vertex -42.1348 15.1069 21.532
    endloop
  endfacet
  facet normal -0.82456 0.267062 0.498777
    outer loop
      vertex -42.1348 15.1069 21.532
      vertex -43.3152 13.6946 20.3368
      vertex -42.1739 15.0155 21.5163
    endloop
  endfacet
  facet normal -0.824749 0.267995 0.497964
    outer loop
      vertex -38.5677 17.1714 26.3292
      vertex -38.2126 15.3193 27.9141
      vertex -37.432 16.6658 28.4823
    endloop
  endfacet
  facet normal -0.824766 0.267976 0.497945
    outer loop
      vertex -38.2126 15.3193 27.9141
      vertex -38.5677 17.1714 26.3292
      vertex -40.9418 12.8619 24.7161
    endloop
  endfacet
  facet normal -0.155326 0.139854 0.977913
    outer loop
      vertex -3.49716 3.88399 49.7261
      vertex -10.3386 11.4822 47.5528
      vertex -4.22826 3.07201 49.7261
    endloop
  endfacet
  facet normal -0.166194 0.373274 0.912714
    outer loop
      vertex -7.72542 23.7764 43.3013
      vertex -12.5 21.6506 43.3013
      vertex -7.72542 13.3808 47.5528
    endloop
  endfacet
  facet normal -0.708515 0.230223 0.667086
    outer loop
      vertex -35.1603 12.4247 32.6841
      vertex -33.786 15.0425 33.2403
      vertex -35.8979 14.0815 31.3289
    endloop
  endfacet
  facet normal -0.708505 0.230209 0.667101
    outer loop
      vertex -33.786 15.0425 33.2403
      vertex -32.9051 12.701 34.9839
      vertex -30.5641 13.608 37.1572
    endloop
  endfacet
  facet normal -0.708502 0.230213 0.667104
    outer loop
      vertex -33.786 15.0425 33.2403
      vertex -35.1603 12.4247 32.6841
      vertex -32.9051 12.701 34.9839
    endloop
  endfacet
  facet normal -0.708504 0.230178 0.667113
    outer loop
      vertex -32.9646 12.5422 34.9755
      vertex -30.5641 13.608 37.1572
      vertex -32.9051 12.701 34.9839
    endloop
  endfacet
  facet normal -0.708496 0.230208 0.667111
    outer loop
      vertex -31.8833 9.54778 37.1572
      vertex -32.9646 12.5422 34.9755
      vertex -33.8567 10.1609 34.8498
    endloop
  endfacet
  facet normal -0.708506 0.2302 0.667104
    outer loop
      vertex -32.9646 12.5422 34.9755
      vertex -31.8833 9.54778 37.1572
      vertex -30.5641 13.608 37.1572
    endloop
  endfacet
  facet normal -0.708501 0.230193 0.667111
    outer loop
      vertex -34.0589 9.95095 34.7075
      vertex -31.8833 9.54778 37.1572
      vertex -33.8567 10.1609 34.8498
    endloop
  endfacet
  facet normal -0.70849 0.230236 0.667108
    outer loop
      vertex -31.8833 9.54778 37.1572
      vertex -34.0589 9.95095 34.7075
      vertex -33.1597 7.93133 36.3595
    endloop
  endfacet
  facet normal -0.74088 0.0778887 0.667106
    outer loop
      vertex -36.2263 7.70014 33.1823
      vertex -34.2244 6.46242 35.5501
      vertex -33.7567 7.17521 35.9863
    endloop
  endfacet
  facet normal -0.740877 0.0778994 0.667108
    outer loop
      vertex -36.2263 7.70014 33.1823
      vertex -34.5642 5.94453 35.2332
      vertex -34.2244 6.46242 35.5501
    endloop
  endfacet
  facet normal -0.740896 0.0778616 0.667091
    outer loop
      vertex -36.2263 7.70014 33.1823
      vertex -38.7441 4.35738 30.7761
      vertex -34.5642 5.94453 35.2332
    endloop
  endfacet
  facet normal -0.740803 0.0777036 0.667213
    outer loop
      vertex -38.7441 4.35738 30.7761
      vertex -36.2263 7.70014 33.1823
      vertex -39.0226 4.25162 30.4792
    endloop
  endfacet
  facet normal -0.0849552 0.399669 0.912714
    outer loop
      vertex -1.61505 15.3662 47.5528
      vertex -7.72542 23.7764 43.3013
      vertex -4.77457 14.6946 47.5528
    endloop
  endfacet
  facet normal -0.0850122 0.19094 0.977913
    outer loop
      vertex -1.61505 4.97062 49.7261
      vertex -7.72542 13.3808 47.5528
      vertex -2.61321 4.52621 49.7261
    endloop
  endfacet
  facet normal -0.0434571 0.204442 0.977913
    outer loop
      vertex -1.61505 15.3662 47.5528
      vertex -4.77457 14.6946 47.5528
      vertex -0.546309 5.19779 49.7261
    endloop
  endfacet
  facet normal -0.35386 -0.204301 0.912713
    outer loop
      vertex -14.1151 -6.28443 47.5528
      vertex -22.8386 -10.1684 43.3013
      vertex -20.2254 -14.6946 43.3013
    endloop
  endfacet
  facet normal -0.511 -0.295026 0.807365
    outer loop
      vertex -22.8386 -10.1684 43.3013
      vertex -20.3948 -14.8177 43.1491
      vertex -20.2254 -14.6946 43.3013
    endloop
  endfacet
  facet normal -0.510861 -0.294956 0.807479
    outer loop
      vertex -20.3948 -14.8177 43.1491
      vertex -22.8386 -10.1684 43.3013
      vertex -24.9816 -14.9817 40.1873
    endloop
  endfacet
  facet normal 0.0850122 -0.19094 0.977913
    outer loop
      vertex 2.61321 -4.52621 49.7261
      vertex 1.61505 -4.97062 49.7261
      vertex 7.72542 -13.3808 47.5528
    endloop
  endfacet
  facet normal -0.198781 -0.064584 0.977914
    outer loop
      vertex -5.11221 -1.08663 49.7261
      vertex -15.1132 -3.21241 47.5528
      vertex -14.1151 -6.28443 47.5528
    endloop
  endfacet
  facet normal -0.0434561 -0.204443 0.977913
    outer loop
      vertex -1.61505 -4.97062 49.7261
      vertex -4.77457 -14.6946 47.5528
      vertex -0.546309 -5.19779 49.7261
    endloop
  endfacet
  facet normal -0.559307 -0.769824 0.307483
    outer loop
      vertex -30.6373 -34.0262 20
      vertex -32.7254 -36.3453 10.3956
      vertex -25.7452 -37.5805 20
    endloop
  endfacet
  facet normal -0.559295 -0.76981 0.307542
    outer loop
      vertex -25.7452 -37.5805 20
      vertex -22.8386 -39.5577 20.3368
      vertex -25.0261 -37.9684 20.3368
    endloop
  endfacet
  facet normal -0.559302 -0.76983 0.307478
    outer loop
      vertex -22.8386 -39.5577 20.3368
      vertex -25.7452 -37.5805 20
      vertex -32.7254 -36.3453 10.3956
    endloop
  endfacet
  facet normal -0.559306 -0.769824 0.307485
    outer loop
      vertex -22.8386 -39.5577 20.3368
      vertex -32.7254 -36.3453 10.3956
      vertex -24.4537 -42.355 10.3956
    endloop
  endfacet
  facet normal -0.75103 -0.433614 0.497928
    outer loop
      vertex -37.795 -25.3912 20.3368
      vertex -36.9537 -24.2404 22.6079
      vertex -39.2123 -22.9364 20.3368
    endloop
  endfacet
  facet normal -0.751056 -0.433579 0.49792
    outer loop
      vertex -37.5453 -25.6354 20.5008
      vertex -36.9537 -24.2404 22.6079
      vertex -37.795 -25.3912 20.3368
    endloop
  endfacet
  facet normal -0.751042 -0.433595 0.497927
    outer loop
      vertex -36.9537 -24.2404 22.6079
      vertex -37.5453 -25.6354 20.5008
      vertex -36.9537 -26.2141 20.8892
    endloop
  endfacet
  facet normal -0.824086 -0.475789 0.30742
    outer loop
      vertex -39.4578 -22.7288 20
      vertex -37.9796 -25.2891 20
      vertex -39.2123 -22.9364 20.3368
    endloop
  endfacet
  facet normal -0.824071 -0.475773 0.307484
    outer loop
      vertex -39.5669 -28.747 10.3956
      vertex -39.4578 -22.7288 20
      vertex -41.655 -18.9231 20
    endloop
  endfacet
  facet normal -0.824067 -0.475778 0.307488
    outer loop
      vertex -39.4578 -22.7288 20
      vertex -39.5669 -28.747 10.3956
      vertex -37.9796 -25.2891 20
    endloop
  endfacet
  facet normal -0.824079 -0.47576 0.307483
    outer loop
      vertex -37.9796 -25.2891 20
      vertex -39.5669 -28.747 10.3956
      vertex -37.0422 -26.9128 20
    endloop
  endfacet
  facet normal -0.824086 -0.475789 0.30742
    outer loop
      vertex -37.8665 -25.3055 20.2778
      vertex -39.2123 -22.9364 20.3368
      vertex -37.9796 -25.2891 20
    endloop
  endfacet
  facet normal -0.824046 -0.47577 0.307556
    outer loop
      vertex -39.2123 -22.9364 20.3368
      vertex -37.8665 -25.3055 20.2778
      vertex -37.795 -25.3912 20.3368
    endloop
  endfacet
  facet normal -0.0849503 -0.399672 0.912713
    outer loop
      vertex -1.61505 -15.3662 47.5528
      vertex -7.72542 -23.7764 43.3013
      vertex -2.61321 -24.863 43.3013
    endloop
  endfacet
  facet normal 0 -0.408601 0.912713
    outer loop
      vertex -1.61505 -15.3662 47.5528
      vertex 2.61321 -24.863 43.3013
      vertex 1.61505 -15.3662 47.5528
    endloop
  endfacet
  facet normal 0 -0.408601 0.912713
    outer loop
      vertex 2.61321 -24.863 43.3013
      vertex -1.61505 -15.3662 47.5528
      vertex -2.61321 -24.863 43.3013
    endloop
  endfacet
  facet normal -0.989132 0.103968 0.10396
    outer loop
      vertex -47.8386 10.1684 10.3956
      vertex -50 0 0
      vertex -48.9074 0 10.3956
    endloop
  endfacet
  facet normal -0.989132 -0.103968 0.10396
    outer loop
      vertex -48.9074 0 10.3956
      vertex -50 0 0
      vertex -47.8386 -10.1684 10.3956
    endloop
  endfacet
  facet normal -0.206789 -0.972847 0.103957
    outer loop
      vertex -15.1132 -46.5137 10.3956
      vertex -15.4508 -47.5528 0
      vertex -5.22642 -49.7261 0
    endloop
  endfacet
  facet normal -0.206787 -0.972847 0.103959
    outer loop
      vertex -5.11221 -48.6395 10.3956
      vertex -15.1132 -46.5137 10.3956
      vertex -5.22642 -49.7261 0
    endloop
  endfacet
  facet normal -0.404527 -0.908598 0.103957
    outer loop
      vertex -15.1132 -46.5137 10.3956
      vertex -25 -43.3013 0
      vertex -15.4508 -47.5528 0
    endloop
  endfacet
  facet normal -0.404536 -0.908593 0.103967
    outer loop
      vertex -24.4537 -42.355 10.3956
      vertex -25 -43.3013 0
      vertex -15.1132 -46.5137 10.3956
    endloop
  endfacet
  facet normal 0.387033 -0.869287 0.307481
    outer loop
      vertex 22.5769 -39.7934 20
      vertex 14.1489 -43.5458 20
      vertex 15.1132 -46.5137 10.3956
    endloop
  endfacet
  facet normal 0.387146 -0.869301 0.307302
    outer loop
      vertex 22.8386 -39.5577 20.3368
      vertex 22.4964 -39.7101 20.3368
      vertex 22.6922 -39.6895 20.1484
    endloop
  endfacet
  facet normal 0.64516 -0.372485 0.667101
    outer loop
      vertex 34.7668 -17.1634 31.1075
      vertex 32.7254 -23.7764 29.3893
      vertex 36.9537 -16.4528 29.3893
    endloop
  endfacet
  facet normal 0.645166 -0.372485 0.667095
    outer loop
      vertex 31.9792 -23.0983 30.4896
      vertex 32.7254 -23.7764 29.3893
      vertex 34.7668 -17.1634 31.1075
    endloop
  endfacet
  facet normal 0.645285 -0.372319 0.667073
    outer loop
      vertex 32.7254 -23.7764 29.3893
      vertex 31.9792 -23.0983 30.4896
      vertex 31.9112 -23.1848 30.5071
    endloop
  endfacet
  facet normal 0.085012 0.190941 0.977913
    outer loop
      vertex 4.77457 14.6946 47.5528
      vertex 1.61505 4.97062 49.7261
      vertex 7.72542 13.3808 47.5528
    endloop
  endfacet
  facet normal 0.303655 -0.273408 0.912711
    outer loop
      vertex 20.2254 -14.6946 43.3013
      vertex 16.4863 -18.3099 43.4623
      vertex 17.097 -18.1691 43.3013
    endloop
  endfacet
  facet normal 0.30365 -0.273402 0.912715
    outer loop
      vertex 16.4863 -18.3099 43.4623
      vertex 20.2254 -14.6946 43.3013
      vertex 10.3386 -11.4822 47.5528
    endloop
  endfacet
  facet normal 0.303647 -0.273411 0.912713
    outer loop
      vertex 12.5 -9.08178 47.5528
      vertex 10.3386 -11.4822 47.5528
      vertex 20.2254 -14.6946 43.3013
    endloop
  endfacet
  facet normal 0 -0.744977 0.667091
    outer loop
      vertex -3.49716 -33.2733 37.1572
      vertex 0.152809 -35.8976 34.2265
      vertex 3.49716 -33.2733 37.1572
    endloop
  endfacet
  facet normal 7.09799e-06 -0.744972 0.667095
    outer loop
      vertex -3.49716 -33.2733 37.1572
      vertex -2.94205 -37.8201 32.0796
      vertex 0.152809 -35.8976 34.2265
    endloop
  endfacet
  facet normal 0.000150905 -0.744964 0.667104
    outer loop
      vertex -3.49716 -33.2733 37.1572
      vertex -3.15366 -37.9516 31.9328
      vertex -2.94205 -37.8201 32.0796
    endloop
  endfacet
  facet normal 1.58811e-06 -0.744969 0.667099
    outer loop
      vertex -3.15366 -37.9516 31.9328
      vertex -3.49716 -33.2733 37.1572
      vertex -4.09449 -38.9565 30.8106
    endloop
  endfacet
  facet normal 3.25026e-05 -0.744946 0.667125
    outer loop
      vertex 4.22826 -40.2293 29.3893
      vertex 0.152809 -35.8976 34.2265
      vertex 0.00734006 -36.2097 33.878
    endloop
  endfacet
  facet normal -0.000973091 -0.74477 0.66732
    outer loop
      vertex -1.76095 -40.2293 29.3893
      vertex 0.00734006 -36.2097 33.878
      vertex -1.83334 -40.1586 29.4681
    endloop
  endfacet
  facet normal 0 -0.744961 0.667108
    outer loop
      vertex 0.00734006 -36.2097 33.878
      vertex -1.76095 -40.2293 29.3893
      vertex 4.22826 -40.2293 29.3893
    endloop
  endfacet
  facet normal -1.71989e-05 -0.744967 0.667101
    outer loop
      vertex 0.152809 -35.8976 34.2265
      vertex 4.22826 -40.2293 29.3893
      vertex 3.49716 -33.2733 37.1572
    endloop
  endfacet
  facet normal 0.438376 -0.394709 0.807485
    outer loop
      vertex 20.2254 -14.6946 43.3013
      vertex 17.097 -18.1691 43.3013
      vertex 20.7388 -17.1098 41.842
    endloop
  endfacet
  facet normal 0.198783 -0.0645782 0.977914
    outer loop
      vertex 12.2578 -2.60548 48.1733
      vertex 5.11221 -1.08663 49.7261
      vertex 12.3463 -5.26325 47.9798
    endloop
  endfacet
  facet normal 0.207869 -0.0218047 0.977914
    outer loop
      vertex 5.22642 0 49.7261
      vertex 12.1603 -0.345853 48.2445
      vertex 12.1453 0 48.2554
    endloop
  endfacet
  facet normal 0.207866 -0.0218477 0.977913
    outer loop
      vertex 12.1603 -0.345853 48.2445
      vertex 5.22642 0 49.7261
      vertex 5.11221 -1.08663 49.7261
    endloop
  endfacet
  facet normal 0.388579 -0.126296 0.912719
    outer loop
      vertex 22.8305 -4.85276 44.0401
      vertex 22.433 -5.41017 44.1322
      vertex 24.4537 -5.19779 43.3013
    endloop
  endfacet
  facet normal 0.406349 -0.0426954 0.91272
    outer loop
      vertex 23.1149 -4.42485 43.9335
      vertex 22.8305 -4.85276 44.0401
      vertex 24.4537 -5.19779 43.3013
    endloop
  endfacet
  facet normal 0.18101 0.104495 0.977914
    outer loop
      vertex 4.22826 3.07201 49.7261
      vertex 11.8368 5.27009 48.0829
      vertex 11.8173 5.53783 48.0579
    endloop
  endfacet
  facet normal 0.181007 0.104505 0.977914
    outer loop
      vertex 11.8368 5.27009 48.0829
      vertex 4.22826 3.07201 49.7261
      vertex 4.77457 2.12578 49.7261
    endloop
  endfacet
  facet normal 0.198835 0.0644617 0.977911
    outer loop
      vertex 4.77457 2.12578 49.7261
      vertex 11.8552 4.97971 48.0983
      vertex 11.8368 5.27009 48.0829
    endloop
  endfacet
  facet normal 0.198784 0.0645887 0.977913
    outer loop
      vertex 11.8552 4.97971 48.0983
      vertex 4.77457 2.12578 49.7261
      vertex 5.11221 1.08663 49.7261
    endloop
  endfacet
  facet normal 0.303647 0.273409 0.912713
    outer loop
      vertex 11.2823 11.7888 47.147
      vertex 10.3386 11.4822 47.5528
      vertex 11.458 10.239 47.5528
    endloop
  endfacet
  facet normal 0.438349 0.394748 0.80748
    outer loop
      vertex 22.3868 24.863 37.1572
      vertex 16.8363 18.6986 43.1839
      vertex 21.3427 19.9508 40.1254
    endloop
  endfacet
  facet normal -0.122854 0.169093 0.977913
    outer loop
      vertex -7.72542 13.3808 47.5528
      vertex -10.3386 11.4822 47.5528
      vertex -2.61321 4.52621 49.7261
    endloop
  endfacet
  facet normal -0.122853 0.169094 0.977913
    outer loop
      vertex -2.61321 4.52621 49.7261
      vertex -10.3386 11.4822 47.5528
      vertex -3.49716 3.88399 49.7261
    endloop
  endfacet
  facet normal -0.707146 0.63671 0.307482
    outer loop
      vertex -32.7254 36.3453 10.3956
      vertex -36.8104 27.1702 20
      vertex -30.6373 34.0262 20
    endloop
  endfacet
  facet normal -0.707144 0.636711 0.307485
    outer loop
      vertex -39.5669 28.747 10.3956
      vertex -36.8104 27.1702 20
      vertex -32.7254 36.3453 10.3956
    endloop
  endfacet
  facet normal -0.707094 0.636769 0.30748
    outer loop
      vertex -36.8104 27.1702 20
      vertex -39.5669 28.747 10.3956
      vertex -37.0422 26.9128 20
    endloop
  endfacet
  facet normal -0.438427 0.394755 0.807435
    outer loop
      vertex -18.1037 18.3249 42.6785
      vertex -20.2254 14.6946 43.3013
      vertex -16.8384 18.4563 43.3013
    endloop
  endfacet
  facet normal -0.438287 0.394692 0.807541
    outer loop
      vertex -18.6161 18.7253 42.2047
      vertex -20.2254 14.6946 43.3013
      vertex -18.1037 18.3249 42.6785
    endloop
  endfacet
  facet normal -0.438383 0.394713 0.807478
    outer loop
      vertex -20.2254 14.6946 43.3013
      vertex -18.6161 18.7253 42.2047
      vertex -21.5733 21.0358 39.4698
    endloop
  endfacet
  facet normal 0 0.867216 0.497932
    outer loop
      vertex 4.77457 45.427 20.3368
      vertex -4.22826 40.2293 29.3893
      vertex 4.22826 40.2293 29.3893
    endloop
  endfacet
  facet normal 0 0.867216 0.497932
    outer loop
      vertex -4.22826 40.2293 29.3893
      vertex 4.77457 45.427 20.3368
      vertex -4.77457 45.427 20.3368
    endloop
  endfacet
  facet normal -0.180306 0.848265 0.497932
    outer loop
      vertex -4.77457 45.427 20.3368
      vertex -8.33437 41.5634 25.6297
      vertex -4.22826 40.2293 29.3893
    endloop
  endfacet
  facet normal -0.180293 0.848263 0.497939
    outer loop
      vertex -8.33437 41.5634 25.6297
      vertex -4.77457 45.427 20.3368
      vertex -7.47237 44.8536 20.3368
    endloop
  endfacet
  facet normal -0.645157 0.372485 0.667104
    outer loop
      vertex -27.0669 19.6653 37.1572
      vertex -29.2911 18.9426 35.4097
      vertex -28.6459 17.753 36.6979
    endloop
  endfacet
  facet normal -0.645155 0.372482 0.667107
    outer loop
      vertex -28.6459 17.753 36.6979
      vertex -30.5641 13.608 37.1572
      vertex -27.0669 19.6653 37.1572
    endloop
  endfacet
  facet normal -0.645345 0.372546 0.666888
    outer loop
      vertex -28.8358 17.6342 36.5805
      vertex -30.5641 13.608 37.1572
      vertex -28.6459 17.753 36.6979
    endloop
  endfacet
  facet normal -0.645156 0.372495 0.667099
    outer loop
      vertex -31.6902 15.8492 34.8167
      vertex -30.5641 13.608 37.1572
      vertex -28.8358 17.6342 36.5805
    endloop
  endfacet
  facet normal -0.645208 0.372445 0.667077
    outer loop
      vertex -32.0306 15.7182 34.5606
      vertex -30.5641 13.608 37.1572
      vertex -31.6902 15.8492 34.8167
    endloop
  endfacet
  facet normal -0.645142 0.372519 0.667099
    outer loop
      vertex -30.5641 13.608 37.1572
      vertex -32.0306 15.7182 34.5606
      vertex -33.786 15.0425 33.2403
    endloop
  endfacet
  facet normal -0.8248 0.267965 0.497895
    outer loop
      vertex -41.265 10.0538 25.692
      vertex -40.9418 12.8619 24.7161
      vertex -41.1166 12.5446 24.5973
    endloop
  endfacet
  facet normal -0.824766 0.267983 0.497942
    outer loop
      vertex -41.265 10.0538 25.692
      vertex -41.1166 12.5446 24.5973
      vertex -41.4206 12.1025 24.3317
    endloop
  endfacet
  facet normal -0.824767 0.267978 0.497944
    outer loop
      vertex -40.9418 12.8619 24.7161
      vertex -41.265 10.0538 25.692
      vertex -38.2126 15.3193 27.9141
    endloop
  endfacet
  facet normal -0.824761 0.267987 0.497948
    outer loop
      vertex -42.426 9.01793 24.3265
      vertex -41.265 10.0538 25.692
      vertex -41.4206 12.1025 24.3317
    endloop
  endfacet
  facet normal -0.82476 0.267987 0.497949
    outer loop
      vertex -42.426 9.01793 24.3265
      vertex -41.4206 12.1025 24.3317
      vertex -43.3994 9.22482 22.6029
    endloop
  endfacet
  facet normal -0.824757 0.267943 0.497978
    outer loop
      vertex -41.265 10.0538 25.692
      vertex -42.426 9.01793 24.3265
      vertex -41.6033 9.47023 25.4457
    endloop
  endfacet
  facet normal -0.154898 0.728685 0.667102
    outer loop
      vertex -4.22826 40.2293 29.3893
      vertex -10.3386 31.819 37.1572
      vertex -3.49716 33.2733 37.1572
    endloop
  endfacet
  facet normal -0.553454 0.49868 0.667088
    outer loop
      vertex -26.5941 24.3825 34.0248
      vertex -24.0737 22.9895 37.1572
      vertex -26.0559 24.4759 34.4015
    endloop
  endfacet
  facet normal -0.553766 0.498428 0.667018
    outer loop
      vertex -27.0669 19.6653 37.1572
      vertex -26.5941 24.3825 34.0248
      vertex -27.0669 24.3003 33.6937
    endloop
  endfacet
  facet normal -0.553602 0.498478 0.667117
    outer loop
      vertex -26.5941 24.3825 34.0248
      vertex -27.0669 19.6653 37.1572
      vertex -24.0737 22.9895 37.1572
    endloop
  endfacet
  facet normal -0.510877 0.29495 0.807471
    outer loop
      vertex -25.7476 13.7626 40.148
      vertex -26.8061 14.827 39.0895
      vertex -26.2254 13.9244 39.7866
    endloop
  endfacet
  facet normal -0.510896 0.294927 0.807467
    outer loop
      vertex -24.2066 13.2408 41.3136
      vertex -26.8061 14.827 39.0895
      vertex -25.7476 13.7626 40.148
    endloop
  endfacet
  facet normal -0.511283 0.294281 0.807458
    outer loop
      vertex -24.2066 13.2408 41.3136
      vertex -26.8397 14.8792 39.0492
      vertex -26.8061 14.827 39.0895
    endloop
  endfacet
  facet normal -0.510877 0.294951 0.807471
    outer loop
      vertex -27.0669 19.6653 37.1572
      vertex -26.8397 14.8792 39.0492
      vertex -24.2066 13.2408 41.3136
    endloop
  endfacet
  facet normal -0.51087 0.294952 0.807474
    outer loop
      vertex -30.5641 13.608 37.1572
      vertex -26.8397 14.8792 39.0492
      vertex -27.0669 19.6653 37.1572
    endloop
  endfacet
  facet normal -0.510866 0.294919 0.807489
    outer loop
      vertex -26.8397 14.8792 39.0492
      vertex -30.5641 13.608 37.1572
      vertex -28.9029 12.8684 38.4783
    endloop
  endfacet
  facet normal -0.155323 0.139857 0.977913
    outer loop
      vertex -10.3386 11.4822 47.5528
      vertex -12.5 9.08178 47.5528
      vertex -4.22826 3.07201 49.7261
    endloop
  endfacet
  facet normal -0.388598 0.126256 0.912716
    outer loop
      vertex -15.7799 6.10945 46.8682
      vertex -15.1132 3.21241 47.5528
      vertex -14.1151 6.28443 47.5528
    endloop
  endfacet
  facet normal -0.388589 0.126258 0.91272
    outer loop
      vertex -15.1132 3.21241 47.5528
      vertex -15.7799 6.10945 46.8682
      vertex -15.9806 3.39679 47.158
    endloop
  endfacet
  facet normal -0.406347 0.0427198 0.91272
    outer loop
      vertex -16.1239 0.388607 47.235
      vertex -15.1132 3.21241 47.5528
      vertex -15.9806 3.39679 47.158
    endloop
  endfacet
  facet normal -0.406295 0.0426985 0.912744
    outer loop
      vertex -15.1132 3.21241 47.5528
      vertex -16.1239 0.388607 47.235
      vertex -15.4508 0 47.5528
    endloop
  endfacet
  facet normal -0.388599 0.126289 0.912711
    outer loop
      vertex -15.7143 6.99644 46.7734
      vertex -15.7799 6.10945 46.8682
      vertex -14.1151 6.28443 47.5528
    endloop
  endfacet
  facet normal -0.35384 0.204349 0.91271
    outer loop
      vertex -15.4582 9.57114 46.2964
      vertex -12.5 9.08178 47.5528
      vertex -15.404 10.1161 46.1954
    endloop
  endfacet
  facet normal -0.353858 0.204301 0.912713
    outer loop
      vertex -20.2254 14.6946 43.3013
      vertex -15.404 10.1161 46.1954
      vertex -12.5 9.08178 47.5528
    endloop
  endfacet
  facet normal -0.353865 0.204293 0.912712
    outer loop
      vertex -15.404 10.1161 46.1954
      vertex -20.2254 14.6946 43.3013
      vertex -17.4323 10.8502 45.2447
    endloop
  endfacet
  facet normal -0.35386 0.20426 0.912722
    outer loop
      vertex -15.584 8.30625 46.5307
      vertex -12.5 9.08178 47.5528
      vertex -15.4582 9.57114 46.2964
    endloop
  endfacet
  facet normal -0.353868 0.204312 0.912707
    outer loop
      vertex -12.5 9.08178 47.5528
      vertex -15.584 8.30625 46.5307
      vertex -14.1151 6.28443 47.5528
    endloop
  endfacet
  facet normal -0.708449 0.230278 0.667137
    outer loop
      vertex -34.2518 9.75063 34.5718
      vertex -33.1597 7.93133 36.3595
      vertex -34.0589 9.95095 34.7075
    endloop
  endfacet
  facet normal -0.708507 0.230191 0.667105
    outer loop
      vertex -33.7567 7.17521 35.9863
      vertex -34.2518 9.75063 34.5718
      vertex -36.2263 7.70014 33.1823
    endloop
  endfacet
  facet normal -0.708534 0.230174 0.667083
    outer loop
      vertex -34.2518 9.75063 34.5718
      vertex -33.7567 7.17521 35.9863
      vertex -33.1597 7.93133 36.3595
    endloop
  endfacet
  facet normal -0.708587 0.230703 0.666844
    outer loop
      vertex -36.5382 13.5867 30.8197
      vertex -35.8979 14.0815 31.3289
      vertex -36.3523 13.8747 30.9176
    endloop
  endfacet
  facet normal -0.708465 0.230251 0.667129
    outer loop
      vertex -35.8564 12.3395 31.9742
      vertex -35.8979 14.0815 31.3289
      vertex -36.5382 13.5867 30.8197
    endloop
  endfacet
  facet normal -0.708564 0.230174 0.667051
    outer loop
      vertex -35.8979 14.0815 31.3289
      vertex -35.6713 12.3621 32.1629
      vertex -35.1603 12.4247 32.6841
    endloop
  endfacet
  facet normal -0.708341 0.230297 0.667245
    outer loop
      vertex -35.8979 14.0815 31.3289
      vertex -35.8564 12.3395 31.9742
      vertex -35.6713 12.3621 32.1629
    endloop
  endfacet
  facet normal -0.708514 0.230195 0.667097
    outer loop
      vertex -36.5382 13.5867 30.8197
      vertex -38.6749 10.1168 29.7477
      vertex -35.8564 12.3395 31.9742
    endloop
  endfacet
  facet normal -0.708328 0.229998 0.667362
    outer loop
      vertex -38.6749 10.1168 29.7477
      vertex -36.5382 13.5867 30.8197
      vertex -38.8823 9.95335 29.5839
    endloop
  endfacet
  facet normal 0.303682 0.273321 0.912728
    outer loop
      vertex 11.2077 12.4474 46.9746
      vertex 10.3386 11.4822 47.5528
      vertex 11.2823 11.7888 47.147
    endloop
  endfacet
  facet normal 0.0850122 0.19094 0.977913
    outer loop
      vertex 7.72542 13.3808 47.5528
      vertex 1.61505 4.97062 49.7261
      vertex 2.61321 4.52621 49.7261
    endloop
  endfacet
  facet normal -0.166192 0.373274 0.912714
    outer loop
      vertex -7.72542 23.7764 43.3013
      vertex -7.72542 13.3808 47.5528
      vertex -4.77457 14.6946 47.5528
    endloop
  endfacet
  facet normal -0.085012 0.190941 0.977913
    outer loop
      vertex -4.77457 14.6946 47.5528
      vertex -7.72542 13.3808 47.5528
      vertex -1.61505 4.97062 49.7261
    endloop
  endfacet
  facet normal -0.353855 -0.204305 0.912713
    outer loop
      vertex -14.1151 -6.28443 47.5528
      vertex -20.2254 -14.6946 43.3013
      vertex -12.5 -9.08178 47.5528
    endloop
  endfacet
  facet normal -0.303647 -0.273411 0.912713
    outer loop
      vertex -12.5 -9.08178 47.5528
      vertex -20.2254 -14.6946 43.3013
      vertex -10.3386 -11.4822 47.5528
    endloop
  endfacet
  facet normal 0.181098 -0.104215 0.977928
    outer loop
      vertex 4.22826 -3.07201 49.7261
      vertex 12.3562 -5.58049 47.9536
      vertex 12.3542 -5.50045 47.9625
    endloop
  endfacet
  facet normal 0.181008 -0.104506 0.977913
    outer loop
      vertex 4.22826 -3.07201 49.7261
      vertex 12.3542 -5.50045 47.9625
      vertex 4.77457 -2.12578 49.7261
    endloop
  endfacet
  facet normal 0.181138 -0.104089 0.977934
    outer loop
      vertex 12.3562 -5.58049 47.9536
      vertex 4.22826 -3.07201 49.7261
      vertex 12.3594 -5.71397 47.9388
    endloop
  endfacet
  facet normal -0.0434561 0.204443 0.977913
    outer loop
      vertex -0.546309 5.19779 49.7261
      vertex -4.77457 14.6946 47.5528
      vertex -1.61505 4.97062 49.7261
    endloop
  endfacet
  facet normal -0.584606 -0.804629 0.103956
    outer loop
      vertex -32.7254 -36.3453 10.3956
      vertex -33.4565 -37.1572 0
      vertex -25 -43.3013 0
    endloop
  endfacet
  facet normal 0.644455 -0.580272 0.497958
    outer loop
      vertex 29.742 -33.0318 22.4647
      vertex 30.5778 -33.9296 20.3368
      vertex 35.2592 -28.7304 20.3368
    endloop
  endfacet
  facet normal 0.645092 -0.579595 0.497922
    outer loop
      vertex 30.5778 -33.9296 20.3368
      vertex 29.742 -33.0318 22.4647
      vertex 30.5619 -33.9424 20.3425
    endloop
  endfacet
  facet normal 0.387035 -0.869287 0.307479
    outer loop
      vertex 24.4537 -42.355 10.3956
      vertex 22.5769 -39.7934 20
      vertex 15.1132 -46.5137 10.3956
    endloop
  endfacet
  facet normal 0.38697 -0.869325 0.307455
    outer loop
      vertex 22.8465 -39.6733 20
      vertex 22.8386 -39.5577 20.3368
      vertex 22.6922 -39.6895 20.1484
    endloop
  endfacet
  facet normal 0.386798 -0.869394 0.307475
    outer loop
      vertex 22.8465 -39.6733 20
      vertex 24.4537 -42.355 10.3956
      vertex 22.8386 -39.5577 20.3368
    endloop
  endfacet
  facet normal 0.387209 -0.869205 0.307491
    outer loop
      vertex 22.5769 -39.7934 20
      vertex 24.4537 -42.355 10.3956
      vertex 22.8465 -39.6733 20
    endloop
  endfacet
  facet normal 0.303181 -0.680456 0.667129
    outer loop
      vertex 11.0647 -33.1866 35.4323
      vertex 10.3386 -31.819 37.1572
      vertex 10.7968 -33.2291 35.5107
    endloop
  endfacet
  facet normal 0.303002 -0.680542 0.667122
    outer loop
      vertex 10.3386 -31.819 37.1572
      vertex 11.0647 -33.1866 35.4323
      vertex 13.4057 -32.8156 34.7475
    endloop
  endfacet
  facet normal 0.122656 -0.577007 0.807477
    outer loop
      vertex 10.3386 -31.819 37.1572
      vertex 2.61321 -24.863 43.3013
      vertex 3.49716 -33.2733 37.1572
    endloop
  endfacet
  facet normal 0.302993 -0.680552 0.667116
    outer loop
      vertex 13.4057 -32.8156 34.7475
      vertex 16.7283 -28.9742 37.1572
      vertex 10.3386 -31.819 37.1572
    endloop
  endfacet
  facet normal 0.303005 -0.680557 0.667106
    outer loop
      vertex 16.7283 -28.9742 37.1572
      vertex 13.4057 -32.8156 34.7475
      vertex 18.4816 -32.0112 33.2626
    endloop
  endfacet
  facet normal 0.197781 -0.930537 0.308193
    outer loop
      vertex 4.77457 -45.427 20.3368
      vertex 8.45036 -44.6556 20.307
      vertex 8.44815 -44.6462 20.3368
    endloop
  endfacet
  facet normal 0.197823 -0.930766 0.307476
    outer loop
      vertex 15.1132 -46.5137 10.3956
      vertex 8.45036 -44.6556 20.307
      vertex 4.77457 -45.427 20.3368
    endloop
  endfacet
  facet normal 0.197829 -0.930762 0.307482
    outer loop
      vertex 9.58281 -44.5163 20
      vertex 15.1132 -46.5137 10.3956
      vertex 14.1489 -43.5458 20
    endloop
  endfacet
  facet normal 0.197849 -0.930755 0.307492
    outer loop
      vertex 8.45036 -44.6556 20.307
      vertex 15.1132 -46.5137 10.3956
      vertex 9.58281 -44.5163 20
    endloop
  endfacet
  facet normal 0 0 1
    outer loop
      vertex 5.11221 1.08663 49.7261
      vertex 5.11221 -1.08663 49.7261
      vertex 5.22642 0 49.7261
    endloop
  endfacet
  facet normal 0 0 1
    outer loop
      vertex 4.77457 2.12578 49.7261
      vertex 5.11221 -1.08663 49.7261
      vertex 5.11221 1.08663 49.7261
    endloop
  endfacet
  facet normal 0 0 1
    outer loop
      vertex 4.77457 2.12578 49.7261
      vertex 4.77457 -2.12578 49.7261
      vertex 5.11221 -1.08663 49.7261
    endloop
  endfacet
  facet normal 0 0 1
    outer loop
      vertex 4.22826 3.07201 49.7261
      vertex 4.77457 -2.12578 49.7261
      vertex 4.77457 2.12578 49.7261
    endloop
  endfacet
  facet normal 0 0 1
    outer loop
      vertex 4.22826 3.07201 49.7261
      vertex 4.22826 -3.07201 49.7261
      vertex 4.77457 -2.12578 49.7261
    endloop
  endfacet
  facet normal 0 0 1
    outer loop
      vertex 3.49716 3.88399 49.7261
      vertex 4.22826 -3.07201 49.7261
      vertex 4.22826 3.07201 49.7261
    endloop
  endfacet
  facet normal 0 0 1
    outer loop
      vertex 3.49716 3.88399 49.7261
      vertex 3.49716 -3.88399 49.7261
      vertex 4.22826 -3.07201 49.7261
    endloop
  endfacet
  facet normal 0 0 1
    outer loop
      vertex 2.61321 4.52621 49.7261
      vertex 3.49716 -3.88399 49.7261
      vertex 3.49716 3.88399 49.7261
    endloop
  endfacet
  facet normal 0 0 1
    outer loop
      vertex 2.61321 4.52621 49.7261
      vertex 2.61321 -4.52621 49.7261
      vertex 3.49716 -3.88399 49.7261
    endloop
  endfacet
  facet normal 0 0 1
    outer loop
      vertex 1.61505 4.97062 49.7261
      vertex 2.61321 -4.52621 49.7261
      vertex 2.61321 4.52621 49.7261
    endloop
  endfacet
  facet normal 0 0 1
    outer loop
      vertex 1.61505 4.97062 49.7261
      vertex 1.61505 -4.97062 49.7261
      vertex 2.61321 -4.52621 49.7261
    endloop
  endfacet
  facet normal 0 0 1
    outer loop
      vertex 0.546309 5.19779 49.7261
      vertex 1.61505 -4.97062 49.7261
      vertex 1.61505 4.97062 49.7261
    endloop
  endfacet
  facet normal 0 0 1
    outer loop
      vertex 0.546309 5.19779 49.7261
      vertex 0.546309 -5.19779 49.7261
      vertex 1.61505 -4.97062 49.7261
    endloop
  endfacet
  facet normal -0 0 1
    outer loop
      vertex -0.546309 5.19779 49.7261
      vertex 0.546309 -5.19779 49.7261
      vertex 0.546309 5.19779 49.7261
    endloop
  endfacet
  facet normal 0 0 1
    outer loop
      vertex -0.546309 5.19779 49.7261
      vertex -0.546309 -5.19779 49.7261
      vertex 0.546309 -5.19779 49.7261
    endloop
  endfacet
  facet normal -0 0 1
    outer loop
      vertex -1.61505 4.97062 49.7261
      vertex -0.546309 -5.19779 49.7261
      vertex -0.546309 5.19779 49.7261
    endloop
  endfacet
  facet normal 0 0 1
    outer loop
      vertex -1.61505 4.97062 49.7261
      vertex -1.61505 -4.97062 49.7261
      vertex -0.546309 -5.19779 49.7261
    endloop
  endfacet
  facet normal -0 0 1
    outer loop
      vertex -2.61321 4.52621 49.7261
      vertex -1.61505 -4.97062 49.7261
      vertex -1.61505 4.97062 49.7261
    endloop
  endfacet
  facet normal 0 0 1
    outer loop
      vertex -2.61321 4.52621 49.7261
      vertex -2.61321 -4.52621 49.7261
      vertex -1.61505 -4.97062 49.7261
    endloop
  endfacet
  facet normal -0 0 1
    outer loop
      vertex -3.49716 3.88399 49.7261
      vertex -2.61321 -4.52621 49.7261
      vertex -2.61321 4.52621 49.7261
    endloop
  endfacet
  facet normal 0 0 1
    outer loop
      vertex -3.49716 3.88399 49.7261
      vertex -3.49716 -3.88399 49.7261
      vertex -2.61321 -4.52621 49.7261
    endloop
  endfacet
  facet normal -0 0 1
    outer loop
      vertex -4.22826 3.07201 49.7261
      vertex -3.49716 -3.88399 49.7261
      vertex -3.49716 3.88399 49.7261
    endloop
  endfacet
  facet normal 0 0 1
    outer loop
      vertex -4.22826 3.07201 49.7261
      vertex -4.22826 -3.07201 49.7261
      vertex -3.49716 -3.88399 49.7261
    endloop
  endfacet
  facet normal -0 0 1
    outer loop
      vertex -4.77457 2.12578 49.7261
      vertex -4.22826 -3.07201 49.7261
      vertex -4.22826 3.07201 49.7261
    endloop
  endfacet
  facet normal 0 0 1
    outer loop
      vertex -4.77457 2.12578 49.7261
      vertex -4.77457 -2.12578 49.7261
      vertex -4.22826 -3.07201 49.7261
    endloop
  endfacet
  facet normal -0 0 1
    outer loop
      vertex -5.11221 1.08663 49.7261
      vertex -4.77457 -2.12578 49.7261
      vertex -4.77457 2.12578 49.7261
    endloop
  endfacet
  facet normal 0 0 1
    outer loop
      vertex -5.11221 1.08663 49.7261
      vertex -5.11221 -1.08663 49.7261
      vertex -4.77457 -2.12578 49.7261
    endloop
  endfacet
  facet normal 0 -0 1
    outer loop
      vertex -5.11221 -1.08663 49.7261
      vertex -5.11221 1.08663 49.7261
      vertex -5.22642 0 49.7261
    endloop
  endfacet
  facet normal 0.437883 -0.602687 0.667103
    outer loop
      vertex 26.2004 -29.9698 30.0403
      vertex 16.7283 -28.9742 37.1572
      vertex 18.4816 -32.0112 33.2626
    endloop
  endfacet
  facet normal 0.346718 -0.477249 0.807478
    outer loop
      vertex 12.7212 -21.4899 43.3013
      vertex 12.5 -21.6506 43.3013
      vertex 13.3273 -21.9194 42.7872
    endloop
  endfacet
  facet normal 0.198778 -0.0645868 0.977914
    outer loop
      vertex 4.77457 -2.12578 49.7261
      vertex 12.3463 -5.26325 47.9798
      vertex 5.11221 -1.08663 49.7261
    endloop
  endfacet
  facet normal 0.198729 -0.0647048 0.977916
    outer loop
      vertex 12.3463 -5.26325 47.9798
      vertex 4.77457 -2.12578 49.7261
      vertex 12.3542 -5.50045 47.9625
    endloop
  endfacet
  facet normal 0.198783 0.0645893 0.977913
    outer loop
      vertex 11.8552 4.97971 48.0983
      vertex 5.11221 1.08663 49.7261
      vertex 12.0092 2.55263 48.2273
    endloop
  endfacet
  facet normal 0.122853 0.169094 0.977913
    outer loop
      vertex 10.3386 11.4822 47.5528
      vertex 2.61321 4.52621 49.7261
      vertex 3.49716 3.88399 49.7261
    endloop
  endfacet
  facet normal 0.155326 0.139854 0.977913
    outer loop
      vertex 10.3386 11.4822 47.5528
      vertex 3.49716 3.88399 49.7261
      vertex 4.22826 3.07201 49.7261
    endloop
  endfacet
  facet normal -0.30295 0.680569 0.667118
    outer loop
      vertex -10.8981 33.541 35.1464
      vertex -11.348 32.147 36.3642
      vertex -10.3386 31.819 37.1572
    endloop
  endfacet
  facet normal -0.240161 0.330561 0.912717
    outer loop
      vertex -14.3476 18.5014 43.9557
      vertex -12.5 21.6506 43.3013
      vertex -14.0559 20.5202 43.3013
    endloop
  endfacet
  facet normal -0.240167 0.330564 0.912714
    outer loop
      vertex -12.5 21.6506 43.3013
      vertex -14.3476 18.5014 43.9557
      vertex -10.3386 11.4822 47.5528
    endloop
  endfacet
  facet normal -0.240385 0.330434 0.912704
    outer loop
      vertex -14.5426 18.4982 43.9055
      vertex -10.3386 11.4822 47.5528
      vertex -14.3476 18.5014 43.9557
    endloop
  endfacet
  facet normal -0.240165 0.33057 0.912712
    outer loop
      vertex -10.3386 11.4822 47.5528
      vertex -14.5426 18.4982 43.9055
      vertex -16.6257 18.4647 43.3695
    endloop
  endfacet
  facet normal -0.239905 0.538896 0.807488
    outer loop
      vertex -13.4817 23.351 41.8747
      vertex -10.3386 31.819 37.1572
      vertex -11.641 31.2392 37.1572
    endloop
  endfacet
  facet normal -0.239966 0.538905 0.807464
    outer loop
      vertex -10.3386 31.819 37.1572
      vertex -13.4817 23.351 41.8747
      vertex -12.5 21.6506 43.3013
    endloop
  endfacet
  facet normal -0.353855 0.204302 0.912714
    outer loop
      vertex -20.2254 14.6946 43.3013
      vertex -21.5785 12.351 43.3013
      vertex -17.4323 10.8502 45.2447
    endloop
  endfacet
  facet normal -0.353856 0.204321 0.912709
    outer loop
      vertex -15.584 8.30625 46.5307
      vertex -15.7143 6.99644 46.7734
      vertex -14.1151 6.28443 47.5528
    endloop
  endfacet
  facet normal -0.510859 0.294949 0.807483
    outer loop
      vertex -20.2254 14.6946 43.3013
      vertex -24.2066 13.2408 41.3136
      vertex -21.5785 12.351 43.3013
    endloop
  endfacet
  facet normal -0.51086 0.294962 0.807477
    outer loop
      vertex -24.2066 13.2408 41.3136
      vertex -20.2254 14.6946 43.3013
      vertex -27.0669 19.6653 37.1572
    endloop
  endfacet
  facet normal -0.155326 -0.139854 0.977913
    outer loop
      vertex -4.22826 -3.07201 49.7261
      vertex -10.3386 -11.4822 47.5528
      vertex -3.49716 -3.88399 49.7261
    endloop
  endfacet
  facet normal 0.0434571 0.204442 0.977913
    outer loop
      vertex 1.61505 15.3662 47.5528
      vertex 0.546309 5.19779 49.7261
      vertex 4.77457 14.6946 47.5528
    endloop
  endfacet
  facet normal 0.0849552 0.399669 0.912714
    outer loop
      vertex 7.72542 23.7764 43.3013
      vertex 1.61505 15.3662 47.5528
      vertex 4.77457 14.6946 47.5528
    endloop
  endfacet
  facet normal 0.553665 -0.498443 0.66709
    outer loop
      vertex 31.8354 -23.2607 30.5133
      vertex 32.7254 -23.7764 29.3893
      vertex 31.9112 -23.1848 30.5071
    endloop
  endfacet
  facet normal 0.553624 -0.498499 0.667083
    outer loop
      vertex 29.8161 -25.2825 30.6783
      vertex 32.7254 -23.7764 29.3893
      vertex 31.8354 -23.2607 30.5133
    endloop
  endfacet
  facet normal 0.553622 -0.49848 0.667098
    outer loop
      vertex 29.8161 -25.2825 30.6783
      vertex 27.5382 -29.5374 29.3893
      vertex 32.7254 -23.7764 29.3893
    endloop
  endfacet
  facet normal 0.553586 -0.498472 0.667134
    outer loop
      vertex 29.3349 -25.4605 30.9446
      vertex 27.5382 -29.5374 29.3893
      vertex 29.8161 -25.2825 30.6783
    endloop
  endfacet
  facet normal 0.553608 -0.498474 0.667115
    outer loop
      vertex 27.0669 -26.2995 32.1998
      vertex 27.5382 -29.5374 29.3893
      vertex 29.3349 -25.4605 30.9446
    endloop
  endfacet
  facet normal 0.553603 -0.498477 0.667117
    outer loop
      vertex 27.5382 -29.5374 29.3893
      vertex 27.0669 -26.2995 32.1998
      vertex 27.0669 -29.7146 29.648
    endloop
  endfacet
  facet normal 0.644469 -0.580272 0.49794
    outer loop
      vertex 32.7254 -23.7764 29.3893
      vertex 28.594 -29.0021 28.6467
      vertex 34.9013 -25.3573 24.7308
    endloop
  endfacet
  facet normal 0.64445 -0.580263 0.497975
    outer loop
      vertex 28.594 -29.0021 28.6467
      vertex 32.7254 -23.7764 29.3893
      vertex 27.5382 -29.5374 29.3893
    endloop
  endfacet
  facet normal 0.352732 -0.79223 0.497947
    outer loop
      vertex 18.8321 -39.4461 23.3524
      vertex 18.0232 -38.0625 26.1267
      vertex 16.5369 -40.1083 23.9247
    endloop
  endfacet
  facet normal 0.352715 -0.792239 0.497946
    outer loop
      vertex 18.0232 -38.0625 26.1267
      vertex 18.8321 -39.4461 23.3524
      vertex 21.5542 -37.333 24.7862
    endloop
  endfacet
  facet normal 0.352333 -0.79209 0.498452
    outer loop
      vertex 18.8557 -39.4536 23.3238
      vertex 21.5542 -37.333 24.7862
      vertex 18.8321 -39.4461 23.3524
    endloop
  endfacet
  facet normal 0.352789 -0.792261 0.497858
    outer loop
      vertex 19.0832 -39.5263 23.0469
      vertex 21.5542 -37.333 24.7862
      vertex 18.8557 -39.4536 23.3238
    endloop
  endfacet
  facet normal 0.352618 -0.792218 0.498047
    outer loop
      vertex 19.6114 -39.5548 22.6276
      vertex 21.5542 -37.333 24.7862
      vertex 19.0832 -39.5263 23.0469
    endloop
  endfacet
  facet normal 0.352742 -0.792227 0.497945
    outer loop
      vertex 22.4964 -39.7101 20.3368
      vertex 21.5542 -37.333 24.7862
      vertex 19.6114 -39.5548 22.6276
    endloop
  endfacet
  facet normal 0.352808 -0.792198 0.497944
    outer loop
      vertex 21.5542 -37.333 24.7862
      vertex 22.4964 -39.7101 20.3368
      vertex 22.8386 -39.5577 20.3368
    endloop
  endfacet
  facet normal 0.707135 -0.63671 0.307507
    outer loop
      vertex 35.2592 -28.7304 20.3368
      vertex 30.5778 -33.9296 20.3368
      vertex 31.3821 -33.199 20
    endloop
  endfacet
  facet normal 0.70713 -0.636707 0.307524
    outer loop
      vertex 31.3821 -33.199 20
      vertex 35.5008 -28.5154 20.2264
      vertex 35.2592 -28.7304 20.3368
    endloop
  endfacet
  facet normal 0.707178 -0.63674 0.307346
    outer loop
      vertex 35.5008 -28.5154 20.2264
      vertex 31.3821 -33.199 20
      vertex 35.996 -28.0747 20
    endloop
  endfacet
  facet normal 0.707145 -0.636711 0.307483
    outer loop
      vertex 32.7254 -36.3453 10.3956
      vertex 35.996 -28.0747 20
      vertex 31.3821 -33.199 20
    endloop
  endfacet
  facet normal 0.707148 -0.636707 0.307482
    outer loop
      vertex 32.7254 -36.3453 10.3956
      vertex 31.3821 -33.199 20
      vertex 30.6373 -34.0262 20
    endloop
  endfacet
  facet normal 0.707149 -0.636708 0.307479
    outer loop
      vertex 35.996 -28.0747 20
      vertex 32.7254 -36.3453 10.3956
      vertex 36.8104 -27.1702 20
    endloop
  endfacet
  facet normal 0 -0.951498 0.307655
    outer loop
      vertex -4.77457 -45.427 20.3368
      vertex -1.69722 -45.5359 20
      vertex -1.06683 -45.427 20.3368
    endloop
  endfacet
  facet normal 0 -0.951552 0.307488
    outer loop
      vertex 5.11221 -48.6395 10.3956
      vertex -1.69722 -45.5359 20
      vertex -5.11221 -48.6395 10.3956
    endloop
  endfacet
  facet normal -1.94201e-05 -0.95155 0.307494
    outer loop
      vertex -5.11221 -48.6395 10.3956
      vertex -1.69722 -45.5359 20
      vertex -4.77457 -45.427 20.3368
    endloop
  endfacet
  facet normal 0 -0.951498 0.307655
    outer loop
      vertex 3.06154 -45.5359 20
      vertex 4.77457 -45.427 20.3368
      vertex 3.21599 -45.427 20.3368
    endloop
  endfacet
  facet normal 0 -0.951552 0.307488
    outer loop
      vertex -1.69722 -45.5359 20
      vertex 5.11221 -48.6395 10.3956
      vertex 3.06154 -45.5359 20
    endloop
  endfacet
  facet normal 3.47843e-05 -0.95155 0.307495
    outer loop
      vertex 3.06154 -45.5359 20
      vertex 5.11221 -48.6395 10.3956
      vertex 4.77457 -45.427 20.3368
    endloop
  endfacet
  facet normal 0.559306 -0.769824 0.307485
    outer loop
      vertex 32.7254 -36.3453 10.3956
      vertex 22.8386 -39.5577 20.3368
      vertex 24.4537 -42.355 10.3956
    endloop
  endfacet
  facet normal 0.559321 -0.769843 0.307412
    outer loop
      vertex 22.8386 -39.5577 20.3368
      vertex 25.9038 -37.4652 20
      vertex 25.5432 -37.5927 20.3368
    endloop
  endfacet
  facet normal 0.5593 -0.76983 0.307483
    outer loop
      vertex 25.9038 -37.4652 20
      vertex 32.7254 -36.3453 10.3956
      vertex 30.6373 -34.0262 20
    endloop
  endfacet
  facet normal 0.559313 -0.769816 0.307493
    outer loop
      vertex 32.7254 -36.3453 10.3956
      vertex 25.9038 -37.4652 20
      vertex 22.8386 -39.5577 20.3368
    endloop
  endfacet
  facet normal 0.239929 -0.538904 0.807475
    outer loop
      vertex 12.5 -21.6506 43.3013
      vertex 10.3386 -31.819 37.1572
      vertex 16.7283 -28.9742 37.1572
    endloop
  endfacet
  facet normal 0.180319 -0.848255 0.497945
    outer loop
      vertex 8.59288 -41.6474 25.393
      vertex 7.85283 -39.4588 29.3893
      vertex 4.22826 -40.2293 29.3893
    endloop
  endfacet
  facet normal 0.177474 -0.848943 0.497794
    outer loop
      vertex 8.6071 -41.6456 25.391
      vertex 7.85283 -39.4588 29.3893
      vertex 8.59288 -41.6474 25.393
    endloop
  endfacet
  facet normal 0.180305 -0.848254 0.497952
    outer loop
      vertex 7.85283 -39.4588 29.3893
      vertex 8.6071 -41.6456 25.391
      vertex 12.7231 -39.1576 28.1389
    endloop
  endfacet
  facet normal 0.180314 -0.848258 0.497941
    outer loop
      vertex 12.7231 -39.1576 28.1389
      vertex 8.6071 -41.6456 25.391
      vertex 13.3324 -41.0328 24.7238
    endloop
  endfacet
  facet normal 0.437904 -0.602678 0.667098
    outer loop
      vertex 24.5264 -27.2394 33.6059
      vertex 26.2004 -29.9698 30.0403
      vertex 26.834 -29.8022 29.7758
    endloop
  endfacet
  facet normal 0.437877 -0.602696 0.667099
    outer loop
      vertex 22.0211 -27.9111 34.6435
      vertex 26.2004 -29.9698 30.0403
      vertex 24.5264 -27.2394 33.6059
    endloop
  endfacet
  facet normal 0.43788 -0.602693 0.6671
    outer loop
      vertex 22.0211 -27.9111 34.6435
      vertex 16.7283 -28.9742 37.1572
      vertex 26.2004 -29.9698 30.0403
    endloop
  endfacet
  facet normal 0.437879 -0.602702 0.667093
    outer loop
      vertex 21.512 -27.5923 35.2657
      vertex 16.7283 -28.9742 37.1572
      vertex 22.0211 -27.9111 34.6435
    endloop
  endfacet
  facet normal 0.437878 -0.602704 0.667091
    outer loop
      vertex 16.7283 -28.9742 37.1572
      vertex 21.512 -27.5923 35.2657
      vertex 19.9644 -26.6231 37.1572
    endloop
  endfacet
  facet normal 0.553573 -0.498489 0.667133
    outer loop
      vertex 27.0669 -26.2995 32.1998
      vertex 26.834 -29.8022 29.7758
      vertex 27.0669 -29.7146 29.648
    endloop
  endfacet
  facet normal 0.553636 -0.498468 0.667096
    outer loop
      vertex 26.834 -29.8022 29.7758
      vertex 27.0669 -26.2995 32.1998
      vertex 24.5264 -27.2394 33.6059
    endloop
  endfacet
  facet normal 0.240289 0.330528 0.912695
    outer loop
      vertex 12.5 21.6506 43.3013
      vertex 11.3734 16.8031 45.3534
      vertex 11.4773 16.8394 45.3129
    endloop
  endfacet
  facet normal 0.240114 0.33058 0.912723
    outer loop
      vertex 12.5 21.6506 43.3013
      vertex 10.6762 16.5599 45.6249
      vertex 11.3734 16.8031 45.3534
    endloop
  endfacet
  facet normal 0.240168 0.330561 0.912715
    outer loop
      vertex 10.9567 14.3898 46.3371
      vertex 7.72542 13.3808 47.5528
      vertex 10.3386 11.4822 47.5528
    endloop
  endfacet
  facet normal 0.240204 0.330543 0.912712
    outer loop
      vertex 7.72542 13.3808 47.5528
      vertex 10.6762 16.5599 45.6249
      vertex 12.5 21.6506 43.3013
    endloop
  endfacet
  facet normal 0.24016 0.330582 0.91271
    outer loop
      vertex 7.72542 13.3808 47.5528
      vertex 10.9567 14.3898 46.3371
      vertex 10.6762 16.5599 45.6249
    endloop
  endfacet
  facet normal 0.166194 0.373274 0.912714
    outer loop
      vertex 7.72542 23.7764 43.3013
      vertex 7.72542 13.3808 47.5528
      vertex 12.5 21.6506 43.3013
    endloop
  endfacet
  facet normal -0.154838 0.728687 0.667113
    outer loop
      vertex -10.3386 31.819 37.1572
      vertex -9.34751 37.7761 30.8803
      vertex -10.8981 33.541 35.1464
    endloop
  endfacet
  facet normal -0.154898 0.728685 0.667102
    outer loop
      vertex -4.22826 40.2293 29.3893
      vertex -9.34751 37.7761 30.8803
      vertex -10.3386 31.819 37.1572
    endloop
  endfacet
  facet normal -0.154904 0.728692 0.667093
    outer loop
      vertex -9.34751 37.7761 30.8803
      vertex -4.22826 40.2293 29.3893
      vertex -9.03743 38.623 30.0272
    endloop
  endfacet
  facet normal -0.154896 0.728675 0.667113
    outer loop
      vertex -9.03743 38.623 30.0272
      vertex -4.22826 40.2293 29.3893
      vertex -8.94667 39.2263 29.3893
    endloop
  endfacet
  facet normal -0.180316 0.848258 0.49794
    outer loop
      vertex -8.33437 41.5634 25.6297
      vertex -8.94667 39.2263 29.3893
      vertex -4.22826 40.2293 29.3893
    endloop
  endfacet
  facet normal 1.55868e-05 -0.867226 0.497915
    outer loop
      vertex -1.06683 -45.427 20.3368
      vertex -1.4309 -44.1342 22.5885
      vertex -4.72015 -44.9093 21.2386
    endloop
  endfacet
  facet normal 0 -0.867253 0.497868
    outer loop
      vertex -1.06683 -45.427 20.3368
      vertex -4.72015 -44.9093 21.2386
      vertex -4.77457 -45.427 20.3368
    endloop
  endfacet
  facet normal 6.41128e-06 -0.867226 0.497914
    outer loop
      vertex -1.4309 -44.1342 22.5885
      vertex -1.06683 -45.427 20.3368
      vertex 3.60972 -44.136 22.5853
    endloop
  endfacet
  facet normal 0 -0.867291 0.497802
    outer loop
      vertex -1.61476 -40.3356 29.2041
      vertex 4.22826 -40.2293 29.3893
      vertex -1.76095 -40.2293 29.3893
    endloop
  endfacet
  facet normal -5.49832e-06 -0.867216 0.497933
    outer loop
      vertex 0.82072 -42.107 26.119
      vertex 4.22826 -40.2293 29.3893
      vertex -1.61476 -40.3356 29.2041
    endloop
  endfacet
  facet normal 8.31454e-05 -0.867183 0.49799
    outer loop
      vertex 3.60972 -44.136 22.5853
      vertex 0.82072 -42.107 26.119
      vertex 0.668152 -42.2836 25.8115
    endloop
  endfacet
  facet normal 4.12079e-07 -0.867216 0.497933
    outer loop
      vertex 3.60972 -44.136 22.5853
      vertex 0.668152 -42.2836 25.8115
      vertex -0.802954 -43.9862 22.8462
    endloop
  endfacet
  facet normal 6.49223e-06 -0.867171 0.49801
    outer loop
      vertex 3.60972 -44.136 22.5853
      vertex -0.802954 -43.9862 22.8462
      vertex -1.4309 -44.1342 22.5885
    endloop
  endfacet
  facet normal -8.61432e-06 -0.867214 0.497935
    outer loop
      vertex 0.82072 -42.107 26.119
      vertex 3.60972 -44.136 22.5853
      vertex 4.22826 -40.2293 29.3893
    endloop
  endfacet
  facet normal -0.000132942 -0.867209 0.497944
    outer loop
      vertex 3.65275 -44.1673 22.5308
      vertex 4.22826 -40.2293 29.3893
      vertex 3.60972 -44.136 22.5853
    endloop
  endfacet
  facet normal -6.49114e-06 -0.867214 0.497936
    outer loop
      vertex 4.04982 -44.456 22.028
      vertex 4.22826 -40.2293 29.3893
      vertex 3.65275 -44.1673 22.5308
    endloop
  endfacet
  facet normal 5.73448e-05 -0.867215 0.497935
    outer loop
      vertex 4.04982 -44.456 22.028
      vertex 4.77457 -45.427 20.3368
      vertex 4.22826 -40.2293 29.3893
    endloop
  endfacet
  facet normal 1.3311e-05 -0.867223 0.49792
    outer loop
      vertex 3.70975 -44.852 21.3383
      vertex 4.77457 -45.427 20.3368
      vertex 4.04982 -44.456 22.028
    endloop
  endfacet
  facet normal 0 -0.867229 0.49791
    outer loop
      vertex 4.77457 -45.427 20.3368
      vertex 3.70975 -44.852 21.3383
      vertex 3.21599 -45.427 20.3368
    endloop
  endfacet
  facet normal 0.154898 -0.728685 0.667102
    outer loop
      vertex 10.3386 -31.819 37.1572
      vertex 3.49716 -33.2733 37.1572
      vertex 4.22826 -40.2293 29.3893
    endloop
  endfacet
  facet normal 0.154717 -0.728639 0.667194
    outer loop
      vertex 4.22826 -40.2293 29.3893
      vertex 9.57917 -33.2969 35.7193
      vertex 10.3386 -31.819 37.1572
    endloop
  endfacet
  facet normal 0.154937 -0.7287 0.667076
    outer loop
      vertex 9.57917 -33.2969 35.7193
      vertex 4.22826 -40.2293 29.3893
      vertex 6.11652 -39.1049 30.179
    endloop
  endfacet
  facet normal 0.154968 -0.728728 0.667039
    outer loop
      vertex 6.11652 -39.1049 30.179
      vertex 4.22826 -40.2293 29.3893
      vertex 5.88862 -39.4871 29.8144
    endloop
  endfacet
  facet normal 0.154889 -0.728624 0.66717
    outer loop
      vertex 5.88862 -39.4871 29.8144
      vertex 4.22826 -40.2293 29.3893
      vertex 7.85283 -39.4588 29.3893
    endloop
  endfacet
  facet normal 0.154865 -0.728659 0.667137
    outer loop
      vertex 10.3386 -31.819 37.1572
      vertex 9.57917 -33.2969 35.7193
      vertex 10.7968 -33.2291 35.5107
    endloop
  endfacet
  facet normal -0.302966 0.68055 0.66713
    outer loop
      vertex -11.348 32.147 36.3642
      vertex -11.641 31.2392 37.1572
      vertex -10.3386 31.819 37.1572
    endloop
  endfacet
  facet normal -0.346755 0.477249 0.807461
    outer loop
      vertex -13.4817 23.351 41.8747
      vertex -13.7446 22.055 42.5278
      vertex -12.5 21.6506 43.3013
    endloop
  endfacet
  facet normal 0.155324 0.139855 -0.977914
    outer loop
      vertex -4.10142 -2.97985 48.2343
      vertex -3.39224 -3.76747 48.2343
      vertex -12.125 -8.80933 46.1262
    endloop
  endfacet
  facet normal -0.862424 0.0906403 -0.498006
    outer loop
      vertex 44.307 0 19.7267
      vertex 43.2492 -8.56316 20
      vertex 44.1225 -0.253886 20
    endloop
  endfacet
  facet normal -0.862548 0.0907026 -0.497779
    outer loop
      vertex 43.2492 -8.56316 20
      vertex 43.3387 -9.21193 19.7267
      vertex 43.0914 -9.15935 20.1648
    endloop
  endfacet
  facet normal -0.862588 0.0906698 -0.497715
    outer loop
      vertex 43.3387 -9.21193 19.7267
      vertex 43.2492 -8.56316 20
      vertex 44.307 0 19.7267
    endloop
  endfacet
  facet normal -0.862473 0.0906337 -0.497922
    outer loop
      vertex 40.0158 -8.50562 25.6108
      vertex 40.4022 -7.35412 25.1511
      vertex 40.2513 -8.04623 25.2865
    endloop
  endfacet
  facet normal -0.862467 0.0906885 -0.497922
    outer loop
      vertex 40.4022 -7.35412 25.1511
      vertex 38.3799 -8.1579 28.5076
      vertex 41.019 -4.52554 24.5979
    endloop
  endfacet
  facet normal -0.862466 0.0906259 -0.497936
    outer loop
      vertex 40.4022 -7.35412 25.1511
      vertex 40.0158 -8.50562 25.6108
      vertex 38.3799 -8.1579 28.5076
    endloop
  endfacet
  facet normal 0.155326 -0.139852 -0.977914
    outer loop
      vertex -10.0285 11.1378 46.1262
      vertex -3.39224 3.76747 48.2343
      vertex -12.125 8.80933 46.1262
    endloop
  endfacet
  facet normal -0.239934 0.538897 -0.807479
    outer loop
      vertex 12.125 -21.0011 42.0022
      vertex 16.2264 -28.105 36.0425
      vertex 10.0285 -30.8645 36.0425
    endloop
  endfacet
  facet normal -0.86133 0.497294 -0.103966
    outer loop
      vertex 43.3387 -19.2957 10.0837
      vertex 44.307 -19.7267 0
      vertex 39.2373 -28.5076 0
    endloop
  endfacet
  facet normal 0.559309 0.769821 -0.307487
    outer loop
      vertex -29.6471 -32.9265 19.7267
      vertex -23.7201 -41.0844 10.0837
      vertex -31.7437 -35.2549 10.0837
    endloop
  endfacet
  facet normal 0.862439 -0.0906455 -0.497979
    outer loop
      vertex -43.6634 0.885782 20.6801
      vertex -44.307 0 19.7267
      vertex -44.0948 0.51753 20
    endloop
  endfacet
  facet normal 0.862517 -0.0906571 -0.497841
    outer loop
      vertex -44.0948 0.51753 20
      vertex -43.3387 9.21193 19.7267
      vertex -43.1844 9.17913 20
    endloop
  endfacet
  facet normal 0.862445 -0.0906548 -0.497966
    outer loop
      vertex -43.3387 9.21193 19.7267
      vertex -44.0948 0.51753 20
      vertex -44.307 0 19.7267
    endloop
  endfacet
  facet normal 0.862448 -0.0906626 -0.497959
    outer loop
      vertex -42.5231 7.88826 21.3805
      vertex -42.1295 8.9549 21.868
      vertex -41.1846 8.75406 23.5411
    endloop
  endfacet
  facet normal 0.862493 -0.0907193 -0.497872
    outer loop
      vertex -42.1295 8.9549 21.868
      vertex -42.5231 7.88826 21.3805
      vertex -42.7218 7.75973 21.0597
    endloop
  endfacet
  facet normal -0.750996 0.43375 -0.497861
    outer loop
      vertex 40.3323 -17.9571 20
      vertex 40.4764 -18.0213 19.7267
      vertex 40.2046 -18.1782 20
    endloop
  endfacet
  facet normal -0.751123 0.433633 -0.497771
    outer loop
      vertex 32.8835 -22.2195 27.523
      vertex 35.8451 -15.9593 28.5076
      vertex 36.0311 -16.0421 28.1548
    endloop
  endfacet
  facet normal -0.751044 0.433305 -0.498176
    outer loop
      vertex 31.7437 -23.0631 28.5076
      vertex 32.8835 -22.2195 27.523
      vertex 32.7496 -22.4824 27.4962
    endloop
  endfacet
  facet normal -0.751043 0.433617 -0.497907
    outer loop
      vertex 32.8835 -22.2195 27.523
      vertex 31.7437 -23.0631 28.5076
      vertex 35.8451 -15.9593 28.5076
    endloop
  endfacet
  facet normal -0.750814 0.433993 -0.497925
    outer loop
      vertex 39.492 -17.6766 21.5116
      vertex 38.6025 -17.187 23.2796
      vertex 39.5441 -17.6062 21.4944
    endloop
  endfacet
  facet normal -0.751028 0.433616 -0.497929
    outer loop
      vertex 38.9688 -18.3839 21.6848
      vertex 38.6025 -17.187 23.2796
      vertex 39.492 -17.6766 21.5116
    endloop
  endfacet
  facet normal -0.751053 0.43359 -0.497915
    outer loop
      vertex 38.3367 -19.2566 21.8783
      vertex 38.6025 -17.187 23.2796
      vertex 38.9688 -18.3839 21.6848
    endloop
  endfacet
  facet normal -0.75102 0.433608 -0.497948
    outer loop
      vertex 38.6025 -17.187 23.2796
      vertex 38.3367 -19.2566 21.8783
      vertex 35.9952 -20.6085 24.2326
    endloop
  endfacet
  facet normal 0.388595 -0.126261 -0.912717
    outer loop
      vertex -14.6598 3.11604 46.1262
      vertex -15.3282 5.92389 45.4532
      vertex -13.6916 6.09589 46.1262
    endloop
  endfacet
  facet normal 0.388576 -0.126267 -0.912724
    outer loop
      vertex -15.3282 5.92389 45.4532
      vertex -14.6598 3.11604 46.1262
      vertex -15.5224 3.29938 45.7336
    endloop
  endfacet
  facet normal 0.750972 -0.433572 -0.498053
    outer loop
      vertex -35.3236 16.8625 28.5076
      vertex -32.2729 22.4478 28.2453
      vertex -32.0449 22.5414 28.5076
    endloop
  endfacet
  facet normal 0.75103 -0.433605 -0.497937
    outer loop
      vertex -32.2729 22.4478 28.2453
      vertex -38.0629 17.7903 23.5681
      vertex -40.4764 18.0213 19.7267
    endloop
  endfacet
  facet normal 0.751013 -0.433237 -0.498282
    outer loop
      vertex -32.2729 22.4478 28.2453
      vertex -37.9457 17.78 23.7537
      vertex -38.0629 17.7903 23.5681
    endloop
  endfacet
  facet normal 0.751035 -0.433591 -0.497942
    outer loop
      vertex -32.2729 22.4478 28.2453
      vertex -36.679 17.6683 25.7615
      vertex -37.9457 17.78 23.7537
    endloop
  endfacet
  facet normal 0.751038 -0.433602 -0.497926
    outer loop
      vertex -32.2729 22.4478 28.2453
      vertex -35.3236 16.8625 28.5076
      vertex -36.679 17.6683 25.7615
    endloop
  endfacet
  facet normal 0.750926 -0.433796 -0.497927
    outer loop
      vertex -35.6147 16.743 28.1727
      vertex -36.679 17.6683 25.7615
      vertex -35.3236 16.8625 28.5076
    endloop
  endfacet
  facet normal 0.751052 -0.433601 -0.497908
    outer loop
      vertex -36.0247 16.5746 27.7009
      vertex -36.679 17.6683 25.7615
      vertex -35.6147 16.743 28.1727
    endloop
  endfacet
  facet normal 0.751004 -0.433661 -0.497926
    outer loop
      vertex -36.679 17.6683 25.7615
      vertex -36.0247 16.5746 27.7009
      vertex -37.0345 17.201 25.6323
    endloop
  endfacet
  facet normal 0.751085 -0.433524 -0.497924
    outer loop
      vertex -36.3367 16.1782 27.5754
      vertex -37.0345 17.201 25.6323
      vertex -36.0247 16.5746 27.7009
    endloop
  endfacet
  facet normal 0.75097 -0.433678 -0.497963
    outer loop
      vertex -37.0345 17.201 25.6323
      vertex -36.3367 16.1782 27.5754
      vertex -37.4392 16.669 25.4853
    endloop
  endfacet
  facet normal 0.751024 -0.433649 -0.497908
    outer loop
      vertex -40.4764 18.0213 19.7267
      vertex -32.4999 22.4749 27.8793
      vertex -32.2729 22.4478 28.2453
    endloop
  endfacet
  facet normal 0.750961 -0.434124 -0.497587
    outer loop
      vertex -32.4999 22.4749 27.8793
      vertex -40.4764 18.0213 19.7267
      vertex -32.7175 22.5008 27.5283
    endloop
  endfacet
  facet normal 0.751024 -0.433618 -0.497934
    outer loop
      vertex -40.4764 18.0213 19.7267
      vertex -38.0629 17.7903 23.5681
      vertex -38.7589 17.2566 22.9831
    endloop
  endfacet
  facet normal -0.946338 -0.099466 -0.307491
    outer loop
      vertex 46.4035 9.86336 10.0837
      vertex 47.4402 0 10.0837
      vertex 43.3387 9.21193 19.7267
    endloop
  endfacet
  facet normal -0.904978 -0.29405 -0.30749
    outer loop
      vertex 43.3387 19.2957 10.0837
      vertex 46.4035 9.86336 10.0837
      vertex 43.3387 9.21193 19.7267
    endloop
  endfacet
  facet normal -0.862442 0.090699 -0.497963
    outer loop
      vertex 44.1492 0 20
      vertex 44.307 0 19.7267
      vertex 44.1225 -0.253886 20
    endloop
  endfacet
  facet normal -0.862503 0.0906612 -0.497864
    outer loop
      vertex 41.019 -4.52554 24.5979
      vertex 41.6474 -0.994272 24.1523
      vertex 41.915 -0.416062 23.794
    endloop
  endfacet
  facet normal -0.862453 0.0906408 -0.497955
    outer loop
      vertex 41.019 -4.52554 24.5979
      vertex 38.452 -7.89824 28.43
      vertex 41.6474 -0.994272 24.1523
    endloop
  endfacet
  facet normal -0.862462 0.0906719 -0.497933
    outer loop
      vertex 38.3799 -8.1579 28.5076
      vertex 38.452 -7.89824 28.43
      vertex 41.019 -4.52554 24.5979
    endloop
  endfacet
  facet normal -0.862602 0.09079 -0.497669
    outer loop
      vertex 38.452 -7.89824 28.43
      vertex 38.3799 -8.1579 28.5076
      vertex 38.3892 -8.06954 28.5076
    endloop
  endfacet
  facet normal 0.561028 0.18229 -0.807476
    outer loop
      vertex -29.6471 -13.1998 36.0425
      vertex -29.215 -7.56894 37.6139
      vertex -22.1535 -9.86336 42.0022
    endloop
  endfacet
  facet normal 0.560998 0.182297 -0.807496
    outer loop
      vertex -29.6471 -13.1998 36.0425
      vertex -30.8122 -8.25802 36.3487
      vertex -29.215 -7.56894 37.6139
    endloop
  endfacet
  facet normal 0.561123 0.182321 -0.807403
    outer loop
      vertex -30.8122 -8.25802 36.3487
      vertex -29.6471 -13.1998 36.0425
      vertex -31.3469 -7.96839 36.0425
    endloop
  endfacet
  facet normal 0.740879 -0.0779218 -0.667103
    outer loop
      vertex -37.6112 4.23421 29.8194
      vertex -36.6043 5.71405 30.7648
      vertex -35.9793 4.85382 31.5594
    endloop
  endfacet
  facet normal 0.741042 -0.0781669 -0.666893
    outer loop
      vertex -36.6043 5.71405 30.7648
      vertex -37.6112 4.23421 29.8194
      vertex -37.8902 4.12824 29.5218
    endloop
  endfacet
  facet normal -0.989133 -0.103964 -0.103958
    outer loop
      vertex 48.5 0 0
      vertex 47.4402 0 10.0837
      vertex 46.4035 9.86336 10.0837
    endloop
  endfacet
  facet normal 0.122853 -0.169092 -0.977914
    outer loop
      vertex -2.53481 4.39043 48.2343
      vertex -3.39224 3.76747 48.2343
      vertex -7.49366 12.9794 46.1262
    endloop
  endfacet
  facet normal 0.861333 -0.49729 -0.103962
    outer loop
      vertex -39.2373 28.5076 0
      vertex -38.3799 27.8846 10.0837
      vertex -43.3387 19.2957 10.0837
    endloop
  endfacet
  facet normal -0.352739 -0.79226 -0.497895
    outer loop
      vertex 22.1535 38.3709 19.7267
      vertex 13.8761 41.8845 20
      vertex 13.6916 42.1384 19.7267
    endloop
  endfacet
  facet normal -0.35275 -0.792291 -0.497837
    outer loop
      vertex 13.8761 41.8845 20
      vertex 22.1535 38.3709 19.7267
      vertex 22.0746 38.2343 20
    endloop
  endfacet
  facet normal -0.346733 -0.477245 -0.807474
    outer loop
      vertex 21.7152 24.1172 36.0425
      vertex 15.6935 25.8385 37.6109
      vertex 18.9573 26.1209 36.0425
    endloop
  endfacet
  facet normal -0.346732 -0.477235 -0.80748
    outer loop
      vertex 12.125 21.0011 42.0022
      vertex 15.6935 25.8385 37.6109
      vertex 21.7152 24.1172 36.0425
    endloop
  endfacet
  facet normal -0.346837 -0.477157 -0.807481
    outer loop
      vertex 15.6935 25.8385 37.6109
      vertex 12.125 21.0011 42.0022
      vertex 15.3319 25.8343 37.7687
    endloop
  endfacet
  facet normal -0.34665 -0.477286 -0.807485
    outer loop
      vertex 15.3319 25.8343 37.7687
      vertex 12.125 21.0011 42.0022
      vertex 14.9126 25.8294 37.9516
    endloop
  endfacet
  facet normal -0.708552 0.23021 -0.667052
    outer loop
      vertex 34.909 -13.8568 30.2273
      vertex 34.6243 -14.6189 30.2667
      vertex 34.8403 -13.9706 30.261
    endloop
  endfacet
  facet normal -0.70851 0.230192 -0.667102
    outer loop
      vertex 35.8451 -15.9593 28.5076
      vertex 34.6243 -14.6189 30.2667
      vertex 34.909 -13.8568 30.2273
    endloop
  endfacet
  facet normal -0.708454 0.230281 -0.667131
    outer loop
      vertex 34.6243 -14.6189 30.2667
      vertex 35.8451 -15.9593 28.5076
      vertex 34.3931 -15.3128 30.2727
    endloop
  endfacet
  facet normal -0.708517 0.230173 -0.667101
    outer loop
      vertex 32.6171 -8.70912 34.4379
      vertex 31.2979 -8.11933 36.0425
      vertex 32.1366 -7.6299 35.3206
    endloop
  endfacet
  facet normal -0.708502 0.230214 -0.667103
    outer loop
      vertex 30.384 -11.2359 35.9376
      vertex 31.2979 -8.11933 36.0425
      vertex 32.6171 -8.70912 34.4379
    endloop
  endfacet
  facet normal -0.708459 0.230203 -0.667153
    outer loop
      vertex 31.2979 -8.11933 36.0425
      vertex 30.384 -11.2359 35.9376
      vertex 30.2278 -11.4126 36.0425
    endloop
  endfacet
  facet normal -0.38703 -0.869286 -0.30749
    outer loop
      vertex 23.7201 41.0844 10.0837
      vertex 22.1535 38.3709 19.7267
      vertex 14.6598 45.1183 10.0837
    endloop
  endfacet
  facet normal -0.644449 0.580297 -0.497936
    outer loop
      vertex 30.0206 -31.1696 21.2908
      vertex 29.6471 -32.9265 19.7267
      vertex 28.8717 -32.0653 21.7339
    endloop
  endfacet
  facet normal -0.644451 0.580282 -0.497952
    outer loop
      vertex 27.7573 -28.1534 27.7349
      vertex 31.7437 -23.0631 28.5076
      vertex 31.0684 -26.2401 25.6793
    endloop
  endfacet
  facet normal -0.644475 0.580294 -0.497907
    outer loop
      vertex 31.7437 -23.0631 28.5076
      vertex 27.7573 -28.1534 27.7349
      vertex 26.6588 -28.7104 28.5076
    endloop
  endfacet
  facet normal -0.739116 -0.665507 -0.103963
    outer loop
      vertex 39.2373 28.5076 0
      vertex 38.3799 27.8846 10.0837
      vertex 32.4528 36.0425 0
    endloop
  endfacet
  facet normal 0.303007 0.680562 -0.6671
    outer loop
      vertex -16.2264 -28.105 36.0425
      vertex -10.0285 -30.8645 36.0425
      vertex -19.6187 -33.9805 28.5076
    endloop
  endfacet
  facet normal -0.437884 0.602684 -0.667106
    outer loop
      vertex 26.0553 -28.9374 28.8389
      vertex 21.382 -27.1012 33.5653
      vertex 23.8147 -26.4489 32.5578
    endloop
  endfacet
  facet normal -0.43784 0.602693 -0.667126
    outer loop
      vertex 21.382 -27.1012 33.5653
      vertex 20.3711 -30.4407 31.2118
      vertex 21.1163 -26.9347 33.8901
    endloop
  endfacet
  facet normal -0.437879 0.602689 -0.667104
    outer loop
      vertex 20.3711 -30.4407 31.2118
      vertex 21.382 -27.1012 33.5653
      vertex 26.0553 -28.9374 28.8389
    endloop
  endfacet
  facet normal -0.0849498 0.399676 -0.912712
    outer loop
      vertex 4.63134 -14.2538 46.1262
      vertex 7.49366 -23.0631 42.0022
      vertex 1.5666 -14.9052 46.1262
    endloop
  endfacet
  facet normal 0.945901 0.307347 -0.103964
    outer loop
      vertex -46.4035 -9.86336 10.0837
      vertex -43.3387 -19.2957 10.0837
      vertex -47.4402 -10.0837 0
    endloop
  endfacet
  facet normal 0.740884 0.077869 -0.667103
    outer loop
      vertex -35.8882 -4.72837 31.6752
      vertex -32.8471 -6.98187 34.7896
      vertex -38.3799 -8.1579 28.5076
    endloop
  endfacet
  facet normal -0.945901 -0.307347 -0.103964
    outer loop
      vertex 47.4402 10.0837 0
      vertex 46.4035 9.86336 10.0837
      vertex 43.3387 19.2957 10.0837
    endloop
  endfacet
  facet normal -0.197839 0.930758 -0.30749
    outer loop
      vertex 14.6598 -45.1183 10.0837
      vertex 4.95885 -47.1803 10.0837
      vertex 4.63134 -44.0642 19.7267
    endloop
  endfacet
  facet normal -0.989133 0.103964 -0.103958
    outer loop
      vertex 47.4402 0 10.0837
      vertex 48.5 0 0
      vertex 46.4035 -9.86336 10.0837
    endloop
  endfacet
  facet normal -0.824071 0.475774 -0.307484
    outer loop
      vertex 40.4764 -18.0213 19.7267
      vertex 43.3387 -19.2957 10.0837
      vertex 35.8451 -26.043 19.7267
    endloop
  endfacet
  facet normal -0.750947 -0.433562 -0.498099
    outer loop
      vertex 35.8451 26.043 19.7267
      vertex 40.2046 18.1782 20
      vertex 35.7174 25.9502 20
    endloop
  endfacet
  facet normal -0.751015 -0.433596 -0.497968
    outer loop
      vertex 40.2046 18.1782 20
      vertex 35.8451 26.043 19.7267
      vertex 40.4764 18.0213 19.7267
    endloop
  endfacet
  facet normal -0.751082 -0.433498 -0.497951
    outer loop
      vertex 33.9704 24.2666 24.101
      vertex 33.5411 24.3691 24.6593
      vertex 34.0267 24.7218 23.6198
    endloop
  endfacet
  facet normal -0.750975 -0.433852 -0.497804
    outer loop
      vertex 33.5411 24.3691 24.6593
      vertex 33.9704 24.2666 24.101
      vertex 33.9531 24.1265 24.2492
    endloop
  endfacet
  facet normal 0.740886 -0.0779362 -0.667093
    outer loop
      vertex -33.2206 6.29114 34.4555
      vertex -35.175 7.47669 32.1464
      vertex -32.7771 6.96699 34.8691
    endloop
  endfacet
  facet normal 0.740911 -0.0778577 -0.667074
    outer loop
      vertex -33.5611 5.77202 34.1379
      vertex -35.175 7.47669 32.1464
      vertex -33.2206 6.29114 34.4555
    endloop
  endfacet
  facet normal 0.740891 -0.0778977 -0.667092
    outer loop
      vertex -35.9793 4.85382 31.5594
      vertex -35.175 7.47669 32.1464
      vertex -33.5611 5.77202 34.1379
    endloop
  endfacet
  facet normal 0.740893 -0.077899 -0.66709
    outer loop
      vertex -35.175 7.47669 32.1464
      vertex -35.9793 4.85382 31.5594
      vertex -36.6043 5.71405 30.7648
    endloop
  endfacet
  facet normal 0.904982 -0.294043 -0.307483
    outer loop
      vertex -43.3387 19.2957 10.0837
      vertex -40.4764 18.0213 19.7267
      vertex -43.3387 9.21193 19.7267
    endloop
  endfacet
  facet normal 0.989133 0.103964 -0.103958
    outer loop
      vertex -47.4402 0 10.0837
      vertex -46.4035 -9.86336 10.0837
      vertex -48.5 0 0
    endloop
  endfacet
  facet normal 0.739121 -0.665503 -0.103956
    outer loop
      vertex -32.4528 36.0425 0
      vertex -31.7437 35.2549 10.0837
      vertex -38.3799 27.8846 10.0837
    endloop
  endfacet
  facet normal -0.708523 -0.230144 -0.667105
    outer loop
      vertex 34.1458 15.1587 30.5886
      vertex 35.8451 15.9593 28.5076
      vertex 35.4901 15.162 29.1597
    endloop
  endfacet
  facet normal -0.708933 -0.229085 -0.667033
    outer loop
      vertex 35.8451 15.9593 28.5076
      vertex 34.1458 15.1587 30.5886
      vertex 34.0466 15.1585 30.6941
    endloop
  endfacet
  facet normal -0.553665 -0.498461 -0.667077
    outer loop
      vertex 26.2549 19.0753 36.0425
      vertex 25.9112 23.7287 32.8506
      vertex 26.2549 24.0146 32.3517
    endloop
  endfacet
  facet normal -0.553577 -0.49849 -0.667129
    outer loop
      vertex 26.2549 19.0753 36.0425
      vertex 25.693 23.8867 32.9136
      vertex 25.9112 23.7287 32.8506
    endloop
  endfacet
  facet normal -0.553621 -0.498477 -0.667102
    outer loop
      vertex 21.7152 24.1172 36.0425
      vertex 25.693 23.8867 32.9136
      vertex 26.2549 19.0753 36.0425
    endloop
  endfacet
  facet normal -0.553616 -0.498492 -0.667094
    outer loop
      vertex 25.693 23.8867 32.9136
      vertex 21.7152 24.1172 36.0425
      vertex 23.1593 25.721 33.6456
    endloop
  endfacet
  facet normal 0.180301 -0.848236 -0.497983
    outer loop
      vertex -13.3931 42.0414 20
      vertex -13.6916 42.1384 19.7267
      vertex -7.30776 43.3349 20
    endloop
  endfacet
  facet normal 0.180299 -0.848266 -0.497933
    outer loop
      vertex -4.63134 44.0642 19.7267
      vertex -8.09744 40.3208 24.8488
      vertex -7.30776 43.3349 20
    endloop
  endfacet
  facet normal 0.180294 -0.848265 -0.497936
    outer loop
      vertex -8.09744 40.3208 24.8488
      vertex -4.63134 44.0642 19.7267
      vertex -4.10142 39.0224 28.5076
    endloop
  endfacet
  facet normal 0.180306 -0.848282 -0.497903
    outer loop
      vertex -4.63134 44.0642 19.7267
      vertex -7.30776 43.3349 20
      vertex -13.6916 42.1384 19.7267
    endloop
  endfacet
  facet normal -0.437884 -0.602706 -0.667086
    outer loop
      vertex 21.2906 26.1148 34.5164
      vertex 21.7152 24.1172 36.0425
      vertex 18.9573 26.1209 36.0425
    endloop
  endfacet
  facet normal -0.541412 -0.513175 -0.665976
    outer loop
      vertex 28.2488 20.5283 33.302
      vertex 31.0305 22.545 29.4866
      vertex 28.2522 20.5264 33.3007
    endloop
  endfacet
  facet normal -0.553621 -0.498472 -0.667106
    outer loop
      vertex 27.1804 24.7843 31.0085
      vertex 31.0305 22.545 29.4866
      vertex 28.2488 20.5283 33.302
    endloop
  endfacet
  facet normal -0.553625 -0.498489 -0.66709
    outer loop
      vertex 31.0305 22.545 29.4866
      vertex 27.1804 24.7843 31.0085
      vertex 31.0994 23.7786 28.5076
    endloop
  endfacet
  facet normal -0.553626 -0.498478 -0.667096
    outer loop
      vertex 27.1804 24.7843 31.0085
      vertex 26.9677 28.3674 28.5076
      vertex 31.0994 23.7786 28.5076
    endloop
  endfacet
  facet normal -0.553581 -0.498494 -0.667122
    outer loop
      vertex 26.7901 28.1424 28.8231
      vertex 26.9677 28.3674 28.5076
      vertex 27.1804 24.7843 31.0085
    endloop
  endfacet
  facet normal -0.553444 -0.498624 -0.667138
    outer loop
      vertex 26.9677 28.3674 28.5076
      vertex 26.7901 28.1424 28.8231
      vertex 26.7604 28.3976 28.657
    endloop
  endfacet
  facet normal -0.553468 -0.498493 -0.667216
    outer loop
      vertex 28.2488 20.5283 33.302
      vertex 27.0958 24.714 31.1312
      vertex 27.1804 24.7843 31.0085
    endloop
  endfacet
  facet normal -0.549238 -0.503805 -0.666723
    outer loop
      vertex 26.2549 19.0753 36.0425
      vertex 28.2488 20.5283 33.302
      vertex 28.2504 20.5251 33.3031
    endloop
  endfacet
  facet normal -0.553633 -0.498474 -0.667094
    outer loop
      vertex 26.2549 24.0146 32.3517
      vertex 28.2488 20.5283 33.302
      vertex 26.2549 19.0753 36.0425
    endloop
  endfacet
  facet normal -0.553636 -0.498474 -0.667091
    outer loop
      vertex 28.2488 20.5283 33.302
      vertex 26.2549 24.0146 32.3517
      vertex 27.0958 24.714 31.1312
    endloop
  endfacet
  facet normal 0.510961 -0.294835 -0.80746
    outer loop
      vertex -26.0324 14.398 37.8918
      vertex -24.9905 13.3609 38.9298
      vertex -25.4696 13.5231 38.5674
    endloop
  endfacet
  facet normal 0.510845 -0.294974 -0.807482
    outer loop
      vertex -24.9905 13.3609 38.9298
      vertex -26.0324 14.398 37.8918
      vertex -23.4835 12.8506 40.0696
    endloop
  endfacet
  facet normal 0.511224 -0.294339 -0.807474
    outer loop
      vertex -26.0662 14.4504 37.8513
      vertex -23.4835 12.8506 40.0696
      vertex -26.0324 14.398 37.8918
    endloop
  endfacet
  facet normal 0.510845 -0.294965 -0.807485
    outer loop
      vertex -26.0662 14.4504 37.8513
      vertex -26.2549 19.0753 36.0425
      vertex -23.4835 12.8506 40.0696
    endloop
  endfacet
  facet normal 0.510879 -0.294939 -0.807473
    outer loop
      vertex -29.6471 13.1998 36.0425
      vertex -26.0662 14.4504 37.8513
      vertex -28.0699 12.4975 37.2969
    endloop
  endfacet
  facet normal 0.510882 -0.294956 -0.807466
    outer loop
      vertex -26.0662 14.4504 37.8513
      vertex -29.6471 13.1998 36.0425
      vertex -26.2549 19.0753 36.0425
    endloop
  endfacet
  facet normal -0.155324 0.139855 -0.977914
    outer loop
      vertex 4.10142 -2.97985 48.2343
      vertex 12.125 -8.80933 46.1262
      vertex 3.39224 -3.76747 48.2343
    endloop
  endfacet
  facet normal -0.509368 0.701804 -0.498012
    outer loop
      vertex 22.1798 -35.7847 23.3437
      vertex 22.5949 -36.8654 21.3962
      vertex 22.4794 -36.919 21.4388
    endloop
  endfacet
  facet normal -0.509743 0.701568 -0.497961
    outer loop
      vertex 22.1798 -35.7847 23.3437
      vertex 23.6095 -36.3941 21.0216
      vertex 22.5949 -36.8654 21.3962
    endloop
  endfacet
  facet normal -0.509779 0.701532 -0.497974
    outer loop
      vertex 22.1798 -35.7847 23.3437
      vertex 24.4344 -35.925 20.838
      vertex 23.6095 -36.3941 21.0216
    endloop
  endfacet
  facet normal -0.509726 0.701593 -0.497943
    outer loop
      vertex 26.7801 -33.2278 22.2371
      vertex 28.2013 -33.783 20
      vertex 24.4344 -35.925 20.838
    endloop
  endfacet
  facet normal -0.509752 0.701604 -0.4979
    outer loop
      vertex 28.2013 -33.783 20
      vertex 29.6471 -32.9265 19.7267
      vertex 24.3618 -36.5726 20
    endloop
  endfacet
  facet normal -0.509744 0.701575 -0.49795
    outer loop
      vertex 29.6471 -32.9265 19.7267
      vertex 28.2013 -33.783 20
      vertex 26.7801 -33.2278 22.2371
    endloop
  endfacet
  facet normal -0.509756 0.701575 -0.497937
    outer loop
      vertex 22.4794 -36.919 21.4388
      vertex 21.0569 -36.1922 23.9191
      vertex 22.1798 -35.7847 23.3437
    endloop
  endfacet
  facet normal -0.509732 0.701594 -0.497935
    outer loop
      vertex 24.4344 -35.925 20.838
      vertex 22.1798 -35.7847 23.3437
      vertex 26.7801 -33.2278 22.2371
    endloop
  endfacet
  facet normal -0.509528 0.701789 -0.497869
    outer loop
      vertex 21.0569 -36.1922 23.9191
      vertex 22.4794 -36.919 21.4388
      vertex 20.9235 -36.2406 23.9874
    endloop
  endfacet
  facet normal -0.509729 0.701593 -0.497939
    outer loop
      vertex 22.4794 -36.919 21.4388
      vertex 22.1535 -38.3709 19.7267
      vertex 20.9235 -36.2406 23.9874
    endloop
  endfacet
  facet normal -0.509712 0.701599 -0.497948
    outer loop
      vertex 24.3618 -36.5726 20
      vertex 22.1535 -38.3709 19.7267
      vertex 22.4794 -36.919 21.4388
    endloop
  endfacet
  facet normal -0.50979 0.701668 -0.497771
    outer loop
      vertex 22.1535 -38.3709 19.7267
      vertex 24.3618 -36.5726 20
      vertex 29.6471 -32.9265 19.7267
    endloop
  endfacet
  facet normal 0.645185 0.372426 -0.66711
    outer loop
      vertex -29.6471 -13.1998 36.0425
      vertex -29.3022 -13.7973 36.0425
      vertex -30.3259 -13.502 35.2173
    endloop
  endfacet
  facet normal 0.438328 0.394785 -0.807473
    outer loop
      vertex -19.6187 -14.2538 42.0022
      vertex -19.5099 -14.3746 42.0022
      vertex -19.807 -14.3906 41.8331
    endloop
  endfacet
  facet normal 0.438362 0.394682 -0.807505
    outer loop
      vertex -16.7812 -17.4051 42.0022
      vertex -16.2264 -18.0213 42.0022
      vertex -16.8538 -18.0872 41.6294
    endloop
  endfacet
  facet normal 0.154968 0.728648 -0.667126
    outer loop
      vertex -10.0285 -30.8645 36.0425
      vertex -9.95356 -30.9676 35.9473
      vertex -10.0837 -31.0345 35.844
    endloop
  endfacet
  facet normal 0.154876 0.728688 -0.667104
    outer loop
      vertex -4.55823 -38.3936 29.0883
      vertex -9.93437 -36.399 30.0189
      vertex -9.27752 -31.8981 35.0878
    endloop
  endfacet
  facet normal 0.154852 0.728646 -0.667155
    outer loop
      vertex -5.00616 -38.8301 28.5076
      vertex -9.93437 -36.399 30.0189
      vertex -4.55823 -38.3936 29.0883
    endloop
  endfacet
  facet normal 0.154876 0.728674 -0.667119
    outer loop
      vertex -9.93437 -36.399 30.0189
      vertex -5.00616 -38.8301 28.5076
      vertex -10.4349 -36.7317 29.5393
    endloop
  endfacet
  facet normal 0.154889 0.728695 -0.667093
    outer loop
      vertex -10.4349 -36.7317 29.5393
      vertex -5.00616 -38.8301 28.5076
      vertex -11.5117 -37.4473 28.5076
    endloop
  endfacet
  facet normal 0.303018 0.680549 -0.667108
    outer loop
      vertex -19.6187 -33.9805 28.5076
      vertex -10.0837 -31.0345 35.844
      vertex -17.9673 -34.5666 28.6598
    endloop
  endfacet
  facet normal 0.303039 0.680635 -0.667011
    outer loop
      vertex -19.6187 -33.9805 28.5076
      vertex -17.9673 -34.5666 28.6598
      vertex -18.1343 -34.6414 28.5076
    endloop
  endfacet
  facet normal 0.303014 0.680553 -0.667105
    outer loop
      vertex -10.0837 -31.0345 35.844
      vertex -19.6187 -33.9805 28.5076
      vertex -10.0285 -30.8645 36.0425
    endloop
  endfacet
  facet normal 0.824071 0.475774 -0.307484
    outer loop
      vertex -40.4764 -18.0213 19.7267
      vertex -35.8451 -26.043 19.7267
      vertex -43.3387 -19.2957 10.0837
    endloop
  endfacet
  facet normal -0.509764 -0.701629 -0.497852
    outer loop
      vertex 22.1535 38.3709 19.7267
      vertex 29.335 32.9593 20
      vertex 22.0746 38.2343 20
    endloop
  endfacet
  facet normal -0.509744 -0.701604 -0.497908
    outer loop
      vertex 29.335 32.9593 20
      vertex 22.1535 38.3709 19.7267
      vertex 29.6471 32.9265 19.7267
    endloop
  endfacet
  facet normal -0.584602 0.804633 -0.103957
    outer loop
      vertex 31.7437 -35.2549 10.0837
      vertex 32.4528 -36.0425 0
      vertex 24.25 -42.0022 0
    endloop
  endfacet
  facet normal 0.34673 0.477238 -0.807479
    outer loop
      vertex -16.2264 -28.105 36.0425
      vertex -17.6813 -22.8065 38.5493
      vertex -12.125 -21.0011 42.0022
    endloop
  endfacet
  facet normal 0.346731 0.477238 -0.807479
    outer loop
      vertex -17.6813 -22.8065 38.5493
      vertex -16.2264 -28.105 36.0425
      vertex -19.0275 -26.0699 36.0425
    endloop
  endfacet
  facet normal -0.861333 0.49729 -0.103962
    outer loop
      vertex 43.3387 -19.2957 10.0837
      vertex 39.2373 -28.5076 0
      vertex 38.3799 -27.8846 10.0837
    endloop
  endfacet
  facet normal -0.739121 0.665503 -0.103956
    outer loop
      vertex 38.3799 -27.8846 10.0837
      vertex 32.4528 -36.0425 0
      vertex 31.7437 -35.2549 10.0837
    endloop
  endfacet
  facet normal -0.94634 0.0994732 -0.307484
    outer loop
      vertex 44.307 0 19.7267
      vertex 47.4402 0 10.0837
      vertex 43.3387 -9.21193 19.7267
    endloop
  endfacet
  facet normal -0.198773 -0.0645862 -0.977915
    outer loop
      vertex 4.63134 2.062 48.2343
      vertex 11.5162 4.8399 46.6514
      vertex 4.95885 1.05404 48.2343
    endloop
  endfacet
  facet normal -0.198696 -0.0647793 -0.977918
    outer loop
      vertex 11.5162 4.8399 46.6514
      vertex 4.63134 2.062 48.2343
      vertex 11.4984 5.11943 46.6365
    endloop
  endfacet
  facet normal 0.739116 -0.665507 -0.103963
    outer loop
      vertex -32.4528 36.0425 0
      vertex -38.3799 27.8846 10.0837
      vertex -39.2373 28.5076 0
    endloop
  endfacet
  facet normal 0.739121 0.665503 -0.103956
    outer loop
      vertex -31.7437 -35.2549 10.0837
      vertex -32.4528 -36.0425 0
      vertex -38.3799 -27.8846 10.0837
    endloop
  endfacet
  facet normal 0.509722 0.701617 -0.497913
    outer loop
      vertex -22.1535 -38.3709 19.7267
      vertex -23.0334 -37.4133 20.1753
      vertex -21.8315 -37.8132 20.8422
    endloop
  endfacet
  facet normal 0.5098 0.701637 -0.497804
    outer loop
      vertex -22.1535 -38.3709 19.7267
      vertex -23.4691 -37.2211 20
      vertex -23.0334 -37.4133 20.1753
    endloop
  endfacet
  facet normal 0.509737 0.701595 -0.497929
    outer loop
      vertex -29.6471 -32.9265 19.7267
      vertex -23.4691 -37.2211 20
      vertex -22.1535 -38.3709 19.7267
    endloop
  endfacet
  facet normal 0.509743 0.701605 -0.497908
    outer loop
      vertex -23.4691 -37.2211 20
      vertex -29.6471 -32.9265 19.7267
      vertex -29.335 -32.9593 20
    endloop
  endfacet
  facet normal 0.509728 0.701609 -0.497919
    outer loop
      vertex -19.6187 -33.9805 28.5076
      vertex -19.9259 -34.5127 27.4432
      vertex -22.7097 -33.6556 25.8011
    endloop
  endfacet
  facet normal 0.0434536 -0.204443 -0.977914
    outer loop
      vertex -1.5666 14.9052 46.1262
      vertex -1.5666 4.8215 48.2343
      vertex -4.63134 14.2538 46.1262
    endloop
  endfacet
  facet normal -0.0849579 -0.399671 -0.912713
    outer loop
      vertex 2.53481 24.1172 42.0022
      vertex 7.49366 23.0631 42.0022
      vertex 1.5666 14.9052 46.1262
    endloop
  endfacet
  facet normal -0.945902 -0.307342 -0.103968
    outer loop
      vertex 44.307 19.7267 0
      vertex 47.4402 10.0837 0
      vertex 43.3387 19.2957 10.0837
    endloop
  endfacet
  facet normal -0.862442 -0.090699 -0.497963
    outer loop
      vertex 44.307 0 19.7267
      vertex 44.1492 0 20
      vertex 44.1225 0.253886 20
    endloop
  endfacet
  facet normal -0.862445 -0.0906695 -0.497964
    outer loop
      vertex 39.0876 1.90326 28.4204
      vertex 39.116 3.71407 28.0415
      vertex 39.2744 3.72319 27.7655
    endloop
  endfacet
  facet normal -0.862528 -0.0906392 -0.497826
    outer loop
      vertex 39.0876 1.90326 28.4204
      vertex 38.8486 3.69866 28.5076
      vertex 39.116 3.71407 28.0415
    endloop
  endfacet
  facet normal -0.864466 -0.0890601 -0.494739
    outer loop
      vertex 39.0562 1.72364 28.5076
      vertex 39.0876 1.90326 28.4204
      vertex 39.0717 1.74873 28.476
    endloop
  endfacet
  facet normal -0.862734 -0.0906844 -0.497461
    outer loop
      vertex 39.0876 1.90326 28.4204
      vertex 39.0562 1.72364 28.5076
      vertex 38.8486 3.69866 28.5076
    endloop
  endfacet
  facet normal 0.584602 -0.804633 -0.103957
    outer loop
      vertex -24.25 42.0022 0
      vertex -31.7437 35.2549 10.0837
      vertex -32.4528 36.0425 0
    endloop
  endfacet
  facet normal -0.707139 -0.636718 -0.307481
    outer loop
      vertex 38.3799 27.8846 10.0837
      vertex 35.8451 26.043 19.7267
      vertex 29.6471 32.9265 19.7267
    endloop
  endfacet
  facet normal -0.404532 -0.908596 -0.103957
    outer loop
      vertex 24.25 42.0022 0
      vertex 23.7201 41.0844 10.0837
      vertex 14.6598 45.1183 10.0837
    endloop
  endfacet
  facet normal -0.904982 -0.294043 -0.307483
    outer loop
      vertex 43.3387 19.2957 10.0837
      vertex 43.3387 9.21193 19.7267
      vertex 40.4764 18.0213 19.7267
    endloop
  endfacet
  facet normal -0.989133 -0.103958 -0.103964
    outer loop
      vertex 47.4402 10.0837 0
      vertex 48.5 0 0
      vertex 46.4035 9.86336 10.0837
    endloop
  endfacet
  facet normal -0.86133 -0.497294 -0.103966
    outer loop
      vertex 44.307 19.7267 0
      vertex 43.3387 19.2957 10.0837
      vertex 39.2373 28.5076 0
    endloop
  endfacet
  facet normal -0.861333 -0.49729 -0.103962
    outer loop
      vertex 39.2373 28.5076 0
      vertex 43.3387 19.2957 10.0837
      vertex 38.3799 27.8846 10.0837
    endloop
  endfacet
  facet normal 0.509739 -0.701612 -0.497902
    outer loop
      vertex -29.335 32.9593 20
      vertex -29.5416 32.8092 20
      vertex -29.6471 32.9265 19.7267
    endloop
  endfacet
  facet normal 0.406284 0.042701 -0.912748
    outer loop
      vertex -15.7208 -1.95377 45.7083
      vertex -14.9873 0 46.1262
      vertex -14.6598 -3.11604 46.1262
    endloop
  endfacet
  facet normal 0.40638 0.0426563 -0.912708
    outer loop
      vertex -14.9873 0 46.1262
      vertex -15.7208 -1.95377 45.7083
      vertex -15.6795 0 45.818
    endloop
  endfacet
  facet normal 0.40639 0.0428169 -0.912696
    outer loop
      vertex -14.6598 -3.11604 46.1262
      vertex -16.6474 -2.32933 45.2781
      vertex -15.7208 -1.95377 45.7083
    endloop
  endfacet
  facet normal 0.406278 0.0424603 -0.912763
    outer loop
      vertex -16.6474 -2.32933 45.2781
      vertex -14.6598 -3.11604 46.1262
      vertex -16.8403 -2.40755 45.1886
    endloop
  endfacet
  facet normal -0.155322 -0.139853 -0.977914
    outer loop
      vertex 3.39224 3.76747 48.2343
      vertex 11.2741 8.19108 46.3498
      vertex 4.10142 2.97985 48.2343
    endloop
  endfacet
  facet normal -0.155098 -0.140243 -0.977894
    outer loop
      vertex 11.2741 8.19108 46.3498
      vertex 3.39224 3.76747 48.2343
      vertex 11.2641 8.31231 46.334
    endloop
  endfacet
  facet normal -0.739116 0.665507 -0.103963
    outer loop
      vertex 38.3799 -27.8846 10.0837
      vertex 39.2373 -28.5076 0
      vertex 32.4528 -36.0425 0
    endloop
  endfacet
  facet normal -0.304207 0.273121 -0.912613
    outer loop
      vertex 16.0135 -17.7848 42.1439
      vertex 12.125 -8.80933 46.1262
      vertex 16.1111 -17.7623 42.1181
    endloop
  endfacet
  facet normal -0.303655 0.273404 -0.912712
    outer loop
      vertex 12.125 -8.80933 46.1262
      vertex 16.0135 -17.7848 42.1439
      vertex 10.0285 -11.1378 46.1262
    endloop
  endfacet
  facet normal -0.155326 0.139852 -0.977914
    outer loop
      vertex 12.125 -8.80933 46.1262
      vertex 10.0285 -11.1378 46.1262
      vertex 3.39224 -3.76747 48.2343
    endloop
  endfacet
  facet normal 0.404532 0.908596 -0.103957
    outer loop
      vertex -23.7201 -41.0844 10.0837
      vertex -14.6598 -45.1183 10.0837
      vertex -24.25 -42.0022 0
    endloop
  endfacet
  facet normal 0.70805 0.23047 -0.667494
    outer loop
      vertex -32.0328 -12.9245 33.6037
      vertex -31.4191 -7.92093 35.9823
      vertex -31.3469 -7.96839 36.0425
    endloop
  endfacet
  facet normal 0.708562 0.23014 -0.667065
    outer loop
      vertex -31.4191 -7.92093 35.9823
      vertex -34.0476 -11.922 31.8099
      vertex -32.0743 -7.49004 35.435
    endloop
  endfacet
  facet normal 0.708491 0.230232 -0.667109
    outer loop
      vertex -31.4191 -7.92093 35.9823
      vertex -32.0328 -12.9245 33.6037
      vertex -34.0476 -11.922 31.8099
    endloop
  endfacet
  facet normal 0.70851 0.23021 -0.667096
    outer loop
      vertex -29.6471 -13.1998 36.0425
      vertex -32.0328 -12.9245 33.6037
      vertex -31.3469 -7.96839 36.0425
    endloop
  endfacet
  facet normal 0.708515 0.230166 -0.667106
    outer loop
      vertex -32.0328 -12.9245 33.6037
      vertex -29.6471 -13.1998 36.0425
      vertex -30.3259 -13.502 35.2173
    endloop
  endfacet
  facet normal 0.510882 0.294932 -0.807474
    outer loop
      vertex -24.9087 -14.573 38.5388
      vertex -22.1535 -9.86336 42.0022
      vertex -24.2397 -14.5491 38.9708
    endloop
  endfacet
  facet normal 0.510998 0.294836 -0.807436
    outer loop
      vertex -25.3495 -14.5887 38.2541
      vertex -22.1535 -9.86336 42.0022
      vertex -24.9087 -14.573 38.5388
    endloop
  endfacet
  facet normal 0.510855 0.294885 -0.807508
    outer loop
      vertex -29.6471 -13.1998 36.0425
      vertex -25.3495 -14.5887 38.2541
      vertex -29.3022 -13.7973 36.0425
    endloop
  endfacet
  facet normal 0.510863 0.29496 -0.807476
    outer loop
      vertex -25.3495 -14.5887 38.2541
      vertex -29.6471 -13.1998 36.0425
      vertex -22.1535 -9.86336 42.0022
    endloop
  endfacet
  facet normal 0.406351 0.0427457 -0.912717
    outer loop
      vertex -16.8403 -2.40755 45.1886
      vertex -14.6598 -3.11604 46.1262
      vertex -22.9201 -4.87182 42.3664
    endloop
  endfacet
  facet normal 0.989133 0.103958 -0.103964
    outer loop
      vertex -46.4035 -9.86336 10.0837
      vertex -47.4402 -10.0837 0
      vertex -48.5 0 0
    endloop
  endfacet
  facet normal 0.946338 0.099466 -0.307491
    outer loop
      vertex -43.3387 -9.21193 19.7267
      vertex -46.4035 -9.86336 10.0837
      vertex -47.4402 0 10.0837
    endloop
  endfacet
  facet normal 0.904978 0.29405 -0.30749
    outer loop
      vertex -43.3387 -9.21193 19.7267
      vertex -43.3387 -19.2957 10.0837
      vertex -46.4035 -9.86336 10.0837
    endloop
  endfacet
  facet normal 0.904982 0.294043 -0.307483
    outer loop
      vertex -43.3387 -9.21193 19.7267
      vertex -40.4764 -18.0213 19.7267
      vertex -43.3387 -19.2957 10.0837
    endloop
  endfacet
  facet normal -0.824815 0.26814 -0.497776
    outer loop
      vertex 43.3387 -9.21193 19.7267
      vertex 42.6997 -10.0416 20.3386
      vertex 43.0914 -9.15935 20.1648
    endloop
  endfacet
  facet normal -0.824778 0.267967 -0.49793
    outer loop
      vertex 41.934 -13.0277 20
      vertex 42.2223 -10.5581 20.8515
      vertex 42.6505 -10.0949 20.3915
    endloop
  endfacet
  facet normal -0.825101 0.267974 -0.497391
    outer loop
      vertex 41.934 -13.0277 20
      vertex 42.6505 -10.0949 20.3915
      vertex 42.6997 -10.0416 20.3386
    endloop
  endfacet
  facet normal -0.824758 0.267952 -0.497972
    outer loop
      vertex 41.934 -13.0277 20
      vertex 42.6997 -10.0416 20.3386
      vertex 43.3387 -9.21193 19.7267
    endloop
  endfacet
  facet normal -0.824792 0.267962 -0.497911
    outer loop
      vertex 42.2223 -10.5581 20.8515
      vertex 41.934 -13.0277 20
      vertex 41.7107 -11.4951 21.1947
    endloop
  endfacet
  facet normal -0.824896 0.268021 -0.497707
    outer loop
      vertex 40.4764 -18.0213 19.7267
      vertex 41.934 -13.0277 20
      vertex 43.3387 -9.21193 19.7267
    endloop
  endfacet
  facet normal -0.824826 0.268008 -0.49783
    outer loop
      vertex 41.934 -13.0277 20
      vertex 40.4764 -18.0213 19.7267
      vertex 40.4112 -17.7143 20
    endloop
  endfacet
  facet normal -0.824757 0.267997 -0.497949
    outer loop
      vertex 41.934 -13.0277 20
      vertex 39.8237 -14.9506 22.4604
      vertex 41.7107 -11.4951 21.1947
    endloop
  endfacet
  facet normal -0.824757 0.267998 -0.497949
    outer loop
      vertex 39.8237 -14.9506 22.4604
      vertex 41.934 -13.0277 20
      vertex 40.1439 -16.457 21.1193
    endloop
  endfacet
  facet normal -0.824764 0.268002 -0.497936
    outer loop
      vertex 40.0158 -8.50562 25.6108
      vertex 38.8192 -10.2248 26.6675
      vertex 38.3799 -8.1579 28.5076
    endloop
  endfacet
  facet normal -0.82407 0.475777 -0.307481
    outer loop
      vertex 43.3387 -19.2957 10.0837
      vertex 38.3799 -27.8846 10.0837
      vertex 35.8451 -26.043 19.7267
    endloop
  endfacet
  facet normal 0.559307 0.769822 -0.30749
    outer loop
      vertex -22.1535 -38.3709 19.7267
      vertex -23.7201 -41.0844 10.0837
      vertex -29.6471 -32.9265 19.7267
    endloop
  endfacet
  facet normal -0.404531 0.908597 -0.103956
    outer loop
      vertex 24.25 -42.0022 0
      vertex 14.9873 -46.1262 0
      vertex 14.6598 -45.1183 10.0837
    endloop
  endfacet
  facet normal -0.206788 0.972847 -0.103959
    outer loop
      vertex 14.9873 -46.1262 0
      vertex 5.06963 -48.2343 0
      vertex 4.95885 -47.1803 10.0837
    endloop
  endfacet
  facet normal -0.824807 0.268028 -0.497849
    outer loop
      vertex 40.4112 -17.7143 20
      vertex 40.4764 -18.0213 19.7267
      vertex 40.3323 -17.9571 20
    endloop
  endfacet
  facet normal -0.824777 0.267987 -0.497922
    outer loop
      vertex 37.4896 -12.1352 27.8417
      vertex 38.3799 -8.1579 28.5076
      vertex 38.8192 -10.2248 26.6675
    endloop
  endfacet
  facet normal -0.824766 0.267988 -0.497939
    outer loop
      vertex 37.2255 -12.5147 28.0749
      vertex 38.3799 -8.1579 28.5076
      vertex 37.4896 -12.1352 27.8417
    endloop
  endfacet
  facet normal -0.8248 0.267991 -0.497881
    outer loop
      vertex 37.2255 -12.5147 28.0749
      vertex 35.8451 -15.9593 28.5076
      vertex 38.3799 -8.1579 28.5076
    endloop
  endfacet
  facet normal -0.824853 0.268025 -0.497775
    outer loop
      vertex 35.8451 -15.9593 28.5076
      vertex 37.2255 -12.5147 28.0749
      vertex 36.0311 -16.0421 28.1548
    endloop
  endfacet
  facet normal -0.824774 0.267979 -0.497932
    outer loop
      vertex 40.1439 -16.457 21.1193
      vertex 38.6025 -17.187 23.2796
      vertex 39.8237 -14.9506 22.4604
    endloop
  endfacet
  facet normal -0.824777 0.267944 -0.497945
    outer loop
      vertex 38.6025 -17.187 23.2796
      vertex 40.1439 -16.457 21.1193
      vertex 39.5441 -17.6062 21.4944
    endloop
  endfacet
  facet normal -0.708895 0.230842 -0.666468
    outer loop
      vertex 38.3799 -8.1579 28.5076
      vertex 38.2343 -8.34605 28.5973
      vertex 38.3515 -8.15186 28.5399
    endloop
  endfacet
  facet normal -0.708472 0.230194 -0.667141
    outer loop
      vertex 35.8451 -15.9593 28.5076
      vertex 38.2343 -8.34605 28.5973
      vertex 38.3799 -8.1579 28.5076
    endloop
  endfacet
  facet normal -0.7085 0.230202 -0.667109
    outer loop
      vertex 38.2343 -8.34605 28.5973
      vertex 35.8451 -15.9593 28.5076
      vertex 34.909 -13.8568 30.2273
    endloop
  endfacet
  facet normal -0.708478 0.230172 -0.667143
    outer loop
      vertex 32.6171 -8.70912 34.4379
      vertex 33.1403 -7.0442 34.4567
      vertex 33.9386 -7.21387 33.5504
    endloop
  endfacet
  facet normal -0.708509 0.230181 -0.667107
    outer loop
      vertex 33.1403 -7.0442 34.4567
      vertex 32.6171 -8.70912 34.4379
      vertex 32.1366 -7.6299 35.3206
    endloop
  endfacet
  facet normal -0.740883 -0.0778763 -0.667104
    outer loop
      vertex 39.0562 1.72364 28.5076
      vertex 36.4178 3.53619 31.2262
      vertex 38.8486 3.69866 28.5076
    endloop
  endfacet
  facet normal -0.740873 -0.0778403 -0.667119
    outer loop
      vertex 36.4178 3.53619 31.2262
      vertex 39.0562 1.72364 28.5076
      vertex 36.1822 3.35233 31.5093
    endloop
  endfacet
  facet normal -0.740883 -0.0778865 -0.667103
    outer loop
      vertex 37.5945 0 30.3322
      vertex 36.1822 3.35233 31.5093
      vertex 39.0562 1.72364 28.5076
    endloop
  endfacet
  facet normal -0.740883 -0.0778872 -0.667102
    outer loop
      vertex 36.1822 3.35233 31.5093
      vertex 37.5945 0 30.3322
      vertex 33.1932 1.01908 35.1013
    endloop
  endfacet
  facet normal -0.740882 -0.0778486 -0.667109
    outer loop
      vertex 33.1932 1.01908 35.1013
      vertex 37.5945 0 30.3322
      vertex 32.4528 0 36.0425
    endloop
  endfacet
  facet normal -0.740894 -0.0778304 -0.667097
    outer loop
      vertex 32.5809 0.541091 35.8371
      vertex 32.4528 0 36.0425
      vertex 32.3981 0.520708 36.0425
    endloop
  endfacet
  facet normal -0.740893 -0.077831 -0.667098
    outer loop
      vertex 32.4528 0 36.0425
      vertex 32.5809 0.541091 35.8371
      vertex 33.1932 1.01908 35.1013
    endloop
  endfacet
  facet normal 0.207865 0.0218469 -0.977913
    outer loop
      vertex -5.06963 0 48.2343
      vertex -14.6598 -3.11604 46.1262
      vertex -14.9873 0 46.1262
    endloop
  endfacet
  facet normal -0.155311 -0.139839 -0.977918
    outer loop
      vertex 11.2641 8.31231 46.334
      vertex 10.0285 11.1378 46.1262
      vertex 11.1334 9.91065 46.1262
    endloop
  endfacet
  facet normal -0.155331 -0.139847 -0.977914
    outer loop
      vertex 10.0285 11.1378 46.1262
      vertex 11.2641 8.31231 46.334
      vertex 3.39224 3.76747 48.2343
    endloop
  endfacet
  facet normal 0.240166 0.330573 -0.912711
    outer loop
      vertex -10.0285 -11.1378 46.1262
      vertex -7.49366 -12.9794 46.1262
      vertex -16.2264 -18.0213 42.0022
    endloop
  endfacet
  facet normal 0.303655 -0.273404 -0.912712
    outer loop
      vertex -12.125 8.80933 46.1262
      vertex -16.1489 17.9352 42.0538
      vertex -10.0285 11.1378 46.1262
    endloop
  endfacet
  facet normal 0.304547 -0.27294 -0.912554
    outer loop
      vertex -16.1489 17.9352 42.0538
      vertex -12.125 8.80933 46.1262
      vertex -16.1874 17.9337 42.0414
    endloop
  endfacet
  facet normal 0.945901 -0.307347 -0.103964
    outer loop
      vertex -43.3387 19.2957 10.0837
      vertex -46.4035 9.86336 10.0837
      vertex -47.4402 10.0837 0
    endloop
  endfacet
  facet normal 0.989133 -0.103964 -0.103958
    outer loop
      vertex -46.4035 9.86336 10.0837
      vertex -47.4402 0 10.0837
      vertex -48.5 0 0
    endloop
  endfacet
  facet normal 0.584601 0.804633 -0.103957
    outer loop
      vertex -23.7201 -41.0844 10.0837
      vertex -24.25 -42.0022 0
      vertex -31.7437 -35.2549 10.0837
    endloop
  endfacet
  facet normal 0.197837 0.930758 -0.307489
    outer loop
      vertex -13.6916 -42.1384 19.7267
      vertex -4.63134 -44.0642 19.7267
      vertex -14.6598 -45.1183 10.0837
    endloop
  endfacet
  facet normal -0.94634 -0.0994732 -0.307484
    outer loop
      vertex 47.4402 0 10.0837
      vertex 44.307 0 19.7267
      vertex 43.3387 9.21193 19.7267
    endloop
  endfacet
  facet normal -0.862516 -0.0906683 -0.497841
    outer loop
      vertex 43.3387 9.21193 19.7267
      vertex 43.468 6.48128 20
      vertex 43.1844 9.17913 20
    endloop
  endfacet
  facet normal -0.862511 -0.0906095 -0.497859
    outer loop
      vertex 42.867 6.6229 21.0152
      vertex 42.7944 4.05186 21.6089
      vertex 42.5024 4.1116 22.1039
    endloop
  endfacet
  facet normal -0.862463 -0.0906309 -0.49794
    outer loop
      vertex 43.468 6.48128 20
      vertex 43.7437 3.85766 20
      vertex 42.7944 4.05186 21.6089
    endloop
  endfacet
  facet normal -0.862655 -0.090651 -0.497603
    outer loop
      vertex 43.3387 9.21193 19.7267
      vertex 43.7437 3.85766 20
      vertex 43.468 6.48128 20
    endloop
  endfacet
  facet normal -0.862436 -0.0906538 -0.497982
    outer loop
      vertex 44.307 0 19.7267
      vertex 43.7437 3.85766 20
      vertex 43.3387 9.21193 19.7267
    endloop
  endfacet
  facet normal -0.862427 -0.0906515 -0.497997
    outer loop
      vertex 43.7437 3.85766 20
      vertex 44.307 0 19.7267
      vertex 44.1225 0.253886 20
    endloop
  endfacet
  facet normal -0.862463 -0.0906454 -0.497937
    outer loop
      vertex 42.7671 6.97493 21.1241
      vertex 41.2848 8.77534 23.3638
      vertex 42.2009 8.97007 21.7416
    endloop
  endfacet
  facet normal -0.862422 -0.0906842 -0.498001
    outer loop
      vertex 42.5024 4.1116 22.1039
      vertex 42.7671 6.97493 21.1241
      vertex 42.867 6.6229 21.0152
    endloop
  endfacet
  facet normal -0.862466 -0.0906559 -0.49793
    outer loop
      vertex 42.7671 6.97493 21.1241
      vertex 42.5024 4.1116 22.1039
      vertex 41.2848 8.77534 23.3638
    endloop
  endfacet
  facet normal -0.862464 -0.0906289 -0.497938
    outer loop
      vertex 42.7944 4.05186 21.6089
      vertex 42.867 6.6229 21.0152
      vertex 43.468 6.48128 20
    endloop
  endfacet
  facet normal -0.708518 -0.230148 -0.667108
    outer loop
      vertex 35.8451 15.9593 28.5076
      vertex 36.1036 15.1635 28.5076
      vertex 35.4901 15.162 29.1597
    endloop
  endfacet
  facet normal 0.824774 -0.267974 -0.497933
    outer loop
      vertex -38.7589 17.2566 22.9831
      vertex -40.0426 15.9804 21.5436
      vertex -40.4764 18.0213 19.7267
    endloop
  endfacet
  facet normal 0.824758 -0.267955 -0.49797
    outer loop
      vertex -36.3367 16.1782 27.5754
      vertex -39.4234 13.0672 24.1371
      vertex -37.4392 16.669 25.4853
    endloop
  endfacet
  facet normal 0.824761 -0.267974 -0.497956
    outer loop
      vertex -39.4234 13.0672 24.1371
      vertex -36.3367 16.1782 27.5754
      vertex -39.0791 11.4475 25.579
    endloop
  endfacet
  facet normal 0.38703 -0.869286 -0.30749
    outer loop
      vertex -14.6598 45.1183 10.0837
      vertex -22.1535 38.3709 19.7267
      vertex -23.7201 41.0844 10.0837
    endloop
  endfacet
  facet normal 0.824773 -0.267975 -0.497935
    outer loop
      vertex -40.3377 15.687 21.2127
      vertex -40.4764 18.0213 19.7267
      vertex -40.0426 15.9804 21.5436
    endloop
  endfacet
  facet normal 0.824739 -0.268004 -0.497976
    outer loop
      vertex -40.5572 15.4688 20.9666
      vertex -40.4764 18.0213 19.7267
      vertex -40.3377 15.687 21.2127
    endloop
  endfacet
  facet normal 0.824814 -0.268066 -0.497818
    outer loop
      vertex -41.7267 13.6654 20
      vertex -40.5572 15.4688 20.9666
      vertex -40.9007 14.6676 20.8289
    endloop
  endfacet
  facet normal 0.824772 -0.2679 -0.497976
    outer loop
      vertex -41.7267 13.6654 20
      vertex -40.9007 14.6676 20.8289
      vertex -40.9399 14.5761 20.8132
    endloop
  endfacet
  facet normal 0.824775 -0.267981 -0.497928
    outer loop
      vertex -40.5572 15.4688 20.9666
      vertex -41.7267 13.6654 20
      vertex -40.4764 18.0213 19.7267
    endloop
  endfacet
  facet normal 0.82477 -0.26798 -0.497937
    outer loop
      vertex -41.7267 13.6654 20
      vertex -43.3387 9.21193 19.7267
      vertex -40.4764 18.0213 19.7267
    endloop
  endfacet
  facet normal 0.824819 -0.268004 -0.497842
    outer loop
      vertex -43.3387 9.21193 19.7267
      vertex -41.7267 13.6654 20
      vertex -43.1844 9.17913 20
    endloop
  endfacet
  facet normal 0.824772 -0.267961 -0.497944
    outer loop
      vertex -39.0791 11.4475 25.579
      vertex -39.9135 12.1775 23.8041
      vertex -39.4234 13.0672 24.1371
    endloop
  endfacet
  facet normal 0.824781 -0.26794 -0.49794
    outer loop
      vertex -39.0791 11.4475 25.579
      vertex -40.218 11.7347 23.538
      vertex -39.9135 12.1775 23.8041
    endloop
  endfacet
  facet normal 0.824758 -0.268014 -0.497938
    outer loop
      vertex -40.0471 9.77774 24.8744
      vertex -40.218 11.7347 23.538
      vertex -39.0791 11.4475 25.579
    endloop
  endfacet
  facet normal 0.824789 -0.268027 -0.49788
    outer loop
      vertex -41.1846 8.75406 23.5411
      vertex -40.0471 9.77774 24.8744
      vertex -40.386 9.19312 24.6277
    endloop
  endfacet
  facet normal 0.824786 -0.26799 -0.497906
    outer loop
      vertex -40.0471 9.77774 24.8744
      vertex -41.1846 8.75406 23.5411
      vertex -40.218 11.7347 23.538
    endloop
  endfacet
  facet normal 0.824757 -0.267981 -0.497958
    outer loop
      vertex -40.218 11.7347 23.538
      vertex -41.1846 8.75406 23.5411
      vertex -42.1295 8.9549 21.868
    endloop
  endfacet
  facet normal -0.197839 -0.930758 -0.30749
    outer loop
      vertex 4.95885 47.1803 10.0837
      vertex 14.6598 45.1183 10.0837
      vertex 4.63134 44.0642 19.7267
    endloop
  endfacet
  facet normal -0.404531 -0.908597 -0.103956
    outer loop
      vertex 14.9873 46.1262 0
      vertex 24.25 42.0022 0
      vertex 14.6598 45.1183 10.0837
    endloop
  endfacet
  facet normal -0.64451 -0.580297 -0.497858
    outer loop
      vertex 29.6471 32.9265 19.7267
      vertex 29.7124 32.6195 20
      vertex 29.5416 32.8092 20
    endloop
  endfacet
  facet normal -0.644529 -0.580291 -0.49784
    outer loop
      vertex 29.6241 27.5876 25.9782
      vertex 31.2103 25.3857 26.4912
      vertex 30.9378 25.5046 26.7054
    endloop
  endfacet
  facet normal -0.644375 -0.580241 -0.498099
    outer loop
      vertex 29.6241 27.5876 25.9782
      vertex 31.254 25.3667 26.4568
      vertex 31.2103 25.3857 26.4912
    endloop
  endfacet
  facet normal -0.644456 -0.58027 -0.497959
    outer loop
      vertex 31.254 25.3667 26.4568
      vertex 29.6241 27.5876 25.9782
      vertex 30.8212 27.4032 24.6438
    endloop
  endfacet
  facet normal -0.644483 -0.580285 -0.497907
    outer loop
      vertex 30.9378 25.5046 26.7054
      vertex 29.4073 27.6512 26.1847
      vertex 29.6241 27.5876 25.9782
    endloop
  endfacet
  facet normal -0.644467 -0.580281 -0.497932
    outer loop
      vertex 30.9378 25.5046 26.7054
      vertex 26.9677 28.3674 28.5076
      vertex 29.4073 27.6512 26.1847
    endloop
  endfacet
  facet normal -0.644466 -0.580269 -0.497947
    outer loop
      vertex 26.9677 28.3674 28.5076
      vertex 30.9378 25.5046 26.7054
      vertex 31.0994 23.7786 28.5076
    endloop
  endfacet
  facet normal -0.64512 -0.372457 -0.667156
    outer loop
      vertex 32.4889 20.3796 29.2852
      vertex 33.4139 20.1703 28.5076
      vertex 35.8451 15.9593 28.5076
    endloop
  endfacet
  facet normal -0.645069 -0.372836 -0.666993
    outer loop
      vertex 33.4139 20.1703 28.5076
      vertex 32.4889 20.3796 29.2852
      vertex 32.6212 20.3906 29.1511
    endloop
  endfacet
  facet normal -0.64517 -0.372509 -0.667078
    outer loop
      vertex 35.8451 15.9593 28.5076
      vertex 30.743 20.2343 31.0549
      vertex 32.4889 20.3796 29.2852
    endloop
  endfacet
  facet normal -0.645155 -0.37247 -0.667114
    outer loop
      vertex 35.8451 15.9593 28.5076
      vertex 28.8933 20.0803 32.9297
      vertex 30.743 20.2343 31.0549
    endloop
  endfacet
  facet normal -0.645159 -0.372493 -0.667098
    outer loop
      vertex 26.2549 19.0753 36.0425
      vertex 28.8933 20.0803 32.9297
      vertex 35.8451 15.9593 28.5076
    endloop
  endfacet
  facet normal -0.645232 -0.372342 -0.667111
    outer loop
      vertex 28.8933 20.0803 32.9297
      vertex 26.2549 19.0753 36.0425
      vertex 28.4626 20.0446 33.3662
    endloop
  endfacet
  facet normal -0.645132 -0.372522 -0.667107
    outer loop
      vertex 26.2549 19.0753 36.0425
      vertex 28.2611 20.4968 33.3086
      vertex 28.4321 20.042 33.3972
    endloop
  endfacet
  facet normal -0.644592 -0.373374 -0.667153
    outer loop
      vertex 28.2611 20.4968 33.3086
      vertex 26.2549 19.0753 36.0425
      vertex 28.2504 20.5251 33.3031
    endloop
  endfacet
  facet normal -0.646737 -0.369402 -0.667288
    outer loop
      vertex 28.4626 20.0446 33.3662
      vertex 26.2549 19.0753 36.0425
      vertex 28.4321 20.042 33.3972
    endloop
  endfacet
  facet normal -0.645119 -0.372581 -0.667087
    outer loop
      vertex 28.8933 20.0803 32.9297
      vertex 30.7992 20.6863 30.7481
      vertex 30.743 20.2343 31.0549
    endloop
  endfacet
  facet normal -0.645186 -0.372433 -0.667104
    outer loop
      vertex 30.7992 20.6863 30.7481
      vertex 28.8933 20.0803 32.9297
      vertex 28.8511 20.1097 32.9541
    endloop
  endfacet
  facet normal -0.645193 -0.372419 -0.667106
    outer loop
      vertex 28.2522 20.5264 33.3007
      vertex 30.7992 20.6863 30.7481
      vertex 28.8511 20.1097 32.9541
    endloop
  endfacet
  facet normal -0.645177 -0.372469 -0.667093
    outer loop
      vertex 30.7992 20.6863 30.7481
      vertex 28.2522 20.5264 33.3007
      vertex 31.0305 22.545 29.4866
    endloop
  endfacet
  facet normal -0.824828 -0.268005 -0.497828
    outer loop
      vertex 40.4764 18.0213 19.7267
      vertex 41.82 13.3785 20
      vertex 40.4112 17.7143 20
    endloop
  endfacet
  facet normal -0.824871 -0.268013 -0.497751
    outer loop
      vertex 43.3387 9.21193 19.7267
      vertex 41.82 13.3785 20
      vertex 40.4764 18.0213 19.7267
    endloop
  endfacet
  facet normal -0.82477 -0.267964 -0.497945
    outer loop
      vertex 41.82 13.3785 20
      vertex 43.3387 9.21193 19.7267
      vertex 43.0005 9.74502 20
    endloop
  endfacet
  facet normal -0.824808 -0.268042 -0.49784
    outer loop
      vertex 43.0005 9.74502 20
      vertex 43.3387 9.21193 19.7267
      vertex 43.1844 9.17913 20
    endloop
  endfacet
  facet normal -0.824795 -0.267967 -0.497903
    outer loop
      vertex 40.2719 15.3508 21.5026
      vertex 39.6738 14.2452 23.0884
      vertex 39.9745 15.6599 21.8289
    endloop
  endfacet
  facet normal -0.824755 -0.268015 -0.497943
    outer loop
      vertex 39.9733 13.8193 22.8215
      vertex 40.2719 15.3508 21.5026
      vertex 40.606 15.0036 21.1361
    endloop
  endfacet
  facet normal -0.824788 -0.267979 -0.497908
    outer loop
      vertex 40.2719 15.3508 21.5026
      vertex 39.9733 13.8193 22.8215
      vertex 39.6738 14.2452 23.0884
    endloop
  endfacet
  facet normal -0.824757 -0.268011 -0.497941
    outer loop
      vertex 41.82 13.3785 20
      vertex 39.9733 13.8193 22.8215
      vertex 40.606 15.0036 21.1361
    endloop
  endfacet
  facet normal -0.825936 -0.268342 -0.495805
    outer loop
      vertex 42.988 9.73139 20.0282
      vertex 41.82 13.3785 20
      vertex 43.0005 9.74502 20
    endloop
  endfacet
  facet normal -0.824722 -0.267971 -0.498021
    outer loop
      vertex 42.9088 9.64563 20.2055
      vertex 41.82 13.3785 20
      vertex 42.988 9.73139 20.0282
    endloop
  endfacet
  facet normal -0.824763 -0.267979 -0.497949
    outer loop
      vertex 41.82 13.3785 20
      vertex 42.9088 9.64563 20.2055
      vertex 39.9733 13.8193 22.8215
    endloop
  endfacet
  facet normal -0.824761 -0.267997 -0.497943
    outer loop
      vertex 41.4552 10.5661 22.1178
      vertex 39.2426 12.2166 24.8943
      vertex 39.6694 14.2247 23.1066
    endloop
  endfacet
  facet normal -0.824757 -0.267985 -0.497956
    outer loop
      vertex 40.9471 9.55649 23.5027
      vertex 41.4552 10.5661 22.1178
      vertex 41.6441 10.1791 22.0132
    endloop
  endfacet
  facet normal -0.824761 -0.267979 -0.497953
    outer loop
      vertex 41.4552 10.5661 22.1178
      vertex 40.9471 9.55649 23.5027
      vertex 39.2426 12.2166 24.8943
    endloop
  endfacet
  facet normal -0.82472 -0.268066 -0.497973
    outer loop
      vertex 41.6441 10.1791 22.0132
      vertex 41.169 9.04322 23.4115
      vertex 40.9471 9.55649 23.5027
    endloop
  endfacet
  facet normal -0.824777 -0.267983 -0.497924
    outer loop
      vertex 42.2009 8.97007 21.7416
      vertex 41.169 9.04322 23.4115
      vertex 41.6441 10.1791 22.0132
    endloop
  endfacet
  facet normal -0.824799 -0.267881 -0.497943
    outer loop
      vertex 41.169 9.04322 23.4115
      vertex 42.2009 8.97007 21.7416
      vertex 41.2848 8.77534 23.3638
    endloop
  endfacet
  facet normal -0.644489 -0.580307 -0.497874
    outer loop
      vertex 35.8451 26.043 19.7267
      vertex 29.7124 32.6195 20
      vertex 29.6471 32.9265 19.7267
    endloop
  endfacet
  facet normal -0.644395 -0.58021 -0.498107
    outer loop
      vertex 29.7124 32.6195 20
      vertex 35.8451 26.043 19.7267
      vertex 35.7174 25.9502 20
    endloop
  endfacet
  facet normal -0.644469 -0.580273 -0.497939
    outer loop
      vertex 32.6066 28.407 21.1632
      vertex 33.9123 25.848 22.4554
      vertex 32.0198 27.2185 23.3077
    endloop
  endfacet
  facet normal -0.644574 -0.580264 -0.497813
    outer loop
      vertex 33.9123 25.848 22.4554
      vertex 32.6066 28.407 21.1632
      vertex 32.6669 28.5291 20.9428
    endloop
  endfacet
  facet normal -0.644435 -0.580258 -0.498001
    outer loop
      vertex 34.0543 25.5425 22.6278
      vertex 31.8184 27.2495 23.5322
      vertex 32.0198 27.2185 23.3077
    endloop
  endfacet
  facet normal -0.64449 -0.580439 -0.497718
    outer loop
      vertex 34.0543 25.5425 22.6278
      vertex 32.0198 27.2185 23.3077
      vertex 33.9123 25.848 22.4554
    endloop
  endfacet
  facet normal -0.644436 -0.580263 -0.497993
    outer loop
      vertex 31.8184 27.2495 23.5322
      vertex 34.0543 25.5425 22.6278
      vertex 34.0267 24.7218 23.6198
    endloop
  endfacet
  facet normal -0.644473 -0.580293 -0.497911
    outer loop
      vertex 31.8184 27.2495 23.5322
      vertex 34.0267 24.7218 23.6198
      vertex 30.8212 27.4032 24.6438
    endloop
  endfacet
  facet normal -0.644466 -0.580271 -0.497945
    outer loop
      vertex 33.5411 24.3691 24.6593
      vertex 30.8212 27.4032 24.6438
      vertex 34.0267 24.7218 23.6198
    endloop
  endfacet
  facet normal -0.644462 -0.580267 -0.497955
    outer loop
      vertex 30.8212 27.4032 24.6438
      vertex 33.5411 24.3691 24.6593
      vertex 31.254 25.3667 26.4568
    endloop
  endfacet
  facet normal 0.207865 0.0218467 -0.977913
    outer loop
      vertex -5.06963 0 48.2343
      vertex -4.95885 -1.05404 48.2343
      vertex -14.6598 -3.11604 46.1262
    endloop
  endfacet
  facet normal 0.0850126 0.190939 -0.977914
    outer loop
      vertex -1.5666 -4.8215 48.2343
      vertex -4.63134 -14.2538 46.1262
      vertex -7.49366 -12.9794 46.1262
    endloop
  endfacet
  facet normal 0 -0.408601 -0.912713
    outer loop
      vertex -1.5666 14.9052 46.1262
      vertex 2.53481 24.1172 42.0022
      vertex 1.5666 14.9052 46.1262
    endloop
  endfacet
  facet normal -0 -0.408601 -0.912713
    outer loop
      vertex 2.53481 24.1172 42.0022
      vertex -1.5666 14.9052 46.1262
      vertex -2.53481 24.1172 42.0022
    endloop
  endfacet
  facet normal 0.510866 0.294946 -0.807479
    outer loop
      vertex -19.807 -14.3906 41.8331
      vertex -22.1535 -9.86336 42.0022
      vertex -19.6187 -14.2538 42.0022
    endloop
  endfacet
  facet normal 0.510864 0.294945 -0.807481
    outer loop
      vertex -22.1535 -9.86336 42.0022
      vertex -19.807 -14.3906 41.8331
      vertex -24.2397 -14.5491 38.9708
    endloop
  endfacet
  facet normal -0.166193 0.373278 -0.912712
    outer loop
      vertex 7.49366 -23.0631 42.0022
      vertex 11.804 -20.4452 42.288
      vertex 12.125 -21.0011 42.0022
    endloop
  endfacet
  facet normal -0.166198 0.373285 -0.912709
    outer loop
      vertex 11.804 -20.4452 42.288
      vertex 7.49366 -23.0631 42.0022
      vertex 9.91772 -18.9649 43.2369
    endloop
  endfacet
  facet normal -0.166392 0.373169 -0.91272
    outer loop
      vertex 10.4953 -18.8695 43.1708
      vertex 7.49366 -12.9794 46.1262
      vertex 10.8596 -18.8093 43.129
    endloop
  endfacet
  facet normal -0.166114 0.373308 -0.912714
    outer loop
      vertex 9.91772 -18.9649 43.2369
      vertex 7.49366 -12.9794 46.1262
      vertex 10.4953 -18.8695 43.1708
    endloop
  endfacet
  facet normal -0.166185 0.373279 -0.912713
    outer loop
      vertex 7.49366 -12.9794 46.1262
      vertex 9.91772 -18.9649 43.2369
      vertex 7.49366 -23.0631 42.0022
    endloop
  endfacet
  facet normal -0.180997 -0.104514 -0.977915
    outer loop
      vertex 11.2741 8.19108 46.3498
      vertex 11.4796 5.37717 46.6125
      vertex 4.10142 2.97985 48.2343
    endloop
  endfacet
  facet normal -0.56103 0.182278 -0.807477
    outer loop
      vertex 25.0726 -8.9149 40.1882
      vertex 23.7201 -5.04186 42.0022
      vertex 27.3535 -5.81416 39.3034
    endloop
  endfacet
  facet normal -0.561018 0.182286 -0.807484
    outer loop
      vertex 23.7201 -5.04186 42.0022
      vertex 25.0726 -8.9149 40.1882
      vertex 22.1535 -9.86336 42.0022
    endloop
  endfacet
  facet normal 0.64451 0.580297 -0.497858
    outer loop
      vertex -29.5416 -32.8092 20
      vertex -29.6471 -32.9265 19.7267
      vertex -29.7124 -32.6195 20
    endloop
  endfacet
  facet normal 0.644455 0.580266 -0.497964
    outer loop
      vertex -30.0565 -29.4648 23.2311
      vertex -30.803 -27.4887 24.5677
      vertex -28.3803 -29.2924 25.6013
    endloop
  endfacet
  facet normal 0.644514 0.58025 -0.497907
    outer loop
      vertex -30.803 -27.4887 24.5677
      vertex -30.0565 -29.4648 23.2311
      vertex -30.4339 -29.2252 23.0218
    endloop
  endfacet
  facet normal 0.644506 0.580185 -0.497994
    outer loop
      vertex -27.6296 -29.8514 25.9216
      vertex -30.0565 -29.4648 23.2311
      vertex -28.3803 -29.2924 25.6013
    endloop
  endfacet
  facet normal 0.644458 0.580287 -0.497936
    outer loop
      vertex -28.7988 -31.9843 21.9227
      vertex -30.0565 -29.4648 23.2311
      vertex -27.6296 -29.8514 25.9216
    endloop
  endfacet
  facet normal 0.644604 0.580272 -0.497765
    outer loop
      vertex -30.0565 -29.4648 23.2311
      vertex -28.7988 -31.9843 21.9227
      vertex -30.2444 -29.4978 22.9493
    endloop
  endfacet
  facet normal 0.644413 0.58033 -0.497945
    outer loop
      vertex -28.7988 -31.9843 21.9227
      vertex -27.6296 -29.8514 25.9216
      vertex -27.0327 -30.0229 26.4942
    endloop
  endfacet
  facet normal 0.64434 0.580263 -0.498117
    outer loop
      vertex -30.2444 -29.4978 22.9493
      vertex -28.7988 -31.9843 21.9227
      vertex -30.3712 -29.5201 22.7593
    endloop
  endfacet
  facet normal 0.644462 0.580281 -0.497939
    outer loop
      vertex -30.3712 -29.5201 22.7593
      vertex -28.7988 -31.9843 21.9227
      vertex -29.9129 -31.6763 20.8397
    endloop
  endfacet
  facet normal 0.751027 0.433629 -0.49792
    outer loop
      vertex -35.6709 -23.6475 22.0755
      vertex -35.5111 -25.8003 20.4417
      vertex -36.1838 -25.1424 20
    endloop
  endfacet
  facet normal 0.751016 0.433586 -0.497974
    outer loop
      vertex -37.735 -22.4558 20
      vertex -40.4764 -18.0213 19.7267
      vertex -40.2046 -18.1782 20
    endloop
  endfacet
  facet normal 0.750946 0.433681 -0.497997
    outer loop
      vertex -35.5111 -25.8003 20.4417
      vertex -35.6709 -23.6475 22.0755
      vertex -35.3308 -23.8438 22.4174
    endloop
  endfacet
  facet normal 0.751014 0.433623 -0.497945
    outer loop
      vertex -35.5111 -25.8003 20.4417
      vertex -35.3308 -23.8438 22.4174
      vertex -34.276 -24.903 23.0859
    endloop
  endfacet
  facet normal 0.751026 0.43363 -0.497921
    outer loop
      vertex -35.6709 -23.6475 22.0755
      vertex -36.1838 -25.1424 20
      vertex -37.735 -22.4558 20
    endloop
  endfacet
  facet normal 0.750925 0.433572 -0.498122
    outer loop
      vertex -35.8451 -26.043 19.7267
      vertex -37.735 -22.4558 20
      vertex -36.1838 -25.1424 20
    endloop
  endfacet
  facet normal 0.750941 0.433571 -0.4981
    outer loop
      vertex -35.8451 -26.043 19.7267
      vertex -36.1838 -25.1424 20
      vertex -35.7174 -25.9502 20
    endloop
  endfacet
  facet normal 0.751073 0.43363 -0.49785
    outer loop
      vertex -37.735 -22.4558 20
      vertex -35.8451 -26.043 19.7267
      vertex -40.4764 -18.0213 19.7267
    endloop
  endfacet
  facet normal 0.303694 0.273377 -0.912707
    outer loop
      vertex -12.125 -8.80933 46.1262
      vertex -16.3102 -14.4627 43.0403
      vertex -16.242 -14.037 43.1905
    endloop
  endfacet
  facet normal 0.303661 0.273403 -0.912711
    outer loop
      vertex -16.3102 -14.4627 43.0403
      vertex -16.2264 -18.0213 42.0022
      vertex -16.7812 -17.4051 42.0022
    endloop
  endfacet
  facet normal 0.303662 0.273403 -0.91271
    outer loop
      vertex -16.3102 -14.4627 43.0403
      vertex -12.125 -8.80933 46.1262
      vertex -16.2264 -18.0213 42.0022
    endloop
  endfacet
  facet normal 0.303632 0.27347 -0.9127
    outer loop
      vertex -19.6187 -14.2538 42.0022
      vertex -16.242 -14.037 43.1905
      vertex -19.5099 -14.3746 42.0022
    endloop
  endfacet
  facet normal 0.303639 0.273423 -0.912712
    outer loop
      vertex -16.242 -14.037 43.1905
      vertex -19.6187 -14.2538 42.0022
      vertex -12.125 -8.80933 46.1262
    endloop
  endfacet
  facet normal 0.388598 0.126262 -0.912715
    outer loop
      vertex -13.6916 -6.09589 46.1262
      vertex -22.9201 -4.87182 42.3664
      vertex -14.6598 -3.11604 46.1262
    endloop
  endfacet
  facet normal 0.388614 0.126509 -0.912674
    outer loop
      vertex -22.9201 -4.87182 42.3664
      vertex -13.6916 -6.09589 46.1262
      vertex -23.4166 -5.07376 42.127
    endloop
  endfacet
  facet normal 0.239934 0.538897 -0.807479
    outer loop
      vertex -12.125 -21.0011 42.0022
      vertex -10.0285 -30.8645 36.0425
      vertex -16.2264 -28.105 36.0425
    endloop
  endfacet
  facet normal 0 0.744974 -0.667093
    outer loop
      vertex 3.39224 -32.2751 36.0425
      vertex 0.148375 -34.8559 33.1604
      vertex -3.39224 -32.2751 36.0425
    endloop
  endfacet
  facet normal 9.09648e-06 0.744969 -0.667099
    outer loop
      vertex 4.10142 -39.0224 28.5076
      vertex 0.148375 -34.8559 33.1604
      vertex 3.39224 -32.2751 36.0425
    endloop
  endfacet
  facet normal -1.35267e-05 0.74496 -0.66711
    outer loop
      vertex 0.148375 -34.8559 33.1604
      vertex 4.10142 -39.0224 28.5076
      vertex 0.00257275 -35.1687 32.8111
    endloop
  endfacet
  facet normal 0 0.744966 -0.667102
    outer loop
      vertex -1.75031 -39.0224 28.5076
      vertex 0.00257275 -35.1687 32.8111
      vertex 4.10142 -39.0224 28.5076
    endloop
  endfacet
  facet normal -5.38609e-05 0.744977 -0.66709
    outer loop
      vertex 0.00257275 -35.1687 32.8111
      vertex -1.75031 -39.0224 28.5076
      vertex -1.78014 -38.9933 28.5401
    endloop
  endfacet
  facet normal -6.30461e-06 0.74497 -0.667098
    outer loop
      vertex -2.85008 -36.7185 31.0804
      vertex -3.39224 -32.2751 36.0425
      vertex 0.148375 -34.8559 33.1604
    endloop
  endfacet
  facet normal 4.19168e-05 0.744973 -0.667095
    outer loop
      vertex -3.06215 -36.8503 30.9332
      vertex -3.39224 -32.2751 36.0425
      vertex -2.85008 -36.7185 31.0804
    endloop
  endfacet
  facet normal -9.02472e-07 0.744972 -0.667096
    outer loop
      vertex -3.39224 -32.2751 36.0425
      vertex -3.06215 -36.8503 30.9332
      vertex -3.97568 -37.826 29.8436
    endloop
  endfacet
  facet normal 0.824778 0.26797 -0.497929
    outer loop
      vertex -39.7252 -14.487 22.8731
      vertex -40.2037 -8.54556 25.278
      vertex -38.3799 -8.1579 28.5076
    endloop
  endfacet
  facet normal 0.824762 0.26798 -0.49795
    outer loop
      vertex -41.1627 -10.1252 22.8395
      vertex -42.0321 -12.7257 20
      vertex -42.6952 -10.4357 20.1341
    endloop
  endfacet
  facet normal 0.824767 0.267975 -0.497945
    outer loop
      vertex -40.2037 -8.54556 25.278
      vertex -39.7252 -14.487 22.8731
      vertex -41.0459 -10.2176 22.9832
    endloop
  endfacet
  facet normal 0.824763 0.267974 -0.497951
    outer loop
      vertex -41.0459 -10.2176 22.9832
      vertex -39.7252 -14.487 22.8731
      vertex -42.0321 -12.7257 20
    endloop
  endfacet
  facet normal 0.824756 0.267999 -0.497949
    outer loop
      vertex -42.6952 -10.4357 20.1341
      vertex -42.2178 -9.29045 21.5412
      vertex -41.1627 -10.1252 22.8395
    endloop
  endfacet
  facet normal 0.824721 0.268035 -0.497988
    outer loop
      vertex -42.0321 -12.7257 20
      vertex -41.1627 -10.1252 22.8395
      vertex -41.0459 -10.2176 22.9832
    endloop
  endfacet
  facet normal 0.824775 0.267971 -0.497933
    outer loop
      vertex -42.2178 -9.29045 21.5412
      vertex -42.6952 -10.4357 20.1341
      vertex -42.9043 -10.0413 20
    endloop
  endfacet
  facet normal 0.824761 0.267999 -0.497941
    outer loop
      vertex -42.9043 -10.0413 20
      vertex -42.3696 -9.00593 21.4429
      vertex -42.2178 -9.29045 21.5412
    endloop
  endfacet
  facet normal 0.824802 0.267933 -0.497908
    outer loop
      vertex -42.3696 -9.00593 21.4429
      vertex -42.9043 -10.0413 20
      vertex -43.3387 -9.21193 19.7267
    endloop
  endfacet
  facet normal 0.824993 0.268181 -0.49746
    outer loop
      vertex -42.7771 -10.4326 20
      vertex -43.3387 -9.21193 19.7267
      vertex -42.9043 -10.0413 20
    endloop
  endfacet
  facet normal 0.824944 0.268014 -0.497629
    outer loop
      vertex -42.0321 -12.7257 20
      vertex -42.7771 -10.4326 20
      vertex -42.6952 -10.4357 20.1341
    endloop
  endfacet
  facet normal 0.82475 0.267951 -0.497986
    outer loop
      vertex -42.0321 -12.7257 20
      vertex -43.3387 -9.21193 19.7267
      vertex -42.7771 -10.4326 20
    endloop
  endfacet
  facet normal 0.824829 0.268004 -0.497827
    outer loop
      vertex -40.4764 -18.0213 19.7267
      vertex -42.0321 -12.7257 20
      vertex -40.4112 -17.7143 20
    endloop
  endfacet
  facet normal 0.824865 0.268011 -0.497762
    outer loop
      vertex -42.0321 -12.7257 20
      vertex -40.4764 -18.0213 19.7267
      vertex -43.3387 -9.21193 19.7267
    endloop
  endfacet
  facet normal 0.740856 0.0778812 -0.667133
    outer loop
      vertex -38.3799 -8.1579 28.5076
      vertex -38.375 -2.76251 29.1429
      vertex -37.872 -3.25836 29.6436
    endloop
  endfacet
  facet normal 0.740914 0.0778737 -0.66707
    outer loop
      vertex -38.375 -2.76251 29.1429
      vertex -38.3799 -8.1579 28.5076
      vertex -39.0131 -2.13345 28.5076
    endloop
  endfacet
  facet normal 0.740883 0.077872 -0.667105
    outer loop
      vertex -38.3799 -8.1579 28.5076
      vertex -37.872 -3.25836 29.6436
      vertex -35.8882 -4.72837 31.6752
    endloop
  endfacet
  facet normal 0.989133 -0.103958 -0.103964
    outer loop
      vertex -47.4402 10.0837 0
      vertex -46.4035 9.86336 10.0837
      vertex -48.5 0 0
    endloop
  endfacet
  facet normal -0.904982 0.294043 -0.307483
    outer loop
      vertex 43.3387 -9.21193 19.7267
      vertex 43.3387 -19.2957 10.0837
      vertex 40.4764 -18.0213 19.7267
    endloop
  endfacet
  facet normal -0.904978 0.29405 -0.30749
    outer loop
      vertex 43.3387 -9.21193 19.7267
      vertex 46.4035 -9.86336 10.0837
      vertex 43.3387 -19.2957 10.0837
    endloop
  endfacet
  facet normal 0.387033 0.869285 -0.307488
    outer loop
      vertex -13.6916 -42.1384 19.7267
      vertex -14.6598 -45.1183 10.0837
      vertex -22.1535 -38.3709 19.7267
    endloop
  endfacet
  facet normal 0.38703 0.869286 -0.30749
    outer loop
      vertex -22.1535 -38.3709 19.7267
      vertex -14.6598 -45.1183 10.0837
      vertex -23.7201 -41.0844 10.0837
    endloop
  endfacet
  facet normal 0.206788 0.972847 -0.103959
    outer loop
      vertex -4.95885 -47.1803 10.0837
      vertex -5.06963 -48.2343 0
      vertex -14.9873 -46.1262 0
    endloop
  endfacet
  facet normal -0.584601 0.804633 -0.103957
    outer loop
      vertex 31.7437 -35.2549 10.0837
      vertex 24.25 -42.0022 0
      vertex 23.7201 -41.0844 10.0837
    endloop
  endfacet
  facet normal 0 0.951551 -0.30749
    outer loop
      vertex 4.95885 -47.1803 10.0837
      vertex -4.63134 -44.0642 19.7267
      vertex 4.63134 -44.0642 19.7267
    endloop
  endfacet
  facet normal 0 0.951551 -0.30749
    outer loop
      vertex -4.63134 -44.0642 19.7267
      vertex 4.95885 -47.1803 10.0837
      vertex -4.95885 -47.1803 10.0837
    endloop
  endfacet
  facet normal -0.509735 0.701591 -0.497937
    outer loop
      vertex 28.8717 -32.0653 21.7339
      vertex 29.6471 -32.9265 19.7267
      vertex 26.7801 -33.2278 22.2371
    endloop
  endfacet
  facet normal -0.707139 0.636718 -0.307481
    outer loop
      vertex 35.8451 -26.043 19.7267
      vertex 38.3799 -27.8846 10.0837
      vertex 29.6471 -32.9265 19.7267
    endloop
  endfacet
  facet normal 0.122853 0.169092 -0.977914
    outer loop
      vertex -3.39224 -3.76747 48.2343
      vertex -2.53481 -4.39043 48.2343
      vertex -7.49366 -12.9794 46.1262
    endloop
  endfacet
  facet normal -0.644888 -0.373016 -0.667067
    outer loop
      vertex 33.8108 15.1536 30.9248
      vertex 35.8451 15.9593 28.5076
      vertex 34.0466 15.1585 30.6941
    endloop
  endfacet
  facet normal -0.645163 -0.372493 -0.667093
    outer loop
      vertex 26.2549 19.0753 36.0425
      vertex 33.8108 15.1536 30.9248
      vertex 28.2392 15.7255 35.9939
    endloop
  endfacet
  facet normal -0.644752 -0.372241 -0.667631
    outer loop
      vertex 26.2549 19.0753 36.0425
      vertex 28.2392 15.7255 35.9939
      vertex 28.1857 15.731 36.0425
    endloop
  endfacet
  facet normal -0.645161 -0.372463 -0.667112
    outer loop
      vertex 33.8108 15.1536 30.9248
      vertex 26.2549 19.0753 36.0425
      vertex 35.8451 15.9593 28.5076
    endloop
  endfacet
  facet normal -0.741557 0.0771288 -0.666442
    outer loop
      vertex 38.3608 -8.13157 28.5319
      vertex 38.3799 -8.1579 28.5076
      vertex 38.3515 -8.15186 28.5399
    endloop
  endfacet
  facet normal -0.740893 0.0778673 -0.667093
    outer loop
      vertex 32.4528 0 36.0425
      vertex 34.2929 -2.53269 33.7032
      vertex 32.0616 -3.7222 36.0425
    endloop
  endfacet
  facet normal -0.740831 0.0777742 -0.667174
    outer loop
      vertex 33.9386 -7.21387 33.5504
      vertex 34.6657 -6.04745 32.879
      vertex 34.9316 -5.87369 32.604
    endloop
  endfacet
  facet normal -0.740858 0.0778107 -0.66714
    outer loop
      vertex 34.6657 -6.04745 32.879
      vertex 33.9386 -7.21387 33.5504
      vertex 33.1403 -7.0442 34.4567
    endloop
  endfacet
  facet normal -0.741011 0.0779923 -0.666948
    outer loop
      vertex 38.3892 -8.06954 28.5076
      vertex 38.3799 -8.1579 28.5076
      vertex 38.3608 -8.13157 28.5319
    endloop
  endfacet
  facet normal -0.740877 0.0779196 -0.667105
    outer loop
      vertex 36.301 -1.33938 31.6123
      vertex 32.4528 0 36.0425
      vertex 37.5945 0 30.3322
    endloop
  endfacet
  facet normal -0.740893 0.0778485 -0.667097
    outer loop
      vertex 36.0566 -1.59248 31.8542
      vertex 32.4528 0 36.0425
      vertex 36.301 -1.33938 31.6123
    endloop
  endfacet
  facet normal -0.740884 0.0778821 -0.667102
    outer loop
      vertex 32.4528 0 36.0425
      vertex 36.0566 -1.59248 31.8542
      vertex 34.2929 -2.53269 33.7032
    endloop
  endfacet
  facet normal 0.438382 -0.394726 -0.807473
    outer loop
      vertex -23.3489 22.3027 36.0425
      vertex -18.1246 18.2208 40.8742
      vertex -26.2549 19.0753 36.0425
    endloop
  endfacet
  facet normal 0.0850126 -0.190939 -0.977914
    outer loop
      vertex -4.63134 14.2538 46.1262
      vertex -1.5666 4.8215 48.2343
      vertex -7.49366 12.9794 46.1262
    endloop
  endfacet
  facet normal 0.303657 0.273406 -0.912711
    outer loop
      vertex -12.125 -8.80933 46.1262
      vertex -10.0285 -11.1378 46.1262
      vertex -16.2264 -18.0213 42.0022
    endloop
  endfacet
  facet normal 0.86133 -0.497294 -0.103966
    outer loop
      vertex -39.2373 28.5076 0
      vertex -43.3387 19.2957 10.0837
      vertex -44.307 19.7267 0
    endloop
  endfacet
  facet normal 0.861333 0.49729 -0.103962
    outer loop
      vertex -38.3799 -27.8846 10.0837
      vertex -39.2373 -28.5076 0
      vertex -43.3387 -19.2957 10.0837
    endloop
  endfacet
  facet normal 0.945902 0.307342 -0.103968
    outer loop
      vertex -43.3387 -19.2957 10.0837
      vertex -44.307 -19.7267 0
      vertex -47.4402 -10.0837 0
    endloop
  endfacet
  facet normal 0.584601 -0.804633 -0.103957
    outer loop
      vertex -24.25 42.0022 0
      vertex -23.7201 41.0844 10.0837
      vertex -31.7437 35.2549 10.0837
    endloop
  endfacet
  facet normal 0.206788 -0.972847 -0.103959
    outer loop
      vertex -5.06963 48.2343 0
      vertex -4.95885 47.1803 10.0837
      vertex -14.9873 46.1262 0
    endloop
  endfacet
  facet normal 0.404532 -0.908596 -0.103957
    outer loop
      vertex -14.6598 45.1183 10.0837
      vertex -23.7201 41.0844 10.0837
      vertex -24.25 42.0022 0
    endloop
  endfacet
  facet normal 0.824071 -0.475774 -0.307484
    outer loop
      vertex -35.8451 26.043 19.7267
      vertex -40.4764 18.0213 19.7267
      vertex -43.3387 19.2957 10.0837
    endloop
  endfacet
  facet normal 0.751026 -0.433581 -0.497963
    outer loop
      vertex -40.4764 18.0213 19.7267
      vertex -34.8226 22.7522 24.1345
      vertex -32.7175 22.5008 27.5283
    endloop
  endfacet
  facet normal 0.751026 -0.433585 -0.49796
    outer loop
      vertex -34.8226 22.7522 24.1345
      vertex -40.4764 18.0213 19.7267
      vertex -39.602 19.222 20
    endloop
  endfacet
  facet normal 0.750944 -0.433566 -0.498099
    outer loop
      vertex -39.602 19.222 20
      vertex -35.8451 26.043 19.7267
      vertex -35.7174 25.9502 20
    endloop
  endfacet
  facet normal 0.75105 -0.433616 -0.497897
    outer loop
      vertex -35.8451 26.043 19.7267
      vertex -39.602 19.222 20
      vertex -40.4764 18.0213 19.7267
    endloop
  endfacet
  facet normal 0.862474 0.0907416 -0.497901
    outer loop
      vertex -44.307 0 19.7267
      vertex -43.4468 -1.18386 21.001
      vertex -44.0593 -0.854719 20
    endloop
  endfacet
  facet normal 0.862336 0.0906185 -0.498161
    outer loop
      vertex -43.5585 -5.62039 20
      vertex -44.307 0 19.7267
      vertex -44.0593 -0.854719 20
    endloop
  endfacet
  facet normal 0.862554 0.0906662 -0.497775
    outer loop
      vertex -43.5585 -5.62039 20
      vertex -43.3387 -9.21193 19.7267
      vertex -44.307 0 19.7267
    endloop
  endfacet
  facet normal 0.862478 0.0906715 -0.497906
    outer loop
      vertex -42.4492 -8.77921 21.3463
      vertex -43.3387 -9.21193 19.7267
      vertex -43.5585 -5.62039 20
    endloop
  endfacet
  facet normal 0.862479 0.0906654 -0.497905
    outer loop
      vertex -43.3387 -9.21193 19.7267
      vertex -42.4492 -8.77921 21.3463
      vertex -42.3696 -9.00593 21.4429
    endloop
  endfacet
  facet normal 0.862469 0.0906343 -0.497928
    outer loop
      vertex -39.2377 -6.97722 27.2367
      vertex -38.3799 -8.1579 28.5076
      vertex -40.2037 -8.54556 25.278
    endloop
  endfacet
  facet normal -0.239932 -0.538897 -0.807479
    outer loop
      vertex 7.49366 23.0631 42.0022
      vertex 11.1501 25.5875 39.231
      vertex 12.125 21.0011 42.0022
    endloop
  endfacet
  facet normal -0.240093 -0.53881 -0.807489
    outer loop
      vertex 7.49366 23.0631 42.0022
      vertex 8.83923 25.6534 39.8737
      vertex 8.8808 25.4417 40.0026
    endloop
  endfacet
  facet normal -0.239886 -0.538912 -0.807483
    outer loop
      vertex 8.83923 25.6534 39.8737
      vertex 7.49366 23.0631 42.0022
      vertex 8.64936 26.62 39.285
    endloop
  endfacet
  facet normal -0.239933 -0.538895 -0.80748
    outer loop
      vertex 11.1501 25.5875 39.231
      vertex 7.49366 23.0631 42.0022
      vertex 8.8808 25.4417 40.0026
    endloop
  endfacet
  facet normal 0.553613 -0.498487 -0.667101
    outer loop
      vertex -26.2549 23.5998 32.6616
      vertex -26.2549 19.0753 36.0425
      vertex -31.2809 22.7269 29.1429
    endloop
  endfacet
  facet normal -0.559307 -0.769822 -0.30749
    outer loop
      vertex 23.7201 41.0844 10.0837
      vertex 29.6471 32.9265 19.7267
      vertex 22.1535 38.3709 19.7267
    endloop
  endfacet
  facet normal -0.584601 -0.804633 -0.103957
    outer loop
      vertex 24.25 42.0022 0
      vertex 31.7437 35.2549 10.0837
      vertex 23.7201 41.0844 10.0837
    endloop
  endfacet
  facet normal -0.824071 -0.475774 -0.307484
    outer loop
      vertex 43.3387 19.2957 10.0837
      vertex 40.4764 18.0213 19.7267
      vertex 35.8451 26.043 19.7267
    endloop
  endfacet
  facet normal -0.82407 -0.475777 -0.307481
    outer loop
      vertex 38.3799 27.8846 10.0837
      vertex 43.3387 19.2957 10.0837
      vertex 35.8451 26.043 19.7267
    endloop
  endfacet
  facet normal -0.438402 -0.394704 -0.807473
    outer loop
      vertex 26.2549 19.0753 36.0425
      vertex 24.8585 18.0607 37.2966
      vertex 23.7678 18.8139 37.5206
    endloop
  endfacet
  facet normal -0.510883 -0.294943 -0.807469
    outer loop
      vertex 26.2549 19.0753 36.0425
      vertex 25.5557 17.5049 37.0585
      vertex 24.8585 18.0607 37.2966
    endloop
  endfacet
  facet normal 0.166196 -0.373278 -0.912712
    outer loop
      vertex -7.49366 23.0631 42.0022
      vertex -4.63134 14.2538 46.1262
      vertex -7.49366 12.9794 46.1262
    endloop
  endfacet
  facet normal -0.122853 0.169092 -0.977914
    outer loop
      vertex 3.39224 -3.76747 48.2343
      vertex 7.49366 -12.9794 46.1262
      vertex 2.53481 -4.39043 48.2343
    endloop
  endfacet
  facet normal 0.198781 -0.0645869 -0.977913
    outer loop
      vertex -13.6916 6.09589 46.1262
      vertex -4.95885 1.05404 48.2343
      vertex -14.6598 3.11604 46.1262
    endloop
  endfacet
  facet normal 0.0850112 -0.19094 -0.977914
    outer loop
      vertex -1.5666 4.8215 48.2343
      vertex -2.53481 4.39043 48.2343
      vertex -7.49366 12.9794 46.1262
    endloop
  endfacet
  facet normal -0.0849498 -0.399676 -0.912712
    outer loop
      vertex 7.49366 23.0631 42.0022
      vertex 4.63134 14.2538 46.1262
      vertex 1.5666 14.9052 46.1262
    endloop
  endfacet
  facet normal 0.0434536 0.204443 -0.977914
    outer loop
      vertex -1.5666 -4.8215 48.2343
      vertex -1.5666 -14.9052 46.1262
      vertex -4.63134 -14.2538 46.1262
    endloop
  endfacet
  facet normal 0.35386 0.2043 -0.912713
    outer loop
      vertex -12.125 -8.80933 46.1262
      vertex -19.6187 -14.2538 42.0022
      vertex -22.1535 -9.86336 42.0022
    endloop
  endfacet
  facet normal 0.122657 0.577007 -0.807477
    outer loop
      vertex -3.39224 -32.2751 36.0425
      vertex -9.04566 -30.4149 36.513
      vertex -7.49366 -23.0631 42.0022
    endloop
  endfacet
  facet normal 0.12261 0.576887 -0.807569
    outer loop
      vertex -3.39224 -32.2751 36.0425
      vertex -9.13107 -30.9168 36.1415
      vertex -9.04566 -30.4149 36.513
    endloop
  endfacet
  facet normal 0.122714 0.577304 -0.807256
    outer loop
      vertex -9.13107 -30.9168 36.1415
      vertex -3.39224 -32.2751 36.0425
      vertex -9.15381 -31.0504 36.0425
    endloop
  endfacet
  facet normal 0.12253 0.577105 -0.807426
    outer loop
      vertex -10.0285 -30.8645 36.0425
      vertex -9.04566 -30.4149 36.513
      vertex -9.83351 -30.9059 36.0425
    endloop
  endfacet
  facet normal 0.122593 0.57702 -0.807477
    outer loop
      vertex -9.04566 -30.4149 36.513
      vertex -10.0285 -30.8645 36.0425
      vertex -7.49366 -23.0631 42.0022
    endloop
  endfacet
  facet normal -0.0850126 -0.190939 -0.977914
    outer loop
      vertex 4.63134 14.2538 46.1262
      vertex 7.49366 12.9794 46.1262
      vertex 1.5666 4.8215 48.2343
    endloop
  endfacet
  facet normal 0.406322 -0.042782 -0.912728
    outer loop
      vertex -15.5224 3.29938 45.7336
      vertex -14.6598 3.11604 46.1262
      vertex -15.5448 2.82849 45.7457
    endloop
  endfacet
  facet normal -0.181008 -0.104505 -0.977913
    outer loop
      vertex 4.10142 2.97985 48.2343
      vertex 11.4984 5.11943 46.6365
      vertex 4.63134 2.062 48.2343
    endloop
  endfacet
  facet normal -0.181079 -0.10427 -0.977926
    outer loop
      vertex 11.4984 5.11943 46.6365
      vertex 4.10142 2.97985 48.2343
      vertex 11.4796 5.37717 46.6125
    endloop
  endfacet
  facet normal -0.0849579 0.399671 -0.912713
    outer loop
      vertex 7.49366 -23.0631 42.0022
      vertex 2.53481 -24.1172 42.0022
      vertex 1.5666 -14.9052 46.1262
    endloop
  endfacet
  facet normal -0.154869 0.728689 -0.667104
    outer loop
      vertex 10.0285 -30.8645 36.0425
      vertex 10.4835 -32.2648 34.4073
      vertex 9.30119 -32.3306 34.6099
    endloop
  endfacet
  facet normal -0.154917 0.728696 -0.667085
    outer loop
      vertex 4.10142 -39.0224 28.5076
      vertex 9.30119 -32.3306 34.6099
      vertex 5.94609 -37.9582 29.2417
    endloop
  endfacet
  facet normal -0.154854 0.72864 -0.667162
    outer loop
      vertex 4.10142 -39.0224 28.5076
      vertex 5.94609 -37.9582 29.2417
      vertex 5.71774 -38.3413 28.8763
    endloop
  endfacet
  facet normal -0.154913 0.728695 -0.667088
    outer loop
      vertex 9.30119 -32.3306 34.6099
      vertex 4.10142 -39.0224 28.5076
      vertex 10.0285 -30.8645 36.0425
    endloop
  endfacet
  facet normal -0.154898 0.728702 -0.667084
    outer loop
      vertex 4.10142 -39.0224 28.5076
      vertex 5.71774 -38.3413 28.8763
      vertex 7.42131 -38.3167 28.5076
    endloop
  endfacet
  facet normal -0.561021 0.182314 -0.807475
    outer loop
      vertex 25.0726 -8.9149 40.1882
      vertex 23.8268 -10.6084 40.6714
      vertex 22.1535 -9.86336 42.0022
    endloop
  endfacet
  facet normal -0.561036 0.182301 -0.807468
    outer loop
      vertex 30.2278 -11.4126 36.0425
      vertex 30.0514 -8.70967 36.7753
      vertex 31.2979 -8.11933 36.0425
    endloop
  endfacet
  facet normal -0.561007 0.182315 -0.807485
    outer loop
      vertex 29.6422 -8.91704 37.0128
      vertex 30.2278 -11.4126 36.0425
      vertex 30.0305 -11.6056 36.136
    endloop
  endfacet
  facet normal -0.561038 0.1823 -0.807467
    outer loop
      vertex 30.2278 -11.4126 36.0425
      vertex 29.6422 -8.91704 37.0128
      vertex 30.0514 -8.70967 36.7753
    endloop
  endfacet
  facet normal -0.561057 0.182297 -0.807454
    outer loop
      vertex 28.2969 -12.5986 37.1164
      vertex 29.6422 -8.91704 37.0128
      vertex 30.0305 -11.6056 36.136
    endloop
  endfacet
  facet normal -0.561026 0.182285 -0.807478
    outer loop
      vertex 29.6422 -8.91704 37.0128
      vertex 28.2969 -12.5986 37.1164
      vertex 25.1455 -11.1955 39.6227
    endloop
  endfacet
  facet normal -0.353859 0.204308 -0.912711
    outer loop
      vertex 12.125 -8.80933 46.1262
      vertex 15.3717 -6.84394 45.3074
      vertex 22.1535 -9.86336 42.0022
    endloop
  endfacet
  facet normal -0.353859 0.204308 -0.912711
    outer loop
      vertex 15.3717 -6.84394 45.3074
      vertex 12.125 -8.80933 46.1262
      vertex 13.3834 -6.6298 46.1262
    endloop
  endfacet
  facet normal -0.406401 0.0427126 -0.912696
    outer loop
      vertex 24.0511 -1.89247 42.0022
      vertex 23.7201 -5.04186 42.0022
      vertex 22.1758 -4.7136 42.7052
    endloop
  endfacet
  facet normal 0.707143 0.63671 -0.307488
    outer loop
      vertex -29.6471 -32.9265 19.7267
      vertex -31.7437 -35.2549 10.0837
      vertex -38.3799 -27.8846 10.0837
    endloop
  endfacet
  facet normal -0.180076 0.848395 -0.497794
    outer loop
      vertex 13.6428 -41.9884 20
      vertex 13.6916 -42.1384 19.7267
      vertex 13.3931 -42.0414 20
    endloop
  endfacet
  facet normal -0.180309 0.848257 -0.497944
    outer loop
      vertex 8.40463 -40.4206 24.5675
      vertex 7.42131 -38.3167 28.5076
      vertex 12.3508 -38.0118 27.242
    endloop
  endfacet
  facet normal -0.180312 0.848256 -0.497944
    outer loop
      vertex 7.42131 -38.3167 28.5076
      vertex 8.40463 -40.4206 24.5675
      vertex 4.10142 -39.0224 28.5076
    endloop
  endfacet
  facet normal -0.180302 0.848254 -0.497952
    outer loop
      vertex 8.40463 -40.4206 24.5675
      vertex 12.3508 -38.0118 27.242
      vertex 12.9423 -39.8322 23.9268
    endloop
  endfacet
  facet normal -0.122648 0.577005 -0.80748
    outer loop
      vertex 7.49366 -23.0631 42.0022
      vertex 10.0285 -30.8645 36.0425
      vertex 3.39224 -32.2751 36.0425
    endloop
  endfacet
  facet normal -0.0850126 0.190939 -0.977914
    outer loop
      vertex 7.49366 -12.9794 46.1262
      vertex 4.63134 -14.2538 46.1262
      vertex 1.5666 -4.8215 48.2343
    endloop
  endfacet
  facet normal 0.166194 0.373278 -0.912712
    outer loop
      vertex -7.49366 -12.9794 46.1262
      vertex -7.49366 -23.0631 42.0022
      vertex -12.125 -21.0011 42.0022
    endloop
  endfacet
  facet normal 0.824807 0.268028 -0.497849
    outer loop
      vertex -40.4112 -17.7143 20
      vertex -40.3323 -17.9571 20
      vertex -40.4764 -18.0213 19.7267
    endloop
  endfacet
  facet normal 0.824761 0.267987 -0.497949
    outer loop
      vertex -39.0737 -14.5393 23.9241
      vertex -38.3799 -8.1579 28.5076
      vertex -37.2964 -11.4925 28.5076
    endloop
  endfacet
  facet normal 0.824775 0.267973 -0.497932
    outer loop
      vertex -38.3799 -8.1579 28.5076
      vertex -39.0737 -14.5393 23.9241
      vertex -39.7252 -14.487 22.8731
    endloop
  endfacet
  facet normal 0.824743 0.268123 -0.497904
    outer loop
      vertex -39.7252 -14.487 22.8731
      vertex -39.0737 -14.5393 23.9241
      vertex -39.2533 -14.8472 23.4608
    endloop
  endfacet
  facet normal 0.708503 0.2302 -0.667106
    outer loop
      vertex -34.0476 -11.922 31.8099
      vertex -32.8471 -6.98187 34.7896
      vertex -32.0743 -7.49004 35.435
    endloop
  endfacet
  facet normal 0.708505 0.230205 -0.667103
    outer loop
      vertex -32.8471 -6.98187 34.7896
      vertex -36.3242 -10.7891 29.7829
      vertex -38.3799 -8.1579 28.5076
    endloop
  endfacet
  facet normal 0.708567 0.230303 -0.667003
    outer loop
      vertex -38.3799 -8.1579 28.5076
      vertex -36.3242 -10.7891 29.7829
      vertex -36.6246 -10.6396 29.5154
    endloop
  endfacet
  facet normal 0.708512 0.230194 -0.6671
    outer loop
      vertex -32.8471 -6.98187 34.7896
      vertex -34.0476 -11.922 31.8099
      vertex -36.3242 -10.7891 29.7829
    endloop
  endfacet
  facet normal 0.708497 0.230209 -0.66711
    outer loop
      vertex -38.3799 -8.1579 28.5076
      vertex -36.6246 -10.6396 29.5154
      vertex -37.2964 -11.4925 28.5076
    endloop
  endfacet
  facet normal 0.946338 -0.099466 -0.307491
    outer loop
      vertex -46.4035 9.86336 10.0837
      vertex -43.3387 9.21193 19.7267
      vertex -47.4402 0 10.0837
    endloop
  endfacet
  facet normal 0.904978 -0.29405 -0.30749
    outer loop
      vertex -43.3387 19.2957 10.0837
      vertex -43.3387 9.21193 19.7267
      vertex -46.4035 9.86336 10.0837
    endloop
  endfacet
  facet normal -0.946338 0.099466 -0.307491
    outer loop
      vertex 47.4402 0 10.0837
      vertex 46.4035 -9.86336 10.0837
      vertex 43.3387 -9.21193 19.7267
    endloop
  endfacet
  facet normal 0.352734 0.79226 -0.497898
    outer loop
      vertex -13.8761 -41.8845 20
      vertex -13.6916 -42.1384 19.7267
      vertex -16.4229 -40.7506 20
    endloop
  endfacet
  facet normal 0.352694 0.792239 -0.49796
    outer loop
      vertex -15.651 -40.6341 20.7322
      vertex -16.1077 -38.8129 23.3062
      vertex -14.6523 -40.8161 21.15
    endloop
  endfacet
  facet normal 0.352762 0.792223 -0.497937
    outer loop
      vertex -16.3768 -40.5018 20.4285
      vertex -16.1077 -38.8129 23.3062
      vertex -15.651 -40.6341 20.7322
    endloop
  endfacet
  facet normal 0.352725 0.792237 -0.497942
    outer loop
      vertex -16.1077 -38.8129 23.3062
      vertex -16.3768 -40.5018 20.4285
      vertex -21.8315 -37.8132 20.8422
    endloop
  endfacet
  facet normal 0.352724 0.792236 -0.497944
    outer loop
      vertex -16.4229 -40.7506 20
      vertex -21.8315 -37.8132 20.8422
      vertex -16.3768 -40.5018 20.4285
    endloop
  endfacet
  facet normal 0.352738 0.792251 -0.497911
    outer loop
      vertex -16.4229 -40.7506 20
      vertex -22.1535 -38.3709 19.7267
      vertex -21.8315 -37.8132 20.8422
    endloop
  endfacet
  facet normal 0.352746 0.792277 -0.497863
    outer loop
      vertex -22.1535 -38.3709 19.7267
      vertex -16.4229 -40.7506 20
      vertex -13.6916 -42.1384 19.7267
    endloop
  endfacet
  facet normal 0.352751 0.792235 -0.497926
    outer loop
      vertex -19.6187 -33.9805 28.5076
      vertex -19.1368 -34.6437 27.7938
      vertex -19.9259 -34.5127 27.4432
    endloop
  endfacet
  facet normal 0.352832 0.792259 -0.49783
    outer loop
      vertex -13.6428 -41.9884 20
      vertex -13.6916 -42.1384 19.7267
      vertex -13.8761 -41.8845 20
    endloop
  endfacet
  facet normal 0.352722 0.792224 -0.497964
    outer loop
      vertex -18.4984 -34.7497 28.0774
      vertex -19.6187 -33.9805 28.5076
      vertex -18.1343 -34.6414 28.5076
    endloop
  endfacet
  facet normal 0.352742 0.792235 -0.497932
    outer loop
      vertex -19.6187 -33.9805 28.5076
      vertex -18.4984 -34.7497 28.0774
      vertex -19.1368 -34.6437 27.7938
    endloop
  endfacet
  facet normal 0.352743 0.79224 -0.497924
    outer loop
      vertex -14.6523 -40.8161 21.15
      vertex -16.0177 -38.8286 23.345
      vertex -15.1814 -38.9747 23.705
    endloop
  endfacet
  facet normal 0.352717 0.792238 -0.497946
    outer loop
      vertex -13.3397 -41.0553 21.6993
      vertex -15.1814 -38.9747 23.705
      vertex -12.2923 -37.8317 27.57
    endloop
  endfacet
  facet normal 0.352745 0.79224 -0.497923
    outer loop
      vertex -14.6523 -40.8161 21.15
      vertex -15.1814 -38.9747 23.705
      vertex -13.3397 -41.0553 21.6993
    endloop
  endfacet
  facet normal 0.352836 0.792237 -0.497863
    outer loop
      vertex -16.0177 -38.8286 23.345
      vertex -14.6523 -40.8161 21.15
      vertex -16.1077 -38.8129 23.3062
    endloop
  endfacet
  facet normal -0.206785 0.972848 -0.103955
    outer loop
      vertex 14.6598 -45.1183 10.0837
      vertex 14.9873 -46.1262 0
      vertex 4.95885 -47.1803 10.0837
    endloop
  endfacet
  facet normal -0.510882 0.294926 -0.807477
    outer loop
      vertex 23.8268 -10.6084 40.6714
      vertex 22.9525 -11.658 40.8412
      vertex 22.1535 -9.86336 42.0022
    endloop
  endfacet
  facet normal -0.510867 0.294946 -0.807479
    outer loop
      vertex 24.2841 -14.6488 38.9063
      vertex 25.1455 -11.1955 39.6227
      vertex 28.2969 -12.5986 37.1164
    endloop
  endfacet
  facet normal -0.510854 0.294945 -0.807487
    outer loop
      vertex 25.1455 -11.1955 39.6227
      vertex 24.2841 -14.6488 38.9063
      vertex 23.153 -12.1084 40.5498
    endloop
  endfacet
  facet normal -0.645138 0.372476 -0.667127
    outer loop
      vertex 34.3931 -15.3128 30.2727
      vertex 35.8451 -15.9593 28.5076
      vertex 33.7733 -16.6324 30.1353
    endloop
  endfacet
  facet normal -0.438367 -0.394821 -0.807435
    outer loop
      vertex 22.6534 19.5833 37.7494
      vertex 26.2549 19.0753 36.0425
      vertex 23.7678 18.8139 37.5206
    endloop
  endfacet
  facet normal -0.438434 -0.394711 -0.807452
    outer loop
      vertex 21.7152 24.1172 36.0425
      vertex 22.6534 19.5833 37.7494
      vertex 22.3151 19.8169 37.8189
    endloop
  endfacet
  facet normal -0.438375 -0.394711 -0.807484
    outer loop
      vertex 22.6534 19.5833 37.7494
      vertex 21.7152 24.1172 36.0425
      vertex 26.2549 19.0753 36.0425
    endloop
  endfacet
  facet normal -0.438387 -0.394714 -0.807476
    outer loop
      vertex 21.7152 24.1172 36.0425
      vertex 22.3151 19.8169 37.8189
      vertex 16.3511 18.1597 41.8669
    endloop
  endfacet
  facet normal -0.346615 -0.477074 -0.807625
    outer loop
      vertex 12.125 21.0011 42.0022
      vertex 16.3511 18.1597 41.8669
      vertex 16.1271 18.0934 42.0022
    endloop
  endfacet
  facet normal -0.346726 -0.477246 -0.807476
    outer loop
      vertex 16.3511 18.1597 41.8669
      vertex 12.125 21.0011 42.0022
      vertex 21.7152 24.1172 36.0425
    endloop
  endfacet
  facet normal -0.207853 0.021919 -0.977914
    outer loop
      vertex 4.95885 -1.05404 48.2343
      vertex 11.8939 -2.21733 46.7342
      vertex 11.9074 -2.531 46.7243
    endloop
  endfacet
  facet normal -0.207865 0.0218467 -0.977914
    outer loop
      vertex 11.8939 -2.21733 46.7342
      vertex 4.95885 -1.05404 48.2343
      vertex 5.06963 0 48.2343
    endloop
  endfacet
  facet normal -0.180308 -0.848257 -0.497944
    outer loop
      vertex 4.10142 39.0224 28.5076
      vertex 6.90199 40.2707 25.367
      vertex 6.92641 39.9403 25.921
    endloop
  endfacet
  facet normal -0.180295 -0.848265 -0.497936
    outer loop
      vertex 4.63134 44.0642 19.7267
      vertex 6.90199 40.2707 25.367
      vertex 4.10142 39.0224 28.5076
    endloop
  endfacet
  facet normal -0.180264 -0.848265 -0.497948
    outer loop
      vertex 6.90199 40.2707 25.367
      vertex 4.63134 44.0642 19.7267
      vertex 6.66545 43.4715 20
    endloop
  endfacet
  facet normal -0.180327 -0.848379 -0.49773
    outer loop
      vertex 13.6916 42.1384 19.7267
      vertex 6.66545 43.4715 20
      vertex 4.63134 44.0642 19.7267
    endloop
  endfacet
  facet normal -0.180309 -0.848231 -0.49799
    outer loop
      vertex 6.66545 43.4715 20
      vertex 13.6916 42.1384 19.7267
      vertex 13.3931 42.0414 20
    endloop
  endfacet
  facet normal -0.387033 -0.869285 -0.307488
    outer loop
      vertex 14.6598 45.1183 10.0837
      vertex 22.1535 38.3709 19.7267
      vertex 13.6916 42.1384 19.7267
    endloop
  endfacet
  facet normal 0.302966 -0.68059 -0.66709
    outer loop
      vertex -10.5819 32.5676 34.0536
      vertex -10.0285 30.8645 36.0425
      vertex -11.0269 31.1889 35.2581
    endloop
  endfacet
  facet normal 0.0849579 0.399671 -0.912713
    outer loop
      vertex -1.5666 -14.9052 46.1262
      vertex -2.53481 -24.1172 42.0022
      vertex -7.49366 -23.0631 42.0022
    endloop
  endfacet
  facet normal 0 0.408601 -0.912713
    outer loop
      vertex 2.53481 -24.1172 42.0022
      vertex -1.5666 -14.9052 46.1262
      vertex 1.5666 -14.9052 46.1262
    endloop
  endfacet
  facet normal 0 0.408601 -0.912713
    outer loop
      vertex -1.5666 -14.9052 46.1262
      vertex 2.53481 -24.1172 42.0022
      vertex -2.53481 -24.1172 42.0022
    endloop
  endfacet
  facet normal 0.945902 -0.307342 -0.103968
    outer loop
      vertex -44.307 19.7267 0
      vertex -43.3387 19.2957 10.0837
      vertex -47.4402 10.0837 0
    endloop
  endfacet
  facet normal 0 -0.994582 -0.103959
    outer loop
      vertex -5.06963 48.2343 0
      vertex 4.95885 47.1803 10.0837
      vertex -4.95885 47.1803 10.0837
    endloop
  endfacet
  facet normal 0 -0.994582 -0.103959
    outer loop
      vertex 4.95885 47.1803 10.0837
      vertex -5.06963 48.2343 0
      vertex 5.06963 48.2343 0
    endloop
  endfacet
  facet normal 0 -0.951551 -0.30749
    outer loop
      vertex -4.95885 47.1803 10.0837
      vertex 4.63134 44.0642 19.7267
      vertex -4.63134 44.0642 19.7267
    endloop
  endfacet
  facet normal 0 -0.951551 -0.30749
    outer loop
      vertex 4.63134 44.0642 19.7267
      vertex -4.95885 47.1803 10.0837
      vertex 4.95885 47.1803 10.0837
    endloop
  endfacet
  facet normal 0.64451 -0.580297 -0.497858
    outer loop
      vertex -29.6471 32.9265 19.7267
      vertex -29.5416 32.8092 20
      vertex -29.7124 32.6195 20
    endloop
  endfacet
  facet normal 0.206785 -0.972848 -0.103955
    outer loop
      vertex -4.95885 47.1803 10.0837
      vertex -14.6598 45.1183 10.0837
      vertex -14.9873 46.1262 0
    endloop
  endfacet
  facet normal 0.559307 -0.769822 -0.30749
    outer loop
      vertex -23.7201 41.0844 10.0837
      vertex -22.1535 38.3709 19.7267
      vertex -29.6471 32.9265 19.7267
    endloop
  endfacet
  facet normal 0.82407 -0.475777 -0.307481
    outer loop
      vertex -38.3799 27.8846 10.0837
      vertex -35.8451 26.043 19.7267
      vertex -43.3387 19.2957 10.0837
    endloop
  endfacet
  facet normal 0.645209 -0.372509 -0.66704
    outer loop
      vertex -29.6471 13.1998 36.0425
      vertex -27.8146 17.2378 35.56
      vertex -26.2549 19.0753 36.0425
    endloop
  endfacet
  facet normal 0.644947 -0.372426 -0.66734
    outer loop
      vertex -29.6471 13.1998 36.0425
      vertex -28.005 17.1188 35.4424
      vertex -27.8146 17.2378 35.56
    endloop
  endfacet
  facet normal 0.645167 -0.372481 -0.667096
    outer loop
      vertex -29.6471 13.1998 36.0425
      vertex -30.7706 15.3893 33.7334
      vertex -28.005 17.1188 35.4424
    endloop
  endfacet
  facet normal 0.645085 -0.37256 -0.667131
    outer loop
      vertex -29.6471 13.1998 36.0425
      vertex -31.1118 15.258 33.4768
      vertex -30.7706 15.3893 33.7334
    endloop
  endfacet
  facet normal 0.645151 -0.372485 -0.667109
    outer loop
      vertex -31.1118 15.258 33.4768
      vertex -29.6471 13.1998 36.0425
      vertex -32.8056 14.606 32.2028
    endloop
  endfacet
  facet normal 0.645178 -0.372469 -0.667093
    outer loop
      vertex -26.2549 19.0753 36.0425
      vertex -27.8146 17.2378 35.56
      vertex -28.4282 18.3691 34.3349
    endloop
  endfacet
  facet normal 0.645189 -0.372288 -0.667182
    outer loop
      vertex -28.5344 18.5648 34.123
      vertex -26.2549 19.0753 36.0425
      vertex -28.4282 18.3691 34.3349
    endloop
  endfacet
  facet normal 0.645185 -0.372324 -0.667167
    outer loop
      vertex -28.5815 18.6518 34.0289
      vertex -26.2549 19.0753 36.0425
      vertex -28.5344 18.5648 34.123
    endloop
  endfacet
  facet normal 0.645158 -0.372487 -0.667102
    outer loop
      vertex -28.5815 18.6518 34.0289
      vertex -31.2809 22.7269 29.1429
      vertex -26.2549 19.0753 36.0425
    endloop
  endfacet
  facet normal 0.645162 -0.372482 -0.6671
    outer loop
      vertex -28.5815 18.6518 34.0289
      vertex -32.0449 22.5414 28.5076
      vertex -31.2809 22.7269 29.1429
    endloop
  endfacet
  facet normal 0.645162 -0.372483 -0.6671
    outer loop
      vertex -32.0449 22.5414 28.5076
      vertex -28.5815 18.6518 34.0289
      vertex -35.3236 16.8625 28.5076
    endloop
  endfacet
  facet normal 0.708502 -0.230347 -0.667057
    outer loop
      vertex -29.6471 13.1998 36.0425
      vertex -32.0099 12.1732 33.8874
      vertex -31.9502 12.3325 33.8958
    endloop
  endfacet
  facet normal 0.708494 -0.230216 -0.667111
    outer loop
      vertex -30.8998 9.34459 36.0425
      vertex -32.0099 12.1732 33.8874
      vertex -29.6471 13.1998 36.0425
    endloop
  endfacet
  facet normal 0.70851 -0.230201 -0.667099
    outer loop
      vertex -32.0099 12.1732 33.8874
      vertex -30.8998 9.34459 36.0425
      vertex -32.8742 9.86603 33.7656
    endloop
  endfacet
  facet normal 0.708568 -0.230005 -0.667105
    outer loop
      vertex -32.8742 9.86603 33.7656
      vertex -30.8998 9.34459 36.0425
      vertex -33.0506 9.68283 33.6414
    endloop
  endfacet
  facet normal 0.708516 -0.230217 -0.667088
    outer loop
      vertex -33.0506 9.68283 33.6414
      vertex -30.8998 9.34459 36.0425
      vertex -32.1788 7.72472 35.2431
    endloop
  endfacet
  facet normal 0.708498 -0.230204 -0.667111
    outer loop
      vertex -31.9502 12.3325 33.8958
      vertex -32.8056 14.606 32.2028
      vertex -29.6471 13.1998 36.0425
    endloop
  endfacet
  facet normal 0.708509 -0.230194 -0.667102
    outer loop
      vertex -34.1124 12.0676 31.6908
      vertex -32.8056 14.606 32.2028
      vertex -31.9502 12.3325 33.8958
    endloop
  endfacet
  facet normal 0.708528 -0.230208 -0.667077
    outer loop
      vertex -32.8056 14.606 32.2028
      vertex -34.1124 12.0676 31.6908
      vertex -34.832 13.6839 30.3687
    endloop
  endfacet
  facet normal 0.708461 -0.230273 -0.667126
    outer loop
      vertex -32.1788 7.72472 35.2431
      vertex -33.2702 9.45481 33.4869
      vertex -33.0506 9.68283 33.6414
    endloop
  endfacet
  facet normal 0.708527 -0.23019 -0.667085
    outer loop
      vertex -32.7771 6.96699 34.8691
      vertex -33.2702 9.45481 33.4869
      vertex -32.1788 7.72472 35.2431
    endloop
  endfacet
  facet normal 0.70852 -0.230194 -0.667091
    outer loop
      vertex -33.2702 9.45481 33.4869
      vertex -32.7771 6.96699 34.8691
      vertex -35.175 7.47669 32.1464
    endloop
  endfacet
  facet normal 0.708501 -0.23011 -0.667139
    outer loop
      vertex -34.832 13.6839 30.3687
      vertex -35.4836 13.1835 29.8493
      vertex -35.2974 13.4721 29.9475
    endloop
  endfacet
  facet normal 0.708546 -0.23019 -0.667064
    outer loop
      vertex -34.6304 12.0041 31.1625
      vertex -34.832 13.6839 30.3687
      vertex -34.1124 12.0676 31.6908
    endloop
  endfacet
  facet normal 0.708359 -0.23029 -0.667229
    outer loop
      vertex -34.8159 11.9814 30.9734
      vertex -34.832 13.6839 30.3687
      vertex -34.6304 12.0041 31.1625
    endloop
  endfacet
  facet normal 0.708533 -0.23023 -0.667064
    outer loop
      vertex -34.832 13.6839 30.3687
      vertex -34.8159 11.9814 30.9734
      vertex -35.4836 13.1835 29.8493
    endloop
  endfacet
  facet normal 0.70852 -0.230245 -0.667073
    outer loop
      vertex -37.5462 9.82834 28.8166
      vertex -35.4836 13.1835 29.8493
      vertex -34.8159 11.9814 30.9734
    endloop
  endfacet
  facet normal 0.708624 -0.230354 -0.666925
    outer loop
      vertex -35.4836 13.1835 29.8493
      vertex -37.5462 9.82834 28.8166
      vertex -37.7539 9.66451 28.6525
    endloop
  endfacet
  facet normal 0.207865 -0.0218467 -0.977913
    outer loop
      vertex -4.95885 1.05404 48.2343
      vertex -5.06963 0 48.2343
      vertex -14.6598 3.11604 46.1262
    endloop
  endfacet
  facet normal 0.240166 -0.330572 -0.912712
    outer loop
      vertex -10.0285 11.1378 46.1262
      vertex -16.0793 17.9363 42.0717
      vertex -7.49366 12.9794 46.1262
    endloop
  endfacet
  facet normal 0.23996 -0.33075 -0.912702
    outer loop
      vertex -16.0793 17.9363 42.0717
      vertex -10.0285 11.1378 46.1262
      vertex -16.1489 17.9352 42.0538
    endloop
  endfacet
  facet normal 0.509744 -0.701604 -0.497908
    outer loop
      vertex -22.1535 38.3709 19.7267
      vertex -29.335 32.9593 20
      vertex -29.6471 32.9265 19.7267
    endloop
  endfacet
  facet normal 0.509764 -0.701629 -0.497852
    outer loop
      vertex -29.335 32.9593 20
      vertex -22.1535 38.3709 19.7267
      vertex -22.0746 38.2343 20
    endloop
  endfacet
  facet normal 0.707143 -0.63671 -0.307488
    outer loop
      vertex -31.7437 35.2549 10.0837
      vertex -29.6471 32.9265 19.7267
      vertex -38.3799 27.8846 10.0837
    endloop
  endfacet
  facet normal -0.739121 -0.665503 -0.103956
    outer loop
      vertex 32.4528 36.0425 0
      vertex 38.3799 27.8846 10.0837
      vertex 31.7437 35.2549 10.0837
    endloop
  endfacet
  facet normal -0.584602 -0.804633 -0.103957
    outer loop
      vertex 32.4528 36.0425 0
      vertex 31.7437 35.2549 10.0837
      vertex 24.25 42.0022 0
    endloop
  endfacet
  facet normal -0.750996 -0.43375 -0.497861
    outer loop
      vertex 40.4764 18.0213 19.7267
      vertex 40.3323 17.9571 20
      vertex 40.2046 18.1782 20
    endloop
  endfacet
  facet normal -0.751138 -0.43351 -0.497857
    outer loop
      vertex 35.8451 15.9593 28.5076
      vertex 36.1271 18.9827 25.4495
      vertex 36.4018 18.8624 25.1398
    endloop
  endfacet
  facet normal -0.751015 -0.433628 -0.497938
    outer loop
      vertex 35.8451 15.9593 28.5076
      vertex 36.4018 18.8624 25.1398
      vertex 38.5344 17.1566 23.4088
    endloop
  endfacet
  facet normal -0.75103 -0.433603 -0.497939
    outer loop
      vertex 36.1271 18.9827 25.4495
      vertex 35.8451 15.9593 28.5076
      vertex 33.4139 20.1703 28.5076
    endloop
  endfacet
  facet normal -0.824807 -0.268028 -0.497849
    outer loop
      vertex 40.4764 18.0213 19.7267
      vertex 40.4112 17.7143 20
      vertex 40.3323 17.9571 20
    endloop
  endfacet
  facet normal -0.824776 -0.267978 -0.497928
    outer loop
      vertex 39.6269 14.3118 23.1302
      vertex 38.5344 17.1566 23.4088
      vertex 39.9745 15.6599 21.8289
    endloop
  endfacet
  facet normal -0.824777 -0.267955 -0.49794
    outer loop
      vertex 38.5344 17.1566 23.4088
      vertex 37.4522 15.0107 26.3561
      vertex 35.8451 15.9593 28.5076
    endloop
  endfacet
  facet normal -0.824778 -0.267913 -0.497959
    outer loop
      vertex 35.8451 15.9593 28.5076
      vertex 37.4522 15.0107 26.3561
      vertex 36.1036 15.1635 28.5076
    endloop
  endfacet
  facet normal -0.824774 -0.267977 -0.497932
    outer loop
      vertex 37.7722 14.5114 26.0949
      vertex 38.5344 17.1566 23.4088
      vertex 39.6269 14.3118 23.1302
    endloop
  endfacet
  facet normal -0.824719 -0.268047 -0.497986
    outer loop
      vertex 38.5344 17.1566 23.4088
      vertex 37.7722 14.5114 26.0949
      vertex 37.4522 15.0107 26.3561
    endloop
  endfacet
  facet normal -0.824651 -0.268131 -0.498053
    outer loop
      vertex 39.6269 14.3118 23.1302
      vertex 39.9745 15.6599 21.8289
      vertex 39.6738 14.2452 23.0884
    endloop
  endfacet
  facet normal -0.824862 -0.267548 -0.498016
    outer loop
      vertex 39.6694 14.2247 23.1066
      vertex 37.7722 14.5114 26.0949
      vertex 39.6269 14.3118 23.1302
    endloop
  endfacet
  facet normal -0.82478 -0.267975 -0.497923
    outer loop
      vertex 37.7722 14.5114 26.0949
      vertex 39.6694 14.2247 23.1066
      vertex 39.2426 12.2166 24.8943
    endloop
  endfacet
  facet normal -0.510941 -0.294987 -0.807417
    outer loop
      vertex 27.7703 15.7394 36.3023
      vertex 26.2549 19.0753 36.0425
      vertex 28.1857 15.731 36.0425
    endloop
  endfacet
  facet normal -0.510864 -0.294957 -0.807477
    outer loop
      vertex 26.2549 19.0753 36.0425
      vertex 27.7703 15.7394 36.3023
      vertex 25.5557 17.5049 37.0585
    endloop
  endfacet
  facet normal 0.346704 -0.477245 -0.807486
    outer loop
      vertex -13.0932 22.678 40.5954
      vertex -12.125 21.0011 42.0022
      vertex -13.3524 21.3999 41.2395
    endloop
  endfacet
  facet normal 0.155326 0.139852 -0.977914
    outer loop
      vertex -3.39224 -3.76747 48.2343
      vertex -10.0285 -11.1378 46.1262
      vertex -12.125 -8.80933 46.1262
    endloop
  endfacet
  facet normal 0.043457 0.204443 -0.977913
    outer loop
      vertex -1.5666 -4.8215 48.2343
      vertex -0.529921 -5.04186 48.2343
      vertex -1.5666 -14.9052 46.1262
    endloop
  endfacet
  facet normal -0.0850112 0.19094 -0.977914
    outer loop
      vertex 2.53481 -4.39043 48.2343
      vertex 7.49366 -12.9794 46.1262
      vertex 1.5666 -4.8215 48.2343
    endloop
  endfacet
  facet normal -0.0850112 -0.19094 -0.977914
    outer loop
      vertex 7.49366 12.9794 46.1262
      vertex 2.53481 4.39043 48.2343
      vertex 1.5666 4.8215 48.2343
    endloop
  endfacet
  facet normal -0.303638 -0.273389 -0.912723
    outer loop
      vertex 10.8863 12.0904 45.5555
      vertex 11.1334 9.91065 46.1262
      vertex 10.0285 11.1378 46.1262
    endloop
  endfacet
  facet normal -0.24016 -0.330578 -0.912711
    outer loop
      vertex 10.5438 14.7404 44.6858
      vertex 7.49366 12.9794 46.1262
      vertex 10.3701 16.085 44.2445
    endloop
  endfacet
  facet normal -0.24018 -0.330579 -0.912706
    outer loop
      vertex 11.0694 16.329 43.9722
      vertex 12.125 21.0011 42.0022
      vertex 16.1271 18.0934 42.0022
    endloop
  endfacet
  facet normal -0.240047 -0.330617 -0.912726
    outer loop
      vertex 10.3701 16.085 44.2445
      vertex 12.125 21.0011 42.0022
      vertex 11.0694 16.329 43.9722
    endloop
  endfacet
  facet normal -0.240174 -0.330565 -0.912712
    outer loop
      vertex 12.125 21.0011 42.0022
      vertex 10.3701 16.085 44.2445
      vertex 7.49366 12.9794 46.1262
    endloop
  endfacet
  facet normal 0.35386 0.204301 -0.912713
    outer loop
      vertex -13.6916 -6.09589 46.1262
      vertex -12.125 -8.80933 46.1262
      vertex -22.1535 -9.86336 42.0022
    endloop
  endfacet
  facet normal 0.561027 0.182287 -0.807477
    outer loop
      vertex -23.6755 -5.17907 42.0022
      vertex -22.1535 -9.86336 42.0022
      vertex -29.215 -7.56894 37.6139
    endloop
  endfacet
  facet normal 0.240169 0.330569 -0.912712
    outer loop
      vertex -7.49366 -12.9794 46.1262
      vertex -12.125 -21.0011 42.0022
      vertex -16.2264 -18.0213 42.0022
    endloop
  endfacet
  facet normal 0.346744 0.477259 -0.80746
    outer loop
      vertex -12.125 -21.0011 42.0022
      vertex -16.93 -18.8027 41.2382
      vertex -16.2264 -18.0213 42.0022
    endloop
  endfacet
  facet normal 0.346734 0.47723 -0.807482
    outer loop
      vertex -12.125 -21.0011 42.0022
      vertex -17.1611 -21.5454 39.518
      vertex -16.93 -18.8027 41.2382
    endloop
  endfacet
  facet normal 0.34676 0.477151 -0.807517
    outer loop
      vertex -12.125 -21.0011 42.0022
      vertex -17.4396 -22.2205 38.9995
      vertex -17.1611 -21.5454 39.518
    endloop
  endfacet
  facet normal 0.346676 0.477337 -0.807444
    outer loop
      vertex -17.4396 -22.2205 38.9995
      vertex -12.125 -21.0011 42.0022
      vertex -17.6813 -22.8065 38.5493
    endloop
  endfacet
  facet normal 0.122849 0.169094 -0.977914
    outer loop
      vertex -3.39224 -3.76747 48.2343
      vertex -7.49366 -12.9794 46.1262
      vertex -10.0285 -11.1378 46.1262
    endloop
  endfacet
  facet normal -0.043457 0.204443 -0.977913
    outer loop
      vertex 1.5666 -4.8215 48.2343
      vertex 1.5666 -14.9052 46.1262
      vertex 0.529921 -5.04186 48.2343
    endloop
  endfacet
  facet normal -0.0434536 -0.204443 -0.977914
    outer loop
      vertex 1.5666 14.9052 46.1262
      vertex 4.63134 14.2538 46.1262
      vertex 1.5666 4.8215 48.2343
    endloop
  endfacet
  facet normal 0.0850112 0.19094 -0.977914
    outer loop
      vertex -2.53481 -4.39043 48.2343
      vertex -1.5666 -4.8215 48.2343
      vertex -7.49366 -12.9794 46.1262
    endloop
  endfacet
  facet normal -0.043457 -0.204443 -0.977913
    outer loop
      vertex 1.5666 14.9052 46.1262
      vertex 1.5666 4.8215 48.2343
      vertex 0.529921 5.04186 48.2343
    endloop
  endfacet
  facet normal -0.122849 0.169094 -0.977914
    outer loop
      vertex 10.0285 -11.1378 46.1262
      vertex 7.49366 -12.9794 46.1262
      vertex 3.39224 -3.76747 48.2343
    endloop
  endfacet
  facet normal 0.043457 -0.204443 -0.977913
    outer loop
      vertex -1.5666 14.9052 46.1262
      vertex -0.529921 5.04186 48.2343
      vertex -1.5666 4.8215 48.2343
    endloop
  endfacet
  facet normal -0.122654 0.577006 -0.807478
    outer loop
      vertex 7.49366 -23.0631 42.0022
      vertex 3.39224 -32.2751 36.0425
      vertex 2.53481 -24.1172 42.0022
    endloop
  endfacet
  facet normal -0.239932 0.538897 -0.80748
    outer loop
      vertex 12.125 -21.0011 42.0022
      vertex 10.0285 -30.8645 36.0425
      vertex 7.49366 -23.0631 42.0022
    endloop
  endfacet
  facet normal -0.510885 0.294923 -0.807475
    outer loop
      vertex 24.2841 -14.6488 38.9063
      vertex 22.2221 -12.5349 40.983
      vertex 23.153 -12.1084 40.5498
    endloop
  endfacet
  facet normal -0.510858 0.294955 -0.807481
    outer loop
      vertex 21.8641 -15.8852 39.9857
      vertex 22.2221 -12.5349 40.983
      vertex 24.2841 -14.6488 38.9063
    endloop
  endfacet
  facet normal -0.510863 0.294955 -0.807478
    outer loop
      vertex 19.6187 -14.2538 42.0022
      vertex 22.2221 -12.5349 40.983
      vertex 21.8641 -15.8852 39.9857
    endloop
  endfacet
  facet normal -0.510857 0.294941 -0.807487
    outer loop
      vertex 22.2221 -12.5349 40.983
      vertex 19.6187 -14.2538 42.0022
      vertex 22.1535 -9.86336 42.0022
    endloop
  endfacet
  facet normal -0.510759 0.295011 -0.807523
    outer loop
      vertex 22.5267 -12.1691 40.9238
      vertex 22.1535 -9.86336 42.0022
      vertex 22.9525 -11.658 40.8412
    endloop
  endfacet
  facet normal -0.511059 0.294893 -0.807376
    outer loop
      vertex 22.1535 -9.86336 42.0022
      vertex 22.5267 -12.1691 40.9238
      vertex 22.2221 -12.5349 40.983
    endloop
  endfacet
  facet normal -0.35386 0.2043 -0.912713
    outer loop
      vertex 22.1535 -9.86336 42.0022
      vertex 19.6187 -14.2538 42.0022
      vertex 12.125 -8.80933 46.1262
    endloop
  endfacet
  facet normal -0.586678 0.0616594 -0.807469
    outer loop
      vertex 29.5741 -4.7938 37.768
      vertex 32.4528 0 36.0425
      vertex 32.0616 -3.7222 36.0425
    endloop
  endfacet
  facet normal -0.586673 0.0616545 -0.807474
    outer loop
      vertex 29.5741 -4.7938 37.768
      vertex 26.9413 0 40.0469
      vertex 32.4528 0 36.0425
    endloop
  endfacet
  facet normal -0.586669 0.0616574 -0.807476
    outer loop
      vertex 24.8589 -0.548234 41.518
      vertex 26.9413 0 40.0469
      vertex 29.5741 -4.7938 37.768
    endloop
  endfacet
  facet normal -0.586663 0.0616351 -0.807482
    outer loop
      vertex 26.9413 0 40.0469
      vertex 24.8644 -0.53896 41.5147
      vertex 25.0824 -0.176266 41.384
    endloop
  endfacet
  facet normal -0.586498 0.0604216 -0.807694
    outer loop
      vertex 26.9413 0 40.0469
      vertex 24.8589 -0.548234 41.518
      vertex 24.8644 -0.53896 41.5147
    endloop
  endfacet
  facet normal -0.586741 -0.0616368 -0.807425
    outer loop
      vertex 32.4528 0 36.0425
      vertex 32.2188 0.503601 36.1741
      vertex 32.3981 0.520708 36.0425
    endloop
  endfacet
  facet normal -0.586675 -0.0615925 -0.807477
    outer loop
      vertex 32.2188 0.503601 36.1741
      vertex 32.4528 0 36.0425
      vertex 26.9413 0 40.0469
    endloop
  endfacet
  facet normal 0.438326 0.394801 -0.807466
    outer loop
      vertex -16.8538 -18.0872 41.6294
      vertex -16.2264 -18.0213 42.0022
      vertex -16.93 -18.8027 41.2382
    endloop
  endfacet
  facet normal 0.750996 0.43375 -0.497861
    outer loop
      vertex -40.3323 -17.9571 20
      vertex -40.2046 -18.1782 20
      vertex -40.4764 -18.0213 19.7267
    endloop
  endfacet
  facet normal 0.644457 0.580283 -0.497943
    outer loop
      vertex -29.9129 -31.6763 20.8397
      vertex -31.8627 -29.7822 20.5235
      vertex -30.3712 -29.5201 22.7593
    endloop
  endfacet
  facet normal 0.644459 0.580285 -0.497937
    outer loop
      vertex -30.7768 -31.4374 20
      vertex -31.8627 -29.7822 20.5235
      vertex -29.9129 -31.6763 20.8397
    endloop
  endfacet
  facet normal 0.644535 0.580299 -0.497823
    outer loop
      vertex -31.8627 -29.7822 20.5235
      vertex -30.7768 -31.4374 20
      vertex -32.0371 -29.8969 20.164
    endloop
  endfacet
  facet normal 0.644509 0.580283 -0.497876
    outer loop
      vertex -32.0371 -29.8969 20.164
      vertex -30.7768 -31.4374 20
      vertex -32.1167 -29.9492 20
    endloop
  endfacet
  facet normal 0.644394 0.580212 -0.498107
    outer loop
      vertex -32.1167 -29.9492 20
      vertex -35.8451 -26.043 19.7267
      vertex -35.7174 -25.9502 20
    endloop
  endfacet
  facet normal 0.644593 0.580359 -0.497679
    outer loop
      vertex -29.6471 -32.9265 19.7267
      vertex -32.1167 -29.9492 20
      vertex -30.7768 -31.4374 20
    endloop
  endfacet
  facet normal 0.64448 0.58031 -0.49788
    outer loop
      vertex -29.6471 -32.9265 19.7267
      vertex -30.7768 -31.4374 20
      vertex -29.7124 -32.6195 20
    endloop
  endfacet
  facet normal 0.644431 0.580255 -0.498008
    outer loop
      vertex -32.1167 -29.9492 20
      vertex -29.6471 -32.9265 19.7267
      vertex -35.8451 -26.043 19.7267
    endloop
  endfacet
  facet normal 0.644471 0.580268 -0.497941
    outer loop
      vertex -33.0791 -27.5462 21.5548
      vertex -34.276 -24.903 23.0859
      vertex -30.803 -27.4887 24.5677
    endloop
  endfacet
  facet normal 0.64447 0.580269 -0.497943
    outer loop
      vertex -34.276 -24.903 23.0859
      vertex -33.0791 -27.5462 21.5548
      vertex -35.5111 -25.8003 20.4417
    endloop
  endfacet
  facet normal 0.64447 0.58027 -0.49794
    outer loop
      vertex -33.0791 -27.5462 21.5548
      vertex -30.803 -27.4887 24.5677
      vertex -30.4339 -29.2252 23.0218
    endloop
  endfacet
  facet normal -0.346734 0.47724 -0.807476
    outer loop
      vertex 16.2264 -28.105 36.0425
      vertex 12.8891 -21.2494 41.5274
      vertex 19.3552 -25.8318 36.0425
    endloop
  endfacet
  facet normal -0.346661 0.477281 -0.807483
    outer loop
      vertex 12.8891 -21.2494 41.5274
      vertex 16.2264 -28.105 36.0425
      vertex 12.125 -21.0011 42.0022
    endloop
  endfacet
  facet normal -0.645138 0.372472 -0.667129
    outer loop
      vertex 31.7437 -23.0631 28.5076
      vertex 33.7733 -16.6324 30.1353
      vertex 35.8451 -15.9593 28.5076
    endloop
  endfacet
  facet normal -0.645152 0.372473 -0.667115
    outer loop
      vertex 31.7437 -23.0631 28.5076
      vertex 31.0512 -22.428 29.5319
      vertex 33.7733 -16.6324 30.1353
    endloop
  endfacet
  facet normal -0.645067 0.372592 -0.667131
    outer loop
      vertex 31.0512 -22.428 29.5319
      vertex 31.7437 -23.0631 28.5076
      vertex 30.9851 -22.512 29.5489
    endloop
  endfacet
  facet normal -4.21079e-06 0.589897 -0.807478
    outer loop
      vertex 3.39224 -32.2751 36.0425
      vertex -2.27708 -27.4553 39.5636
      vertex 2.53481 -24.1172 42.0022
    endloop
  endfacet
  facet normal 0 0.589901 -0.807476
    outer loop
      vertex -3.39224 -32.2751 36.0425
      vertex -2.27708 -27.4553 39.5636
      vertex 3.39224 -32.2751 36.0425
    endloop
  endfacet
  facet normal 1.17815e-05 0.589899 -0.807477
    outer loop
      vertex -2.27708 -27.4553 39.5636
      vertex -3.39224 -32.2751 36.0425
      vertex -2.87166 -27.3221 39.6609
    endloop
  endfacet
  facet normal 0.000172291 0.589902 -0.807475
    outer loop
      vertex -2.53481 -24.1172 42.0022
      vertex -2.27708 -27.4553 39.5636
      vertex -2.33776 -27.4264 39.5847
    endloop
  endfacet
  facet normal 0 0.589893 -0.807481
    outer loop
      vertex -2.27708 -27.4553 39.5636
      vertex -2.53481 -24.1172 42.0022
      vertex 2.53481 -24.1172 42.0022
    endloop
  endfacet
  facet normal 2.59654e-05 0.589896 -0.807479
    outer loop
      vertex -2.53481 -24.1172 42.0022
      vertex -2.33776 -27.4264 39.5847
      vertex -2.85665 -27.1793 39.7652
    endloop
  endfacet
  facet normal -0.15489 0.728689 -0.667099
    outer loop
      vertex 10.0285 -30.8645 36.0425
      vertex 4.10142 -39.0224 28.5076
      vertex 3.39224 -32.2751 36.0425
    endloop
  endfacet
  facet normal 0.437881 0.602691 -0.667101
    outer loop
      vertex -20.4564 -30.0392 31.5185
      vertex -16.2264 -28.105 36.0425
      vertex -19.6187 -33.9805 28.5076
    endloop
  endfacet
  facet normal 0.437879 0.602694 -0.6671
    outer loop
      vertex -16.2264 -28.105 36.0425
      vertex -20.4564 -30.0392 31.5185
      vertex -19.0275 -26.0699 36.0425
    endloop
  endfacet
  facet normal 0.19878 0.0645883 -0.977914
    outer loop
      vertex -4.95885 -1.05404 48.2343
      vertex -4.63134 -2.062 48.2343
      vertex -13.6916 -6.09589 46.1262
    endloop
  endfacet
  facet normal 0.862455 -0.0906771 -0.497945
    outer loop
      vertex -40.6818 0 26.0057
      vertex -42.4344 1.9349 22.6178
      vertex -42.091 2.22802 23.1592
    endloop
  endfacet
  facet normal 0.862461 -0.0906578 -0.497938
    outer loop
      vertex -42.4344 1.9349 22.6178
      vertex -40.6818 0 26.0057
      vertex -43.6634 0.885782 20.6801
    endloop
  endfacet
  facet normal 0.862455 -0.0906984 -0.497941
    outer loop
      vertex -43.6634 0.885782 20.6801
      vertex -40.6818 0 26.0057
      vertex -44.307 0 19.7267
    endloop
  endfacet
  facet normal 0.862456 0.0906844 -0.497942
    outer loop
      vertex -40.6818 0 26.0057
      vertex -43.4468 -1.18386 21.001
      vertex -44.307 0 19.7267
    endloop
  endfacet
  facet normal 0.862473 0.0905931 -0.497929
    outer loop
      vertex -40.6818 0 26.0057
      vertex -42.5238 -1.67988 22.5095
      vertex -43.4468 -1.18386 21.001
    endloop
  endfacet
  facet normal 0.86244 0.0907048 -0.497966
    outer loop
      vertex -40.6818 0 26.0057
      vertex -42.2394 -2.05682 22.9334
      vertex -42.5238 -1.67988 22.5095
    endloop
  endfacet
  facet normal 0.862461 0.090649 -0.497939
    outer loop
      vertex -39.0131 -2.13345 28.5076
      vertex -42.2394 -2.05682 22.9334
      vertex -40.6818 0 26.0057
    endloop
  endfacet
  facet normal 0.862461 0.0906584 -0.497939
    outer loop
      vertex -39.0131 -2.13345 28.5076
      vertex -38.9186 -6.45921 27.8837
      vertex -42.2394 -2.05682 22.9334
    endloop
  endfacet
  facet normal 0.862472 0.090642 -0.497922
    outer loop
      vertex -39.1362 -6.81249 27.4425
      vertex -38.3799 -8.1579 28.5076
      vertex -39.2377 -6.97722 27.2367
    endloop
  endfacet
  facet normal 0.862465 0.0906274 -0.497936
    outer loop
      vertex -38.9186 -6.45921 27.8837
      vertex -38.3799 -8.1579 28.5076
      vertex -39.1362 -6.81249 27.4425
    endloop
  endfacet
  facet normal 0.862489 0.090652 -0.49789
    outer loop
      vertex -38.3799 -8.1579 28.5076
      vertex -38.9186 -6.45921 27.8837
      vertex -39.0131 -2.13345 28.5076
    endloop
  endfacet
  facet normal -0.945902 0.307342 -0.103968
    outer loop
      vertex 47.4402 -10.0837 0
      vertex 44.307 -19.7267 0
      vertex 43.3387 -19.2957 10.0837
    endloop
  endfacet
  facet normal 0.437847 0.602697 -0.667118
    outer loop
      vertex -19.6187 -33.9805 28.5076
      vertex -20.6723 -30.6388 30.8351
      vertex -20.4564 -30.0392 31.5185
    endloop
  endfacet
  facet normal 0.437949 0.602688 -0.667059
    outer loop
      vertex -19.6187 -33.9805 28.5076
      vertex -21.2739 -30.6095 30.4666
      vertex -20.6723 -30.6388 30.8351
    endloop
  endfacet
  facet normal 0.43787 0.602682 -0.667116
    outer loop
      vertex -21.2739 -30.6095 30.4666
      vertex -19.6187 -33.9805 28.5076
      vertex -24.4727 -30.4539 28.5076
    endloop
  endfacet
  facet normal 0.509739 0.701612 -0.497902
    outer loop
      vertex -29.5416 -32.8092 20
      vertex -29.335 -32.9593 20
      vertex -29.6471 -32.9265 19.7267
    endloop
  endfacet
  facet normal 0.509735 0.701597 -0.497928
    outer loop
      vertex -22.7097 -33.6556 25.8011
      vertex -24.4727 -30.4539 28.5076
      vertex -19.6187 -33.9805 28.5076
    endloop
  endfacet
  facet normal 0.509734 0.701597 -0.497929
    outer loop
      vertex -24.4727 -30.4539 28.5076
      vertex -22.7097 -33.6556 25.8011
      vertex -27.0327 -30.0229 26.4942
    endloop
  endfacet
  facet normal 0.509727 0.701592 -0.497943
    outer loop
      vertex -26.7977 -32.397 23.3897
      vertex -27.0327 -30.0229 26.4942
      vertex -22.7097 -33.6556 25.8011
    endloop
  endfacet
  facet normal 0.509731 0.70159 -0.497941
    outer loop
      vertex -27.4911 -32.1835 22.9807
      vertex -27.0327 -30.0229 26.4942
      vertex -26.7977 -32.397 23.3897
    endloop
  endfacet
  facet normal 0.509733 0.701589 -0.497941
    outer loop
      vertex -27.0327 -30.0229 26.4942
      vertex -27.4911 -32.1835 22.9807
      vertex -28.7988 -31.9843 21.9227
    endloop
  endfacet
  facet normal 0.404531 0.908597 -0.103956
    outer loop
      vertex -14.6598 -45.1183 10.0837
      vertex -14.9873 -46.1262 0
      vertex -24.25 -42.0022 0
    endloop
  endfacet
  facet normal 0 0.994582 -0.103959
    outer loop
      vertex 5.06963 -48.2343 0
      vertex -4.95885 -47.1803 10.0837
      vertex 4.95885 -47.1803 10.0837
    endloop
  endfacet
  facet normal 0 0.994582 -0.103959
    outer loop
      vertex -4.95885 -47.1803 10.0837
      vertex 5.06963 -48.2343 0
      vertex -5.06963 -48.2343 0
    endloop
  endfacet
  facet normal -0.38703 0.869286 -0.30749
    outer loop
      vertex 22.1535 -38.3709 19.7267
      vertex 23.7201 -41.0844 10.0837
      vertex 14.6598 -45.1183 10.0837
    endloop
  endfacet
  facet normal -0.404532 0.908596 -0.103957
    outer loop
      vertex 23.7201 -41.0844 10.0837
      vertex 24.25 -42.0022 0
      vertex 14.6598 -45.1183 10.0837
    endloop
  endfacet
  facet normal 0 0.867331 -0.497732
    outer loop
      vertex 4.10142 -39.0224 28.5076
      vertex -1.56066 -39.1603 28.2673
      vertex -1.75031 -39.0224 28.5076
    endloop
  endfacet
  facet normal 1.16722e-05 0.867212 -0.497939
    outer loop
      vertex 4.10142 -39.0224 28.5076
      vertex 0.796705 -40.8749 25.2812
      vertex -1.56066 -39.1603 28.2673
    endloop
  endfacet
  facet normal 1.76857e-05 0.86721 -0.497943
    outer loop
      vertex 3.5041 -42.8446 21.8509
      vertex 0.796705 -40.8749 25.2812
      vertex 4.10142 -39.0224 28.5076
    endloop
  endfacet
  facet normal -9.73506e-05 0.86717 -0.498012
    outer loop
      vertex 0.796705 -40.8749 25.2812
      vertex 3.5041 -42.8446 21.8509
      vertex 0.643867 -41.0518 24.9732
    endloop
  endfacet
  facet normal 1.22307e-05 0.867214 -0.497936
    outer loop
      vertex 0.643867 -41.0518 24.9732
      vertex 3.5041 -42.8446 21.8509
      vertex -0.779459 -42.6991 22.1042
    endloop
  endfacet
  facet normal -0.000916001 0.867245 -0.49788
    outer loop
      vertex 4.10142 -39.0224 28.5076
      vertex 3.54719 -42.8759 21.7963
      vertex 3.5041 -42.8446 21.8509
    endloop
  endfacet
  facet normal 3.76689e-05 0.867212 -0.49794
    outer loop
      vertex 4.10142 -39.0224 28.5076
      vertex 3.93132 -43.1552 21.3099
      vertex 3.54719 -42.8759 21.7963
    endloop
  endfacet
  facet normal -4.30932e-05 0.867215 -0.497934
    outer loop
      vertex 4.63134 -44.0642 19.7267
      vertex 3.59074 -43.5518 20.6192
      vertex 3.93132 -43.1552 21.3099
    endloop
  endfacet
  facet normal 0 0.867245 -0.497881
    outer loop
      vertex 3.28547 -43.9073 20
      vertex 4.63134 -44.0642 19.7267
      vertex -0.345583 -43.9073 20
    endloop
  endfacet
  facet normal -5.3635e-06 0.867234 -0.497901
    outer loop
      vertex 3.59074 -43.5518 20.6192
      vertex 4.63134 -44.0642 19.7267
      vertex 3.28547 -43.9073 20
    endloop
  endfacet
  facet normal -5.54948e-05 0.867213 -0.497938
    outer loop
      vertex 4.63134 -44.0642 19.7267
      vertex 3.93132 -43.1552 21.3099
      vertex 4.10142 -39.0224 28.5076
    endloop
  endfacet
  facet normal 1.20816e-05 0.867213 -0.497938
    outer loop
      vertex -0.345583 -43.9073 20
      vertex -0.779459 -42.6991 22.1042
      vertex 3.5041 -42.8446 21.8509
    endloop
  endfacet
  facet normal -3.63715e-06 0.867211 -0.49794
    outer loop
      vertex -0.779459 -42.6991 22.1042
      vertex -0.345583 -43.9073 20
      vertex -1.40838 -42.8473 21.8461
    endloop
  endfacet
  facet normal -5.76968e-06 0.867211 -0.497941
    outer loop
      vertex -1.40838 -42.8473 21.8461
      vertex -0.345583 -43.9073 20
      vertex -4.58204 -43.5952 20.5436
    endloop
  endfacet
  facet normal 1.51437e-06 0.867235 -0.497899
    outer loop
      vertex -0.345583 -43.9073 20
      vertex -4.63134 -44.0642 19.7267
      vertex -4.58204 -43.5952 20.5436
    endloop
  endfacet
  facet normal 0 0.867245 -0.497881
    outer loop
      vertex -4.63134 -44.0642 19.7267
      vertex -0.345583 -43.9073 20
      vertex 4.63134 -44.0642 19.7267
    endloop
  endfacet
  facet normal -0.352832 -0.792259 -0.49783
    outer loop
      vertex 13.6916 42.1384 19.7267
      vertex 13.8761 41.8845 20
      vertex 13.6428 41.9884 20
    endloop
  endfacet
  facet normal -0.239929 -0.538897 -0.80748
    outer loop
      vertex 14.9126 25.8294 37.9516
      vertex 12.125 21.0011 42.0022
      vertex 11.1501 25.5875 39.231
    endloop
  endfacet
  facet normal -0.180076 -0.848395 -0.497794
    outer loop
      vertex 13.6916 42.1384 19.7267
      vertex 13.6428 41.9884 20
      vertex 13.3931 42.0414 20
    endloop
  endfacet
  facet normal -0.180299 -0.848261 -0.497941
    outer loop
      vertex 4.10142 39.0224 28.5076
      vertex 6.95767 39.5173 26.6303
      vertex 7.19432 38.365 28.5076
    endloop
  endfacet
  facet normal -0.180291 -0.848269 -0.49793
    outer loop
      vertex 6.95767 39.5173 26.6303
      vertex 4.10142 39.0224 28.5076
      vertex 6.92641 39.9403 25.921
    endloop
  endfacet
  facet normal -0.122645 -0.577004 -0.80748
    outer loop
      vertex 3.39224 32.2751 36.0425
      vertex 8.64936 26.62 39.285
      vertex 7.49366 23.0631 42.0022
    endloop
  endfacet
  facet normal -0.122642 -0.577002 -0.807482
    outer loop
      vertex 8.64936 26.62 39.285
      vertex 3.39224 32.2751 36.0425
      vertex 8.13185 29.0395 37.6347
    endloop
  endfacet
  facet normal -0.122655 -0.577016 -0.807471
    outer loop
      vertex 8.13185 29.0395 37.6347
      vertex 3.39224 32.2751 36.0425
      vertex 8.07672 30.014 36.9467
    endloop
  endfacet
  facet normal -0.122661 -0.577025 -0.807463
    outer loop
      vertex 8.07672 30.014 36.9467
      vertex 3.39224 32.2751 36.0425
      vertex 8.00426 31.2947 36.0425
    endloop
  endfacet
  facet normal 0.180076 -0.848395 -0.497794
    outer loop
      vertex -13.3931 42.0414 20
      vertex -13.6428 41.9884 20
      vertex -13.6916 42.1384 19.7267
    endloop
  endfacet
  facet normal 0.180313 -0.848252 -0.497951
    outer loop
      vertex -8.09744 40.3208 24.8488
      vertex -4.10142 39.0224 28.5076
      vertex -8.69332 38.0463 28.5076
    endloop
  endfacet
  facet normal 0.197839 -0.930758 -0.30749
    outer loop
      vertex -4.95885 47.1803 10.0837
      vertex -4.63134 44.0642 19.7267
      vertex -14.6598 45.1183 10.0837
    endloop
  endfacet
  facet normal 0.438452 -0.394742 -0.807427
    outer loop
      vertex -19.6187 14.2538 42.0022
      vertex -18.0958 18.1982 40.9008
      vertex -17.5819 17.7968 41.3761
    endloop
  endfacet
  facet normal 0.43833 -0.394688 -0.80752
    outer loop
      vertex -19.6187 14.2538 42.0022
      vertex -17.5819 17.7968 41.3761
      vertex -16.3096 17.9288 42.0022
    endloop
  endfacet
  facet normal 0.437048 -0.394452 -0.80833
    outer loop
      vertex -18.0958 18.1982 40.9008
      vertex -19.6187 14.2538 42.0022
      vertex -18.1246 18.2208 40.8742
    endloop
  endfacet
  facet normal 0.438386 -0.394713 -0.807477
    outer loop
      vertex -18.1246 18.2208 40.8742
      vertex -19.6187 14.2538 42.0022
      vertex -26.2549 19.0753 36.0425
    endloop
  endfacet
  facet normal 0.303648 -0.273412 -0.912713
    outer loop
      vertex -19.6187 14.2538 42.0022
      vertex -16.1874 17.9337 42.0414
      vertex -12.125 8.80933 46.1262
    endloop
  endfacet
  facet normal 0.303735 -0.273493 -0.912659
    outer loop
      vertex -16.1874 17.9337 42.0414
      vertex -19.6187 14.2538 42.0022
      vertex -16.3096 17.9288 42.0022
    endloop
  endfacet
  facet normal 0.155324 -0.139855 -0.977914
    outer loop
      vertex -3.39224 3.76747 48.2343
      vertex -4.10142 2.97985 48.2343
      vertex -12.125 8.80933 46.1262
    endloop
  endfacet
  facet normal 0.353848 -0.204293 -0.912719
    outer loop
      vertex -13.6916 6.09589 46.1262
      vertex -15.033 9.11497 44.9304
      vertex -12.125 8.80933 46.1262
    endloop
  endfacet
  facet normal 0.353845 -0.204295 -0.91272
    outer loop
      vertex -15.033 9.11497 44.9304
      vertex -13.6916 6.09589 46.1262
      vertex -15.2636 6.79581 45.3601
    endloop
  endfacet
  facet normal 0.388595 -0.126247 -0.912719
    outer loop
      vertex -15.2636 6.79581 45.3601
      vertex -13.6916 6.09589 46.1262
      vertex -15.3282 5.92389 45.4532
    endloop
  endfacet
  facet normal 0.387033 -0.869285 -0.307488
    outer loop
      vertex -14.6598 45.1183 10.0837
      vertex -13.6916 42.1384 19.7267
      vertex -22.1535 38.3709 19.7267
    endloop
  endfacet
  facet normal 0.35275 -0.792291 -0.497837
    outer loop
      vertex -22.1535 38.3709 19.7267
      vertex -13.8761 41.8845 20
      vertex -22.0746 38.2343 20
    endloop
  endfacet
  facet normal 0.352739 -0.79226 -0.497895
    outer loop
      vertex -13.8761 41.8845 20
      vertex -22.1535 38.3709 19.7267
      vertex -13.6916 42.1384 19.7267
    endloop
  endfacet
  facet normal -0.559309 -0.769821 -0.307487
    outer loop
      vertex 31.7437 35.2549 10.0837
      vertex 29.6471 32.9265 19.7267
      vertex 23.7201 41.0844 10.0837
    endloop
  endfacet
  facet normal -0.707143 -0.63671 -0.307488
    outer loop
      vertex 31.7437 35.2549 10.0837
      vertex 38.3799 27.8846 10.0837
      vertex 29.6471 32.9265 19.7267
    endloop
  endfacet
  facet normal 0.352832 -0.792259 -0.49783
    outer loop
      vertex -13.6916 42.1384 19.7267
      vertex -13.6428 41.9884 20
      vertex -13.8761 41.8845 20
    endloop
  endfacet
  facet normal 0.559309 -0.769821 -0.307487
    outer loop
      vertex -23.7201 41.0844 10.0837
      vertex -29.6471 32.9265 19.7267
      vertex -31.7437 35.2549 10.0837
    endloop
  endfacet
  facet normal -0.122853 -0.169092 -0.977914
    outer loop
      vertex 7.49366 12.9794 46.1262
      vertex 3.39224 3.76747 48.2343
      vertex 2.53481 4.39043 48.2343
    endloop
  endfacet
  facet normal -0.122654 -0.577006 -0.807478
    outer loop
      vertex 3.39224 32.2751 36.0425
      vertex 7.49366 23.0631 42.0022
      vertex 2.53481 24.1172 42.0022
    endloop
  endfacet
  facet normal 0.30302 -0.680526 -0.667131
    outer loop
      vertex -11.0269 31.1889 35.2581
      vertex -10.0285 30.8645 36.0425
      vertex -11.3167 30.2909 36.0425
    endloop
  endfacet
  facet normal 0.122849 -0.169094 -0.977914
    outer loop
      vertex -7.49366 12.9794 46.1262
      vertex -3.39224 3.76747 48.2343
      vertex -10.0285 11.1378 46.1262
    endloop
  endfacet
  facet normal -0.240153 -0.330555 -0.912721
    outer loop
      vertex 7.49366 12.9794 46.1262
      vertex 10.8863 12.0904 45.5555
      vertex 10.0285 11.1378 46.1262
    endloop
  endfacet
  facet normal -0.240158 -0.330581 -0.912711
    outer loop
      vertex 10.8863 12.0904 45.5555
      vertex 7.49366 12.9794 46.1262
      vertex 10.5438 14.7404 44.6858
    endloop
  endfacet
  facet normal -0.122849 -0.169094 -0.977914
    outer loop
      vertex 7.49366 12.9794 46.1262
      vertex 10.0285 11.1378 46.1262
      vertex 3.39224 3.76747 48.2343
    endloop
  endfacet
  facet normal 0.181008 0.104505 -0.977914
    outer loop
      vertex -4.10142 -2.97985 48.2343
      vertex -12.125 -8.80933 46.1262
      vertex -13.6916 -6.09589 46.1262
    endloop
  endfacet
  facet normal 0.388604 0.126264 -0.912712
    outer loop
      vertex -22.1535 -9.86336 42.0022
      vertex -23.4166 -5.07376 42.127
      vertex -13.6916 -6.09589 46.1262
    endloop
  endfacet
  facet normal 0.388604 0.126264 -0.912712
    outer loop
      vertex -23.4166 -5.07376 42.127
      vertex -22.1535 -9.86336 42.0022
      vertex -23.6755 -5.17907 42.0022
    endloop
  endfacet
  facet normal 0.239932 0.538897 -0.80748
    outer loop
      vertex -7.49366 -23.0631 42.0022
      vertex -10.0285 -30.8645 36.0425
      vertex -12.125 -21.0011 42.0022
    endloop
  endfacet
  facet normal 0.12262 0.577013 -0.807478
    outer loop
      vertex -3.39224 -32.2751 36.0425
      vertex -3.61632 -27.1027 39.7046
      vertex -2.87166 -27.3221 39.6609
    endloop
  endfacet
  facet normal 0.123464 0.576977 -0.807375
    outer loop
      vertex -3.39224 -32.2751 36.0425
      vertex -3.69391 -27.0798 39.7091
      vertex -3.61632 -27.1027 39.7046
    endloop
  endfacet
  facet normal 0.122644 0.577004 -0.807481
    outer loop
      vertex -3.69391 -27.0798 39.7091
      vertex -3.39224 -32.2751 36.0425
      vertex -7.49366 -23.0631 42.0022
    endloop
  endfacet
  facet normal 0.122641 0.577008 -0.807478
    outer loop
      vertex -3.3862 -26.8879 39.893
      vertex -2.53481 -24.1172 42.0022
      vertex -2.85665 -27.1793 39.7652
    endloop
  endfacet
  facet normal 0.12489 0.576391 -0.807574
    outer loop
      vertex -3.40305 -26.8984 39.8829
      vertex -2.53481 -24.1172 42.0022
      vertex -3.3862 -26.8879 39.893
    endloop
  endfacet
  facet normal 0.122627 0.577019 -0.807472
    outer loop
      vertex -3.69391 -27.0798 39.7091
      vertex -2.53481 -24.1172 42.0022
      vertex -3.40305 -26.8984 39.8829
    endloop
  endfacet
  facet normal 0.122655 0.57701 -0.807474
    outer loop
      vertex -2.53481 -24.1172 42.0022
      vertex -3.69391 -27.0798 39.7091
      vertex -7.49366 -23.0631 42.0022
    endloop
  endfacet
  facet normal 0 0.20901 -0.977913
    outer loop
      vertex 1.5666 -14.9052 46.1262
      vertex -0.529921 -5.04186 48.2343
      vertex 0.529921 -5.04186 48.2343
    endloop
  endfacet
  facet normal 0 0.20901 -0.977913
    outer loop
      vertex -0.529921 -5.04186 48.2343
      vertex 1.5666 -14.9052 46.1262
      vertex -1.5666 -14.9052 46.1262
    endloop
  endfacet
  facet normal -0.166196 0.373278 -0.912712
    outer loop
      vertex 7.49366 -12.9794 46.1262
      vertex 7.49366 -23.0631 42.0022
      vertex 4.63134 -14.2538 46.1262
    endloop
  endfacet
  facet normal -0.240001 0.330713 -0.912704
    outer loop
      vertex 15.8673 -17.8139 42.1718
      vertex 10.0285 -11.1378 46.1262
      vertex 16.0135 -17.7848 42.1439
    endloop
  endfacet
  facet normal -0.240167 0.330573 -0.912711
    outer loop
      vertex 10.0285 -11.1378 46.1262
      vertex 15.8673 -17.8139 42.1718
      vertex 7.49366 -12.9794 46.1262
    endloop
  endfacet
  facet normal -0.240169 0.330569 -0.912712
    outer loop
      vertex 15.8673 -17.8139 42.1718
      vertex 10.8596 -18.8093 43.129
      vertex 7.49366 -12.9794 46.1262
    endloop
  endfacet
  facet normal -0.240131 0.330585 -0.912716
    outer loop
      vertex 12.3293 -20.8527 42.0022
      vertex 12.125 -21.0011 42.0022
      vertex 11.804 -20.4452 42.288
    endloop
  endfacet
  facet normal -0.198745 0.0646509 -0.977917
    outer loop
      vertex 4.63134 -2.062 48.2343
      vertex 11.9935 -5.11548 46.5362
      vertex 12.0011 -5.34321 46.5196
    endloop
  endfacet
  facet normal -0.198771 0.0645855 -0.977915
    outer loop
      vertex 11.9935 -5.11548 46.5362
      vertex 4.63134 -2.062 48.2343
      vertex 4.95885 -1.05404 48.2343
    endloop
  endfacet
  facet normal -0.198791 0.0645506 -0.977914
    outer loop
      vertex 11.9074 -2.531 46.7243
      vertex 11.9935 -5.11548 46.5362
      vertex 4.95885 -1.05404 48.2343
    endloop
  endfacet
  facet normal -0.207865 -0.0218243 -0.977914
    outer loop
      vertex 11.6835 2.14898 46.7805
      vertex 11.7981 0 46.8041
      vertex 5.06963 0 48.2343
    endloop
  endfacet
  facet normal -0.586665 0.0616643 -0.807478
    outer loop
      vertex 28.037 -5.45593 38.8342
      vertex 24.8589 -0.548234 41.518
      vertex 29.5741 -4.7938 37.768
    endloop
  endfacet
  facet normal -0.586653 0.0616756 -0.807487
    outer loop
      vertex 24.0511 -1.89247 42.0022
      vertex 28.037 -5.45593 38.8342
      vertex 27.411 -5.72563 39.2684
    endloop
  endfacet
  facet normal -0.586645 0.061789 -0.807483
    outer loop
      vertex 23.7201 -5.04186 42.0022
      vertex 27.411 -5.72563 39.2684
      vertex 27.3535 -5.81416 39.3034
    endloop
  endfacet
  facet normal -0.586651 0.0616788 -0.807488
    outer loop
      vertex 28.037 -5.45593 38.8342
      vertex 24.0511 -1.89247 42.0022
      vertex 24.8589 -0.548234 41.518
    endloop
  endfacet
  facet normal -0.586666 0.0616584 -0.807479
    outer loop
      vertex 27.411 -5.72563 39.2684
      vertex 23.7201 -5.04186 42.0022
      vertex 24.0511 -1.89247 42.0022
    endloop
  endfacet
  facet normal 0.82407 0.475777 -0.307481
    outer loop
      vertex -35.8451 -26.043 19.7267
      vertex -38.3799 -27.8846 10.0837
      vertex -43.3387 -19.2957 10.0837
    endloop
  endfacet
  facet normal 0.707139 0.636718 -0.307481
    outer loop
      vertex -35.8451 -26.043 19.7267
      vertex -29.6471 -32.9265 19.7267
      vertex -38.3799 -27.8846 10.0837
    endloop
  endfacet
  facet normal -0.346673 0.47726 -0.807491
    outer loop
      vertex 12.3293 -20.8527 42.0022
      vertex 12.8891 -21.2494 41.5274
      vertex 12.125 -21.0011 42.0022
    endloop
  endfacet
  facet normal 0.94634 -0.0994732 -0.307484
    outer loop
      vertex -43.3387 9.21193 19.7267
      vertex -44.307 0 19.7267
      vertex -47.4402 0 10.0837
    endloop
  endfacet
  facet normal 0.94634 0.0994732 -0.307484
    outer loop
      vertex -44.307 0 19.7267
      vertex -43.3387 -9.21193 19.7267
      vertex -47.4402 0 10.0837
    endloop
  endfacet
  facet normal -0.945901 0.307347 -0.103964
    outer loop
      vertex 46.4035 -9.86336 10.0837
      vertex 47.4402 -10.0837 0
      vertex 43.3387 -19.2957 10.0837
    endloop
  endfacet
  facet normal -0.989133 0.103958 -0.103964
    outer loop
      vertex 48.5 0 0
      vertex 47.4402 -10.0837 0
      vertex 46.4035 -9.86336 10.0837
    endloop
  endfacet
  facet normal 0.206785 0.972848 -0.103955
    outer loop
      vertex -14.6598 -45.1183 10.0837
      vertex -4.95885 -47.1803 10.0837
      vertex -14.9873 -46.1262 0
    endloop
  endfacet
  facet normal 0.197839 0.930758 -0.30749
    outer loop
      vertex -4.63134 -44.0642 19.7267
      vertex -4.95885 -47.1803 10.0837
      vertex -14.6598 -45.1183 10.0837
    endloop
  endfacet
  facet normal 0.739116 0.665507 -0.103963
    outer loop
      vertex -38.3799 -27.8846 10.0837
      vertex -32.4528 -36.0425 0
      vertex -39.2373 -28.5076 0
    endloop
  endfacet
  facet normal -0.644398 0.580207 -0.498108
    outer loop
      vertex 35.8451 -26.043 19.7267
      vertex 33.3673 -28.5603 20
      vertex 35.7174 -25.9502 20
    endloop
  endfacet
  facet normal -0.644472 0.580286 -0.497919
    outer loop
      vertex 33.3673 -28.5603 20
      vertex 29.6471 -32.9265 19.7267
      vertex 30.0206 -31.1696 21.2908
    endloop
  endfacet
  facet normal -0.644443 0.580265 -0.497982
    outer loop
      vertex 29.6471 -32.9265 19.7267
      vertex 33.3673 -28.5603 20
      vertex 35.8451 -26.043 19.7267
    endloop
  endfacet
  facet normal -0.644474 0.580271 -0.497934
    outer loop
      vertex 31.7437 -23.0631 28.5076
      vertex 33.8801 -24.6153 23.9336
      vertex 31.0684 -26.2401 25.6793
    endloop
  endfacet
  facet normal -0.751015 0.433596 -0.497968
    outer loop
      vertex 35.8451 -26.043 19.7267
      vertex 40.2046 -18.1782 20
      vertex 40.4764 -18.0213 19.7267
    endloop
  endfacet
  facet normal -0.750947 0.433562 -0.498099
    outer loop
      vertex 40.2046 -18.1782 20
      vertex 35.8451 -26.043 19.7267
      vertex 35.7174 -25.9502 20
    endloop
  endfacet
  facet normal -0.751022 0.433591 -0.49796
    outer loop
      vertex 35.5665 -23.0812 22.7261
      vertex 35.9952 -20.6085 24.2326
      vertex 38.3367 -19.2566 21.8783
    endloop
  endfacet
  facet normal -0.751085 0.433561 -0.497893
    outer loop
      vertex 35.9952 -20.6085 24.2326
      vertex 35.5665 -23.0812 22.7261
      vertex 35.8315 -20.8233 24.2925
    endloop
  endfacet
  facet normal -0.750954 0.433636 -0.498024
    outer loop
      vertex 35.8315 -20.8233 24.2925
      vertex 35.5665 -23.0812 22.7261
      vertex 35.5642 -20.9977 24.5437
    endloop
  endfacet
  facet normal -0.751005 0.433598 -0.49798
    outer loop
      vertex 33.8801 -24.6153 23.9336
      vertex 35.5642 -20.9977 24.5437
      vertex 35.5665 -23.0812 22.7261
    endloop
  endfacet
  facet normal -0.751024 0.433602 -0.497948
    outer loop
      vertex 35.5642 -20.9977 24.5437
      vertex 33.8801 -24.6153 23.9336
      vertex 32.4808 -23.0097 27.4422
    endloop
  endfacet
  facet normal -0.751034 0.433814 -0.497747
    outer loop
      vertex 33.8801 -24.6153 23.9336
      vertex 35.5665 -23.0812 22.7261
      vertex 35.1921 -23.598 22.8406
    endloop
  endfacet
  facet normal -0.751105 0.433486 -0.497927
    outer loop
      vertex 32.4808 -23.0097 27.4422
      vertex 33.8801 -24.6153 23.9336
      vertex 31.7437 -23.0631 28.5076
    endloop
  endfacet
  facet normal -0.750985 0.433809 -0.497827
    outer loop
      vertex 32.7496 -22.4824 27.4962
      vertex 32.4808 -23.0097 27.4422
      vertex 31.7437 -23.0631 28.5076
    endloop
  endfacet
  facet normal -0.387033 0.869285 -0.307488
    outer loop
      vertex 22.1535 -38.3709 19.7267
      vertex 14.6598 -45.1183 10.0837
      vertex 13.6916 -42.1384 19.7267
    endloop
  endfacet
  facet normal 0.154894 0.728693 -0.667094
    outer loop
      vertex -3.39224 -32.2751 36.0425
      vertex -9.27752 -31.8981 35.0878
      vertex -9.15381 -31.0504 36.0425
    endloop
  endfacet
  facet normal 0.154894 0.728691 -0.667096
    outer loop
      vertex -3.97568 -37.826 29.8436
      vertex -9.27752 -31.8981 35.0878
      vertex -3.39224 -32.2751 36.0425
    endloop
  endfacet
  facet normal 0.154909 0.728696 -0.667087
    outer loop
      vertex -9.27752 -31.8981 35.0878
      vertex -3.97568 -37.826 29.8436
      vertex -4.55823 -38.3936 29.0883
    endloop
  endfacet
  facet normal 0.154691 0.728578 -0.667267
    outer loop
      vertex -9.83351 -30.9059 36.0425
      vertex -9.95356 -30.9676 35.9473
      vertex -10.0285 -30.8645 36.0425
    endloop
  endfacet
  facet normal 0.180076 0.848395 -0.497794
    outer loop
      vertex -13.6428 -41.9884 20
      vertex -13.3931 -42.0414 20
      vertex -13.6916 -42.1384 19.7267
    endloop
  endfacet
  facet normal 0.180304 0.848261 -0.497939
    outer loop
      vertex -6.24956 -39.7204 26.5407
      vertex -11.5117 -37.4473 28.5076
      vertex -5.00616 -38.8301 28.5076
    endloop
  endfacet
  facet normal 0.180323 0.848276 -0.497907
    outer loop
      vertex -11.5117 -37.4473 28.5076
      vertex -6.24956 -39.7204 26.5407
      vertex -12.2923 -37.8317 27.57
    endloop
  endfacet
  facet normal 0.18031 0.848256 -0.497946
    outer loop
      vertex -10.5999 -41.1339 22.5575
      vertex -12.2923 -37.8317 27.57
      vertex -6.24956 -39.7204 26.5407
    endloop
  endfacet
  facet normal 0.180309 0.848256 -0.497946
    outer loop
      vertex -12.2923 -37.8317 27.57
      vertex -10.5999 -41.1339 22.5575
      vertex -13.3397 -41.0553 21.6993
    endloop
  endfacet
  facet normal 0.180262 0.848292 -0.497902
    outer loop
      vertex -4.63134 -44.0642 19.7267
      vertex -5.66752 -43.6836 20
      vertex -4.58204 -43.5952 20.5436
    endloop
  endfacet
  facet normal 0.180323 0.84836 -0.497764
    outer loop
      vertex -13.6916 -42.1384 19.7267
      vertex -5.66752 -43.6836 20
      vertex -4.63134 -44.0642 19.7267
    endloop
  endfacet
  facet normal 0.180306 0.848233 -0.497987
    outer loop
      vertex -5.66752 -43.6836 20
      vertex -13.6916 -42.1384 19.7267
      vertex -13.3931 -42.0414 20
    endloop
  endfacet
  facet normal 0.180266 0.848287 -0.497909
    outer loop
      vertex -7.94934 -40.9374 23.8519
      vertex -10.5999 -41.1339 22.5575
      vertex -6.24956 -39.7204 26.5407
    endloop
  endfacet
  facet normal 0.180331 0.848202 -0.498031
    outer loop
      vertex -10.5999 -41.1339 22.5575
      vertex -7.94934 -40.9374 23.8519
      vertex -8.31523 -41.1994 23.2732
    endloop
  endfacet
  facet normal -0.437863 -0.602714 -0.667092
    outer loop
      vertex 21.7152 24.1172 36.0425
      vertex 22.4786 26.1117 33.7394
      vertex 23.1593 25.721 33.6456
    endloop
  endfacet
  facet normal -0.437961 -0.60266 -0.667077
    outer loop
      vertex 22.4786 26.1117 33.7394
      vertex 21.7152 24.1172 36.0425
      vertex 22.0972 26.1127 33.9889
    endloop
  endfacet
  facet normal -0.437843 -0.602713 -0.667106
    outer loop
      vertex 22.0972 26.1127 33.9889
      vertex 21.7152 24.1172 36.0425
      vertex 21.2906 26.1148 34.5164
    endloop
  endfacet
  facet normal -0.509739 -0.701612 -0.497902
    outer loop
      vertex 29.6471 32.9265 19.7267
      vertex 29.5416 32.8092 20
      vertex 29.335 32.9593 20
    endloop
  endfacet
  facet normal -0.166196 -0.373278 -0.912712
    outer loop
      vertex 7.49366 23.0631 42.0022
      vertex 7.49366 12.9794 46.1262
      vertex 4.63134 14.2538 46.1262
    endloop
  endfacet
  facet normal -0.166194 -0.373278 -0.912712
    outer loop
      vertex 7.49366 23.0631 42.0022
      vertex 12.125 21.0011 42.0022
      vertex 7.49366 12.9794 46.1262
    endloop
  endfacet
  facet normal 0.122648 -0.577005 -0.80748
    outer loop
      vertex -3.39224 32.2751 36.0425
      vertex -7.49366 23.0631 42.0022
      vertex -10.0285 30.8645 36.0425
    endloop
  endfacet
  facet normal 0.154924 -0.728692 -0.667088
    outer loop
      vertex -9.08587 36.6536 29.9377
      vertex -10.0285 30.8645 36.0425
      vertex -10.5819 32.5676 34.0536
    endloop
  endfacet
  facet normal 0.154901 -0.728687 -0.667099
    outer loop
      vertex -4.10142 39.0224 28.5076
      vertex -9.08587 36.6536 29.9377
      vertex -8.77517 37.5022 29.0829
    endloop
  endfacet
  facet normal 0.154906 -0.728693 -0.667091
    outer loop
      vertex -9.08587 36.6536 29.9377
      vertex -4.10142 39.0224 28.5076
      vertex -10.0285 30.8645 36.0425
    endloop
  endfacet
  facet normal 0.154894 -0.728672 -0.667117
    outer loop
      vertex -4.10142 39.0224 28.5076
      vertex -8.77517 37.5022 29.0829
      vertex -8.69332 38.0463 28.5076
    endloop
  endfacet
  facet normal 0.404531 -0.908597 -0.103956
    outer loop
      vertex -14.9873 46.1262 0
      vertex -14.6598 45.1183 10.0837
      vertex -24.25 42.0022 0
    endloop
  endfacet
  facet normal -0.197837 -0.930758 -0.307489
    outer loop
      vertex 14.6598 45.1183 10.0837
      vertex 13.6916 42.1384 19.7267
      vertex 4.63134 44.0642 19.7267
    endloop
  endfacet
  facet normal 0.346718 -0.477219 -0.807495
    outer loop
      vertex -13.3524 21.3999 41.2395
      vertex -12.125 21.0011 42.0022
      vertex -13.6594 19.8863 42.0022
    endloop
  endfacet
  facet normal 0.240157 -0.330576 -0.912713
    outer loop
      vertex -13.9361 17.9708 42.6232
      vertex -12.125 21.0011 42.0022
      vertex -7.49366 12.9794 46.1262
    endloop
  endfacet
  facet normal 0.240187 -0.33059 -0.9127
    outer loop
      vertex -12.125 21.0011 42.0022
      vertex -13.9361 17.9708 42.6232
      vertex -13.6594 19.8863 42.0022
    endloop
  endfacet
  facet normal 0.240423 -0.330263 -0.912756
    outer loop
      vertex -7.49366 12.9794 46.1262
      vertex -14.1317 17.9677 42.5728
      vertex -13.9361 17.9708 42.6232
    endloop
  endfacet
  facet normal 0.240162 -0.330578 -0.912711
    outer loop
      vertex -14.1317 17.9677 42.5728
      vertex -7.49366 12.9794 46.1262
      vertex -16.0793 17.9363 42.0717
    endloop
  endfacet
  facet normal 0.553593 -0.498505 -0.667104
    outer loop
      vertex -23.3489 22.3027 36.0425
      vertex -25.8392 23.672 32.9527
      vertex -25.2998 23.7657 33.3303
    endloop
  endfacet
  facet normal 0.553611 -0.49848 -0.667107
    outer loop
      vertex -26.2549 19.0753 36.0425
      vertex -25.8392 23.672 32.9527
      vertex -23.3489 22.3027 36.0425
    endloop
  endfacet
  facet normal 0.553691 -0.498455 -0.667059
    outer loop
      vertex -25.8392 23.672 32.9527
      vertex -26.2549 19.0753 36.0425
      vertex -26.2549 23.5998 32.6616
    endloop
  endfacet
  facet normal 0.406302 -0.0427029 -0.912741
    outer loop
      vertex -14.9873 0 46.1262
      vertex -15.5448 2.82849 45.7457
      vertex -14.6598 3.11604 46.1262
    endloop
  endfacet
  facet normal 0.40638 -0.0426829 -0.912707
    outer loop
      vertex -15.5448 2.82849 45.7457
      vertex -14.9873 0 46.1262
      vertex -15.6795 0 45.818
    endloop
  endfacet
  facet normal 0.207865 -0.0218469 -0.977913
    outer loop
      vertex -14.6598 3.11604 46.1262
      vertex -5.06963 0 48.2343
      vertex -14.9873 0 46.1262
    endloop
  endfacet
  facet normal -0.0434536 0.204443 -0.977914
    outer loop
      vertex 1.5666 -4.8215 48.2343
      vertex 4.63134 -14.2538 46.1262
      vertex 1.5666 -14.9052 46.1262
    endloop
  endfacet
  facet normal 0.707139 -0.636718 -0.307481
    outer loop
      vertex -29.6471 32.9265 19.7267
      vertex -35.8451 26.043 19.7267
      vertex -38.3799 27.8846 10.0837
    endloop
  endfacet
  facet normal 0.644489 -0.580307 -0.497874
    outer loop
      vertex -29.7124 32.6195 20
      vertex -35.8451 26.043 19.7267
      vertex -29.6471 32.9265 19.7267
    endloop
  endfacet
  facet normal 0.644395 -0.58021 -0.498107
    outer loop
      vertex -35.8451 26.043 19.7267
      vertex -29.7124 32.6195 20
      vertex -35.7174 25.9502 20
    endloop
  endfacet
  facet normal 0.15489 -0.728689 -0.667099
    outer loop
      vertex -4.10142 39.0224 28.5076
      vertex -3.39224 32.2751 36.0425
      vertex -10.0285 30.8645 36.0425
    endloop
  endfacet
  facet normal 0.197837 -0.930758 -0.307489
    outer loop
      vertex -4.63134 44.0642 19.7267
      vertex -13.6916 42.1384 19.7267
      vertex -14.6598 45.1183 10.0837
    endloop
  endfacet
  facet normal 0.0849498 -0.399676 -0.912712
    outer loop
      vertex -1.5666 14.9052 46.1262
      vertex -4.63134 14.2538 46.1262
      vertex -7.49366 23.0631 42.0022
    endloop
  endfacet
  facet normal 0.0849579 -0.399671 -0.912713
    outer loop
      vertex -2.53481 24.1172 42.0022
      vertex -1.5666 14.9052 46.1262
      vertex -7.49366 23.0631 42.0022
    endloop
  endfacet
  facet normal 0 -0.20901 -0.977913
    outer loop
      vertex -0.529921 5.04186 48.2343
      vertex 1.5666 14.9052 46.1262
      vertex 0.529921 5.04186 48.2343
    endloop
  endfacet
  facet normal -0 -0.20901 -0.977913
    outer loop
      vertex 1.5666 14.9052 46.1262
      vertex -0.529921 5.04186 48.2343
      vertex -1.5666 14.9052 46.1262
    endloop
  endfacet
  facet normal 0.181008 0.104505 -0.977914
    outer loop
      vertex -4.63134 -2.062 48.2343
      vertex -4.10142 -2.97985 48.2343
      vertex -13.6916 -6.09589 46.1262
    endloop
  endfacet
  facet normal 0.198781 0.0645869 -0.977913
    outer loop
      vertex -4.95885 -1.05404 48.2343
      vertex -13.6916 -6.09589 46.1262
      vertex -14.6598 -3.11604 46.1262
    endloop
  endfacet
  facet normal 0.0849498 0.399676 -0.912712
    outer loop
      vertex -4.63134 -14.2538 46.1262
      vertex -1.5666 -14.9052 46.1262
      vertex -7.49366 -23.0631 42.0022
    endloop
  endfacet
  facet normal 0.166196 0.373278 -0.912712
    outer loop
      vertex -7.49366 -12.9794 46.1262
      vertex -4.63134 -14.2538 46.1262
      vertex -7.49366 -23.0631 42.0022
    endloop
  endfacet
  facet normal 0 0 -1
    outer loop
      vertex 4.95885 -1.05404 48.2343
      vertex 4.95885 1.05404 48.2343
      vertex 5.06963 0 48.2343
    endloop
  endfacet
  facet normal 0 0 -1
    outer loop
      vertex 4.63134 -2.062 48.2343
      vertex 4.95885 1.05404 48.2343
      vertex 4.95885 -1.05404 48.2343
    endloop
  endfacet
  facet normal 0 0 -1
    outer loop
      vertex 4.63134 -2.062 48.2343
      vertex 4.63134 2.062 48.2343
      vertex 4.95885 1.05404 48.2343
    endloop
  endfacet
  facet normal 0 0 -1
    outer loop
      vertex 4.10142 -2.97985 48.2343
      vertex 4.63134 2.062 48.2343
      vertex 4.63134 -2.062 48.2343
    endloop
  endfacet
  facet normal 0 0 -1
    outer loop
      vertex 4.10142 -2.97985 48.2343
      vertex 4.10142 2.97985 48.2343
      vertex 4.63134 2.062 48.2343
    endloop
  endfacet
  facet normal 0 0 -1
    outer loop
      vertex 3.39224 -3.76747 48.2343
      vertex 4.10142 2.97985 48.2343
      vertex 4.10142 -2.97985 48.2343
    endloop
  endfacet
  facet normal 0 0 -1
    outer loop
      vertex 3.39224 -3.76747 48.2343
      vertex 3.39224 3.76747 48.2343
      vertex 4.10142 2.97985 48.2343
    endloop
  endfacet
  facet normal 0 0 -1
    outer loop
      vertex 2.53481 -4.39043 48.2343
      vertex 3.39224 3.76747 48.2343
      vertex 3.39224 -3.76747 48.2343
    endloop
  endfacet
  facet normal 0 0 -1
    outer loop
      vertex 2.53481 -4.39043 48.2343
      vertex 2.53481 4.39043 48.2343
      vertex 3.39224 3.76747 48.2343
    endloop
  endfacet
  facet normal 0 0 -1
    outer loop
      vertex 1.5666 -4.8215 48.2343
      vertex 2.53481 4.39043 48.2343
      vertex 2.53481 -4.39043 48.2343
    endloop
  endfacet
  facet normal 0 0 -1
    outer loop
      vertex 1.5666 -4.8215 48.2343
      vertex 1.5666 4.8215 48.2343
      vertex 2.53481 4.39043 48.2343
    endloop
  endfacet
  facet normal 0 0 -1
    outer loop
      vertex 0.529921 -5.04186 48.2343
      vertex 1.5666 4.8215 48.2343
      vertex 1.5666 -4.8215 48.2343
    endloop
  endfacet
  facet normal 0 0 -1
    outer loop
      vertex 0.529921 -5.04186 48.2343
      vertex 0.529921 5.04186 48.2343
      vertex 1.5666 4.8215 48.2343
    endloop
  endfacet
  facet normal 0 0 -1
    outer loop
      vertex -0.529921 -5.04186 48.2343
      vertex 0.529921 5.04186 48.2343
      vertex 0.529921 -5.04186 48.2343
    endloop
  endfacet
  facet normal 0 0 -1
    outer loop
      vertex -0.529921 -5.04186 48.2343
      vertex -0.529921 5.04186 48.2343
      vertex 0.529921 5.04186 48.2343
    endloop
  endfacet
  facet normal 0 0 -1
    outer loop
      vertex -1.5666 -4.8215 48.2343
      vertex -0.529921 5.04186 48.2343
      vertex -0.529921 -5.04186 48.2343
    endloop
  endfacet
  facet normal 0 0 -1
    outer loop
      vertex -1.5666 -4.8215 48.2343
      vertex -1.5666 4.8215 48.2343
      vertex -0.529921 5.04186 48.2343
    endloop
  endfacet
  facet normal 0 0 -1
    outer loop
      vertex -2.53481 -4.39043 48.2343
      vertex -1.5666 4.8215 48.2343
      vertex -1.5666 -4.8215 48.2343
    endloop
  endfacet
  facet normal 0 0 -1
    outer loop
      vertex -2.53481 -4.39043 48.2343
      vertex -2.53481 4.39043 48.2343
      vertex -1.5666 4.8215 48.2343
    endloop
  endfacet
  facet normal 0 0 -1
    outer loop
      vertex -3.39224 -3.76747 48.2343
      vertex -2.53481 4.39043 48.2343
      vertex -2.53481 -4.39043 48.2343
    endloop
  endfacet
  facet normal 0 0 -1
    outer loop
      vertex -3.39224 -3.76747 48.2343
      vertex -3.39224 3.76747 48.2343
      vertex -2.53481 4.39043 48.2343
    endloop
  endfacet
  facet normal 0 0 -1
    outer loop
      vertex -4.10142 -2.97985 48.2343
      vertex -3.39224 3.76747 48.2343
      vertex -3.39224 -3.76747 48.2343
    endloop
  endfacet
  facet normal 0 0 -1
    outer loop
      vertex -4.10142 -2.97985 48.2343
      vertex -4.10142 2.97985 48.2343
      vertex -3.39224 3.76747 48.2343
    endloop
  endfacet
  facet normal 0 0 -1
    outer loop
      vertex -4.63134 -2.062 48.2343
      vertex -4.10142 2.97985 48.2343
      vertex -4.10142 -2.97985 48.2343
    endloop
  endfacet
  facet normal 0 0 -1
    outer loop
      vertex -4.63134 -2.062 48.2343
      vertex -4.63134 2.062 48.2343
      vertex -4.10142 2.97985 48.2343
    endloop
  endfacet
  facet normal 0 0 -1
    outer loop
      vertex -4.95885 -1.05404 48.2343
      vertex -4.63134 2.062 48.2343
      vertex -4.63134 -2.062 48.2343
    endloop
  endfacet
  facet normal 0 0 -1
    outer loop
      vertex -4.95885 -1.05404 48.2343
      vertex -4.95885 1.05404 48.2343
      vertex -4.63134 2.062 48.2343
    endloop
  endfacet
  facet normal 0 -0 -1
    outer loop
      vertex -4.95885 1.05404 48.2343
      vertex -4.95885 -1.05404 48.2343
      vertex -5.06963 0 48.2343
    endloop
  endfacet
  facet normal -0.438409 0.39468 -0.807481
    outer loop
      vertex 21.0019 -16.2713 40.2651
      vertex 19.6187 -14.2538 42.0022
      vertex 21.8641 -15.8852 39.9857
    endloop
  endfacet
  facet normal -0.438373 0.39471 -0.807486
    outer loop
      vertex 20.3964 -16.5424 40.4613
      vertex 19.6187 -14.2538 42.0022
      vertex 21.0019 -16.2713 40.2651
    endloop
  endfacet
  facet normal -0.438368 0.394712 -0.807487
    outer loop
      vertex 19.6187 -14.2538 42.0022
      vertex 20.3964 -16.5424 40.4613
      vertex 16.5509 -17.6609 42.0022
    endloop
  endfacet
  facet normal -0.303559 0.273329 -0.912767
    outer loop
      vertex 16.1111 -17.7623 42.1181
      vertex 19.6187 -14.2538 42.0022
      vertex 16.5509 -17.6609 42.0022
    endloop
  endfacet
  facet normal -0.303644 0.273416 -0.912712
    outer loop
      vertex 19.6187 -14.2538 42.0022
      vertex 16.1111 -17.7623 42.1181
      vertex 12.125 -8.80933 46.1262
    endloop
  endfacet
  facet normal -0.207865 0.0218473 -0.977914
    outer loop
      vertex 11.7981 0 46.8041
      vertex 11.8939 -2.21733 46.7342
      vertex 5.06963 0 48.2343
    endloop
  endfacet
  facet normal -0.198786 -0.0645649 -0.977914
    outer loop
      vertex 11.5162 4.8399 46.6514
      vertex 11.6659 2.47966 46.7768
      vertex 4.95885 1.05404 48.2343
    endloop
  endfacet
  facet normal -0.207858 -0.021846 -0.977915
    outer loop
      vertex 4.95885 1.05404 48.2343
      vertex 11.6835 2.14898 46.7805
      vertex 5.06963 0 48.2343
    endloop
  endfacet
  facet normal -0.207833 -0.0220036 -0.977917
    outer loop
      vertex 11.6835 2.14898 46.7805
      vertex 4.95885 1.05404 48.2343
      vertex 11.6659 2.47966 46.7768
    endloop
  endfacet
  facet normal 0.86133 0.497294 -0.103966
    outer loop
      vertex -43.3387 -19.2957 10.0837
      vertex -39.2373 -28.5076 0
      vertex -44.307 -19.7267 0
    endloop
  endfacet
  facet normal -0.559307 0.769822 -0.30749
    outer loop
      vertex 29.6471 -32.9265 19.7267
      vertex 23.7201 -41.0844 10.0837
      vertex 22.1535 -38.3709 19.7267
    endloop
  endfacet
  facet normal -0.35273 0.792229 -0.49795
    outer loop
      vertex 18.2811 -38.2919 22.5956
      vertex 17.4561 -36.957 25.3038
      vertex 20.9235 -36.2406 23.9874
    endloop
  endfacet
  facet normal -0.35271 0.792239 -0.497949
    outer loop
      vertex 17.4561 -36.957 25.3038
      vertex 18.2811 -38.2919 22.5956
      vertex 16.0103 -38.947 23.1618
    endloop
  endfacet
  facet normal -0.353117 0.79238 -0.497436
    outer loop
      vertex 20.9235 -36.2406 23.9874
      vertex 18.3047 -38.2994 22.5669
      vertex 18.2811 -38.2919 22.5956
    endloop
  endfacet
  facet normal -0.352712 0.792228 -0.497965
    outer loop
      vertex 20.9235 -36.2406 23.9874
      vertex 18.5248 -38.3698 22.299
      vertex 18.3047 -38.2994 22.5669
    endloop
  endfacet
  facet normal -0.352773 0.792244 -0.497897
    outer loop
      vertex 20.9235 -36.2406 23.9874
      vertex 19.0538 -38.3982 21.879
      vertex 18.5248 -38.3698 22.299
    endloop
  endfacet
  facet normal -0.352716 0.79224 -0.497943
    outer loop
      vertex 20.9235 -36.2406 23.9874
      vertex 21.4203 -38.5256 20
      vertex 19.0538 -38.3982 21.879
    endloop
  endfacet
  facet normal -0.35276 0.792223 -0.497939
    outer loop
      vertex 22.1535 -38.3709 19.7267
      vertex 21.4203 -38.5256 20
      vertex 20.9235 -36.2406 23.9874
    endloop
  endfacet
  facet normal -0.352745 0.792273 -0.497869
    outer loop
      vertex 13.6916 -42.1384 19.7267
      vertex 21.4203 -38.5256 20
      vertex 22.1535 -38.3709 19.7267
    endloop
  endfacet
  facet normal -0.352738 0.79226 -0.497895
    outer loop
      vertex 21.4203 -38.5256 20
      vertex 13.6916 -42.1384 19.7267
      vertex 13.8761 -41.8845 20
    endloop
  endfacet
  facet normal 0 -0.589898 -0.807478
    outer loop
      vertex -2.53481 24.1172 42.0022
      vertex 3.39224 32.2751 36.0425
      vertex 2.53481 24.1172 42.0022
    endloop
  endfacet
  facet normal -0 -0.589898 -0.807478
    outer loop
      vertex 3.39224 32.2751 36.0425
      vertex -2.53481 24.1172 42.0022
      vertex -3.39224 32.2751 36.0425
    endloop
  endfacet
  facet normal 0.239921 -0.538896 -0.807483
    outer loop
      vertex -13.0932 22.678 40.5954
      vertex -10.0285 30.8645 36.0425
      vertex -12.125 21.0011 42.0022
    endloop
  endfacet
  facet normal 0.239958 -0.538902 -0.807468
    outer loop
      vertex -10.0285 30.8645 36.0425
      vertex -13.0932 22.678 40.5954
      vertex -11.3167 30.2909 36.0425
    endloop
  endfacet
  facet normal 0.122654 -0.577006 -0.807478
    outer loop
      vertex -3.39224 32.2751 36.0425
      vertex -2.53481 24.1172 42.0022
      vertex -7.49366 23.0631 42.0022
    endloop
  endfacet
  facet normal -0.206785 -0.972848 -0.103955
    outer loop
      vertex 14.9873 46.1262 0
      vertex 14.6598 45.1183 10.0837
      vertex 4.95885 47.1803 10.0837
    endloop
  endfacet
  facet normal -0.206788 -0.972847 -0.103959
    outer loop
      vertex 5.06963 48.2343 0
      vertex 14.9873 46.1262 0
      vertex 4.95885 47.1803 10.0837
    endloop
  endfacet
  facet normal 0 -0.744969 -0.667099
    outer loop
      vertex -4.10142 39.0224 28.5076
      vertex 3.39224 32.2751 36.0425
      vertex -3.39224 32.2751 36.0425
    endloop
  endfacet
  facet normal 0 -0.744969 -0.667099
    outer loop
      vertex 3.39224 32.2751 36.0425
      vertex -4.10142 39.0224 28.5076
      vertex 4.10142 39.0224 28.5076
    endloop
  endfacet
  facet normal 0 -0.867214 -0.497935
    outer loop
      vertex -4.63134 44.0642 19.7267
      vertex 4.10142 39.0224 28.5076
      vertex -4.10142 39.0224 28.5076
    endloop
  endfacet
  facet normal 0 -0.867214 -0.497935
    outer loop
      vertex 4.10142 39.0224 28.5076
      vertex -4.63134 44.0642 19.7267
      vertex 4.63134 44.0642 19.7267
    endloop
  endfacet
  facet normal 0.19878 -0.0645883 -0.977914
    outer loop
      vertex -4.63134 2.062 48.2343
      vertex -4.95885 1.05404 48.2343
      vertex -13.6916 6.09589 46.1262
    endloop
  endfacet
  facet normal 0.181008 -0.104505 -0.977914
    outer loop
      vertex -4.10142 2.97985 48.2343
      vertex -4.63134 2.062 48.2343
      vertex -13.6916 6.09589 46.1262
    endloop
  endfacet
  facet normal 0.239932 -0.538897 -0.80748
    outer loop
      vertex -10.0285 30.8645 36.0425
      vertex -7.49366 23.0631 42.0022
      vertex -12.125 21.0011 42.0022
    endloop
  endfacet
  facet normal 0.166194 -0.373278 -0.912712
    outer loop
      vertex -7.49366 23.0631 42.0022
      vertex -7.49366 12.9794 46.1262
      vertex -12.125 21.0011 42.0022
    endloop
  endfacet
  facet normal -0.181076 0.104275 -0.977925
    outer loop
      vertex 4.10142 -2.97985 48.2343
      vertex 12.0021 -5.3871 46.5147
      vertex 12.006 -5.5482 46.4968
    endloop
  endfacet
  facet normal -0.180831 0.105054 -0.977888
    outer loop
      vertex 12.0021 -5.3871 46.5147
      vertex 4.10142 -2.97985 48.2343
      vertex 12.0011 -5.34321 46.5196
    endloop
  endfacet
  facet normal -0.181002 0.104501 -0.977915
    outer loop
      vertex 12.0011 -5.34321 46.5196
      vertex 4.10142 -2.97985 48.2343
      vertex 4.63134 -2.062 48.2343
    endloop
  endfacet
  facet normal -0.181036 0.104525 -0.977906
    outer loop
      vertex 12.125 -8.80933 46.1262
      vertex 12.0279 -6.45615 46.3957
      vertex 13.3834 -6.6298 46.1262
    endloop
  endfacet
  facet normal -0.180992 0.104525 -0.977914
    outer loop
      vertex 12.0279 -6.45615 46.3957
      vertex 4.10142 -2.97985 48.2343
      vertex 12.006 -5.5482 46.4968
    endloop
  endfacet
  facet normal -0.180991 0.104528 -0.977914
    outer loop
      vertex 4.10142 -2.97985 48.2343
      vertex 12.0279 -6.45615 46.3957
      vertex 12.125 -8.80933 46.1262
    endloop
  endfacet
  facet normal -0.388628 0.126319 -0.912695
    outer loop
      vertex 22.1758 -4.7136 42.7052
      vertex 23.7201 -5.04186 42.0022
      vertex 21.7977 -5.24391 42.7928
    endloop
  endfacet
  facet normal -0.388626 0.126272 -0.912702
    outer loop
      vertex 22.1535 -9.86336 42.0022
      vertex 21.7977 -5.24391 42.7928
      vertex 23.7201 -5.04186 42.0022
    endloop
  endfacet
  facet normal -0.388593 0.126277 -0.912716
    outer loop
      vertex 22.1535 -9.86336 42.0022
      vertex 20.2889 -7.36007 43.1424
      vertex 21.7977 -5.24391 42.7928
    endloop
  endfacet
  facet normal -0.388722 0.126163 -0.912676
    outer loop
      vertex 22.1535 -9.86336 42.0022
      vertex 19.9079 -7.32009 43.3102
      vertex 20.2889 -7.36007 43.1424
    endloop
  endfacet
  facet normal -0.388593 0.126296 -0.912713
    outer loop
      vertex 19.9079 -7.32009 43.3102
      vertex 22.1535 -9.86336 42.0022
      vertex 15.3717 -6.84394 45.3074
    endloop
  endfacet
  facet normal 0.584602 0.804633 -0.103957
    outer loop
      vertex -31.7437 -35.2549 10.0837
      vertex -24.25 -42.0022 0
      vertex -32.4528 -36.0425 0
    endloop
  endfacet
  facet normal -0.302852 0.680617 -0.667114
    outer loop
      vertex 10.0285 -30.8645 36.0425
      vertex 10.7892 -32.2164 34.3179
      vertex 10.4835 -32.2648 34.4073
    endloop
  endfacet
  facet normal -0.303047 0.68052 -0.667124
    outer loop
      vertex 10.7892 -32.2164 34.3179
      vertex 10.0285 -30.8645 36.0425
      vertex 13.0744 -31.8542 33.6493
    endloop
  endfacet
  facet normal -0.352832 0.792259 -0.49783
    outer loop
      vertex 13.8761 -41.8845 20
      vertex 13.6916 -42.1384 19.7267
      vertex 13.6428 -41.9884 20
    endloop
  endfacet
  facet normal -0.352727 0.792229 -0.497952
    outer loop
      vertex 17.4561 -36.957 25.3038
      vertex 12.9423 -39.8322 23.9268
      vertex 12.3508 -38.0118 27.242
    endloop
  endfacet
  facet normal -0.35274 0.792238 -0.497929
    outer loop
      vertex 12.9423 -39.8322 23.9268
      vertex 17.4561 -36.957 25.3038
      vertex 16.0103 -38.947 23.1618
    endloop
  endfacet
  facet normal -0.559309 0.769821 -0.307487
    outer loop
      vertex 29.6471 -32.9265 19.7267
      vertex 31.7437 -35.2549 10.0837
      vertex 23.7201 -41.0844 10.0837
    endloop
  endfacet
  facet normal -0.707143 0.63671 -0.307488
    outer loop
      vertex 38.3799 -27.8846 10.0837
      vertex 31.7437 -35.2549 10.0837
      vertex 29.6471 -32.9265 19.7267
    endloop
  endfacet
  facet normal -0.154898 -0.728674 -0.667114
    outer loop
      vertex 3.39224 32.2751 36.0425
      vertex 7.68386 34.0916 33.0619
      vertex 8.00426 31.2947 36.0425
    endloop
  endfacet
  facet normal -0.154881 -0.72869 -0.6671
    outer loop
      vertex 7.68386 34.0916 33.0619
      vertex 3.39224 32.2751 36.0425
      vertex 4.10142 39.0224 28.5076
    endloop
  endfacet
  facet normal -0.154884 -0.728691 -0.667098
    outer loop
      vertex 7.19432 38.365 28.5076
      vertex 7.68386 34.0916 33.0619
      vertex 4.10142 39.0224 28.5076
    endloop
  endfacet
  facet normal 0.561033 -0.1823 -0.80747
    outer loop
      vertex -29.6471 13.1998 36.0425
      vertex -28.0699 12.4975 37.2969
      vertex -30.8998 9.34459 36.0425
    endloop
  endfacet
  facet normal 0.181008 -0.104505 -0.977914
    outer loop
      vertex -12.125 8.80933 46.1262
      vertex -4.10142 2.97985 48.2343
      vertex -13.6916 6.09589 46.1262
    endloop
  endfacet
  facet normal 0.353896 -0.204148 -0.912733
    outer loop
      vertex -12.125 8.80933 46.1262
      vertex -15.0166 9.27938 44.8999
      vertex -14.9623 9.82597 44.7987
    endloop
  endfacet
  facet normal 0.353795 -0.204602 -0.91267
    outer loop
      vertex -15.0166 9.27938 44.8999
      vertex -12.125 8.80933 46.1262
      vertex -15.033 9.11497 44.9304
    endloop
  endfacet
  facet normal 0.353805 -0.204378 -0.912716
    outer loop
      vertex -14.9623 9.82597 44.7987
      vertex -19.6187 14.2538 42.0022
      vertex -12.125 8.80933 46.1262
    endloop
  endfacet
  facet normal 0.353874 -0.2043 -0.912707
    outer loop
      vertex -19.6187 14.2538 42.0022
      vertex -14.9623 9.82597 44.7987
      vertex -20.9283 11.9854 42.0022
    endloop
  endfacet
  facet normal 0.510866 -0.294935 -0.807483
    outer loop
      vertex -23.4835 12.8506 40.0696
      vertex -19.6187 14.2538 42.0022
      vertex -20.9283 11.9854 42.0022
    endloop
  endfacet
  facet normal 0.510868 -0.294949 -0.807477
    outer loop
      vertex -19.6187 14.2538 42.0022
      vertex -23.4835 12.8506 40.0696
      vertex -26.2549 19.0753 36.0425
    endloop
  endfacet
  facet normal -0.180303 0.848235 -0.497985
    outer loop
      vertex 13.3931 -42.0414 20
      vertex 13.6916 -42.1384 19.7267
      vertex 8.16029 -43.1537 20
    endloop
  endfacet
  facet normal -0.180338 0.848242 -0.497959
    outer loop
      vertex 4.10142 -39.0224 28.5076
      vertex 8.38792 -40.4227 24.5699
      vertex 7.33182 -40.5597 24.719
    endloop
  endfacet
  facet normal -0.178048 0.84985 -0.496037
    outer loop
      vertex 8.38792 -40.4227 24.5699
      vertex 4.10142 -39.0224 28.5076
      vertex 8.40463 -40.4206 24.5675
    endloop
  endfacet
  facet normal -0.180302 0.848264 -0.497935
    outer loop
      vertex 4.63134 -44.0642 19.7267
      vertex 7.33182 -40.5597 24.719
      vertex 7.66898 -41.01 23.8298
    endloop
  endfacet
  facet normal -0.180683 0.848323 -0.497696
    outer loop
      vertex 4.63134 -44.0642 19.7267
      vertex 7.66898 -41.01 23.8298
      vertex 7.70147 -41.0533 23.7442
    endloop
  endfacet
  facet normal -0.180295 0.848259 -0.497946
    outer loop
      vertex 4.63134 -44.0642 19.7267
      vertex 7.70147 -41.0533 23.7442
      vertex 8.15797 -43.1431 20.0189
    endloop
  endfacet
  facet normal -0.180306 0.848288 -0.497892
    outer loop
      vertex 4.63134 -44.0642 19.7267
      vertex 8.15797 -43.1431 20.0189
      vertex 8.16029 -43.1537 20
    endloop
  endfacet
  facet normal -0.1803 0.848264 -0.497936
    outer loop
      vertex 7.33182 -40.5597 24.719
      vertex 4.63134 -44.0642 19.7267
      vertex 4.10142 -39.0224 28.5076
    endloop
  endfacet
  facet normal -0.180309 0.848294 -0.497881
    outer loop
      vertex 4.63134 -44.0642 19.7267
      vertex 8.16029 -43.1537 20
      vertex 13.6916 -42.1384 19.7267
    endloop
  endfacet
  facet normal -0.197837 0.930758 -0.307489
    outer loop
      vertex 13.6916 -42.1384 19.7267
      vertex 14.6598 -45.1183 10.0837
      vertex 4.63134 -44.0642 19.7267
    endloop
  endfacet
  facet normal -0.437875 0.602687 -0.667108
    outer loop
      vertex 20.3711 -30.4407 31.2118
      vertex 20.8718 -26.7816 34.1889
      vertex 21.1163 -26.9347 33.8901
    endloop
  endfacet
  facet normal -0.437893 0.602683 -0.6671
    outer loop
      vertex 20.3711 -30.4407 31.2118
      vertex 19.3552 -25.8318 36.0425
      vertex 20.8718 -26.7816 34.1889
    endloop
  endfacet
  facet normal -0.437853 0.602718 -0.667095
    outer loop
      vertex 16.2264 -28.105 36.0425
      vertex 20.3711 -30.4407 31.2118
      vertex 17.9453 -31.0822 32.2244
    endloop
  endfacet
  facet normal -0.437879 0.60269 -0.667104
    outer loop
      vertex 20.3711 -30.4407 31.2118
      vertex 16.2264 -28.105 36.0425
      vertex 19.3552 -25.8318 36.0425
    endloop
  endfacet
  facet normal -0.303009 0.680566 -0.667095
    outer loop
      vertex 16.2264 -28.105 36.0425
      vertex 13.0744 -31.8542 33.6493
      vertex 10.0285 -30.8645 36.0425
    endloop
  endfacet
  facet normal -0.303011 0.680566 -0.667093
    outer loop
      vertex 13.0744 -31.8542 33.6493
      vertex 16.2264 -28.105 36.0425
      vertex 17.9453 -31.0822 32.2244
    endloop
  endfacet
  facet normal -0.553906 0.498103 -0.667144
    outer loop
      vertex 31.7437 -23.0631 28.5076
      vertex 30.9068 -22.5905 29.5553
      vertex 30.9851 -22.512 29.5489
    endloop
  endfacet
  facet normal -0.553625 0.498485 -0.667092
    outer loop
      vertex 31.7437 -23.0631 28.5076
      vertex 28.9509 -24.5489 29.7151
      vertex 30.9068 -22.5905 29.5553
    endloop
  endfacet
  facet normal -0.553626 0.498492 -0.667087
    outer loop
      vertex 26.6588 -28.7104 28.5076
      vertex 28.9509 -24.5489 29.7151
      vertex 31.7437 -23.0631 28.5076
    endloop
  endfacet
  facet normal -0.553581 0.49848 -0.667133
    outer loop
      vertex 26.6588 -28.7104 28.5076
      vertex 28.4687 -24.7272 29.982
      vertex 28.9509 -24.5489 29.7151
    endloop
  endfacet
  facet normal -0.553634 0.498474 -0.667093
    outer loop
      vertex 26.2549 -25.5462 31.2072
      vertex 26.6588 -28.7104 28.5076
      vertex 26.2549 -28.8623 28.7293
    endloop
  endfacet
  facet normal -0.553614 0.498484 -0.667102
    outer loop
      vertex 26.6588 -28.7104 28.5076
      vertex 26.2549 -25.5462 31.2072
      vertex 28.4687 -24.7272 29.982
    endloop
  endfacet
  facet normal -0.553785 0.498414 -0.667013
    outer loop
      vertex 26.0553 -28.9374 28.8389
      vertex 26.2549 -25.5462 31.2072
      vertex 26.2549 -28.8623 28.7293
    endloop
  endfacet
  facet normal -0.553626 0.498468 -0.667104
    outer loop
      vertex 26.2549 -25.5462 31.2072
      vertex 26.0553 -28.9374 28.8389
      vertex 23.8147 -26.4489 32.5578
    endloop
  endfacet
  facet normal 0 0 -1
    outer loop
      vertex 48.5 0 0
      vertex 50 0 0
      vertex 48.9074 -10.3956 0
    endloop
  endfacet
  facet normal 0 0 -1
    outer loop
      vertex 50 0 0
      vertex 48.5 0 0
      vertex 48.9074 10.3956 0
    endloop
  endfacet
  facet normal 0 0 -1
    outer loop
      vertex 48.9074 -10.3956 0
      vertex 47.4402 -10.0837 0
      vertex 48.5 0 0
    endloop
  endfacet
  facet normal 0 0 -1
    outer loop
      vertex 45.6773 -20.3368 0
      vertex 47.4402 -10.0837 0
      vertex 48.9074 -10.3956 0
    endloop
  endfacet
  facet normal 0 0 -1
    outer loop
      vertex 45.6773 -20.3368 0
      vertex 44.307 -19.7267 0
      vertex 47.4402 -10.0837 0
    endloop
  endfacet
  facet normal 0 0 -1
    outer loop
      vertex 40.4509 -29.3893 0
      vertex 44.307 -19.7267 0
      vertex 45.6773 -20.3368 0
    endloop
  endfacet
  facet normal 0 0 -1
    outer loop
      vertex 40.4509 -29.3893 0
      vertex 39.2373 -28.5076 0
      vertex 44.307 -19.7267 0
    endloop
  endfacet
  facet normal 0 0 -1
    outer loop
      vertex 33.4565 -37.1572 0
      vertex 39.2373 -28.5076 0
      vertex 40.4509 -29.3893 0
    endloop
  endfacet
  facet normal 0 0 -1
    outer loop
      vertex 33.4565 -37.1572 0
      vertex 32.4528 -36.0425 0
      vertex 39.2373 -28.5076 0
    endloop
  endfacet
  facet normal 0 0 -1
    outer loop
      vertex 25 -43.3013 0
      vertex 32.4528 -36.0425 0
      vertex 33.4565 -37.1572 0
    endloop
  endfacet
  facet normal 0 0 -1
    outer loop
      vertex 25 -43.3013 0
      vertex 24.25 -42.0022 0
      vertex 32.4528 -36.0425 0
    endloop
  endfacet
  facet normal 0 0 -1
    outer loop
      vertex 15.4508 -47.5528 0
      vertex 24.25 -42.0022 0
      vertex 25 -43.3013 0
    endloop
  endfacet
  facet normal 0 0 -1
    outer loop
      vertex 15.4508 -47.5528 0
      vertex 14.9873 -46.1262 0
      vertex 24.25 -42.0022 0
    endloop
  endfacet
  facet normal 0 0 -1
    outer loop
      vertex 5.22642 -49.7261 0
      vertex 14.9873 -46.1262 0
      vertex 15.4508 -47.5528 0
    endloop
  endfacet
  facet normal 0 0 -1
    outer loop
      vertex 5.22642 -49.7261 0
      vertex 5.06963 -48.2343 0
      vertex 14.9873 -46.1262 0
    endloop
  endfacet
  facet normal 0 0 -1
    outer loop
      vertex 5.22642 -49.7261 0
      vertex -5.06963 -48.2343 0
      vertex 5.06963 -48.2343 0
    endloop
  endfacet
  facet normal 0 0 -1
    outer loop
      vertex -5.22642 -49.7261 0
      vertex -5.06963 -48.2343 0
      vertex 5.22642 -49.7261 0
    endloop
  endfacet
  facet normal 0 0 -1
    outer loop
      vertex -5.22642 -49.7261 0
      vertex -14.9873 -46.1262 0
      vertex -5.06963 -48.2343 0
    endloop
  endfacet
  facet normal 0 0 -1
    outer loop
      vertex -15.4508 -47.5528 0
      vertex -14.9873 -46.1262 0
      vertex -5.22642 -49.7261 0
    endloop
  endfacet
  facet normal 0 0 -1
    outer loop
      vertex -15.4508 -47.5528 0
      vertex -24.25 -42.0022 0
      vertex -14.9873 -46.1262 0
    endloop
  endfacet
  facet normal 0 0 -1
    outer loop
      vertex -25 -43.3013 0
      vertex -24.25 -42.0022 0
      vertex -15.4508 -47.5528 0
    endloop
  endfacet
  facet normal 0 0 -1
    outer loop
      vertex -25 -43.3013 0
      vertex -32.4528 -36.0425 0
      vertex -24.25 -42.0022 0
    endloop
  endfacet
  facet normal 0 0 -1
    outer loop
      vertex -33.4565 -37.1572 0
      vertex -32.4528 -36.0425 0
      vertex -25 -43.3013 0
    endloop
  endfacet
  facet normal 0 0 -1
    outer loop
      vertex -33.4565 -37.1572 0
      vertex -39.2373 -28.5076 0
      vertex -32.4528 -36.0425 0
    endloop
  endfacet
  facet normal 0 0 -1
    outer loop
      vertex -40.4509 -29.3893 0
      vertex -39.2373 -28.5076 0
      vertex -33.4565 -37.1572 0
    endloop
  endfacet
  facet normal 0 0 -1
    outer loop
      vertex -40.4509 -29.3893 0
      vertex -44.307 -19.7267 0
      vertex -39.2373 -28.5076 0
    endloop
  endfacet
  facet normal 0 0 -1
    outer loop
      vertex -45.6773 -20.3368 0
      vertex -44.307 -19.7267 0
      vertex -40.4509 -29.3893 0
    endloop
  endfacet
  facet normal 0 0 -1
    outer loop
      vertex -45.6773 -20.3368 0
      vertex -47.4402 -10.0837 0
      vertex -44.307 -19.7267 0
    endloop
  endfacet
  facet normal -0 0 -1
    outer loop
      vertex -47.4402 -10.0837 0
      vertex -48.9074 -10.3956 0
      vertex -48.5 0 0
    endloop
  endfacet
  facet normal 0 0 -1
    outer loop
      vertex -48.9074 -10.3956 0
      vertex -47.4402 -10.0837 0
      vertex -45.6773 -20.3368 0
    endloop
  endfacet
  facet normal 0 0 -1
    outer loop
      vertex 47.4402 10.0837 0
      vertex 48.9074 10.3956 0
      vertex 48.5 0 0
    endloop
  endfacet
  facet normal 0 0 -1
    outer loop
      vertex 47.4402 10.0837 0
      vertex 45.6773 20.3368 0
      vertex 48.9074 10.3956 0
    endloop
  endfacet
  facet normal 0 0 -1
    outer loop
      vertex 44.307 19.7267 0
      vertex 45.6773 20.3368 0
      vertex 47.4402 10.0837 0
    endloop
  endfacet
  facet normal 0 0 -1
    outer loop
      vertex 44.307 19.7267 0
      vertex 40.4509 29.3893 0
      vertex 45.6773 20.3368 0
    endloop
  endfacet
  facet normal 0 0 -1
    outer loop
      vertex 39.2373 28.5076 0
      vertex 40.4509 29.3893 0
      vertex 44.307 19.7267 0
    endloop
  endfacet
  facet normal 0 0 -1
    outer loop
      vertex 39.2373 28.5076 0
      vertex 33.4565 37.1572 0
      vertex 40.4509 29.3893 0
    endloop
  endfacet
  facet normal 0 0 -1
    outer loop
      vertex 32.4528 36.0425 0
      vertex 33.4565 37.1572 0
      vertex 39.2373 28.5076 0
    endloop
  endfacet
  facet normal 0 0 -1
    outer loop
      vertex 32.4528 36.0425 0
      vertex 25 43.3013 0
      vertex 33.4565 37.1572 0
    endloop
  endfacet
  facet normal 0 0 -1
    outer loop
      vertex 24.25 42.0022 0
      vertex 25 43.3013 0
      vertex 32.4528 36.0425 0
    endloop
  endfacet
  facet normal 0 0 -1
    outer loop
      vertex 24.25 42.0022 0
      vertex 15.4508 47.5528 0
      vertex 25 43.3013 0
    endloop
  endfacet
  facet normal 0 0 -1
    outer loop
      vertex 14.9873 46.1262 0
      vertex 15.4508 47.5528 0
      vertex 24.25 42.0022 0
    endloop
  endfacet
  facet normal 0 0 -1
    outer loop
      vertex 14.9873 46.1262 0
      vertex 5.22642 49.7261 0
      vertex 15.4508 47.5528 0
    endloop
  endfacet
  facet normal 0 0 -1
    outer loop
      vertex 5.06963 48.2343 0
      vertex 5.22642 49.7261 0
      vertex 14.9873 46.1262 0
    endloop
  endfacet
  facet normal 0 0 -1
    outer loop
      vertex -5.06963 48.2343 0
      vertex 5.22642 49.7261 0
      vertex 5.06963 48.2343 0
    endloop
  endfacet
  facet normal 0 0 -1
    outer loop
      vertex -5.06963 48.2343 0
      vertex -5.22642 49.7261 0
      vertex 5.22642 49.7261 0
    endloop
  endfacet
  facet normal 0 0 -1
    outer loop
      vertex -14.9873 46.1262 0
      vertex -5.22642 49.7261 0
      vertex -5.06963 48.2343 0
    endloop
  endfacet
  facet normal 0 0 -1
    outer loop
      vertex -14.9873 46.1262 0
      vertex -15.4508 47.5528 0
      vertex -5.22642 49.7261 0
    endloop
  endfacet
  facet normal 0 0 -1
    outer loop
      vertex -24.25 42.0022 0
      vertex -15.4508 47.5528 0
      vertex -14.9873 46.1262 0
    endloop
  endfacet
  facet normal 0 0 -1
    outer loop
      vertex -24.25 42.0022 0
      vertex -25 43.3013 0
      vertex -15.4508 47.5528 0
    endloop
  endfacet
  facet normal 0 0 -1
    outer loop
      vertex -32.4528 36.0425 0
      vertex -25 43.3013 0
      vertex -24.25 42.0022 0
    endloop
  endfacet
  facet normal 0 0 -1
    outer loop
      vertex -32.4528 36.0425 0
      vertex -33.4565 37.1572 0
      vertex -25 43.3013 0
    endloop
  endfacet
  facet normal 0 0 -1
    outer loop
      vertex -39.2373 28.5076 0
      vertex -33.4565 37.1572 0
      vertex -32.4528 36.0425 0
    endloop
  endfacet
  facet normal 0 0 -1
    outer loop
      vertex -39.2373 28.5076 0
      vertex -40.4509 29.3893 0
      vertex -33.4565 37.1572 0
    endloop
  endfacet
  facet normal 0 0 -1
    outer loop
      vertex -44.307 19.7267 0
      vertex -40.4509 29.3893 0
      vertex -39.2373 28.5076 0
    endloop
  endfacet
  facet normal 0 0 -1
    outer loop
      vertex -44.307 19.7267 0
      vertex -45.6773 20.3368 0
      vertex -40.4509 29.3893 0
    endloop
  endfacet
  facet normal 0 0 -1
    outer loop
      vertex -47.4402 10.0837 0
      vertex -45.6773 20.3368 0
      vertex -44.307 19.7267 0
    endloop
  endfacet
  facet normal 0 0 -1
    outer loop
      vertex -47.4402 10.0837 0
      vertex -48.9074 10.3956 0
      vertex -45.6773 20.3368 0
    endloop
  endfacet
  facet normal 0 0 -1
    outer loop
      vertex -48.5 0 0
      vertex -48.9074 10.3956 0
      vertex -47.4402 10.0837 0
    endloop
  endfacet
  facet normal 0 0 -1
    outer loop
      vertex -50 0 0
      vertex -48.5 0 0
      vertex -48.9074 -10.3956 0
    endloop
  endfacet
  facet normal 0 0 -1
    outer loop
      vertex -48.5 0 0
      vertex -50 0 0
      vertex -48.9074 10.3956 0
    endloop
  endfacet
  facet normal -0 0 1
    outer loop
      vertex -43.5466 13.3346 20
      vertex -43.1844 9.17913 20
      vertex -41.7267 13.6654 20
    endloop
  endfacet
  facet normal -0 0 1
    outer loop
      vertex -44.7862 9.51959 20
      vertex -43.1844 9.17913 20
      vertex -43.5466 13.3346 20
    endloop
  endfacet
  facet normal 0 0 1
    outer loop
      vertex -43.1844 9.17913 20
      vertex -44.7862 9.51959 20
      vertex -44.0948 0.51753 20
    endloop
  endfacet
  facet normal 0 0 1
    outer loop
      vertex -45.7505 0.344529 20
      vertex -44.0948 0.51753 20
      vertex -44.7862 9.51959 20
    endloop
  endfacet
  facet normal 0 0 1
    outer loop
      vertex -44.0948 0.51753 20
      vertex -45.7505 0.344529 20
      vertex -45.7675 0.183086 20
    endloop
  endfacet
  facet normal 0 0 1
    outer loop
      vertex -42.9043 -10.0413 20
      vertex -43.0256 -10.4762 20
      vertex -42.7771 -10.4326 20
    endloop
  endfacet
  facet normal 0 0 1
    outer loop
      vertex -42.9043 -10.0413 20
      vertex -44.3972 -10.7167 20
      vertex -43.0256 -10.4762 20
    endloop
  endfacet
  facet normal 0 0 1
    outer loop
      vertex -42.9043 -10.0413 20
      vertex -44.7862 -9.51959 20
      vertex -44.3972 -10.7167 20
    endloop
  endfacet
  facet normal -0 -0 1
    outer loop
      vertex -44.7862 -9.51959 20
      vertex -42.9043 -10.0413 20
      vertex -44.8809 -8.61814 20
    endloop
  endfacet
  facet normal 0 0 1
    outer loop
      vertex -40.2046 -18.1782 20
      vertex -39.4578 -22.7288 20
      vertex -37.735 -22.4558 20
    endloop
  endfacet
  facet normal 0 0 1
    outer loop
      vertex -41.655 -18.9231 20
      vertex -40.2046 -18.1782 20
      vertex -40.3323 -17.9571 20
    endloop
  endfacet
  facet normal 0 0 1
    outer loop
      vertex -41.9353 -18.2937 20
      vertex -40.3323 -17.9571 20
      vertex -40.4112 -17.7143 20
    endloop
  endfacet
  facet normal 0 0 1
    outer loop
      vertex -40.2046 -18.1782 20
      vertex -41.655 -18.9231 20
      vertex -39.4578 -22.7288 20
    endloop
  endfacet
  facet normal 0 0 1
    outer loop
      vertex -40.3323 -17.9571 20
      vertex -41.8282 -18.6231 20
      vertex -41.655 -18.9231 20
    endloop
  endfacet
  facet normal 0 0 1
    outer loop
      vertex -40.3323 -17.9571 20
      vertex -41.9353 -18.2937 20
      vertex -41.8282 -18.6231 20
    endloop
  endfacet
  facet normal 0 0 1
    outer loop
      vertex -42.0321 -12.7257 20
      vertex -41.9353 -18.2937 20
      vertex -40.4112 -17.7143 20
    endloop
  endfacet
  facet normal 0 0 1
    outer loop
      vertex -43.6506 -12.6968 20
      vertex -41.9353 -18.2937 20
      vertex -42.0321 -12.7257 20
    endloop
  endfacet
  facet normal 0 0 1
    outer loop
      vertex -41.9353 -18.2937 20
      vertex -43.6506 -12.6968 20
      vertex -43.7544 -12.6949 20
    endloop
  endfacet
  facet normal -0 0 1
    outer loop
      vertex -36.8104 -27.1702 20
      vertex -32.1167 -29.9492 20
      vertex -35.7174 -25.9502 20
    endloop
  endfacet
  facet normal 0 0 1
    outer loop
      vertex -36.7125 -25.0794 20
      vertex -35.7174 -25.9502 20
      vertex -36.1838 -25.1424 20
    endloop
  endfacet
  facet normal 0 0 1
    outer loop
      vertex -35.7174 -25.9502 20
      vertex -36.7125 -25.0794 20
      vertex -37.0422 -26.9128 20
    endloop
  endfacet
  facet normal 0 0 1
    outer loop
      vertex -32.1167 -29.9492 20
      vertex -36.8104 -27.1702 20
      vertex -33.35 -31.0134 20
    endloop
  endfacet
  facet normal 0 0 1
    outer loop
      vertex -35.7174 -25.9502 20
      vertex -37.0422 -26.9128 20
      vertex -36.8104 -27.1702 20
    endloop
  endfacet
  facet normal 0 0 1
    outer loop
      vertex -37.4049 -24.997 20
      vertex -37.0422 -26.9128 20
      vertex -36.7125 -25.0794 20
    endloop
  endfacet
  facet normal 0 0 1
    outer loop
      vertex -37.0422 -26.9128 20
      vertex -37.4049 -24.997 20
      vertex -37.9796 -25.2891 20
    endloop
  endfacet
  facet normal 0 0 1
    outer loop
      vertex -7.4121 44.9777 20
      vertex -13.3931 42.0414 20
      vertex -7.30776 43.3349 20
    endloop
  endfacet
  facet normal -0 0 1
    outer loop
      vertex -14.1489 43.5458 20
      vertex -13.3931 42.0414 20
      vertex -7.4121 44.9777 20
    endloop
  endfacet
  facet normal 0 0 1
    outer loop
      vertex -13.3931 42.0414 20
      vertex -14.1489 43.5458 20
      vertex -13.6428 41.9884 20
    endloop
  endfacet
  facet normal 0 0 1
    outer loop
      vertex -13.6428 41.9884 20
      vertex -14.1489 43.5458 20
      vertex -13.8761 41.8845 20
    endloop
  endfacet
  facet normal 0 0 1
    outer loop
      vertex -22.5769 39.7934 20
      vertex -13.8761 41.8845 20
      vertex -14.1489 43.5458 20
    endloop
  endfacet
  facet normal 0 0 1
    outer loop
      vertex -13.8761 41.8845 20
      vertex -22.5769 39.7934 20
      vertex -22.0746 38.2343 20
    endloop
  endfacet
  facet normal -0 0 1
    outer loop
      vertex -22.8934 39.6525 20
      vertex -22.0746 38.2343 20
      vertex -22.5769 39.7934 20
    endloop
  endfacet
  facet normal -0 0 1
    outer loop
      vertex -23.1736 39.4488 20
      vertex -22.0746 38.2343 20
      vertex -22.8934 39.6525 20
    endloop
  endfacet
  facet normal 0 0 1
    outer loop
      vertex -23.1736 39.4488 20
      vertex -29.335 32.9593 20
      vertex -22.0746 38.2343 20
    endloop
  endfacet
  facet normal -0 0 1
    outer loop
      vertex -30.6373 34.0262 20
      vertex -29.335 32.9593 20
      vertex -23.1736 39.4488 20
    endloop
  endfacet
  facet normal 0 0 1
    outer loop
      vertex -29.335 32.9593 20
      vertex -30.6373 34.0262 20
      vertex -29.5416 32.8092 20
    endloop
  endfacet
  facet normal 0 0 1
    outer loop
      vertex -30.6373 34.0262 20
      vertex -29.7124 32.6195 20
      vertex -29.5416 32.8092 20
    endloop
  endfacet
  facet normal 0 0 1
    outer loop
      vertex -36.8104 27.1702 20
      vertex -29.7124 32.6195 20
      vertex -30.6373 34.0262 20
    endloop
  endfacet
  facet normal 0 0 1
    outer loop
      vertex -29.7124 32.6195 20
      vertex -36.8104 27.1702 20
      vertex -35.7174 25.9502 20
    endloop
  endfacet
  facet normal -0 0 1
    outer loop
      vertex -37.0422 26.9128 20
      vertex -35.7174 25.9502 20
      vertex -36.8104 27.1702 20
    endloop
  endfacet
  facet normal 0 0 1
    outer loop
      vertex -40.8723 20.2788 20
      vertex -35.7174 25.9502 20
      vertex -37.0422 26.9128 20
    endloop
  endfacet
  facet normal 0 0 1
    outer loop
      vertex -35.7174 25.9502 20
      vertex -40.3257 19.7742 20
      vertex -39.602 19.222 20
    endloop
  endfacet
  facet normal 0 0 1
    outer loop
      vertex -39.602 19.222 20
      vertex -40.3257 19.7742 20
      vertex -39.7274 19.222 20
    endloop
  endfacet
  facet normal 0 0 1
    outer loop
      vertex -35.7174 25.9502 20
      vertex -40.8723 20.2788 20
      vertex -40.3257 19.7742 20
    endloop
  endfacet
  facet normal 0 0 1
    outer loop
      vertex -29.335 -32.9593 20
      vertex -24.0313 -37.3099 20
      vertex -23.4691 -37.2211 20
    endloop
  endfacet
  facet normal 0 0 1
    outer loop
      vertex -29.335 -32.9593 20
      vertex -25.7452 -37.5805 20
      vertex -24.0313 -37.3099 20
    endloop
  endfacet
  facet normal 0 0 1
    outer loop
      vertex -30.6373 -34.0262 20
      vertex -29.335 -32.9593 20
      vertex -29.5416 -32.8092 20
    endloop
  endfacet
  facet normal 0 0 1
    outer loop
      vertex -30.6373 -34.0262 20
      vertex -29.5416 -32.8092 20
      vertex -29.7124 -32.6195 20
    endloop
  endfacet
  facet normal 0 0 1
    outer loop
      vertex -29.335 -32.9593 20
      vertex -30.6373 -34.0262 20
      vertex -25.7452 -37.5805 20
    endloop
  endfacet
  facet normal 0 0 1
    outer loop
      vertex -30.7768 -31.4374 20
      vertex -30.6373 -34.0262 20
      vertex -29.7124 -32.6195 20
    endloop
  endfacet
  facet normal 0 0 1
    outer loop
      vertex -30.6373 -34.0262 20
      vertex -30.7768 -31.4374 20
      vertex -32.3223 -32.1547 20
    endloop
  endfacet
  facet normal 0 0 1
    outer loop
      vertex -5.66752 -43.6836 20
      vertex -9.03649 -44.6324 20
      vertex -6.68198 -44.6324 20
    endloop
  endfacet
  facet normal 0 0 1
    outer loop
      vertex -13.3931 -42.0414 20
      vertex -9.03649 -44.6324 20
      vertex -5.66752 -43.6836 20
    endloop
  endfacet
  facet normal 0 0 1
    outer loop
      vertex -14.1489 -43.5458 20
      vertex -13.3931 -42.0414 20
      vertex -13.6428 -41.9884 20
    endloop
  endfacet
  facet normal 0 0 1
    outer loop
      vertex -14.1489 -43.5458 20
      vertex -13.6428 -41.9884 20
      vertex -13.8761 -41.8845 20
    endloop
  endfacet
  facet normal 0 0 1
    outer loop
      vertex -13.3931 -42.0414 20
      vertex -14.1489 -43.5458 20
      vertex -9.03649 -44.6324 20
    endloop
  endfacet
  facet normal 0 0 1
    outer loop
      vertex -16.9631 -42.2928 20
      vertex -13.8761 -41.8845 20
      vertex -16.4229 -40.7506 20
    endloop
  endfacet
  facet normal 0 0 1
    outer loop
      vertex -13.8761 -41.8845 20
      vertex -16.9631 -42.2928 20
      vertex -14.1489 -43.5458 20
    endloop
  endfacet
  facet normal 0 0 1
    outer loop
      vertex 43.622 13.1025 20
      vertex 42.6817 13.1323 20
      vertex 43.1649 12.9942 20
    endloop
  endfacet
  facet normal 0 0 1
    outer loop
      vertex 41.9353 18.2937 20
      vertex 42.6817 13.1323 20
      vertex 43.622 13.1025 20
    endloop
  endfacet
  facet normal 0 0 1
    outer loop
      vertex 40.3323 17.9571 20
      vertex 41.9353 18.2937 20
      vertex 41.8282 18.6231 20
    endloop
  endfacet
  facet normal 0 0 1
    outer loop
      vertex 41.9353 18.2937 20
      vertex 41.82 13.3785 20
      vertex 42.6817 13.1323 20
    endloop
  endfacet
  facet normal 0 0 1
    outer loop
      vertex 40.3323 17.9571 20
      vertex 41.8282 18.6231 20
      vertex 41.655 18.9231 20
    endloop
  endfacet
  facet normal 0 0 1
    outer loop
      vertex 41.9353 18.2937 20
      vertex 40.4112 17.7143 20
      vertex 41.82 13.3785 20
    endloop
  endfacet
  facet normal 0 0 1
    outer loop
      vertex 41.9353 18.2937 20
      vertex 40.3323 17.9571 20
      vertex 40.4112 17.7143 20
    endloop
  endfacet
  facet normal 0 0 1
    outer loop
      vertex 41.655 18.9231 20
      vertex 40.2046 18.1782 20
      vertex 40.3323 17.9571 20
    endloop
  endfacet
  facet normal -0 0 1
    outer loop
      vertex 35.7174 25.9502 20
      vertex 41.655 18.9231 20
      vertex 37.0422 26.9128 20
    endloop
  endfacet
  facet normal 0 0 1
    outer loop
      vertex 35.7174 25.9502 20
      vertex 37.0422 26.9128 20
      vertex 36.8104 27.1702 20
    endloop
  endfacet
  facet normal 0 0 1
    outer loop
      vertex 41.655 18.9231 20
      vertex 35.7174 25.9502 20
      vertex 40.2046 18.1782 20
    endloop
  endfacet
  facet normal -0 0 1
    outer loop
      vertex 29.7124 32.6195 20
      vertex 36.8104 27.1702 20
      vertex 30.6373 34.0262 20
    endloop
  endfacet
  facet normal 0 0 1
    outer loop
      vertex 36.8104 27.1702 20
      vertex 29.7124 32.6195 20
      vertex 35.7174 25.9502 20
    endloop
  endfacet
  facet normal 0 0 1
    outer loop
      vertex 30.6373 34.0262 20
      vertex 29.5416 32.8092 20
      vertex 29.7124 32.6195 20
    endloop
  endfacet
  facet normal 0 0 1
    outer loop
      vertex 30.6373 34.0262 20
      vertex 29.335 32.9593 20
      vertex 29.5416 32.8092 20
    endloop
  endfacet
  facet normal 0 0 1
    outer loop
      vertex 23.1736 39.4488 20
      vertex 29.335 32.9593 20
      vertex 30.6373 34.0262 20
    endloop
  endfacet
  facet normal 0 0 1
    outer loop
      vertex 22.0746 38.2343 20
      vertex 23.1736 39.4488 20
      vertex 22.8934 39.6525 20
    endloop
  endfacet
  facet normal 0 0 1
    outer loop
      vertex 22.0746 38.2343 20
      vertex 22.8934 39.6525 20
      vertex 22.5769 39.7934 20
    endloop
  endfacet
  facet normal 0 0 1
    outer loop
      vertex 23.1736 39.4488 20
      vertex 22.0746 38.2343 20
      vertex 29.335 32.9593 20
    endloop
  endfacet
  facet normal -0 0 1
    outer loop
      vertex 13.8761 41.8845 20
      vertex 22.5769 39.7934 20
      vertex 14.1489 43.5458 20
    endloop
  endfacet
  facet normal 0 0 1
    outer loop
      vertex 22.5769 39.7934 20
      vertex 13.8761 41.8845 20
      vertex 22.0746 38.2343 20
    endloop
  endfacet
  facet normal 0 0 1
    outer loop
      vertex 14.1489 43.5458 20
      vertex 13.6428 41.9884 20
      vertex 13.8761 41.8845 20
    endloop
  endfacet
  facet normal 0 0 1
    outer loop
      vertex 14.1489 43.5458 20
      vertex 13.3931 42.0414 20
      vertex 13.6428 41.9884 20
    endloop
  endfacet
  facet normal 0 0 1
    outer loop
      vertex 6.82802 45.1018 20
      vertex 13.3931 42.0414 20
      vertex 14.1489 43.5458 20
    endloop
  endfacet
  facet normal 0 0 1
    outer loop
      vertex 13.3931 42.0414 20
      vertex 6.82802 45.1018 20
      vertex 6.66545 43.4715 20
    endloop
  endfacet
  facet normal 0 0 1
    outer loop
      vertex 21.4203 -38.5256 20
      vertex 22.5769 -39.7934 20
      vertex 22.8465 -39.6733 20
    endloop
  endfacet
  facet normal 0 0 1
    outer loop
      vertex 21.4203 -38.5256 20
      vertex 14.1489 -43.5458 20
      vertex 22.5769 -39.7934 20
    endloop
  endfacet
  facet normal -0 0 1
    outer loop
      vertex 13.8761 -41.8845 20
      vertex 14.1489 -43.5458 20
      vertex 21.4203 -38.5256 20
    endloop
  endfacet
  facet normal -0 0 1
    outer loop
      vertex 13.6428 -41.9884 20
      vertex 14.1489 -43.5458 20
      vertex 13.8761 -41.8845 20
    endloop
  endfacet
  facet normal -0 0 1
    outer loop
      vertex 13.3931 -42.0414 20
      vertex 14.1489 -43.5458 20
      vertex 13.6428 -41.9884 20
    endloop
  endfacet
  facet normal 0 0 1
    outer loop
      vertex 13.3931 -42.0414 20
      vertex 9.58281 -44.5163 20
      vertex 14.1489 -43.5458 20
    endloop
  endfacet
  facet normal -0 0 1
    outer loop
      vertex 8.16029 -43.1537 20
      vertex 9.58281 -44.5163 20
      vertex 13.3931 -42.0414 20
    endloop
  endfacet
  facet normal 0 0 1
    outer loop
      vertex 9.58281 -44.5163 20
      vertex 8.16029 -43.1537 20
      vertex 8.33668 -44.0548 20
    endloop
  endfacet
  facet normal -0 0 1
    outer loop
      vertex 28.2013 -33.783 20
      vertex 30.6373 -34.0262 20
      vertex 31.3821 -33.199 20
    endloop
  endfacet
  facet normal 0 0 1
    outer loop
      vertex 28.2013 -33.783 20
      vertex 25.9038 -37.4652 20
      vertex 30.6373 -34.0262 20
    endloop
  endfacet
  facet normal 0 -0 1
    outer loop
      vertex 25.9038 -37.4652 20
      vertex 28.2013 -33.783 20
      vertex 24.3618 -36.5726 20
    endloop
  endfacet
  facet normal -0 0 1
    outer loop
      vertex 43.7645 -11.7136 20
      vertex 41.9353 -18.2937 20
      vertex 44.1189 -11.5731 20
    endloop
  endfacet
  facet normal -0 0 1
    outer loop
      vertex 41.934 -13.0277 20
      vertex 41.9353 -18.2937 20
      vertex 43.7645 -11.7136 20
    endloop
  endfacet
  facet normal -0 0 1
    outer loop
      vertex 40.4112 -17.7143 20
      vertex 41.9353 -18.2937 20
      vertex 41.934 -13.0277 20
    endloop
  endfacet
  facet normal -0 0 1
    outer loop
      vertex 40.3323 -17.9571 20
      vertex 41.9353 -18.2937 20
      vertex 40.4112 -17.7143 20
    endloop
  endfacet
  facet normal 0 0 1
    outer loop
      vertex 41.9353 -18.2937 20
      vertex 40.3323 -17.9571 20
      vertex 41.8282 -18.6231 20
    endloop
  endfacet
  facet normal 0 0 1
    outer loop
      vertex 41.8282 -18.6231 20
      vertex 40.3323 -17.9571 20
      vertex 41.655 -18.9231 20
    endloop
  endfacet
  facet normal -0 0 1
    outer loop
      vertex 40.2046 -18.1782 20
      vertex 41.655 -18.9231 20
      vertex 40.3323 -17.9571 20
    endloop
  endfacet
  facet normal 0 0 1
    outer loop
      vertex 35.7174 -25.9502 20
      vertex 41.655 -18.9231 20
      vertex 40.2046 -18.1782 20
    endloop
  endfacet
  facet normal 0 0 1
    outer loop
      vertex 41.655 -18.9231 20
      vertex 35.7174 -25.9502 20
      vertex 37.0422 -26.9128 20
    endloop
  endfacet
  facet normal 0 0 1
    outer loop
      vertex 37.0422 -26.9128 20
      vertex 35.7174 -25.9502 20
      vertex 36.8104 -27.1702 20
    endloop
  endfacet
  facet normal 0 0 1
    outer loop
      vertex 36.8104 -27.1702 20
      vertex 35.7174 -25.9502 20
      vertex 35.996 -28.0747 20
    endloop
  endfacet
  facet normal 0 0 1
    outer loop
      vertex 35.7174 -25.9502 20
      vertex 35.1275 -28.2351 20
      vertex 35.996 -28.0747 20
    endloop
  endfacet
  facet normal 0 -0 1
    outer loop
      vertex 35.1275 -28.2351 20
      vertex 35.7174 -25.9502 20
      vertex 33.3673 -28.5603 20
    endloop
  endfacet
  facet normal 0 0 1
    outer loop
      vertex 44.7862 9.51959 20
      vertex 44.6681 6.55186 20
      vertex 45.123 6.31449 20
    endloop
  endfacet
  facet normal 0 0 1
    outer loop
      vertex 43.1844 9.17913 20
      vertex 44.7862 9.51959 20
      vertex 44.5208 10.3362 20
    endloop
  endfacet
  facet normal 0 -0 1
    outer loop
      vertex 44.2769 6.52886 20
      vertex 44.7862 9.51959 20
      vertex 43.1844 9.17913 20
    endloop
  endfacet
  facet normal 0 0 1
    outer loop
      vertex 44.7862 9.51959 20
      vertex 44.2769 6.52886 20
      vertex 44.6681 6.55186 20
    endloop
  endfacet
  facet normal 0 0 1
    outer loop
      vertex 44.2769 6.52886 20
      vertex 43.1844 9.17913 20
      vertex 43.468 6.48128 20
    endloop
  endfacet
  facet normal 0 -0 1
    outer loop
      vertex 43.1844 9.17913 20
      vertex 44.5208 10.3362 20
      vertex 43.0005 9.74502 20
    endloop
  endfacet
  facet normal 0 0 1
    outer loop
      vertex 44.1492 0 20
      vertex 45.7867 0 20
      vertex 45.7505 0.344529 20
    endloop
  endfacet
  facet normal 0 0 1
    outer loop
      vertex 44.1225 0.253886 20
      vertex 45.7505 0.344529 20
      vertex 45.3778 3.89034 20
    endloop
  endfacet
  facet normal 0 -0 1
    outer loop
      vertex 44.1492 0 20
      vertex 45.7505 0.344529 20
      vertex 44.1225 0.253886 20
    endloop
  endfacet
  facet normal 0 0 1
    outer loop
      vertex 45.7505 -0.344529 20
      vertex 44.1492 0 20
      vertex 44.1225 -0.253886 20
    endloop
  endfacet
  facet normal 0 0 1
    outer loop
      vertex 45.7867 0 20
      vertex 44.1492 0 20
      vertex 45.7505 -0.344529 20
    endloop
  endfacet
  facet normal 0 -0 1
    outer loop
      vertex 44.1225 0.253886 20
      vertex 45.3778 3.89034 20
      vertex 43.7437 3.85766 20
    endloop
  endfacet
  facet normal 0 0 1
    outer loop
      vertex 45.7505 -0.344529 20
      vertex 44.1225 -0.253886 20
      vertex 45.1062 -6.47456 20
    endloop
  endfacet
  facet normal 0 0 1
    outer loop
      vertex 45.1062 -6.47456 20
      vertex 44.1225 -0.253886 20
      vertex 43.2492 -8.56316 20
    endloop
  endfacet
  facet normal 0 0 1
    outer loop
      vertex -44.0593 -0.854719 20
      vertex -44.8814 -4.61492 20
      vertex -43.5585 -5.62039 20
    endloop
  endfacet
  facet normal 0 0 1
    outer loop
      vertex -44.0593 -0.854719 20
      vertex -45.3017 -4.61492 20
      vertex -44.8814 -4.61492 20
    endloop
  endfacet
  facet normal 0 -0 1
    outer loop
      vertex -45.3017 -4.61492 20
      vertex -44.0593 -0.854719 20
      vertex -45.7166 -0.667094 20
    endloop
  endfacet
  facet normal -0 0 1
    outer loop
      vertex -0.345583 -43.9073 20
      vertex 3.06154 -45.5359 20
      vertex 3.28547 -43.9073 20
    endloop
  endfacet
  facet normal 0 0 1
    outer loop
      vertex 3.06154 -45.5359 20
      vertex -0.345583 -43.9073 20
      vertex -1.69722 -45.5359 20
    endloop
  endfacet
  facet normal 0 0 1
    outer loop
      vertex 44.6681 -9.35907 20
      vertex 44.8052 -9.33827 20
      vertex 44.8079 -9.3124 20
    endloop
  endfacet
  facet normal 0 0 1
    outer loop
      vertex 44.8052 -9.33827 20
      vertex 44.6681 -9.35907 20
      vertex 44.6148 -9.37686 20
    endloop
  endfacet
  facet normal 0.989824 -0.0987031 -0.102501
    outer loop
      vertex 6.85131 44.9856 20.3368
      vertex 6.66545 43.4715 20
      vertex 6.82802 45.1018 20
    endloop
  endfacet
  facet normal 0.989825 -0.0987057 -0.10249
    outer loop
      vertex 7.11182 41.4604 26.2478
      vertex 6.66545 43.4715 20
      vertex 6.85131 44.9856 20.3368
    endloop
  endfacet
  facet normal 0.989825 -0.0987002 -0.102488
    outer loop
      vertex 6.66545 43.4715 20
      vertex 7.11182 41.4604 26.2478
      vertex 6.90199 40.2707 25.367
    endloop
  endfacet
  facet normal 0.989827 -0.0987014 -0.102472
    outer loop
      vertex 6.92641 39.9403 25.921
      vertex 7.11182 41.4604 26.2478
      vertex 7.13305 41.1731 26.7296
    endloop
  endfacet
  facet normal 0.989825 -0.0986942 -0.102495
    outer loop
      vertex 6.95767 39.5173 26.6303
      vertex 7.13305 41.1731 26.7296
      vertex 7.16739 40.7084 27.5087
    endloop
  endfacet
  facet normal 0.989825 -0.0986967 -0.102493
    outer loop
      vertex 7.11182 41.4604 26.2478
      vertex 6.92641 39.9403 25.921
      vertex 6.90199 40.2707 25.367
    endloop
  endfacet
  facet normal 0.989827 -0.0986951 -0.102481
    outer loop
      vertex 7.13305 41.1731 26.7296
      vertex 6.95767 39.5173 26.6303
      vertex 6.92641 39.9403 25.921
    endloop
  endfacet
  facet normal 0.985689 -0.0563898 -0.158863
    outer loop
      vertex 7.19432 38.365 28.5076
      vertex 7.16739 40.7084 27.5087
      vertex 7.40445 39.5541 29.3893
    endloop
  endfacet
  facet normal 0.985688 -0.056392 -0.158868
    outer loop
      vertex 7.16739 40.7084 27.5087
      vertex 7.19432 38.365 28.5076
      vertex 6.95767 39.5173 26.6303
    endloop
  endfacet
  facet normal 0.985689 -0.0563899 -0.158863
    outer loop
      vertex 7.90717 35.1657 34.0662
      vertex 7.19432 38.365 28.5076
      vertex 7.40445 39.5541 29.3893
    endloop
  endfacet
  facet normal 0.985689 -0.0563896 -0.158863
    outer loop
      vertex 7.90717 35.1657 34.0662
      vertex 7.68386 34.0916 33.0619
      vertex 7.19432 38.365 28.5076
    endloop
  endfacet
  facet normal 0.985689 -0.0563847 -0.158865
    outer loop
      vertex 8.00426 31.2947 36.0425
      vertex 7.90717 35.1657 34.0662
      vertex 8.23944 32.2653 37.1572
    endloop
  endfacet
  facet normal 0.985689 -0.0563856 -0.158867
    outer loop
      vertex 7.90717 35.1657 34.0662
      vertex 8.00426 31.2947 36.0425
      vertex 7.68386 34.0916 33.0619
    endloop
  endfacet
  facet normal 0.98569 -0.0563947 -0.158857
    outer loop
      vertex 8.31819 30.8733 38.14
      vertex 8.00426 31.2947 36.0425
      vertex 8.23944 32.2653 37.1572
    endloop
  endfacet
  facet normal 0.98569 -0.0563862 -0.158855
    outer loop
      vertex 8.00426 31.2947 36.0425
      vertex 8.31819 30.8733 38.14
      vertex 8.07672 30.014 36.9467
    endloop
  endfacet
  facet normal 0.98569 -0.0563787 -0.158861
    outer loop
      vertex 8.36521 30.0422 38.7267
      vertex 8.07672 30.014 36.9467
      vertex 8.31819 30.8733 38.14
    endloop
  endfacet
  facet normal 0.985691 -0.056414 -0.158841
    outer loop
      vertex 8.13185 29.0395 37.6347
      vertex 8.36521 30.0422 38.7267
      vertex 8.37318 29.9013 38.8262
    endloop
  endfacet
  facet normal 0.985689 -0.0563928 -0.15886
    outer loop
      vertex 8.36521 30.0422 38.7267
      vertex 8.13185 29.0395 37.6347
      vertex 8.07672 30.014 36.9467
    endloop
  endfacet
  facet normal 0.971375 0.049272 -0.232383
    outer loop
      vertex 8.90605 27.41 40.5254
      vertex 8.13185 29.0395 37.6347
      vertex 8.37318 29.9013 38.8262
    endloop
  endfacet
  facet normal 0.971374 0.0492591 -0.23239
    outer loop
      vertex 8.90605 27.41 40.5254
      vertex 8.64936 26.62 39.285
      vertex 8.13185 29.0395 37.6347
    endloop
  endfacet
  facet normal 0.971375 0.0492567 -0.232389
    outer loop
      vertex 9.1029 26.4078 41.1358
      vertex 8.64936 26.62 39.285
      vertex 8.90605 27.41 40.5254
    endloop
  endfacet
  facet normal 0.971375 0.0492747 -0.232387
    outer loop
      vertex 8.64936 26.62 39.285
      vertex 9.1029 26.4078 41.1358
      vertex 8.83923 25.6534 39.8737
    endloop
  endfacet
  facet normal 0.971384 0.0492306 -0.232356
    outer loop
      vertex 8.8808 25.4417 40.0026
      vertex 9.1029 26.4078 41.1358
      vertex 9.14436 26.1967 41.2644
    endloop
  endfacet
  facet normal 0.971378 0.0492539 -0.232375
    outer loop
      vertex 9.1029 26.4078 41.1358
      vertex 8.8808 25.4417 40.0026
      vertex 8.83923 25.6534 39.8737
    endloop
  endfacet
  facet normal -0.214294 0.857255 -0.468179
    outer loop
      vertex 11.5015 26.3482 40.4629
      vertex 8.8808 25.4417 40.0026
      vertex 9.14436 26.1967 41.2644
    endloop
  endfacet
  facet normal -0.214279 0.857236 -0.468221
    outer loop
      vertex 11.5015 26.3482 40.4629
      vertex 11.1501 25.5875 39.231
      vertex 8.8808 25.4417 40.0026
    endloop
  endfacet
  facet normal -0.214309 0.857234 -0.468211
    outer loop
      vertex 15.3552 26.5959 39.1525
      vertex 11.1501 25.5875 39.231
      vertex 11.5015 26.3482 40.4629
    endloop
  endfacet
  facet normal -0.214357 0.857252 -0.468156
    outer loop
      vertex 14.9126 25.8294 37.9516
      vertex 15.3552 26.5959 39.1525
      vertex 15.7986 26.6011 38.959
    endloop
  endfacet
  facet normal -0.214313 0.857253 -0.468174
    outer loop
      vertex 15.3552 26.5959 39.1525
      vertex 14.9126 25.8294 37.9516
      vertex 11.1501 25.5875 39.231
    endloop
  endfacet
  facet normal -0.214261 0.857236 -0.468229
    outer loop
      vertex 14.9126 25.8294 37.9516
      vertex 15.7986 26.6011 38.959
      vertex 15.3319 25.8343 37.7687
    endloop
  endfacet
  facet normal -0.214298 0.857235 -0.468214
    outer loop
      vertex 16.1593 26.6053 38.8016
      vertex 15.3319 25.8343 37.7687
      vertex 15.7986 26.6011 38.959
    endloop
  endfacet
  facet normal -0.214286 0.857234 -0.468222
    outer loop
      vertex 15.3319 25.8343 37.7687
      vertex 16.1593 26.6053 38.8016
      vertex 15.6935 25.8385 37.6109
    endloop
  endfacet
  facet normal -0.284283 0.852837 -0.438009
    outer loop
      vertex 19.5812 26.9014 37.1572
      vertex 15.6935 25.8385 37.6109
      vertex 16.1593 26.6053 38.8016
    endloop
  endfacet
  facet normal -0.284282 0.852828 -0.438027
    outer loop
      vertex 19.5812 26.9014 37.1572
      vertex 18.9573 26.1209 36.0425
      vertex 15.6935 25.8385 37.6109
    endloop
  endfacet
  facet normal -0.28428 0.852822 -0.438041
    outer loop
      vertex 21.2906 26.1148 34.5164
      vertex 19.5812 26.9014 37.1572
      vertex 22.7698 26.8931 35.0717
    endloop
  endfacet
  facet normal -0.284268 0.852829 -0.438035
    outer loop
      vertex 19.5812 26.9014 37.1572
      vertex 21.2906 26.1148 34.5164
      vertex 18.9573 26.1209 36.0425
    endloop
  endfacet
  facet normal -0.284266 0.852813 -0.438066
    outer loop
      vertex 21.2906 26.1148 34.5164
      vertex 22.7698 26.8931 35.0717
      vertex 22.0972 26.1127 33.9889
    endloop
  endfacet
  facet normal -0.284248 0.852814 -0.438078
    outer loop
      vertex 23.1504 26.8921 34.8228
      vertex 22.0972 26.1127 33.9889
      vertex 22.7698 26.8931 35.0717
    endloop
  endfacet
  facet normal -0.284303 0.852825 -0.438019
    outer loop
      vertex 22.0972 26.1127 33.9889
      vertex 23.1504 26.8921 34.8228
      vertex 22.4786 26.1117 33.7394
    endloop
  endfacet
  facet normal 0.296707 0.678148 -0.672369
    outer loop
      vertex 25.693 23.8867 32.9136
      vertex 23.8514 26.4897 34.7263
      vertex 26.4678 24.5955 33.9704
    endloop
  endfacet
  facet normal 0.296698 0.678146 -0.672375
    outer loop
      vertex 23.1593 25.721 33.6456
      vertex 23.8514 26.4897 34.7263
      vertex 25.693 23.8867 32.9136
    endloop
  endfacet
  facet normal 0.296587 0.678163 -0.672407
    outer loop
      vertex 23.1504 26.8921 34.8228
      vertex 23.1593 25.721 33.6456
      vertex 22.4786 26.1117 33.7394
    endloop
  endfacet
  facet normal 0.296715 0.678135 -0.672378
    outer loop
      vertex 23.8514 26.4897 34.7263
      vertex 23.1593 25.721 33.6456
      vertex 23.1504 26.8921 34.8228
    endloop
  endfacet
  facet normal 0.296344 0.678315 -0.67236
    outer loop
      vertex 25.9112 23.7287 32.8506
      vertex 26.4678 24.5955 33.9704
      vertex 26.6856 24.4379 33.9074
    endloop
  endfacet
  facet normal 0.296842 0.678053 -0.672405
    outer loop
      vertex 26.4678 24.5955 33.9704
      vertex 25.9112 23.7287 32.8506
      vertex 25.693 23.8867 32.9136
    endloop
  endfacet
  facet normal -0.658343 0.752382 -0.0224904
    outer loop
      vertex 27.0669 24.755 33.354
      vertex 25.9112 23.7287 32.8506
      vertex 26.6856 24.4379 33.9074
    endloop
  endfacet
  facet normal -0.658365 0.752365 -0.0224071
    outer loop
      vertex 27.0669 24.755 33.354
      vertex 26.2549 24.0146 32.3517
      vertex 25.9112 23.7287 32.8506
    endloop
  endfacet
  facet normal -0.658341 0.752386 -0.022442
    outer loop
      vertex 27.9083 25.4548 32.1327
      vertex 26.2549 24.0146 32.3517
      vertex 27.0669 24.755 33.354
    endloop
  endfacet
  facet normal -0.65834 0.752386 -0.0224328
    outer loop
      vertex 26.2549 24.0146 32.3517
      vertex 27.9083 25.4548 32.1327
      vertex 27.0958 24.714 31.1312
    endloop
  endfacet
  facet normal -0.658338 0.752388 -0.0224355
    outer loop
      vertex 27.9927 25.525 32.0103
      vertex 27.0958 24.714 31.1312
      vertex 27.9083 25.4548 32.1327
    endloop
  endfacet
  facet normal -0.6582 0.752501 -0.0226807
    outer loop
      vertex 27.0958 24.714 31.1312
      vertex 27.9927 25.525 32.0103
      vertex 27.1804 24.7843 31.0085
    endloop
  endfacet
  facet normal -0.832253 0.231195 0.503889
    outer loop
      vertex 26.7901 28.1424 28.8231
      vertex 27.9927 25.525 32.0103
      vertex 27.5898 28.9916 29.7543
    endloop
  endfacet
  facet normal -0.832254 0.231193 0.503888
    outer loop
      vertex 27.9927 25.525 32.0103
      vertex 26.7901 28.1424 28.8231
      vertex 27.1804 24.7843 31.0085
    endloop
  endfacet
  facet normal -0.832242 0.231128 0.503938
    outer loop
      vertex 26.7604 28.3976 28.657
      vertex 27.5898 28.9916 29.7543
      vertex 27.5602 29.2463 29.5886
    endloop
  endfacet
  facet normal -0.832242 0.231136 0.503934
    outer loop
      vertex 27.5898 28.9916 29.7543
      vertex 26.7604 28.3976 28.657
      vertex 26.7901 28.1424 28.8231
    endloop
  endfacet
  facet normal -0.256962 0.813983 -0.520962
    outer loop
      vertex 26.9677 28.3674 28.5076
      vertex 27.5602 29.2463 29.5886
      vertex 27.8366 29.206 29.3893
    endloop
  endfacet
  facet normal -0.256897 0.813982 -0.520997
    outer loop
      vertex 27.5602 29.2463 29.5886
      vertex 26.9677 28.3674 28.5076
      vertex 26.7604 28.3976 28.657
    endloop
  endfacet
  facet normal -0.257083 0.813969 -0.520926
    outer loop
      vertex 29.4073 27.6512 26.1847
      vertex 27.8366 29.206 29.3893
      vertex 30.3006 28.4827 27.0431
    endloop
  endfacet
  facet normal -0.257026 0.813996 -0.520911
    outer loop
      vertex 27.8366 29.206 29.3893
      vertex 29.4073 27.6512 26.1847
      vertex 26.9677 28.3674 28.5076
    endloop
  endfacet
  facet normal -0.257104 0.813996 -0.520872
    outer loop
      vertex 29.6241 27.5876 25.9782
      vertex 30.3006 28.4827 27.0431
      vertex 30.5171 28.4192 26.837
    endloop
  endfacet
  facet normal -0.25725 0.814005 -0.520787
    outer loop
      vertex 30.3006 28.4827 27.0431
      vertex 29.6241 27.5876 25.9782
      vertex 29.4073 27.6512 26.1847
    endloop
  endfacet
  facet normal -0.355079 0.828493 -0.433033
    outer loop
      vertex 30.5171 28.4192 26.837
      vertex 30.8212 27.4032 24.6438
      vertex 29.6241 27.5876 25.9782
    endloop
  endfacet
  facet normal -0.355055 0.828503 -0.433034
    outer loop
      vertex 32.7839 28.0699 24.3101
      vertex 30.8212 27.4032 24.6438
      vertex 30.5171 28.4192 26.837
    endloop
  endfacet
  facet normal -0.355055 0.828485 -0.433068
    outer loop
      vertex 30.8212 27.4032 24.6438
      vertex 32.7839 28.0699 24.3101
      vertex 31.8184 27.2495 23.5322
    endloop
  endfacet
  facet normal -0.355265 0.828493 -0.432882
    outer loop
      vertex 32.0198 27.2185 23.3077
      vertex 32.7839 28.0699 24.3101
      vertex 32.9849 28.039 24.086
    endloop
  endfacet
  facet normal -0.355127 0.828496 -0.432989
    outer loop
      vertex 32.7839 28.0699 24.3101
      vertex 32.0198 27.2185 23.3077
      vertex 31.8184 27.2495 23.5322
    endloop
  endfacet
  facet normal -0.716595 0.67447 0.177715
    outer loop
      vertex 32.0198 27.2185 23.3077
      vertex 33.5914 29.2671 21.8699
      vertex 32.6066 28.407 21.1632
    endloop
  endfacet
  facet normal -0.716649 0.674439 0.177613
    outer loop
      vertex 33.5914 29.2671 21.8699
      vertex 32.0198 27.2185 23.3077
      vertex 33.027 28.1243 23.9321
    endloop
  endfacet
  facet normal -0.716672 0.674383 0.177732
    outer loop
      vertex 33.027 28.1243 23.9321
      vertex 32.0198 27.2185 23.3077
      vertex 32.9849 28.039 24.086
    endloop
  endfacet
  facet normal -0.716598 0.674494 0.177608
    outer loop
      vertex 32.6066 28.407 21.1632
      vertex 33.6516 29.3891 21.6498
      vertex 32.6669 28.5291 20.9428
    endloop
  endfacet
  facet normal -0.716621 0.674414 0.177819
    outer loop
      vertex 33.6516 29.3891 21.6498
      vertex 32.6066 28.407 21.1632
      vertex 33.5914 29.2671 21.8699
    endloop
  endfacet
  facet normal 0.647653 -0.123388 -0.751878
    outer loop
      vertex 33.9123 25.848 22.4554
      vertex 34.4546 27.6604 22.6251
      vertex 34.939 26.6175 23.2135
    endloop
  endfacet
  facet normal 0.647623 -0.123376 -0.751906
    outer loop
      vertex 32.6669 28.5291 20.9428
      vertex 34.4546 27.6604 22.6251
      vertex 33.9123 25.848 22.4554
    endloop
  endfacet
  facet normal 0.647619 -0.123386 -0.751908
    outer loop
      vertex 34.4546 27.6604 22.6251
      vertex 32.6669 28.5291 20.9428
      vertex 33.6516 29.3891 21.6498
    endloop
  endfacet
  facet normal 0.6476 -0.123321 -0.751935
    outer loop
      vertex 33.9123 25.848 22.4554
      vertex 35.0808 26.3124 23.3856
      vertex 34.0543 25.5425 22.6278
    endloop
  endfacet
  facet normal 0.64758 -0.123197 -0.751972
    outer loop
      vertex 35.0808 26.3124 23.3856
      vertex 33.9123 25.848 22.4554
      vertex 34.939 26.6175 23.2135
    endloop
  endfacet
  facet normal 0.722909 -0.542146 -0.428346
    outer loop
      vertex 34.0267 24.7218 23.6198
      vertex 35.0808 26.3124 23.3856
      vertex 35.0523 25.467 24.4075
    endloop
  endfacet
  facet normal 0.722863 -0.542098 -0.428485
    outer loop
      vertex 33.9704 24.2666 24.101
      vertex 35.0523 25.467 24.4075
      vertex 34.9939 24.9936 24.9079
    endloop
  endfacet
  facet normal 0.722881 -0.542136 -0.428407
    outer loop
      vertex 35.0808 26.3124 23.3856
      vertex 34.0267 24.7218 23.6198
      vertex 34.0543 25.5425 22.6278
    endloop
  endfacet
  facet normal 0.722905 -0.542182 -0.428307
    outer loop
      vertex 35.0523 25.467 24.4075
      vertex 33.9704 24.2666 24.101
      vertex 34.0267 24.7218 23.6198
    endloop
  endfacet
  facet normal 0.722837 -0.542235 -0.428354
    outer loop
      vertex 33.9531 24.1265 24.2492
      vertex 34.9939 24.9936 24.9079
      vertex 34.9766 24.8537 25.0558
    endloop
  endfacet
  facet normal 0.722838 -0.542296 -0.428276
    outer loop
      vertex 34.9939 24.9936 24.9079
      vertex 33.9531 24.1265 24.2492
      vertex 33.9704 24.2666 24.101
    endloop
  endfacet
  facet normal 0.110633 -0.803811 0.584507
    outer loop
      vertex 31.254 25.3667 26.4568
      vertex 32.1424 26.1547 27.3723
      vertex 31.2103 25.3857 26.4912
    endloop
  endfacet
  facet normal 0.109524 -0.803422 0.58525
    outer loop
      vertex 33.5411 24.3691 24.6593
      vertex 32.1424 26.1547 27.3723
      vertex 31.254 25.3667 26.4568
    endloop
  endfacet
  facet normal 0.10956 -0.80341 0.58526
    outer loop
      vertex 32.1424 26.1547 27.3723
      vertex 33.5411 24.3691 24.6593
      vertex 34.5522 25.1036 25.4783
    endloop
  endfacet
  facet normal 0.109524 -0.803393 0.58529
    outer loop
      vertex 33.9531 24.1265 24.2492
      vertex 34.5522 25.1036 25.4783
      vertex 33.5411 24.3691 24.6593
    endloop
  endfacet
  facet normal 0.109581 -0.803401 0.585268
    outer loop
      vertex 34.5522 25.1036 25.4783
      vertex 33.9531 24.1265 24.2492
      vertex 34.9766 24.8537 25.0558
    endloop
  endfacet
  facet normal 0.109548 -0.803376 0.585309
    outer loop
      vertex 31.2103 25.3857 26.4912
      vertex 31.8703 26.2734 27.5861
      vertex 30.9378 25.5046 26.7054
    endloop
  endfacet
  facet normal 0.109472 -0.803361 0.585343
    outer loop
      vertex 31.8703 26.2734 27.5861
      vertex 31.2103 25.3857 26.4912
      vertex 32.1424 26.1547 27.3723
    endloop
  endfacet
  facet normal 0.781727 -0.413865 -0.466496
    outer loop
      vertex 31.0994 23.7786 28.5076
      vertex 31.8703 26.2734 27.5861
      vertex 32.0321 24.5465 29.3893
    endloop
  endfacet
  facet normal 0.781753 -0.413859 -0.466458
    outer loop
      vertex 31.8703 26.2734 27.5861
      vertex 31.0994 23.7786 28.5076
      vertex 30.9378 25.5046 26.7054
    endloop
  endfacet
  facet normal 0.781726 -0.413873 -0.466491
    outer loop
      vertex 31.0305 22.545 29.4866
      vertex 32.0321 24.5465 29.3893
      vertex 31.9579 23.2188 30.4429
    endloop
  endfacet
  facet normal 0.781727 -0.413873 -0.466489
    outer loop
      vertex 32.0321 24.5465 29.3893
      vertex 31.0305 22.545 29.4866
      vertex 31.0994 23.7786 28.5076
    endloop
  endfacet
  facet normal 0.781705 -0.413877 -0.466522
    outer loop
      vertex 30.7992 20.6863 30.7481
      vertex 31.9579 23.2188 30.4429
      vertex 31.7179 21.29 31.7519
    endloop
  endfacet
  facet normal 0.781725 -0.413882 -0.466484
    outer loop
      vertex 31.9579 23.2188 30.4429
      vertex 30.7992 20.6863 30.7481
      vertex 31.0305 22.545 29.4866
    endloop
  endfacet
  facet normal 0.781721 -0.413928 -0.46645
    outer loop
      vertex 30.743 20.2343 31.0549
      vertex 31.7179 21.29 31.7519
      vertex 31.6618 20.839 32.0581
    endloop
  endfacet
  facet normal 0.781707 -0.41386 -0.466534
    outer loop
      vertex 31.7179 21.29 31.7519
      vertex 30.743 20.2343 31.0549
      vertex 30.7992 20.6863 30.7481
    endloop
  endfacet
  facet normal -0.328064 0.911293 -0.248837
    outer loop
      vertex 33.4641 20.989 30.2313
      vertex 30.743 20.2343 31.0549
      vertex 31.6618 20.839 32.0581
    endloop
  endfacet
  facet normal -0.328062 0.911295 -0.248829
    outer loop
      vertex 30.743 20.2343 31.0549
      vertex 33.4641 20.989 30.2313
      vertex 32.4889 20.3796 29.2852
    endloop
  endfacet
  facet normal -0.328089 0.91129 -0.248815
    outer loop
      vertex 32.6212 20.3906 29.1511
      vertex 33.4641 20.989 30.2313
      vertex 33.5962 21 30.0974
    endloop
  endfacet
  facet normal -0.328025 0.911298 -0.248869
    outer loop
      vertex 33.4641 20.989 30.2313
      vertex 32.6212 20.3906 29.1511
      vertex 32.4889 20.3796 29.2852
    endloop
  endfacet
  facet normal -0.118045 0.88582 -0.448764
    outer loop
      vertex 33.4139 20.1703 28.5076
      vertex 33.5962 21 30.0974
      vertex 34.4684 20.7575 29.3893
    endloop
  endfacet
  facet normal -0.118113 0.885816 -0.448754
    outer loop
      vertex 33.5962 21 30.0974
      vertex 33.4139 20.1703 28.5076
      vertex 32.6212 20.3906 29.1511
    endloop
  endfacet
  facet normal -0.118072 0.885829 -0.448738
    outer loop
      vertex 36.9537 19.6697 26.588
      vertex 33.4139 20.1703 28.5076
      vertex 34.4684 20.7575 29.3893
    endloop
  endfacet
  facet normal -0.118064 0.885801 -0.448795
    outer loop
      vertex 36.1271 18.9827 25.4495
      vertex 36.9537 19.6697 26.588
      vertex 37.2248 19.551 26.2824
    endloop
  endfacet
  facet normal -0.118096 0.885807 -0.448776
    outer loop
      vertex 36.9537 19.6697 26.588
      vertex 36.1271 18.9827 25.4495
      vertex 33.4139 20.1703 28.5076
    endloop
  endfacet
  facet normal -0.118151 0.885816 -0.448744
    outer loop
      vertex 36.4018 18.8624 25.1398
      vertex 37.2248 19.551 26.2824
      vertex 37.4991 19.431 25.9733
    endloop
  endfacet
  facet normal -0.118061 0.8858 -0.448799
    outer loop
      vertex 37.2248 19.551 26.2824
      vertex 36.4018 18.8624 25.1398
      vertex 36.1271 18.9827 25.4495
    endloop
  endfacet
  facet normal 0.0908728 0.762989 -0.639993
    outer loop
      vertex 38.5344 17.1566 23.4088
      vertex 37.4991 19.431 25.9733
      vertex 39.6959 17.6737 24.1902
    endloop
  endfacet
  facet normal 0.0907904 0.762978 -0.640017
    outer loop
      vertex 37.4991 19.431 25.9733
      vertex 38.5344 17.1566 23.4088
      vertex 36.4018 18.8624 25.1398
    endloop
  endfacet
  facet normal 0.0908298 0.762994 -0.639992
    outer loop
      vertex 39.9745 15.6599 21.8289
      vertex 39.6959 17.6737 24.1902
      vertex 41.4964 15.8025 22.2149
    endloop
  endfacet
  facet normal 0.0908668 0.762994 -0.639987
    outer loop
      vertex 39.6959 17.6737 24.1902
      vertex 39.9745 15.6599 21.8289
      vertex 38.5344 17.1566 23.4088
    endloop
  endfacet
  facet normal 0.0908295 0.762995 -0.639991
    outer loop
      vertex 39.9745 15.6599 21.8289
      vertex 41.4964 15.8025 22.2149
      vertex 40.2719 15.3508 21.5026
    endloop
  endfacet
  facet normal 0.0907957 0.763008 -0.639981
    outer loop
      vertex 40.606 15.0036 21.1361
      vertex 41.4964 15.8025 22.2149
      vertex 41.83 15.4559 21.849
    endloop
  endfacet
  facet normal 0.0908379 0.762987 -0.64
    outer loop
      vertex 41.4964 15.8025 22.2149
      vertex 40.606 15.0036 21.1361
      vertex 40.2719 15.3508 21.5026
    endloop
  endfacet
  facet normal 0.186509 0.652689 -0.73431
    outer loop
      vertex 42.6817 13.1323 20
      vertex 41.83 15.4559 21.849
      vertex 43.4035 13.3494 20.3763
    endloop
  endfacet
  facet normal 0.186482 0.652687 -0.734319
    outer loop
      vertex 41.82 13.3785 20
      vertex 41.83 15.4559 21.849
      vertex 42.6817 13.1323 20
    endloop
  endfacet
  facet normal 0.186507 0.652683 -0.734316
    outer loop
      vertex 41.83 15.4559 21.849
      vertex 41.82 13.3785 20
      vertex 40.606 15.0036 21.1361
    endloop
  endfacet
  facet normal 0.186424 0.652717 -0.734307
    outer loop
      vertex 43.1649 12.9942 20
      vertex 43.4457 13.2929 20.3368
      vertex 43.551 13.1105 20.2014
    endloop
  endfacet
  facet normal 0.186496 0.652673 -0.734327
    outer loop
      vertex 43.4457 13.2929 20.3368
      vertex 43.1649 12.9942 20
      vertex 43.4035 13.3494 20.3763
    endloop
  endfacet
  facet normal 0.186531 0.652656 -0.734334
    outer loop
      vertex 43.4035 13.3494 20.3763
      vertex 43.1649 12.9942 20
      vertex 42.6817 13.1323 20
    endloop
  endfacet
  facet normal -0.228906 0.966139 -0.119074
    outer loop
      vertex 43.551 13.1105 20.2014
      vertex 43.622 13.1025 20
      vertex 43.1649 12.9942 20
    endloop
  endfacet
  facet normal 0.348484 -0.895091 -0.278157
    outer loop
      vertex 43.0005 9.74502 20
      vertex 44.2812 10.022 20.7132
      vertex 42.988 9.73139 20.0282
    endloop
  endfacet
  facet normal 0.348174 -0.895425 -0.277469
    outer loop
      vertex 44.2812 10.022 20.7132
      vertex 43.0005 9.74502 20
      vertex 44.4493 10.204 20.3368
    endloop
  endfacet
  facet normal 0.348182 -0.895399 -0.277543
    outer loop
      vertex 44.4493 10.204 20.3368
      vertex 43.0005 9.74502 20
      vertex 44.5208 10.3362 20
    endloop
  endfacet
  facet normal 0.348186 -0.895444 -0.277393
    outer loop
      vertex 42.9088 9.64563 20.2055
      vertex 44.2812 10.022 20.7132
      vertex 44.2021 9.93638 20.8903
    endloop
  endfacet
  facet normal 0.348225 -0.895382 -0.277544
    outer loop
      vertex 44.2812 10.022 20.7132
      vertex 42.9088 9.64563 20.2055
      vertex 42.988 9.73139 20.0282
    endloop
  endfacet
  facet normal -0.246231 -0.633128 0.733838
    outer loop
      vertex 41.1672 14.2515 23.5949
      vertex 42.9088 9.64563 20.2055
      vertex 44.2021 9.93638 20.8903
    endloop
  endfacet
  facet normal -0.24619 -0.633125 0.733855
    outer loop
      vertex 42.9088 9.64563 20.2055
      vertex 41.1672 14.2515 23.5949
      vertex 39.9733 13.8193 22.8215
    endloop
  endfacet
  facet normal -0.246191 -0.633124 0.733855
    outer loop
      vertex 40.8214 14.7432 23.9031
      vertex 39.9733 13.8193 22.8215
      vertex 41.1672 14.2515 23.5949
    endloop
  endfacet
  facet normal -0.246265 -0.633076 0.733872
    outer loop
      vertex 40.8214 14.7432 23.9031
      vertex 39.6738 14.2452 23.0884
      vertex 39.9733 13.8193 22.8215
    endloop
  endfacet
  facet normal -0.245858 -0.633557 0.733593
    outer loop
      vertex 39.6738 14.2452 23.0884
      vertex 40.8214 14.7432 23.9031
      vertex 39.6269 14.3118 23.1302
    endloop
  endfacet
  facet normal 0.385759 0.411482 -0.825756
    outer loop
      vertex 41.4552 10.5661 22.1178
      vertex 42.3652 11.5803 23.0483
      vertex 42.7107 10.8723 22.8569
    endloop
  endfacet
  facet normal 0.385769 0.411473 -0.825756
    outer loop
      vertex 39.6694 14.2247 23.1066
      vertex 42.3652 11.5803 23.0483
      vertex 41.4552 10.5661 22.1178
    endloop
  endfacet
  facet normal 0.385753 0.411456 -0.825772
    outer loop
      vertex 42.3652 11.5803 23.0483
      vertex 39.6694 14.2247 23.1066
      vertex 40.8214 14.7432 23.9031
    endloop
  endfacet
  facet normal 0.385524 0.411837 -0.825689
    outer loop
      vertex 40.8214 14.7432 23.9031
      vertex 39.6694 14.2247 23.1066
      vertex 39.6269 14.3118 23.1302
    endloop
  endfacet
  facet normal 0.385806 0.41142 -0.825764
    outer loop
      vertex 41.6441 10.1791 22.0132
      vertex 42.7107 10.8723 22.8569
      vertex 42.8993 10.4859 22.7525
    endloop
  endfacet
  facet normal 0.385759 0.411483 -0.825756
    outer loop
      vertex 42.7107 10.8723 22.8569
      vertex 41.6441 10.1791 22.0132
      vertex 41.4552 10.5661 22.1178
    endloop
  endfacet
  facet normal 0.401494 0.372874 -0.836521
    outer loop
      vertex 42.7671 6.97493 21.1241
      vertex 43.4729 9.24046 22.4727
      vertex 44.0594 7.17404 21.8331
    endloop
  endfacet
  facet normal 0.401538 0.372854 -0.836509
    outer loop
      vertex 43.4729 9.24046 22.4727
      vertex 42.7671 6.97493 21.1241
      vertex 42.2009 8.97007 21.7416
    endloop
  endfacet
  facet normal 0.401535 0.37286 -0.836507
    outer loop
      vertex 43.4729 9.24046 22.4727
      vertex 42.2009 8.97007 21.7416
      vertex 42.8993 10.4859 22.7525
    endloop
  endfacet
  facet normal 0.401559 0.372846 -0.836502
    outer loop
      vertex 42.8993 10.4859 22.7525
      vertex 42.2009 8.97007 21.7416
      vertex 41.6441 10.1791 22.0132
    endloop
  endfacet
  facet normal 0.401496 0.372808 -0.836549
    outer loop
      vertex 42.867 6.6229 21.0152
      vertex 44.0594 7.17404 21.8331
      vertex 44.1591 6.82253 21.7243
    endloop
  endfacet
  facet normal 0.401537 0.372738 -0.836561
    outer loop
      vertex 44.0594 7.17404 21.8331
      vertex 42.867 6.6229 21.0152
      vertex 42.7671 6.97493 21.1241
    endloop
  endfacet
  facet normal -0.057848 0.983492 -0.171453
    outer loop
      vertex 44.2769 6.52886 20
      vertex 44.1591 6.82253 21.7243
      vertex 44.9725 6.63086 20.3504
    endloop
  endfacet
  facet normal -0.0578496 0.983492 -0.171453
    outer loop
      vertex 43.468 6.48128 20
      vertex 44.1591 6.82253 21.7243
      vertex 44.2769 6.52886 20
    endloop
  endfacet
  facet normal -0.0578591 0.983492 -0.171449
    outer loop
      vertex 44.1591 6.82253 21.7243
      vertex 43.468 6.48128 20
      vertex 42.867 6.6229 21.0152
    endloop
  endfacet
  facet normal -0.0578322 0.983486 -0.171496
    outer loop
      vertex 44.6681 6.55186 20
      vertex 44.9805 6.62896 20.3368
      vertex 45.0327 6.60535 20.1838
    endloop
  endfacet
  facet normal -0.0578844 0.983491 -0.171449
    outer loop
      vertex 44.9805 6.62896 20.3368
      vertex 44.6681 6.55186 20
      vertex 44.9725 6.63086 20.3504
    endloop
  endfacet
  facet normal -0.0578225 0.983486 -0.171502
    outer loop
      vertex 44.9725 6.63086 20.3504
      vertex 44.6681 6.55186 20
      vertex 44.2769 6.52886 20
    endloop
  endfacet
  facet normal 0.299727 0.574402 -0.761726
    outer loop
      vertex 45.0327 6.60535 20.1838
      vertex 45.123 6.31449 20
      vertex 44.6681 6.55186 20
    endloop
  endfacet
  facet normal 0.0198181 -0.991141 0.131328
    outer loop
      vertex 43.7437 3.85766 20
      vertex 44.0751 4.17589 22.3517
      vertex 42.7944 4.05186 21.6089
    endloop
  endfacet
  facet normal 0.0198294 -0.991141 0.131326
    outer loop
      vertex 44.0751 4.17589 22.3517
      vertex 43.7437 3.85766 20
      vertex 45.2639 3.9327 20.3368
    endloop
  endfacet
  facet normal 0.0198215 -0.991136 0.13136
    outer loop
      vertex 45.2639 3.9327 20.3368
      vertex 43.7437 3.85766 20
      vertex 45.3778 3.89034 20
    endloop
  endfacet
  facet normal 0.0198253 -0.991143 0.131313
    outer loop
      vertex 42.7944 4.05186 21.6089
      vertex 43.7835 4.23553 22.8459
      vertex 42.5024 4.1116 22.1039
    endloop
  endfacet
  facet normal 0.0198282 -0.991143 0.131311
    outer loop
      vertex 43.7835 4.23553 22.8459
      vertex 42.7944 4.05186 21.6089
      vertex 44.0751 4.17589 22.3517
    endloop
  endfacet
  facet normal -0.446453 -0.340146 0.827635
    outer loop
      vertex 42.5292 9.03986 24.1438
      vertex 42.5024 4.1116 22.1039
      vertex 43.7835 4.23553 22.8459
    endloop
  endfacet
  facet normal -0.446406 -0.340304 0.827596
    outer loop
      vertex 41.2848 8.77534 23.3638
      vertex 42.5292 9.03986 24.1438
      vertex 42.4028 9.33213 24.1958
    endloop
  endfacet
  facet normal -0.446462 -0.340144 0.827631
    outer loop
      vertex 42.5292 9.03986 24.1438
      vertex 41.2848 8.77534 23.3638
      vertex 42.5024 4.1116 22.1039
    endloop
  endfacet
  facet normal -0.44639 -0.340332 0.827593
    outer loop
      vertex 41.2848 8.77534 23.3638
      vertex 42.4028 9.33213 24.1958
      vertex 41.169 9.04322 23.4115
    endloop
  endfacet
  facet normal -0.446462 -0.340136 0.827635
    outer loop
      vertex 42.1813 9.84454 24.2869
      vertex 41.169 9.04322 23.4115
      vertex 42.4028 9.33213 24.1958
    endloop
  endfacet
  facet normal -0.446498 -0.34009 0.827634
    outer loop
      vertex 41.169 9.04322 23.4115
      vertex 42.1813 9.84454 24.2869
      vertex 40.9471 9.55649 23.5027
    endloop
  endfacet
  facet normal -0.327904 -0.594282 0.734376
    outer loop
      vertex 39.2426 12.2166 24.8943
      vertex 42.1813 9.84454 24.2869
      vertex 39.3016 14.3388 26.638
    endloop
  endfacet
  facet normal -0.32791 -0.594288 0.734368
    outer loop
      vertex 42.1813 9.84454 24.2869
      vertex 39.2426 12.2166 24.8943
      vertex 40.9471 9.55649 23.5027
    endloop
  endfacet
  facet normal -0.327857 -0.59428 0.734399
    outer loop
      vertex 37.7722 14.5114 26.0949
      vertex 39.3016 14.3388 26.638
      vertex 38.9005 14.9648 26.9655
    endloop
  endfacet
  facet normal -0.327855 -0.594293 0.734388
    outer loop
      vertex 39.3016 14.3388 26.638
      vertex 37.7722 14.5114 26.0949
      vertex 39.2426 12.2166 24.8943
    endloop
  endfacet
  facet normal -0.327898 -0.594226 0.734424
    outer loop
      vertex 38.5812 15.4632 27.2262
      vertex 37.7722 14.5114 26.0949
      vertex 38.9005 14.9648 26.9655
    endloop
  endfacet
  facet normal -0.32781 -0.594288 0.734413
    outer loop
      vertex 37.7722 14.5114 26.0949
      vertex 38.5812 15.4632 27.2262
      vertex 37.4522 15.0107 26.3561
    endloop
  endfacet
  facet normal 0.222371 -0.952733 0.207005
    outer loop
      vertex 35.4901 15.162 29.1597
      vertex 35.1559 15.6118 31.5889
      vertex 34.1458 15.1587 30.5886
    endloop
  endfacet
  facet normal 0.222304 -0.95275 0.206999
    outer loop
      vertex 35.1559 15.6118 31.5889
      vertex 35.4901 15.162 29.1597
      vertex 36.5807 15.6152 30.0744
    endloop
  endfacet
  facet normal 0.222325 -0.95275 0.206973
    outer loop
      vertex 36.1036 15.1635 28.5076
      vertex 36.5807 15.6152 30.0744
      vertex 35.4901 15.162 29.1597
    endloop
  endfacet
  facet normal 0.222205 -0.952769 0.207016
    outer loop
      vertex 36.5807 15.6152 30.0744
      vertex 36.1036 15.1635 28.5076
      vertex 37.2254 15.6167 29.3893
    endloop
  endfacet
  facet normal 0.222269 -0.952772 0.206935
    outer loop
      vertex 36.1036 15.1635 28.5076
      vertex 37.9768 15.5316 28.1904
      vertex 37.2254 15.6167 29.3893
    endloop
  endfacet
  facet normal 0.222276 -0.952758 0.206992
    outer loop
      vertex 37.4522 15.0107 26.3561
      vertex 37.9768 15.5316 28.1904
      vertex 36.1036 15.1635 28.5076
    endloop
  endfacet
  facet normal 0.222352 -0.952746 0.206967
    outer loop
      vertex 37.9768 15.5316 28.1904
      vertex 37.4522 15.0107 26.3561
      vertex 38.5812 15.4632 27.2262
    endloop
  endfacet
  facet normal 0.222231 -0.952755 0.207052
    outer loop
      vertex 34.0466 15.1585 30.6941
      vertex 35.0641 15.6115 31.6865
      vertex 34.8212 15.6065 31.9242
    endloop
  endfacet
  facet normal 0.222317 -0.952748 0.206995
    outer loop
      vertex 34.0466 15.1585 30.6941
      vertex 34.8212 15.6065 31.9242
      vertex 33.8108 15.1536 30.9248
    endloop
  endfacet
  facet normal 0.222716 -0.952751 0.206552
    outer loop
      vertex 35.0641 15.6115 31.6865
      vertex 34.0466 15.1585 30.6941
      vertex 35.1559 15.6118 31.5889
    endloop
  endfacet
  facet normal 0.222227 -0.952735 0.20715
    outer loop
      vertex 35.1559 15.6118 31.5889
      vertex 34.0466 15.1585 30.6941
      vertex 34.1458 15.1587 30.5886
    endloop
  endfacet
  facet normal 0.153094 -0.949074 0.275354
    outer loop
      vertex 28.2392 15.7255 35.9939
      vertex 34.8212 15.6065 31.9242
      vertex 29.0696 16.1969 37.157
    endloop
  endfacet
  facet normal 0.153081 -0.949083 0.275332
    outer loop
      vertex 34.8212 15.6065 31.9242
      vertex 28.2392 15.7255 35.9939
      vertex 33.8108 15.1536 30.9248
    endloop
  endfacet
  facet normal 0.153026 -0.949083 0.275364
    outer loop
      vertex 28.1857 15.731 36.0425
      vertex 29.0694 16.1969 37.1572
      vertex 28.5945 16.2065 37.4542
    endloop
  endfacet
  facet normal 0.153027 -0.949082 0.275364
    outer loop
      vertex 28.1857 15.731 36.0425
      vertex 28.5945 16.2065 37.4542
      vertex 27.7703 15.7394 36.3023
    endloop
  endfacet
  facet normal 0.221413 -0.949712 0.221413
    outer loop
      vertex 29.0694 16.1969 37.1572
      vertex 28.1857 15.731 36.0425
      vertex 29.0696 16.1969 37.157
    endloop
  endfacet
  facet normal 0.152772 -0.949061 0.275579
    outer loop
      vertex 29.0696 16.1969 37.157
      vertex 28.1857 15.731 36.0425
      vertex 28.2392 15.7255 35.9939
    endloop
  endfacet
  facet normal -0.384581 -0.726339 0.569675
    outer loop
      vertex 23.7678 18.8139 37.5206
      vertex 25.5962 18.5967 38.478
      vertex 23.3148 20.1721 38.9465
    endloop
  endfacet
  facet normal -0.384516 -0.72635 0.569705
    outer loop
      vertex 23.7678 18.8139 37.5206
      vertex 23.3148 20.1721 38.9465
      vertex 22.6534 19.5833 37.7494
    endloop
  endfacet
  facet normal -0.384583 -0.726333 0.569681
    outer loop
      vertex 25.5962 18.5967 38.478
      vertex 23.7678 18.8139 37.5206
      vertex 24.8585 18.0607 37.2966
    endloop
  endfacet
  facet normal -0.384518 -0.726381 0.569663
    outer loop
      vertex 25.5557 17.5049 37.0585
      vertex 25.5962 18.5967 38.478
      vertex 24.8585 18.0607 37.2966
    endloop
  endfacet
  facet normal -0.384584 -0.726359 0.569647
    outer loop
      vertex 25.5962 18.5967 38.478
      vertex 25.5557 17.5049 37.0585
      vertex 26.3305 18.0113 38.2273
    endloop
  endfacet
  facet normal -0.384563 -0.726375 0.569641
    outer loop
      vertex 27.7703 15.7394 36.3023
      vertex 26.3305 18.0113 38.2273
      vertex 25.5557 17.5049 37.0585
    endloop
  endfacet
  facet normal -0.384516 -0.726374 0.569674
    outer loop
      vertex 26.3305 18.0113 38.2273
      vertex 27.7703 15.7394 36.3023
      vertex 28.5945 16.2065 37.4542
    endloop
  endfacet
  facet normal -0.384528 -0.726364 0.569678
    outer loop
      vertex 22.6534 19.5833 37.7494
      vertex 22.9774 20.405 39.0158
      vertex 22.3151 19.8169 37.8189
    endloop
  endfacet
  facet normal -0.38442 -0.726416 0.569685
    outer loop
      vertex 22.9774 20.405 39.0158
      vertex 22.6534 19.5833 37.7494
      vertex 23.3148 20.1721 38.9465
    endloop
  endfacet
  facet normal 0.396717 -0.891509 0.218695
    outer loop
      vertex 11.0694 16.329 43.9722
      vertex 11.4773 16.8394 45.3129
      vertex 11.3734 16.8031 45.3534
    endloop
  endfacet
  facet normal 0.396302 -0.891649 0.218875
    outer loop
      vertex 11.0694 16.329 43.9722
      vertex 16.6422 18.6412 43.3013
      vertex 11.4773 16.8394 45.3129
    endloop
  endfacet
  facet normal 0.396302 -0.891654 0.218854
    outer loop
      vertex 16.1271 18.0934 42.0022
      vertex 16.6422 18.6412 43.3013
      vertex 11.0694 16.329 43.9722
    endloop
  endfacet
  facet normal 0.396128 -0.891709 0.218946
    outer loop
      vertex 16.6422 18.6412 43.3013
      vertex 16.1271 18.0934 42.0022
      vertex 16.8363 18.6986 43.1839
    endloop
  endfacet
  facet normal 0.39616 -0.891701 0.218922
    outer loop
      vertex 16.3511 18.1597 41.8669
      vertex 16.8363 18.6986 43.1839
      vertex 16.1271 18.0934 42.0022
    endloop
  endfacet
  facet normal 0.396301 -0.891656 0.218852
    outer loop
      vertex 16.3511 18.1597 41.8669
      vertex 21.3427 19.9508 40.1254
      vertex 16.8363 18.6986 43.1839
    endloop
  endfacet
  facet normal 0.396298 -0.89166 0.21884
    outer loop
      vertex 22.3151 19.8169 37.8189
      vertex 21.3427 19.9508 40.1254
      vertex 16.3511 18.1597 41.8669
    endloop
  endfacet
  facet normal 0.39629 -0.891664 0.218836
    outer loop
      vertex 21.3427 19.9508 40.1254
      vertex 22.3151 19.8169 37.8189
      vertex 22.9774 20.405 39.0158
    endloop
  endfacet
  facet normal 0.39627 -0.891661 0.218887
    outer loop
      vertex 10.3701 16.085 44.2445
      vertex 11.3734 16.8031 45.3534
      vertex 10.6762 16.5599 45.6249
    endloop
  endfacet
  facet normal 0.396325 -0.89165 0.21883
    outer loop
      vertex 11.3734 16.8031 45.3534
      vertex 10.3701 16.085 44.2445
      vertex 11.0694 16.329 43.9722
    endloop
  endfacet
  facet normal 0.971388 0.0492327 -0.23234
    outer loop
      vertex 10.6762 16.5599 45.6249
      vertex 10.5438 14.7404 44.6858
      vertex 10.3701 16.085 44.2445
    endloop
  endfacet
  facet normal 0.971366 0.0492771 -0.232423
    outer loop
      vertex 10.9567 14.3898 46.3371
      vertex 10.5438 14.7404 44.6858
      vertex 10.6762 16.5599 45.6249
    endloop
  endfacet
  facet normal 0.971375 0.0492521 -0.232389
    outer loop
      vertex 10.8863 12.0904 45.5555
      vertex 10.9567 14.3898 46.3371
      vertex 11.2077 12.4474 46.9746
    endloop
  endfacet
  facet normal 0.971366 0.0492649 -0.232426
    outer loop
      vertex 10.9567 14.3898 46.3371
      vertex 10.8863 12.0904 45.5555
      vertex 10.5438 14.7404 44.6858
    endloop
  endfacet
  facet normal 0.971381 0.0492001 -0.232377
    outer loop
      vertex 11.2823 11.7888 47.147
      vertex 10.8863 12.0904 45.5555
      vertex 11.2077 12.4474 46.9746
    endloop
  endfacet
  facet normal 0.971379 0.0492823 -0.232365
    outer loop
      vertex 11.1334 9.91065 46.1262
      vertex 11.2823 11.7888 47.147
      vertex 11.458 10.239 47.5528
    endloop
  endfacet
  facet normal 0.97138 0.0492805 -0.232362
    outer loop
      vertex 11.2823 11.7888 47.147
      vertex 11.1334 9.91065 46.1262
      vertex 10.8863 12.0904 45.5555
    endloop
  endfacet
  facet normal 0.971384 0.0492382 -0.232356
    outer loop
      vertex 11.6058 8.43213 47.7878
      vertex 11.1334 9.91065 46.1262
      vertex 11.458 10.239 47.5528
    endloop
  endfacet
  facet normal 0.971381 0.0492218 -0.232369
    outer loop
      vertex 11.6058 8.43213 47.7878
      vertex 11.2641 8.31231 46.334
      vertex 11.1334 9.91065 46.1262
    endloop
  endfacet
  facet normal 0.97134 0.0498335 -0.23241
    outer loop
      vertex 11.6058 8.43213 47.7878
      vertex 11.2741 8.19108 46.3498
      vertex 11.2641 8.31231 46.334
    endloop
  endfacet
  facet normal 0.971386 0.0493022 -0.232332
    outer loop
      vertex 11.8173 5.53783 48.0579
      vertex 11.2741 8.19108 46.3498
      vertex 11.6058 8.43213 47.7878
    endloop
  endfacet
  facet normal 0.971368 0.0492407 -0.232421
    outer loop
      vertex 11.8173 5.53783 48.0579
      vertex 11.4796 5.37717 46.6125
      vertex 11.2741 8.19108 46.3498
    endloop
  endfacet
  facet normal 0.971382 0.0490471 -0.232403
    outer loop
      vertex 11.8368 5.27009 48.0829
      vertex 11.4796 5.37717 46.6125
      vertex 11.8173 5.53783 48.0579
    endloop
  endfacet
  facet normal 0.971377 0.0492144 -0.23239
    outer loop
      vertex 11.8368 5.27009 48.0829
      vertex 11.4984 5.11943 46.6365
      vertex 11.4796 5.37717 46.6125
    endloop
  endfacet
  facet normal 0.971376 0.0492269 -0.232391
    outer loop
      vertex 11.8552 4.97971 48.0983
      vertex 11.4984 5.11943 46.6365
      vertex 11.8368 5.27009 48.0829
    endloop
  endfacet
  facet normal 0.97137 0.0494692 -0.232366
    outer loop
      vertex 11.8552 4.97971 48.0983
      vertex 11.5162 4.8399 46.6514
      vertex 11.4984 5.11943 46.6365
    endloop
  endfacet
  facet normal 0.971382 0.0492854 -0.232351
    outer loop
      vertex 12.0092 2.55263 48.2273
      vertex 11.5162 4.8399 46.6514
      vertex 11.8552 4.97971 48.0983
    endloop
  endfacet
  facet normal 0.971376 0.0492638 -0.232381
    outer loop
      vertex 12.0092 2.55263 48.2273
      vertex 11.6659 2.47966 46.7768
      vertex 11.5162 4.8399 46.6514
    endloop
  endfacet
  facet normal 0.971386 0.0491007 -0.232375
    outer loop
      vertex 12.0092 2.55263 48.2273
      vertex 11.6835 2.14898 46.7805
      vertex 11.6659 2.47966 46.7768
    endloop
  endfacet
  facet normal 0.971371 0.0492402 -0.23241
    outer loop
      vertex 12.1267 0.349381 48.2516
      vertex 11.6835 2.14898 46.7805
      vertex 12.0092 2.55263 48.2273
    endloop
  endfacet
  facet normal 0.971379 0.0491858 -0.232387
    outer loop
      vertex 11.7981 0 46.8041
      vertex 12.1267 0.349381 48.2516
      vertex 12.1453 0 48.2554
    endloop
  endfacet
  facet normal 0.971373 0.0492488 -0.2324
    outer loop
      vertex 12.1267 0.349381 48.2516
      vertex 11.7981 0 46.8041
      vertex 11.6835 2.14898 46.7805
    endloop
  endfacet
  facet normal 0.971366 0.049453 -0.232384
    outer loop
      vertex 12.1603 -0.345853 48.2445
      vertex 11.7981 0 46.8041
      vertex 12.1453 0 48.2554
    endloop
  endfacet
  facet normal 0.971365 0.0492949 -0.232421
    outer loop
      vertex 12.1603 -0.345853 48.2445
      vertex 11.8939 -2.21733 46.7342
      vertex 11.7981 0 46.8041
    endloop
  endfacet
  facet normal 0.971385 0.0492353 -0.232351
    outer loop
      vertex 12.2578 -2.60548 48.1733
      vertex 11.8939 -2.21733 46.7342
      vertex 12.1603 -0.345853 48.2445
    endloop
  endfacet
  facet normal 0.971384 0.0491415 -0.232376
    outer loop
      vertex 11.8939 -2.21733 46.7342
      vertex 12.2578 -2.60548 48.1733
      vertex 11.9074 -2.531 46.7243
    endloop
  endfacet
  facet normal 0.971379 0.0492726 -0.232368
    outer loop
      vertex 12.2578 -2.60548 48.1733
      vertex 11.9935 -5.11548 46.5362
      vertex 11.9074 -2.531 46.7243
    endloop
  endfacet
  facet normal 0.971383 0.0492622 -0.232353
    outer loop
      vertex 12.3463 -5.26325 47.9798
      vertex 11.9935 -5.11548 46.5362
      vertex 12.2578 -2.60548 48.1733
    endloop
  endfacet
  facet normal 0.971381 0.049354 -0.232343
    outer loop
      vertex 12.3463 -5.26325 47.9798
      vertex 12.0011 -5.34321 46.5196
      vertex 11.9935 -5.11548 46.5362
    endloop
  endfacet
  facet normal 0.971384 0.0492978 -0.232341
    outer loop
      vertex 12.3542 -5.50045 47.9625
      vertex 12.0011 -5.34321 46.5196
      vertex 12.3463 -5.26325 47.9798
    endloop
  endfacet
  facet normal 0.971412 0.0480875 -0.232479
    outer loop
      vertex 12.0011 -5.34321 46.5196
      vertex 12.3542 -5.50045 47.9625
      vertex 12.0021 -5.3871 46.5147
    endloop
  endfacet
  facet normal 0.971351 0.0501028 -0.232307
    outer loop
      vertex 12.0021 -5.3871 46.5147
      vertex 12.3542 -5.50045 47.9625
      vertex 12.3562 -5.58049 47.9536
    endloop
  endfacet
  facet normal 0.971365 0.049339 -0.232413
    outer loop
      vertex 12.3562 -5.58049 47.9536
      vertex 12.006 -5.5482 46.4968
      vertex 12.0021 -5.3871 46.5147
    endloop
  endfacet
  facet normal 0.971377 0.0490579 -0.232422
    outer loop
      vertex 12.3594 -5.71397 47.9388
      vertex 12.006 -5.5482 46.4968
      vertex 12.3562 -5.58049 47.9536
    endloop
  endfacet
  facet normal 0.971372 0.0493065 -0.232392
    outer loop
      vertex 12.3594 -5.71397 47.9388
      vertex 12.0279 -6.45615 46.3957
      vertex 12.006 -5.5482 46.4968
    endloop
  endfacet
  facet normal 0.971386 0.0492148 -0.232351
    outer loop
      vertex 12.0279 -6.45615 46.3957
      vertex 12.3594 -5.71397 47.9388
      vertex 12.3818 -6.64615 47.835
    endloop
  endfacet
  facet normal 0.144937 0.98493 0.0943774
    outer loop
      vertex 13.3834 -6.6298 46.1262
      vertex 13.8012 -6.82798 47.5528
      vertex 14.5701 -6.91079 47.2362
    endloop
  endfacet
  facet normal 0.144922 0.984933 0.0943657
    outer loop
      vertex 15.3717 -6.84394 45.3074
      vertex 14.5701 -6.91079 47.2362
      vertex 15.8256 -7.04599 46.7192
    endloop
  endfacet
  facet normal 0.144937 0.98493 0.0943774
    outer loop
      vertex 13.8012 -6.82798 47.5528
      vertex 13.3834 -6.6298 46.1262
      vertex 12.3818 -6.64615 47.835
    endloop
  endfacet
  facet normal 0.144942 0.984929 0.0943803
    outer loop
      vertex 12.3818 -6.64615 47.835
      vertex 13.3834 -6.6298 46.1262
      vertex 12.0279 -6.45615 46.3957
    endloop
  endfacet
  facet normal 0.144941 0.984929 0.0943732
    outer loop
      vertex 14.5701 -6.91079 47.2362
      vertex 15.3717 -6.84394 45.3074
      vertex 13.3834 -6.6298 46.1262
    endloop
  endfacet
  facet normal 0.144936 0.984931 0.0943611
    outer loop
      vertex 20.508 -7.5375 44.6575
      vertex 15.3717 -6.84394 45.3074
      vertex 15.8256 -7.04599 46.7192
    endloop
  endfacet
  facet normal 0.144938 0.984929 0.0943786
    outer loop
      vertex 15.3717 -6.84394 45.3074
      vertex 20.508 -7.5375 44.6575
      vertex 19.9079 -7.32009 43.3102
    endloop
  endfacet
  facet normal 0.144889 0.984934 0.0944011
    outer loop
      vertex 20.8879 -7.57736 44.4903
      vertex 19.9079 -7.32009 43.3102
      vertex 20.508 -7.5375 44.6575
    endloop
  endfacet
  facet normal 0.144918 0.984932 0.0943763
    outer loop
      vertex 19.9079 -7.32009 43.3102
      vertex 20.8879 -7.57736 44.4903
      vertex 20.2889 -7.36007 43.1424
    endloop
  endfacet
  facet normal -0.713147 0.568757 0.409801
    outer loop
      vertex 24.8589 -0.548234 41.518
      vertex 25.6094 -0.543161 42.817
      vertex 24.8644 -0.53896 41.5147
    endloop
  endfacet
  facet normal -0.716519 0.563067 0.411771
    outer loop
      vertex 25.6094 -0.543161 42.817
      vertex 24.8589 -0.548234 41.518
      vertex 25.6073 -0.546784 42.8183
    endloop
  endfacet
  facet normal -0.710134 0.573739 0.408085
    outer loop
      vertex 24.0511 -1.89247 42.0022
      vertex 25.6073 -0.546784 42.8183
      vertex 24.8589 -0.548234 41.518
    endloop
  endfacet
  facet normal -0.710136 0.57377 0.408038
    outer loop
      vertex 25.6073 -0.546784 42.8183
      vertex 24.0511 -1.89247 42.0022
      vertex 24.8016 -1.88746 43.3013
    endloop
  endfacet
  facet normal -0.710152 0.573744 0.408047
    outer loop
      vertex 22.1758 -4.7136 42.7052
      vertex 24.8016 -1.88746 43.3013
      vertex 24.0511 -1.89247 42.0022
    endloop
  endfacet
  facet normal -0.710147 0.573734 0.40807
    outer loop
      vertex 24.8016 -1.88746 43.3013
      vertex 22.1758 -4.7136 42.7052
      vertex 23.1149 -4.42485 43.9335
    endloop
  endfacet
  facet normal -0.710177 0.573669 0.408109
    outer loop
      vertex 22.1758 -4.7136 42.7052
      vertex 22.8305 -4.85276 44.0401
      vertex 23.1149 -4.42485 43.9335
    endloop
  endfacet
  facet normal -0.710138 0.573726 0.408096
    outer loop
      vertex 21.7977 -5.24391 42.7928
      vertex 22.8305 -4.85276 44.0401
      vertex 22.1758 -4.7136 42.7052
    endloop
  endfacet
  facet normal -0.710103 0.573808 0.408041
    outer loop
      vertex 21.7977 -5.24391 42.7928
      vertex 22.433 -5.41017 44.1322
      vertex 22.8305 -4.85276 44.0401
    endloop
  endfacet
  facet normal -0.710149 0.573742 0.408054
    outer loop
      vertex 20.2889 -7.36007 43.1424
      vertex 22.433 -5.41017 44.1322
      vertex 21.7977 -5.24391 42.7928
    endloop
  endfacet
  facet normal -0.710148 0.573729 0.408075
    outer loop
      vertex 22.433 -5.41017 44.1322
      vertex 20.2889 -7.36007 43.1424
      vertex 20.8879 -7.57736 44.4903
    endloop
  endfacet
  facet normal -0.710069 0.573839 0.408058
    outer loop
      vertex 24.8644 -0.53896 41.5147
      vertex 25.8268 -0.181497 42.6867
      vertex 25.0824 -0.176266 41.384
    endloop
  endfacet
  facet normal -0.710067 0.573843 0.408056
    outer loop
      vertex 25.8268 -0.181497 42.6867
      vertex 24.8644 -0.53896 41.5147
      vertex 25.6094 -0.543161 42.817
    endloop
  endfacet
  facet normal -0.0649627 0.99704 0.0411252
    outer loop
      vertex 27.7408 0 41.3099
      vertex 25.0824 -0.176266 41.384
      vertex 25.8268 -0.181497 42.6867
    endloop
  endfacet
  facet normal -0.0649628 0.99704 0.0411225
    outer loop
      vertex 27.7408 0 41.3099
      vertex 26.9413 0 40.0469
      vertex 25.0824 -0.176266 41.384
    endloop
  endfacet
  facet normal -0.064964 0.99704 0.0411233
    outer loop
      vertex 33.1878 0.519771 37.3128
      vertex 26.9413 0 40.0469
      vertex 27.7408 0 41.3099
    endloop
  endfacet
  facet normal -0.0649637 0.99704 0.0411238
    outer loop
      vertex 26.9413 0 40.0469
      vertex 33.1878 0.519771 37.3128
      vertex 32.2188 0.503601 36.1741
    endloop
  endfacet
  facet normal -0.0649719 0.997039 0.0411335
    outer loop
      vertex 32.3981 0.520708 36.0425
      vertex 33.3998 0.539996 37.1572
      vertex 33.5546 0.557262 36.9832
    endloop
  endfacet
  facet normal -0.0649457 0.997042 0.0411098
    outer loop
      vertex 33.3998 0.539996 37.1572
      vertex 32.3981 0.520708 36.0425
      vertex 33.1878 0.519771 37.3128
    endloop
  endfacet
  facet normal -0.0649517 0.997041 0.0411136
    outer loop
      vertex 33.1878 0.519771 37.3128
      vertex 32.3981 0.520708 36.0425
      vertex 32.2188 0.503601 36.1741
    endloop
  endfacet
  facet normal -0.064965 0.99704 0.0411249
    outer loop
      vertex 32.3981 0.520708 36.0425
      vertex 33.5546 0.557262 36.9832
      vertex 32.5809 0.541091 35.8371
    endloop
  endfacet
  facet normal -0.351749 0.89125 0.286262
    outer loop
      vertex 33.5546 0.557262 36.9832
      vertex 33.1932 1.01908 35.1013
      vertex 32.5809 0.541091 35.8371
    endloop
  endfacet
  facet normal -0.351716 0.891264 0.28626
    outer loop
      vertex 36.917 3.18193 32.9426
      vertex 33.1932 1.01908 35.1013
      vertex 33.5546 0.557262 36.9832
    endloop
  endfacet
  facet normal -0.351755 0.891239 0.286288
    outer loop
      vertex 36.1822 3.35233 31.5093
      vertex 36.917 3.18193 32.9426
      vertex 37.2711 3.4584 32.517
    endloop
  endfacet
  facet normal -0.351711 0.891263 0.286268
    outer loop
      vertex 36.917 3.18193 32.9426
      vertex 36.1822 3.35233 31.5093
      vertex 33.1932 1.01908 35.1013
    endloop
  endfacet
  facet normal -0.351713 0.891272 0.286239
    outer loop
      vertex 37.5062 3.64187 32.2346
      vertex 36.1822 3.35233 31.5093
      vertex 37.2711 3.4584 32.517
    endloop
  endfacet
  facet normal -0.351687 0.891301 0.286179
    outer loop
      vertex 36.1822 3.35233 31.5093
      vertex 37.5062 3.64187 32.2346
      vertex 36.4178 3.53619 31.2262
    endloop
  endfacet
  facet normal -0.0830997 0.996432 -0.014748
    outer loop
      vertex 38.8486 3.69866 28.5076
      vertex 37.5062 3.64187 32.2346
      vertex 40.0502 3.81192 29.3893
    endloop
  endfacet
  facet normal -0.0830972 0.996432 -0.0147513
    outer loop
      vertex 38.8486 3.69866 28.5076
      vertex 40.0502 3.81192 29.3893
      vertex 40.3002 3.82632 28.9537
    endloop
  endfacet
  facet normal -0.0830897 0.996433 -0.0147443
    outer loop
      vertex 37.5062 3.64187 32.2346
      vertex 38.8486 3.69866 28.5076
      vertex 36.4178 3.53619 31.2262
    endloop
  endfacet
  facet normal -0.0831031 0.996432 -0.0147323
    outer loop
      vertex 38.8486 3.69866 28.5076
      vertex 40.3002 3.82632 28.9537
      vertex 39.116 3.71407 28.0415
    endloop
  endfacet
  facet normal -0.0830793 0.996434 -0.0147633
    outer loop
      vertex 40.4583 3.83542 28.6782
      vertex 39.116 3.71407 28.0415
      vertex 40.3002 3.82632 28.9537
    endloop
  endfacet
  facet normal -0.0830826 0.996433 -0.0147565
    outer loop
      vertex 39.116 3.71407 28.0415
      vertex 40.4583 3.83542 28.6782
      vertex 39.2744 3.72319 27.7655
    endloop
  endfacet
  facet normal 0.5965 -0.325273 -0.733747
    outer loop
      vertex 40.2653 1.95567 29.3546
      vertex 39.2744 3.72319 27.7655
      vertex 40.4583 3.83542 28.6782
    endloop
  endfacet
  facet normal 0.59651 -0.325263 -0.733743
    outer loop
      vertex 39.2744 3.72319 27.7655
      vertex 40.2653 1.95567 29.3546
      vertex 39.0876 1.90326 28.4204
    endloop
  endfacet
  facet normal 0.596607 -0.324982 -0.733789
    outer loop
      vertex 39.0876 1.90326 28.4204
      vertex 40.2554 1.85941 29.3893
      vertex 40.2455 1.80127 29.407
    endloop
  endfacet
  facet normal 0.596413 -0.325785 -0.733591
    outer loop
      vertex 40.2554 1.85941 29.3893
      vertex 39.0876 1.90326 28.4204
      vertex 40.2653 1.95567 29.3546
    endloop
  endfacet
  facet normal 0.596502 -0.325363 -0.733705
    outer loop
      vertex 39.0876 1.90326 28.4204
      vertex 40.2455 1.80127 29.407
      vertex 39.0717 1.74873 28.476
    endloop
  endfacet
  facet normal 0.390666 -0.804638 -0.447144
    outer loop
      vertex 37.5945 0 30.3322
      vertex 37.3781 -1.38753 32.64
      vertex 36.301 -1.33938 31.6123
    endloop
  endfacet
  facet normal 0.390668 -0.804637 -0.447143
    outer loop
      vertex 37.3781 -1.38753 32.64
      vertex 37.5945 0 30.3322
      vertex 38.718 0 31.3138
    endloop
  endfacet
  facet normal 0.390654 -0.804653 -0.447127
    outer loop
      vertex 38.718 0 31.3138
      vertex 37.5945 0 30.3322
      vertex 39.4683 0.884714 30.3772
    endloop
  endfacet
  facet normal 0.390648 -0.804636 -0.447163
    outer loop
      vertex 39.0562 1.72364 28.5076
      vertex 39.4683 0.884714 30.3772
      vertex 37.5945 0 30.3322
    endloop
  endfacet
  facet normal 0.390685 -0.804618 -0.447163
    outer loop
      vertex 39.4683 0.884714 30.3772
      vertex 39.0562 1.72364 28.5076
      vertex 40.2455 1.80127 29.407
    endloop
  endfacet
  facet normal 0.390705 -0.804592 -0.447193
    outer loop
      vertex 40.2455 1.80127 29.407
      vertex 39.0562 1.72364 28.5076
      vertex 39.0717 1.74873 28.476
    endloop
  endfacet
  facet normal 0.390674 -0.804622 -0.447165
    outer loop
      vertex 36.301 -1.33938 31.6123
      vertex 37.1342 -1.64007 32.8813
      vertex 36.0566 -1.59248 31.8542
    endloop
  endfacet
  facet normal 0.390698 -0.804605 -0.447176
    outer loop
      vertex 37.1342 -1.64007 32.8813
      vertex 36.301 -1.33938 31.6123
      vertex 37.3781 -1.38753 32.64
    endloop
  endfacet
  facet normal 0.216428 -0.938066 -0.27054
    outer loop
      vertex 29.5741 -4.7938 37.768
      vertex 28.8488 -5.62657 40.0753
      vertex 28.037 -5.45593 38.8342
    endloop
  endfacet
  facet normal 0.216445 -0.938063 -0.270534
    outer loop
      vertex 28.8488 -5.62657 40.0753
      vertex 29.5741 -4.7938 37.768
      vertex 30.4722 -4.92723 38.9492
    endloop
  endfacet
  facet normal 0.216449 -0.938062 -0.270537
    outer loop
      vertex 32.0616 -3.7222 36.0425
      vertex 30.4722 -4.92723 38.9492
      vertex 29.5741 -4.7938 37.768
    endloop
  endfacet
  facet normal 0.216433 -0.938063 -0.270546
    outer loop
      vertex 30.4722 -4.92723 38.9492
      vertex 32.0616 -3.7222 36.0425
      vertex 33.0556 -3.81435 37.1572
    endloop
  endfacet
  facet normal 0.216437 -0.938061 -0.270549
    outer loop
      vertex 34.2929 -2.53269 33.7032
      vertex 33.0556 -3.81435 37.1572
      vertex 32.0616 -3.7222 36.0425
    endloop
  endfacet
  facet normal 0.216439 -0.938061 -0.270549
    outer loop
      vertex 34.2929 -2.53269 33.7032
      vertex 37.1342 -1.64007 32.8813
      vertex 33.0556 -3.81435 37.1572
    endloop
  endfacet
  facet normal 0.21644 -0.938061 -0.270546
    outer loop
      vertex 37.1342 -1.64007 32.8813
      vertex 34.2929 -2.53269 33.7032
      vertex 36.0566 -1.59248 31.8542
    endloop
  endfacet
  facet normal 0.216453 -0.938062 -0.270531
    outer loop
      vertex 27.411 -5.72563 39.2684
      vertex 28.8488 -5.62657 40.0753
      vertex 28.2244 -5.89555 40.5084
    endloop
  endfacet
  facet normal 0.216472 -0.938048 -0.270567
    outer loop
      vertex 28.8488 -5.62657 40.0753
      vertex 27.411 -5.72563 39.2684
      vertex 28.037 -5.45593 38.8342
    endloop
  endfacet
  facet normal 0.627001 -0.602478 -0.493852
    outer loop
      vertex 28.2244 -5.89555 40.5084
      vertex 27.3535 -5.81416 39.3034
      vertex 27.411 -5.72563 39.2684
    endloop
  endfacet
  facet normal 0.627394 -0.601869 -0.494095
    outer loop
      vertex 28.1653 -5.98671 40.5444
      vertex 27.3535 -5.81416 39.3034
      vertex 28.2244 -5.89555 40.5084
    endloop
  endfacet
  facet normal 0.627118 -0.602261 -0.493968
    outer loop
      vertex 28.1653 -5.98671 40.5444
      vertex 25.0726 -8.9149 40.1882
      vertex 27.3535 -5.81416 39.3034
    endloop
  endfacet
  facet normal 0.627124 -0.60227 -0.49395
    outer loop
      vertex 25.796 -9.2075 41.4634
      vertex 25.0726 -8.9149 40.1882
      vertex 28.1653 -5.98671 40.5444
    endloop
  endfacet
  facet normal 0.627123 -0.602271 -0.49395
    outer loop
      vertex 25.796 -9.2075 41.4634
      vertex 23.8268 -10.6084 40.6714
      vertex 25.0726 -8.9149 40.1882
    endloop
  endfacet
  facet normal 0.627124 -0.602277 -0.493942
    outer loop
      vertex 24.5339 -10.9232 41.953
      vertex 23.8268 -10.6084 40.6714
      vertex 25.796 -9.2075 41.4634
    endloop
  endfacet
  facet normal 0.627117 -0.602286 -0.49394
    outer loop
      vertex 24.5339 -10.9232 41.953
      vertex 22.9525 -11.658 40.8412
      vertex 23.8268 -10.6084 40.6714
    endloop
  endfacet
  facet normal 0.627118 -0.602276 -0.493949
    outer loop
      vertex 23.6481 -11.9866 42.125
      vertex 22.9525 -11.658 40.8412
      vertex 24.5339 -10.9232 41.953
    endloop
  endfacet
  facet normal 0.627115 -0.602281 -0.493948
    outer loop
      vertex 23.6481 -11.9866 42.125
      vertex 22.5267 -12.1691 40.9238
      vertex 22.9525 -11.658 40.8412
    endloop
  endfacet
  facet normal 0.627176 -0.602155 -0.494024
    outer loop
      vertex 22.5267 -12.1691 40.9238
      vertex 23.6481 -11.9866 42.125
      vertex 23.1854 -12.5422 42.2148
    endloop
  endfacet
  facet normal 0.627155 -0.60218 -0.49402
    outer loop
      vertex 23.1854 -12.5422 42.2148
      vertex 22.2221 -12.5349 40.983
      vertex 22.5267 -12.1691 40.9238
    endloop
  endfacet
  facet normal 0.62709 -0.602288 -0.493971
    outer loop
      vertex 22.2221 -12.5349 40.983
      vertex 23.1854 -12.5422 42.2148
      vertex 22.8816 -12.9069 42.2738
    endloop
  endfacet
  facet normal -0.234483 0.895652 0.377923
    outer loop
      vertex 23.153 -12.1084 40.5498
      vertex 22.8816 -12.9069 42.2738
      vertex 23.8586 -12.4593 41.8192
    endloop
  endfacet
  facet normal -0.23446 0.895643 0.377959
    outer loop
      vertex 25.1455 -11.1955 39.6227
      vertex 23.8586 -12.4593 41.8192
      vertex 25.8918 -11.5278 40.8731
    endloop
  endfacet
  facet normal -0.234482 0.895652 0.377923
    outer loop
      vertex 22.8816 -12.9069 42.2738
      vertex 23.153 -12.1084 40.5498
      vertex 22.2221 -12.5349 40.983
    endloop
  endfacet
  facet normal -0.234505 0.895642 0.377932
    outer loop
      vertex 23.8586 -12.4593 41.8192
      vertex 25.1455 -11.1955 39.6227
      vertex 23.153 -12.1084 40.5498
    endloop
  endfacet
  facet normal -0.234482 0.895649 0.37793
    outer loop
      vertex 29.6422 -8.91704 37.0128
      vertex 25.8918 -11.5278 40.8731
      vertex 30.5351 -9.17499 38.1781
    endloop
  endfacet
  facet normal -0.234453 0.895646 0.377956
    outer loop
      vertex 25.8918 -11.5278 40.8731
      vertex 29.6422 -8.91704 37.0128
      vertex 25.1455 -11.1955 39.6227
    endloop
  endfacet
  facet normal -0.234507 0.895634 0.377949
    outer loop
      vertex 30.0514 -8.70967 36.7753
      vertex 30.5351 -9.17499 38.1781
      vertex 30.9433 -8.96814 37.9412
    endloop
  endfacet
  facet normal -0.234515 0.895631 0.377951
    outer loop
      vertex 30.5351 -9.17499 38.1781
      vertex 30.0514 -8.70967 36.7753
      vertex 29.6422 -8.91704 37.0128
    endloop
  endfacet
  facet normal -0.214535 0.905974 0.364947
    outer loop
      vertex 31.2979 -8.11933 36.0425
      vertex 30.9433 -8.96814 37.9412
      vertex 32.2769 -8.33653 37.1572
    endloop
  endfacet
  facet normal -0.214546 0.905966 0.364959
    outer loop
      vertex 32.1366 -7.6299 35.3206
      vertex 32.2769 -8.33653 37.1572
      vertex 33.1208 -7.84406 36.4308
    endloop
  endfacet
  facet normal -0.214519 0.905976 0.364951
    outer loop
      vertex 30.9433 -8.96814 37.9412
      vertex 31.2979 -8.11933 36.0425
      vertex 30.0514 -8.70967 36.7753
    endloop
  endfacet
  facet normal -0.214555 0.905965 0.364957
    outer loop
      vertex 33.1403 -7.0442 34.4567
      vertex 33.1208 -7.84406 36.4308
      vertex 34.1308 -7.25472 35.5616
    endloop
  endfacet
  facet normal -0.21455 0.905965 0.364959
    outer loop
      vertex 32.2769 -8.33653 37.1572
      vertex 32.1366 -7.6299 35.3206
      vertex 31.2979 -8.11933 36.0425
    endloop
  endfacet
  facet normal -0.214544 0.905967 0.364958
    outer loop
      vertex 33.1208 -7.84406 36.4308
      vertex 33.1403 -7.0442 34.4567
      vertex 32.1366 -7.6299 35.3206
    endloop
  endfacet
  facet normal -0.214545 0.90597 0.364949
    outer loop
      vertex 35.7102 -6.2226 33.9279
      vertex 33.1403 -7.0442 34.4567
      vertex 34.1308 -7.25472 35.5616
    endloop
  endfacet
  facet normal -0.21455 0.905975 0.364934
    outer loop
      vertex 33.1403 -7.0442 34.4567
      vertex 35.7102 -6.2226 33.9279
      vertex 34.6657 -6.04745 32.879
    endloop
  endfacet
  facet normal -0.214568 0.905965 0.36495
    outer loop
      vertex 35.9755 -6.04923 33.6535
      vertex 34.6657 -6.04745 32.879
      vertex 35.7102 -6.2226 33.9279
    endloop
  endfacet
  facet normal -0.214574 0.905959 0.364961
    outer loop
      vertex 34.6657 -6.04745 32.879
      vertex 35.9755 -6.04923 33.6535
      vertex 34.9316 -5.87369 32.604
    endloop
  endfacet
  facet normal 0.434883 -0.711744 -0.551632
    outer loop
      vertex 32.6171 -8.70912 34.4379
      vertex 31.2813 -11.5839 37.094
      vertex 30.384 -11.2359 35.9376
    endloop
  endfacet
  facet normal 0.434867 -0.711746 -0.551642
    outer loop
      vertex 31.2813 -11.5839 37.094
      vertex 32.6171 -8.70912 34.4379
      vertex 33.6118 -8.94688 35.5288
    endloop
  endfacet
  facet normal 0.434861 -0.711752 -0.551638
    outer loop
      vertex 33.9386 -7.21387 33.5504
      vertex 33.6118 -8.94688 35.5288
      vertex 32.6171 -8.70912 34.4379
    endloop
  endfacet
  facet normal 0.434843 -0.711757 -0.551646
    outer loop
      vertex 33.6118 -8.94688 35.5288
      vertex 33.9386 -7.21387 33.5504
      vertex 34.9529 -7.42946 34.6281
    endloop
  endfacet
  facet normal 0.434845 -0.711755 -0.551647
    outer loop
      vertex 34.9316 -5.87369 32.604
      vertex 34.9529 -7.42946 34.6281
      vertex 33.9386 -7.21387 33.5504
    endloop
  endfacet
  facet normal 0.434906 -0.711731 -0.55163
    outer loop
      vertex 34.9529 -7.42946 34.6281
      vertex 34.9316 -5.87369 32.604
      vertex 35.9755 -6.04923 33.6535
    endloop
  endfacet
  facet normal 0.434944 -0.711705 -0.551634
    outer loop
      vertex 30.384 -11.2359 35.9376
      vertex 31.1871 -11.6904 37.1572
      vertex 30.9217 -11.9501 37.283
    endloop
  endfacet
  facet normal 0.434835 -0.711768 -0.551638
    outer loop
      vertex 30.2278 -11.4126 36.0425
      vertex 30.9217 -11.9501 37.283
      vertex 30.0305 -11.6056 36.136
    endloop
  endfacet
  facet normal 0.434776 -0.711814 -0.551625
    outer loop
      vertex 30.384 -11.2359 35.9376
      vertex 30.9217 -11.9501 37.283
      vertex 30.2278 -11.4126 36.0425
    endloop
  endfacet
  facet normal 0.434759 -0.711865 -0.551572
    outer loop
      vertex 31.1871 -11.6904 37.1572
      vertex 30.384 -11.2359 35.9376
      vertex 31.2813 -11.5839 37.094
    endloop
  endfacet
  facet normal 0.241294 -0.861763 -0.446253
    outer loop
      vertex 21.8641 -15.8852 39.9857
      vertex 21.6055 -16.763 41.541
      vertex 21.0019 -16.2713 40.2651
    endloop
  endfacet
  facet normal 0.241201 -0.861777 -0.446276
    outer loop
      vertex 21.6055 -16.763 41.541
      vertex 21.8641 -15.8852 39.9857
      vertex 22.513 -16.3567 41.2469
    endloop
  endfacet
  facet normal 0.241226 -0.861766 -0.446285
    outer loop
      vertex 24.2841 -14.6488 38.9063
      vertex 22.513 -16.3567 41.2469
      vertex 21.8641 -15.8852 39.9857
    endloop
  endfacet
  facet normal 0.241262 -0.861769 -0.446259
    outer loop
      vertex 22.513 -16.3567 41.2469
      vertex 24.2841 -14.6488 38.9063
      vertex 25.0229 -15.0743 40.1274
    endloop
  endfacet
  facet normal 0.241245 -0.861777 -0.446252
    outer loop
      vertex 28.2969 -12.5986 37.1164
      vertex 25.0229 -15.0743 40.1274
      vertex 24.2841 -14.6488 38.9063
    endloop
  endfacet
  facet normal 0.241233 -0.861775 -0.446263
    outer loop
      vertex 25.0229 -15.0743 40.1274
      vertex 28.2969 -12.5986 37.1164
      vertex 29.1367 -12.9725 38.2924
    endloop
  endfacet
  facet normal 0.241242 -0.86177 -0.446268
    outer loop
      vertex 30.0305 -11.6056 36.136
      vertex 29.1367 -12.9725 38.2924
      vertex 28.2969 -12.5986 37.1164
    endloop
  endfacet
  facet normal 0.241238 -0.86177 -0.446269
    outer loop
      vertex 29.1367 -12.9725 38.2924
      vertex 30.0305 -11.6056 36.136
      vertex 30.9217 -11.9501 37.283
    endloop
  endfacet
  facet normal 0.241253 -0.861785 -0.446233
    outer loop
      vertex 21.0019 -16.2713 40.2651
      vertex 21.0017 -17.0333 41.7366
      vertex 20.3964 -16.5424 40.4613
    endloop
  endfacet
  facet normal 0.241235 -0.861789 -0.446235
    outer loop
      vertex 21.0017 -17.0333 41.7366
      vertex 21.0019 -16.2713 40.2651
      vertex 21.6055 -16.763 41.541
    endloop
  endfacet
  facet normal 0.104459 -0.910486 -0.400129
    outer loop
      vertex 10.8596 -18.8093 43.129
      vertex 11.1802 -19.3647 44.4765
      vertex 10.7864 -19.4297 44.5216
    endloop
  endfacet
  facet normal 0.104577 -0.910464 -0.400148
    outer loop
      vertex 11.1802 -19.3647 44.4765
      vertex 10.8596 -18.8093 43.129
      vertex 11.9803 -19.2056 44.3236
    endloop
  endfacet
  facet normal 0.104515 -0.910501 -0.40008
    outer loop
      vertex 11.9803 -19.2056 44.3236
      vertex 15.8673 -17.8139 42.1718
      vertex 16.4863 -18.3099 43.4623
    endloop
  endfacet
  facet normal 0.104545 -0.91048 -0.400121
    outer loop
      vertex 10.8596 -18.8093 43.129
      vertex 10.7864 -19.4297 44.5216
      vertex 10.4953 -18.8695 43.1708
    endloop
  endfacet
  facet normal 0.104507 -0.910497 -0.400093
    outer loop
      vertex 11.9803 -19.2056 44.3236
      vertex 10.8596 -18.8093 43.129
      vertex 15.8673 -17.8139 42.1718
    endloop
  endfacet
  facet normal 0.104838 -0.910411 -0.400201
    outer loop
      vertex 16.0135 -17.7848 42.1439
      vertex 16.4863 -18.3099 43.4623
      vertex 15.8673 -17.8139 42.1718
    endloop
  endfacet
  facet normal 0.104171 -0.910566 -0.400023
    outer loop
      vertex 16.1111 -17.7623 42.1181
      vertex 16.4863 -18.3099 43.4623
      vertex 16.0135 -17.7848 42.1439
    endloop
  endfacet
  facet normal 0.10449 -0.910502 -0.400086
    outer loop
      vertex 16.5509 -17.6609 42.0022
      vertex 16.4863 -18.3099 43.4623
      vertex 16.1111 -17.7623 42.1181
    endloop
  endfacet
  facet normal 0.104445 -0.910505 -0.400089
    outer loop
      vertex 16.4863 -18.3099 43.4623
      vertex 16.5509 -17.6609 42.0022
      vertex 17.097 -18.1691 43.3013
    endloop
  endfacet
  facet normal 0.104509 -0.910489 -0.40011
    outer loop
      vertex 16.5509 -17.6609 42.0022
      vertex 20.7388 -17.1098 41.842
      vertex 17.097 -18.1691 43.3013
    endloop
  endfacet
  facet normal 0.104511 -0.910498 -0.400088
    outer loop
      vertex 20.3964 -16.5424 40.4613
      vertex 20.7388 -17.1098 41.842
      vertex 16.5509 -17.6609 42.0022
    endloop
  endfacet
  facet normal 0.104538 -0.910493 -0.400092
    outer loop
      vertex 20.7388 -17.1098 41.842
      vertex 20.3964 -16.5424 40.4613
      vertex 21.0017 -17.0333 41.7366
    endloop
  endfacet
  facet normal 0.104599 -0.910486 -0.400093
    outer loop
      vertex 10.4953 -18.8695 43.1708
      vertex 10.2105 -19.5248 44.5876
      vertex 9.91772 -18.9649 43.2369
    endloop
  endfacet
  facet normal 0.104497 -0.910488 -0.400114
    outer loop
      vertex 10.2105 -19.5248 44.5876
      vertex 10.4953 -18.8695 43.1708
      vertex 10.7864 -19.4297 44.5216
    endloop
  endfacet
  facet normal 0.658314 0.735103 0.162007
    outer loop
      vertex 11.804 -20.4452 42.288
      vertex 12.1525 -21.0488 43.6107
      vertex 12.4154 -21.2527 43.4676
    endloop
  endfacet
  facet normal 0.658307 0.735108 0.162013
    outer loop
      vertex 11.804 -20.4452 42.288
      vertex 12.4154 -21.2527 43.4676
      vertex 12.7212 -21.4899 43.3013
    endloop
  endfacet
  facet normal 0.658348 0.735073 0.162002
    outer loop
      vertex 12.1525 -21.0488 43.6107
      vertex 9.91772 -18.9649 43.2369
      vertex 10.2105 -19.5248 44.5876
    endloop
  endfacet
  facet normal 0.658311 0.735113 0.161975
    outer loop
      vertex 12.3293 -20.8527 42.0022
      vertex 12.7212 -21.4899 43.3013
      vertex 13.3273 -21.9194 42.7872
    endloop
  endfacet
  facet normal 0.658352 0.735074 0.161983
    outer loop
      vertex 12.1525 -21.0488 43.6107
      vertex 11.804 -20.4452 42.288
      vertex 9.91772 -18.9649 43.2369
    endloop
  endfacet
  facet normal 0.65835 0.735083 0.161949
    outer loop
      vertex 12.7212 -21.4899 43.3013
      vertex 12.3293 -20.8527 42.0022
      vertex 11.804 -20.4452 42.288
    endloop
  endfacet
  facet normal 0.658312 0.735112 0.161972
    outer loop
      vertex 13.3273 -21.9194 42.7872
      vertex 12.8891 -21.2494 41.5274
      vertex 12.3293 -20.8527 42.0022
    endloop
  endfacet
  facet normal 0.658338 0.735093 0.161953
    outer loop
      vertex 19.9644 -26.6231 37.1572
      vertex 12.8891 -21.2494 41.5274
      vertex 13.3273 -21.9194 42.7872
    endloop
  endfacet
  facet normal 0.658353 0.735068 0.162008
    outer loop
      vertex 19.9644 -26.6231 37.1572
      vertex 19.3552 -25.8318 36.0425
      vertex 12.8891 -21.2494 41.5274
    endloop
  endfacet
  facet normal 0.658353 0.735068 0.162008
    outer loop
      vertex 21.512 -27.5923 35.2657
      vertex 19.3552 -25.8318 36.0425
      vertex 19.9644 -26.6231 37.1572
    endloop
  endfacet
  facet normal 0.658352 0.73507 0.162002
    outer loop
      vertex 19.3552 -25.8318 36.0425
      vertex 21.512 -27.5923 35.2657
      vertex 20.8718 -26.7816 34.1889
    endloop
  endfacet
  facet normal 0.658331 0.735083 0.162025
    outer loop
      vertex 22.0211 -27.9111 34.6435
      vertex 20.8718 -26.7816 34.1889
      vertex 21.512 -27.5923 35.2657
    endloop
  endfacet
  facet normal 0.658325 0.735085 0.162045
    outer loop
      vertex 22.0211 -27.9111 34.6435
      vertex 21.1163 -26.9347 33.8901
      vertex 20.8718 -26.7816 34.1889
    endloop
  endfacet
  facet normal 0.658438 0.735029 0.161837
    outer loop
      vertex 21.1163 -26.9347 33.8901
      vertex 22.0211 -27.9111 34.6435
      vertex 21.382 -27.1012 33.5653
    endloop
  endfacet
  facet normal 0.0278795 0.807079 0.589785
    outer loop
      vertex 23.8147 -26.4489 32.5578
      vertex 22.0211 -27.9111 34.6435
      vertex 24.5264 -27.2394 33.6059
    endloop
  endfacet
  facet normal 0.0278347 0.807098 0.589761
    outer loop
      vertex 22.0211 -27.9111 34.6435
      vertex 23.8147 -26.4489 32.5578
      vertex 21.382 -27.1012 33.5653
    endloop
  endfacet
  facet normal 0.0278187 0.807098 0.589762
    outer loop
      vertex 26.2549 -25.5462 31.2072
      vertex 24.5264 -27.2394 33.6059
      vertex 27.0669 -26.2995 32.1998
    endloop
  endfacet
  facet normal 0.0278742 0.807077 0.589788
    outer loop
      vertex 24.5264 -27.2394 33.6059
      vertex 26.2549 -25.5462 31.2072
      vertex 23.8147 -26.4489 32.5578
    endloop
  endfacet
  facet normal 0.0278412 0.807086 0.589778
    outer loop
      vertex 28.4687 -24.7272 29.982
      vertex 27.0669 -26.2995 32.1998
      vertex 29.3349 -25.4605 30.9446
    endloop
  endfacet
  facet normal 0.0278119 0.807095 0.589766
    outer loop
      vertex 27.0669 -26.2995 32.1998
      vertex 28.4687 -24.7272 29.982
      vertex 26.2549 -25.5462 31.2072
    endloop
  endfacet
  facet normal 0.027809 0.807114 0.589741
    outer loop
      vertex 28.9509 -24.5489 29.7151
      vertex 29.3349 -25.4605 30.9446
      vertex 29.8161 -25.2825 30.6783
    endloop
  endfacet
  facet normal 0.027958 0.807132 0.589708
    outer loop
      vertex 29.3349 -25.4605 30.9446
      vertex 28.9509 -24.5489 29.7151
      vertex 28.4687 -24.7272 29.982
    endloop
  endfacet
  facet normal -0.428896 0.490285 0.758728
    outer loop
      vertex 30.9068 -22.5905 29.5553
      vertex 29.8161 -25.2825 30.6783
      vertex 31.8354 -23.2607 30.5133
    endloop
  endfacet
  facet normal -0.428929 0.49029 0.758707
    outer loop
      vertex 29.8161 -25.2825 30.6783
      vertex 30.9068 -22.5905 29.5553
      vertex 28.9509 -24.5489 29.7151
    endloop
  endfacet
  facet normal -0.428693 0.490502 0.758703
    outer loop
      vertex 31.0512 -22.428 29.5319
      vertex 31.9112 -23.1848 30.5071
      vertex 31.9792 -23.0983 30.4896
    endloop
  endfacet
  facet normal -0.428889 0.490302 0.758721
    outer loop
      vertex 31.9112 -23.1848 30.5071
      vertex 31.0512 -22.428 29.5319
      vertex 31.8354 -23.2607 30.5133
    endloop
  endfacet
  facet normal -0.428453 0.4907 0.758711
    outer loop
      vertex 30.9851 -22.512 29.5489
      vertex 31.8354 -23.2607 30.5133
      vertex 31.0512 -22.428 29.5319
    endloop
  endfacet
  facet normal -0.429186 0.489954 0.758778
    outer loop
      vertex 31.8354 -23.2607 30.5133
      vertex 30.9851 -22.512 29.5489
      vertex 30.9068 -22.5905 29.5553
    endloop
  endfacet
  facet normal -0.622412 0.214012 0.752863
    outer loop
      vertex 34.3931 -15.3128 30.2727
      vertex 35.421 -15.7705 31.2526
      vertex 35.666 -15.0351 31.2461
    endloop
  endfacet
  facet normal -0.622412 0.213891 0.752897
    outer loop
      vertex 34.3931 -15.3128 30.2727
      vertex 35.666 -15.0351 31.2461
      vertex 34.6243 -14.6189 30.2667
    endloop
  endfacet
  facet normal -0.622433 0.213959 0.75286
    outer loop
      vertex 33.7733 -16.6324 30.1353
      vertex 35.421 -15.7705 31.2526
      vertex 34.3931 -15.3128 30.2727
    endloop
  endfacet
  facet normal -0.622421 0.213902 0.752887
    outer loop
      vertex 35.421 -15.7705 31.2526
      vertex 33.7733 -16.6324 30.1353
      vertex 34.7668 -17.1634 31.1075
    endloop
  endfacet
  facet normal -0.622401 0.213946 0.752891
    outer loop
      vertex 31.0512 -22.428 29.5319
      vertex 34.7668 -17.1634 31.1075
      vertex 33.7733 -16.6324 30.1353
    endloop
  endfacet
  facet normal -0.622419 0.213964 0.752871
    outer loop
      vertex 34.7668 -17.1634 31.1075
      vertex 31.0512 -22.428 29.5319
      vertex 31.9792 -23.0983 30.4896
    endloop
  endfacet
  facet normal -0.622399 0.21399 0.752879
    outer loop
      vertex 34.6243 -14.6189 30.2667
      vertex 35.8816 -14.3881 31.2405
      vertex 34.8403 -13.9706 30.261
    endloop
  endfacet
  facet normal -0.622401 0.213919 0.752898
    outer loop
      vertex 35.8816 -14.3881 31.2405
      vertex 34.6243 -14.6189 30.2667
      vertex 35.666 -15.0351 31.2461
    endloop
  endfacet
  facet normal -0.477505 0.501526 0.72143
    outer loop
      vertex 38.2343 -8.34605 28.5973
      vertex 35.9695 -14.2424 31.1973
      vertex 39.3854 -8.58153 29.5229
    endloop
  endfacet
  facet normal -0.477508 0.501526 0.721428
    outer loop
      vertex 34.909 -13.8568 30.2273
      vertex 35.9695 -14.2424 31.1973
      vertex 38.2343 -8.34605 28.5973
    endloop
  endfacet
  facet normal -0.477313 0.501838 0.72134
    outer loop
      vertex 35.9695 -14.2424 31.1973
      vertex 34.909 -13.8568 30.2273
      vertex 35.8816 -14.3881 31.2405
    endloop
  endfacet
  facet normal -0.477351 0.501788 0.721349
    outer loop
      vertex 35.8816 -14.3881 31.2405
      vertex 34.909 -13.8568 30.2273
      vertex 34.8403 -13.9706 30.261
    endloop
  endfacet
  facet normal -0.47711 0.502374 0.721101
    outer loop
      vertex 38.452 -7.89824 28.43
      vertex 39.5895 -8.19491 29.3893
      vertex 39.611 -8.13631 29.3627
    endloop
  endfacet
  facet normal -0.477668 0.501349 0.721445
    outer loop
      vertex 39.5895 -8.19491 29.3893
      vertex 38.452 -7.89824 28.43
      vertex 39.4977 -8.39548 29.4679
    endloop
  endfacet
  facet normal -0.477364 0.50178 0.721346
    outer loop
      vertex 38.3892 -8.06954 28.5076
      vertex 39.4977 -8.39548 29.4679
      vertex 38.452 -7.89824 28.43
    endloop
  endfacet
  facet normal -0.477522 0.501503 0.721434
    outer loop
      vertex 39.4977 -8.39548 29.4679
      vertex 38.3892 -8.06954 28.5076
      vertex 39.3854 -8.58153 29.5229
    endloop
  endfacet
  facet normal -0.477653 0.501324 0.721472
    outer loop
      vertex 38.3608 -8.13157 28.5319
      vertex 39.3854 -8.58153 29.5229
      vertex 38.3892 -8.06954 28.5076
    endloop
  endfacet
  facet normal -0.476654 0.502797 0.721108
    outer loop
      vertex 38.3515 -8.15186 28.5399
      vertex 39.3854 -8.58153 29.5229
      vertex 38.3608 -8.13157 28.5319
    endloop
  endfacet
  facet normal -0.477537 0.501461 0.721453
    outer loop
      vertex 39.3854 -8.58153 29.5229
      vertex 38.3515 -8.15186 28.5399
      vertex 38.2343 -8.34605 28.5973
    endloop
  endfacet
  facet normal -0.416752 0.610305 0.673681
    outer loop
      vertex 41.6474 -0.994272 24.1523
      vertex 39.611 -8.13631 29.3627
      vertex 42.9112 -1.00585 24.9446
    endloop
  endfacet
  facet normal -0.416771 0.610303 0.673671
    outer loop
      vertex 39.611 -8.13631 29.3627
      vertex 41.6474 -0.994272 24.1523
      vertex 38.452 -7.89824 28.43
    endloop
  endfacet
  facet normal -0.416795 0.610271 0.673685
    outer loop
      vertex 41.915 -0.416062 23.794
      vertex 42.9112 -1.00585 24.9446
      vertex 43.1784 -0.428603 24.587
    endloop
  endfacet
  facet normal -0.416744 0.610325 0.673668
    outer loop
      vertex 42.9112 -1.00585 24.9446
      vertex 41.915 -0.416062 23.794
      vertex 41.6474 -0.994272 24.1523
    endloop
  endfacet
  facet normal 0.509822 -0.270863 -0.816526
    outer loop
      vertex 42.2405 -4.73036 25.4284
      vertex 41.915 -0.416062 23.794
      vertex 43.1784 -0.428603 24.587
    endloop
  endfacet
  facet normal 0.509759 -0.270882 -0.816559
    outer loop
      vertex 41.019 -4.52554 24.5979
      vertex 42.2405 -4.73036 25.4284
      vertex 41.6152 -7.59788 25.9893
    endloop
  endfacet
  facet normal 0.509759 -0.27088 -0.816559
    outer loop
      vertex 42.2405 -4.73036 25.4284
      vertex 41.019 -4.52554 24.5979
      vertex 41.915 -0.416062 23.794
    endloop
  endfacet
  facet normal 0.509806 -0.270862 -0.816536
    outer loop
      vertex 41.019 -4.52554 24.5979
      vertex 41.6152 -7.59788 25.9893
      vertex 40.4022 -7.35412 25.1511
    endloop
  endfacet
  facet normal 0.509791 -0.270914 -0.816529
    outer loop
      vertex 41.4646 -8.28876 26.1245
      vertex 40.4022 -7.35412 25.1511
      vertex 41.6152 -7.59788 25.9893
    endloop
  endfacet
  facet normal 0.509807 -0.270893 -0.816526
    outer loop
      vertex 40.4022 -7.35412 25.1511
      vertex 41.4646 -8.28876 26.1245
      vertex 40.2513 -8.04623 25.2865
    endloop
  endfacet
  facet normal 0.338154 -0.652272 -0.678375
    outer loop
      vertex 41.222 -8.762 26.4586
      vertex 40.2513 -8.04623 25.2865
      vertex 41.4646 -8.28876 26.1245
    endloop
  endfacet
  facet normal 0.338175 -0.652255 -0.678381
    outer loop
      vertex 41.222 -8.762 26.4586
      vertex 40.0158 -8.50562 25.6108
      vertex 40.2513 -8.04623 25.2865
    endloop
  endfacet
  facet normal 0.338141 -0.652306 -0.678349
    outer loop
      vertex 41.222 -8.762 26.4586
      vertex 38.8192 -10.2248 26.6675
      vertex 40.0158 -8.50562 25.6108
    endloop
  endfacet
  facet normal 0.338125 -0.652284 -0.678378
    outer loop
      vertex 38.6112 -12.5132 28.7642
      vertex 38.8192 -10.2248 26.6675
      vertex 41.222 -8.762 26.4586
    endloop
  endfacet
  facet normal 0.338125 -0.652284 -0.678379
    outer loop
      vertex 38.8192 -10.2248 26.6675
      vertex 38.6112 -12.5132 28.7642
      vertex 37.4896 -12.1352 27.8417
    endloop
  endfacet
  facet normal 0.33816 -0.65224 -0.678403
    outer loop
      vertex 38.3476 -12.8919 28.9969
      vertex 37.4896 -12.1352 27.8417
      vertex 38.6112 -12.5132 28.7642
    endloop
  endfacet
  facet normal 0.338182 -0.652223 -0.678408
    outer loop
      vertex 37.4896 -12.1352 27.8417
      vertex 38.3476 -12.8919 28.9969
      vertex 37.2255 -12.5147 28.0749
    endloop
  endfacet
  facet normal 0.576515 -0.213089 -0.788812
    outer loop
      vertex 37.2244 -16.2091 29.0721
      vertex 37.2255 -12.5147 28.0749
      vertex 38.3476 -12.8919 28.9969
    endloop
  endfacet
  facet normal 0.576559 -0.212978 -0.788809
    outer loop
      vertex 36.0311 -16.0421 28.1548
      vertex 37.2244 -16.2091 29.0721
      vertex 37.1172 -16.5256 29.0792
    endloop
  endfacet
  facet normal 0.576528 -0.213051 -0.788812
    outer loop
      vertex 36.0311 -16.0421 28.1548
      vertex 37.1172 -16.5256 29.0792
      vertex 36.9537 -16.8466 29.0464
    endloop
  endfacet
  facet normal 0.576535 -0.213086 -0.788798
    outer loop
      vertex 37.2244 -16.2091 29.0721
      vertex 36.0311 -16.0421 28.1548
      vertex 37.2255 -12.5147 28.0749
    endloop
  endfacet
  facet normal 0.576533 -0.213098 -0.788796
    outer loop
      vertex 32.8835 -22.2195 27.523
      vertex 36.9537 -16.8466 29.0464
      vertex 33.8618 -22.9145 28.4258
    endloop
  endfacet
  facet normal 0.576512 -0.213076 -0.788817
    outer loop
      vertex 36.9537 -16.8466 29.0464
      vertex 32.8835 -22.2195 27.523
      vertex 36.0311 -16.0421 28.1548
    endloop
  endfacet
  facet normal 0.576516 -0.213037 -0.788825
    outer loop
      vertex 32.4808 -23.0097 27.4422
      vertex 33.8618 -22.9145 28.4258
      vertex 33.4599 -23.7033 28.3451
    endloop
  endfacet
  facet normal 0.576475 -0.213198 -0.788811
    outer loop
      vertex 33.8618 -22.9145 28.4258
      vertex 32.7496 -22.4824 27.4962
      vertex 32.8835 -22.2195 27.523
    endloop
  endfacet
  facet normal 0.576511 -0.213105 -0.78881
    outer loop
      vertex 33.8618 -22.9145 28.4258
      vertex 32.4808 -23.0097 27.4422
      vertex 32.7496 -22.4824 27.4962
    endloop
  endfacet
  facet normal 0.0278274 0.807057 0.589817
    outer loop
      vertex 35.5642 -20.9977 24.5437
      vertex 33.4599 -23.7033 28.3451
      vertex 36.6448 -21.6251 25.3512
    endloop
  endfacet
  facet normal 0.0278161 0.80706 0.589813
    outer loop
      vertex 33.4599 -23.7033 28.3451
      vertex 35.5642 -20.9977 24.5437
      vertex 32.4808 -23.0097 27.4422
    endloop
  endfacet
  facet normal 0.027826 0.807045 0.589834
    outer loop
      vertex 35.8315 -20.8233 24.2925
      vertex 36.6448 -21.6251 25.3512
      vertex 36.9116 -21.451 25.1004
    endloop
  endfacet
  facet normal 0.0277818 0.80703 0.589857
    outer loop
      vertex 36.6448 -21.6251 25.3512
      vertex 35.8315 -20.8233 24.2925
      vertex 35.5642 -20.9977 24.5437
    endloop
  endfacet
  facet normal -0.3305 0.478467 0.813535
    outer loop
      vertex 39.8237 -14.9506 22.4604
      vertex 42.9841 -11.812 21.8984
      vertex 41.7107 -11.4951 21.1947
    endloop
  endfacet
  facet normal -0.330509 0.478476 0.813526
    outer loop
      vertex 39.8237 -14.9506 22.4604
      vertex 39.7661 -17.705 24.057
      vertex 42.9841 -11.812 21.8984
    endloop
  endfacet
  facet normal -0.330512 0.478475 0.813525
    outer loop
      vertex 38.6025 -17.187 23.2796
      vertex 39.7661 -17.705 24.057
      vertex 39.8237 -14.9506 22.4604
    endloop
  endfacet
  facet normal -0.33052 0.478463 0.813529
    outer loop
      vertex 38.6025 -17.187 23.2796
      vertex 36.9537 -21.3957 25.085
      vertex 39.7661 -17.705 24.057
    endloop
  endfacet
  facet normal -0.330522 0.478463 0.813528
    outer loop
      vertex 35.9952 -20.6085 24.2326
      vertex 36.9537 -21.3957 25.085
      vertex 38.6025 -17.187 23.2796
    endloop
  endfacet
  facet normal -0.330677 0.478306 0.813558
    outer loop
      vertex 36.9537 -21.3957 25.085
      vertex 35.9952 -20.6085 24.2326
      vertex 36.9116 -21.451 25.1004
    endloop
  endfacet
  facet normal -0.330346 0.478617 0.813509
    outer loop
      vertex 36.9116 -21.451 25.1004
      vertex 35.9952 -20.6085 24.2326
      vertex 35.8315 -20.8233 24.2925
    endloop
  endfacet
  facet normal -0.330483 0.478459 0.813546
    outer loop
      vertex 42.2223 -10.5581 20.8515
      vertex 42.9841 -11.812 21.8984
      vertex 43.495 -10.8764 21.5557
    endloop
  endfacet
  facet normal -0.330512 0.478441 0.813546
    outer loop
      vertex 42.9841 -11.812 21.8984
      vertex 42.2223 -10.5581 20.8515
      vertex 41.7107 -11.4951 21.1947
    endloop
  endfacet
  facet normal -0.155115 0.764486 0.6257
    outer loop
      vertex 42.6505 -10.0949 20.3915
      vertex 43.495 -10.8764 21.5557
      vertex 43.9376 -10.3975 21.0803
    endloop
  endfacet
  facet normal -0.154957 0.764567 0.62564
    outer loop
      vertex 43.495 -10.8764 21.5557
      vertex 42.6505 -10.0949 20.3915
      vertex 42.2223 -10.5581 20.8515
    endloop
  endfacet
  facet normal -0.154748 0.764887 0.625301
    outer loop
      vertex 42.6997 -10.0416 20.3386
      vertex 43.9376 -10.3975 21.0803
      vertex 43.9868 -10.3443 21.0274
    endloop
  endfacet
  facet normal -0.155201 0.764377 0.625812
    outer loop
      vertex 43.9376 -10.3975 21.0803
      vertex 42.6997 -10.0416 20.3386
      vertex 42.6505 -10.0949 20.3915
    endloop
  endfacet
  facet normal -0.380804 0.338577 0.860438
    outer loop
      vertex 43.2492 -8.56316 20
      vertex 44.8801 -7.58478 20.3368
      vertex 45.1062 -6.47456 20
    endloop
  endfacet
  facet normal -0.380823 0.338618 0.860414
    outer loop
      vertex 44.8801 -7.58478 20.3368
      vertex 43.2492 -8.56316 20
      vertex 44.3902 -9.43544 20.8483
    endloop
  endfacet
  facet normal -0.380813 0.338631 0.860413
    outer loop
      vertex 43.0914 -9.15935 20.1648
      vertex 44.3902 -9.43544 20.8483
      vertex 43.2492 -8.56316 20
    endloop
  endfacet
  facet normal -0.3808 0.33867 0.860404
    outer loop
      vertex 44.3902 -9.43544 20.8483
      vertex 43.0914 -9.15935 20.1648
      vertex 44.1525 -9.97099 20.9539
    endloop
  endfacet
  facet normal -0.380862 0.338591 0.860407
    outer loop
      vertex 42.6997 -10.0416 20.3386
      vertex 44.1525 -9.97099 20.9539
      vertex 43.0914 -9.15935 20.1648
    endloop
  endfacet
  facet normal -0.380874 0.338469 0.86045
    outer loop
      vertex 44.1525 -9.97099 20.9539
      vertex 42.6997 -10.0416 20.3386
      vertex 43.9868 -10.3443 21.0274
    endloop
  endfacet
  facet normal 0.221341 -0.663027 -0.715125
    outer loop
      vertex 44.8079 -9.3124 20
      vertex 44.7819 -9.38299 20.0574
      vertex 44.6681 -9.35907 20
    endloop
  endfacet
  facet normal 0.220793 -0.66396 -0.714428
    outer loop
      vertex 44.7719 -9.40988 20.0793
      vertex 44.6681 -9.35907 20
      vertex 44.7819 -9.38299 20.0574
    endloop
  endfacet
  facet normal 0.221401 -0.663333 -0.714822
    outer loop
      vertex 44.6681 -9.35907 20
      vertex 44.7719 -9.40988 20.0793
      vertex 44.6148 -9.37686 20
    endloop
  endfacet
  facet normal -0.154989 0.764704 0.625464
    outer loop
      vertex 44.7719 -9.40988 20.0793
      vertex 44.8052 -9.33827 20
      vertex 44.6148 -9.37686 20
    endloop
  endfacet
  facet normal 0.235941 -0.595143 -0.768203
    outer loop
      vertex 44.1189 -11.5731 20
      vertex 44.0092 -11.7791 20.1259
      vertex 43.7645 -11.7136 20
    endloop
  endfacet
  facet normal 0.315326 -0.439073 -0.841299
    outer loop
      vertex 43.7445 -12.3733 20.3368
      vertex 43.7645 -11.7136 20
      vertex 44.0092 -11.7791 20.1259
    endloop
  endfacet
  facet normal 0.315216 -0.439087 -0.841333
    outer loop
      vertex 43.7445 -12.3733 20.3368
      vertex 41.934 -13.0277 20
      vertex 43.7645 -11.7136 20
    endloop
  endfacet
  facet normal 0.315228 -0.439134 -0.841304
    outer loop
      vertex 40.7361 -18.1369 22.218
      vertex 41.934 -13.0277 20
      vertex 43.7445 -12.3733 20.3368
    endloop
  endfacet
  facet normal 0.314831 -0.439738 -0.841138
    outer loop
      vertex 39.5441 -17.6062 21.4944
      vertex 40.7361 -18.1369 22.218
      vertex 40.6658 -18.2318 22.2413
    endloop
  endfacet
  facet normal 0.315194 -0.439132 -0.841318
    outer loop
      vertex 40.7361 -18.1369 22.218
      vertex 40.1439 -16.457 21.1193
      vertex 41.934 -13.0277 20
    endloop
  endfacet
  facet normal 0.315212 -0.439124 -0.841315
    outer loop
      vertex 40.7361 -18.1369 22.218
      vertex 39.5441 -17.6062 21.4944
      vertex 40.1439 -16.457 21.1193
    endloop
  endfacet
  facet normal 0.315393 -0.438962 -0.841332
    outer loop
      vertex 39.5441 -17.6062 21.4944
      vertex 40.6658 -18.2318 22.2413
      vertex 39.492 -17.6766 21.5116
    endloop
  endfacet
  facet normal 0.315274 -0.439146 -0.841281
    outer loop
      vertex 40.1435 -18.938 22.4142
      vertex 39.492 -17.6766 21.5116
      vertex 40.6658 -18.2318 22.2413
    endloop
  endfacet
  facet normal 0.315216 -0.439179 -0.841285
    outer loop
      vertex 39.492 -17.6766 21.5116
      vertex 40.1435 -18.938 22.4142
      vertex 38.9688 -18.3839 21.6848
    endloop
  endfacet
  facet normal 0.325424 -0.423193 -0.845581
    outer loop
      vertex 40.1435 -18.938 22.4142
      vertex 38.3367 -19.2566 21.8783
      vertex 38.9688 -18.3839 21.6848
    endloop
  endfacet
  facet normal 0.325423 -0.423159 -0.845598
    outer loop
      vertex 36.9537 -23.3418 23.3904
      vertex 38.3367 -19.2566 21.8783
      vertex 40.1435 -18.938 22.4142
    endloop
  endfacet
  facet normal 0.325437 -0.42317 -0.845588
    outer loop
      vertex 35.5665 -23.0812 22.7261
      vertex 36.9537 -23.3418 23.3904
      vertex 36.6267 -23.7933 23.4905
    endloop
  endfacet
  facet normal 0.32544 -0.423162 -0.84559
    outer loop
      vertex 36.9537 -23.3418 23.3904
      vertex 35.5665 -23.0812 22.7261
      vertex 38.3367 -19.2566 21.8783
    endloop
  endfacet
  facet normal 0.325491 -0.423102 -0.8456
    outer loop
      vertex 36.2529 -24.3093 23.6048
      vertex 35.5665 -23.0812 22.7261
      vertex 36.6267 -23.7933 23.4905
    endloop
  endfacet
  facet normal 0.325453 -0.423126 -0.845603
    outer loop
      vertex 35.5665 -23.0812 22.7261
      vertex 36.2529 -24.3093 23.6048
      vertex 35.1921 -23.598 22.8406
    endloop
  endfacet
  facet normal -6.29889e-06 -0.731984 -0.681322
    outer loop
      vertex 31.0684 -26.2401 25.6793
      vertex 28.594 -29.0021 28.6467
      vertex 27.7573 -28.1534 27.7349
    endloop
  endfacet
  facet normal -1.1051e-05 -0.731982 -0.681324
    outer loop
      vertex 31.0684 -26.2401 25.6793
      vertex 34.9013 -25.3573 24.7308
      vertex 28.594 -29.0021 28.6467
    endloop
  endfacet
  facet normal -3.42698e-06 -0.731997 -0.681308
    outer loop
      vertex 33.8801 -24.6153 23.9336
      vertex 34.9013 -25.3573 24.7308
      vertex 31.0684 -26.2401 25.6793
    endloop
  endfacet
  facet normal -4.88879e-06 -0.731998 -0.681307
    outer loop
      vertex 35.1921 -23.598 22.8406
      vertex 34.9013 -25.3573 24.7308
      vertex 33.8801 -24.6153 23.9336
    endloop
  endfacet
  facet normal -1.38686e-05 -0.731997 -0.681307
    outer loop
      vertex 34.9013 -25.3573 24.7308
      vertex 35.1921 -23.598 22.8406
      vertex 36.2529 -24.3093 23.6048
    endloop
  endfacet
  facet normal -0.0682443 -0.760754 -0.645443
    outer loop
      vertex 10.7892 -32.2164 34.3179
      vertex 13.4057 -32.8156 34.7475
      vertex 11.0647 -33.1866 35.4323
    endloop
  endfacet
  facet normal -0.0682535 -0.760775 -0.645417
    outer loop
      vertex 13.0744 -31.8542 33.6493
      vertex 13.4057 -32.8156 34.7475
      vertex 10.7892 -32.2164 34.3179
    endloop
  endfacet
  facet normal -0.0682307 -0.760773 -0.645422
    outer loop
      vertex 17.9453 -31.0822 32.2244
      vertex 13.4057 -32.8156 34.7475
      vertex 13.0744 -31.8542 33.6493
    endloop
  endfacet
  facet normal -0.0682646 -0.760738 -0.645459
    outer loop
      vertex 13.4057 -32.8156 34.7475
      vertex 17.9453 -31.0822 32.2244
      vertex 18.4816 -32.0112 33.2626
    endloop
  endfacet
  facet normal -0.0682584 -0.760737 -0.645461
    outer loop
      vertex 20.3711 -30.4407 31.2118
      vertex 18.4816 -32.0112 33.2626
      vertex 17.9453 -31.0822 32.2244
    endloop
  endfacet
  facet normal -0.068264 -0.760734 -0.645464
    outer loop
      vertex 20.3711 -30.4407 31.2118
      vertex 26.2004 -29.9698 30.0403
      vertex 18.4816 -32.0112 33.2626
    endloop
  endfacet
  facet normal -0.0682661 -0.760727 -0.645472
    outer loop
      vertex 26.0553 -28.9374 28.8389
      vertex 26.2004 -29.9698 30.0403
      vertex 20.3711 -30.4407 31.2118
    endloop
  endfacet
  facet normal -0.0682299 -0.760727 -0.645476
    outer loop
      vertex 26.2004 -29.9698 30.0403
      vertex 26.0553 -28.9374 28.8389
      vertex 26.834 -29.8022 29.7758
    endloop
  endfacet
  facet normal -0.0682116 -0.760721 -0.645485
    outer loop
      vertex 26.2549 -28.8623 28.7293
      vertex 26.834 -29.8022 29.7758
      vertex 26.0553 -28.9374 28.8389
    endloop
  endfacet
  facet normal -0.068102 -0.760697 -0.645525
    outer loop
      vertex 26.834 -29.8022 29.7758
      vertex 26.2549 -28.8623 28.7293
      vertex 27.0669 -29.7146 29.648
    endloop
  endfacet
  facet normal -0.0681994 -0.760733 -0.645472
    outer loop
      vertex 26.6588 -28.7104 28.5076
      vertex 27.0669 -29.7146 29.648
      vertex 26.2549 -28.8623 28.7293
    endloop
  endfacet
  facet normal -0.0682698 -0.760742 -0.645454
    outer loop
      vertex 27.0669 -29.7146 29.648
      vertex 26.6588 -28.7104 28.5076
      vertex 27.5382 -29.5374 29.3893
    endloop
  endfacet
  facet normal -0.0682781 -0.760745 -0.645449
    outer loop
      vertex 27.7573 -28.1534 27.7349
      vertex 27.5382 -29.5374 29.3893
      vertex 26.6588 -28.7104 28.5076
    endloop
  endfacet
  facet normal -0.0682736 -0.760746 -0.645449
    outer loop
      vertex 27.5382 -29.5374 29.3893
      vertex 27.7573 -28.1534 27.7349
      vertex 28.594 -29.0021 28.6467
    endloop
  endfacet
  facet normal -0.0682194 -0.760737 -0.645465
    outer loop
      vertex 10.4835 -32.2648 34.4073
      vertex 10.7968 -33.2291 35.5107
      vertex 9.57917 -33.2969 35.7193
    endloop
  endfacet
  facet normal -0.0682732 -0.760716 -0.645485
    outer loop
      vertex 10.4835 -32.2648 34.4073
      vertex 9.57917 -33.2969 35.7193
      vertex 9.30119 -32.3306 34.6099
    endloop
  endfacet
  facet normal -0.0682094 -0.760736 -0.645467
    outer loop
      vertex 10.7968 -33.2291 35.5107
      vertex 10.4835 -32.2648 34.4073
      vertex 11.0647 -33.1866 35.4323
    endloop
  endfacet
  facet normal -0.0683053 -0.760758 -0.645432
    outer loop
      vertex 11.0647 -33.1866 35.4323
      vertex 10.4835 -32.2648 34.4073
      vertex 10.7892 -32.2164 34.3179
    endloop
  endfacet
  facet normal 0.907268 -0.176992 -0.381494
    outer loop
      vertex 9.57917 -33.2969 35.7193
      vertex 5.94609 -37.9582 29.2417
      vertex 9.30119 -32.3306 34.6099
    endloop
  endfacet
  facet normal 0.907268 -0.176987 -0.381497
    outer loop
      vertex 5.94609 -37.9582 29.2417
      vertex 9.57917 -33.2969 35.7193
      vertex 6.11652 -39.1049 30.179
    endloop
  endfacet
  facet normal 0.907288 -0.176957 -0.381464
    outer loop
      vertex 6.11652 -39.1049 30.179
      vertex 5.71774 -38.3413 28.8763
      vertex 5.94609 -37.9582 29.2417
    endloop
  endfacet
  facet normal 0.907254 -0.177045 -0.381505
    outer loop
      vertex 5.71774 -38.3413 28.8763
      vertex 6.11652 -39.1049 30.179
      vertex 5.88862 -39.4871 29.8144
    endloop
  endfacet
  facet normal 0.15391 0.639565 0.753173
    outer loop
      vertex 21.0569 -36.1922 23.9191
      vertex 21.5542 -37.333 24.7862
      vertex 21.7273 -37.2702 24.6975
    endloop
  endfacet
  facet normal 0.153639 0.639518 0.753267
    outer loop
      vertex 20.9235 -36.2406 23.9874
      vertex 21.5542 -37.333 24.7862
      vertex 21.0569 -36.1922 23.9191
    endloop
  endfacet
  facet normal 0.153808 0.639563 0.753195
    outer loop
      vertex 20.9235 -36.2406 23.9874
      vertex 18.0232 -38.0625 26.1267
      vertex 21.5542 -37.333 24.7862
    endloop
  endfacet
  facet normal 0.153812 0.639559 0.753197
    outer loop
      vertex 17.4561 -36.957 25.3038
      vertex 18.0232 -38.0625 26.1267
      vertex 20.9235 -36.2406 23.9874
    endloop
  endfacet
  facet normal 0.153809 0.639559 0.753198
    outer loop
      vertex 17.4561 -36.957 25.3038
      vertex 12.7231 -39.1576 28.1389
      vertex 18.0232 -38.0625 26.1267
    endloop
  endfacet
  facet normal 0.153809 0.639559 0.753198
    outer loop
      vertex 12.3508 -38.0118 27.242
      vertex 12.7231 -39.1576 28.1389
      vertex 17.4561 -36.957 25.3038
    endloop
  endfacet
  facet normal 0.153823 0.63956 0.753194
    outer loop
      vertex 12.3508 -38.0118 27.242
      vertex 7.85283 -39.4588 29.3893
      vertex 12.7231 -39.1576 28.1389
    endloop
  endfacet
  facet normal 0.153814 0.639573 0.753185
    outer loop
      vertex 7.42131 -38.3167 28.5076
      vertex 7.85283 -39.4588 29.3893
      vertex 12.3508 -38.0118 27.242
    endloop
  endfacet
  facet normal 0.153793 0.639571 0.753191
    outer loop
      vertex 7.42131 -38.3167 28.5076
      vertex 5.88862 -39.4871 29.8144
      vertex 7.85283 -39.4588 29.3893
    endloop
  endfacet
  facet normal 0.153774 0.639586 0.753182
    outer loop
      vertex 5.88862 -39.4871 29.8144
      vertex 7.42131 -38.3167 28.5076
      vertex 5.71774 -38.3413 28.8763
    endloop
  endfacet
  facet normal 0.153768 0.639576 0.753192
    outer loop
      vertex 22.1798 -35.7847 23.3437
      vertex 21.7273 -37.2702 24.6975
      vertex 22.8484 -36.8633 24.1231
    endloop
  endfacet
  facet normal 0.153862 0.63955 0.753194
    outer loop
      vertex 21.7273 -37.2702 24.6975
      vertex 22.1798 -35.7847 23.3437
      vertex 21.0569 -36.1922 23.9191
    endloop
  endfacet
  facet normal -0.100043 0.541157 0.834949
    outer loop
      vertex 35.1275 -28.2351 20
      vertex 35.2592 -28.7304 20.3368
      vertex 35.5008 -28.5154 20.2264
    endloop
  endfacet
  facet normal -0.0999825 0.541172 0.834947
    outer loop
      vertex 33.3673 -28.5603 20
      vertex 35.2592 -28.7304 20.3368
      vertex 35.1275 -28.2351 20
    endloop
  endfacet
  facet normal -0.0999686 0.541241 0.834904
    outer loop
      vertex 30.0206 -31.1696 21.2908
      vertex 35.2592 -28.7304 20.3368
      vertex 33.3673 -28.5603 20
    endloop
  endfacet
  facet normal -0.0999796 0.541259 0.834891
    outer loop
      vertex 30.0206 -31.1696 21.2908
      vertex 29.742 -33.0318 22.4647
      vertex 35.2592 -28.7304 20.3368
    endloop
  endfacet
  facet normal -0.0999787 0.541259 0.834891
    outer loop
      vertex 28.8717 -32.0653 21.7339
      vertex 29.742 -33.0318 22.4647
      vertex 30.0206 -31.1696 21.2908
    endloop
  endfacet
  facet normal -0.0999724 0.541263 0.834889
    outer loop
      vertex 26.7801 -33.2278 22.2371
      vertex 29.742 -33.0318 22.4647
      vertex 28.8717 -32.0653 21.7339
    endloop
  endfacet
  facet normal -0.0999721 0.541245 0.834901
    outer loop
      vertex 26.7801 -33.2278 22.2371
      vertex 24.4295 -35.9846 23.7428
      vertex 29.742 -33.0318 22.4647
    endloop
  endfacet
  facet normal -0.100014 0.541269 0.83488
    outer loop
      vertex 22.1798 -35.7847 23.3437
      vertex 24.4295 -35.9846 23.7428
      vertex 26.7801 -33.2278 22.2371
    endloop
  endfacet
  facet normal -0.10001 0.541286 0.83487
    outer loop
      vertex 24.4295 -35.9846 23.7428
      vertex 22.1798 -35.7847 23.3437
      vertex 22.8484 -36.8633 24.1231
    endloop
  endfacet
  facet normal -0.0999589 0.541236 0.834908
    outer loop
      vertex 35.5008 -28.5154 20.2264
      vertex 35.996 -28.0747 20
      vertex 35.1275 -28.2351 20
    endloop
  endfacet
  facet normal 0.0915249 -0.497761 -0.862472
    outer loop
      vertex 28.2013 -33.783 20
      vertex 30.5778 -33.9296 20.3368
      vertex 30.5619 -33.9424 20.3425
    endloop
  endfacet
  facet normal 0.091466 -0.498177 -0.862238
    outer loop
      vertex 30.5778 -33.9296 20.3368
      vertex 28.2013 -33.783 20
      vertex 31.3821 -33.199 20
    endloop
  endfacet
  facet normal 0.0914596 -0.498198 -0.862226
    outer loop
      vertex 25.1448 -37.0227 21.5477
      vertex 28.2013 -33.783 20
      vertex 30.5619 -33.9424 20.3425
    endloop
  endfacet
  facet normal 0.0915011 -0.498227 -0.862205
    outer loop
      vertex 28.2013 -33.783 20
      vertex 25.1448 -37.0227 21.5477
      vertex 24.4344 -35.925 20.838
    endloop
  endfacet
  facet normal 0.0914632 -0.498247 -0.862197
    outer loop
      vertex 24.3211 -37.4911 21.731
      vertex 24.4344 -35.925 20.838
      vertex 25.1448 -37.0227 21.5477
    endloop
  endfacet
  facet normal 0.0914386 -0.498247 -0.8622
    outer loop
      vertex 24.4344 -35.925 20.838
      vertex 24.3211 -37.4911 21.731
      vertex 23.6095 -36.3941 21.0216
    endloop
  endfacet
  facet normal -0.043574 -0.562285 -0.825795
    outer loop
      vertex 23.6121 -37.8205 21.9927
      vertex 23.6095 -36.3941 21.0216
      vertex 24.3211 -37.4911 21.731
    endloop
  endfacet
  facet normal -0.0438135 -0.562364 -0.825728
    outer loop
      vertex 22.5949 -36.8654 21.3962
      vertex 23.6121 -37.8205 21.9927
      vertex 23.2723 -37.9783 22.1182
    endloop
  endfacet
  facet normal -0.0436997 -0.562282 -0.82579
    outer loop
      vertex 23.6121 -37.8205 21.9927
      vertex 22.5949 -36.8654 21.3962
      vertex 23.6095 -36.3941 21.0216
    endloop
  endfacet
  facet normal -0.0436913 -0.562315 -0.825768
    outer loop
      vertex 23.157 -38.0319 22.1608
      vertex 22.5949 -36.8654 21.3962
      vertex 23.2723 -37.9783 22.1182
    endloop
  endfacet
  facet normal -0.0436303 -0.562297 -0.825784
    outer loop
      vertex 22.5949 -36.8654 21.3962
      vertex 23.157 -38.0319 22.1608
      vertex 22.4794 -36.919 21.4388
    endloop
  endfacet
  facet normal 0.37915 0.654933 0.653688
    outer loop
      vertex 23.5502 -37.9595 21.8602
      vertex 22.4794 -36.919 21.4388
      vertex 23.157 -38.0319 22.1608
    endloop
  endfacet
  facet normal 0.379141 0.654921 0.653705
    outer loop
      vertex 24.3618 -36.5726 20
      vertex 23.5502 -37.9595 21.8602
      vertex 25.5432 -37.5927 20.3368
    endloop
  endfacet
  facet normal 0.379082 0.654878 0.653782
    outer loop
      vertex 24.3618 -36.5726 20
      vertex 25.5432 -37.5927 20.3368
      vertex 25.9038 -37.4652 20
    endloop
  endfacet
  facet normal 0.379135 0.654925 0.653705
    outer loop
      vertex 23.5502 -37.9595 21.8602
      vertex 24.3618 -36.5726 20
      vertex 22.4794 -36.919 21.4388
    endloop
  endfacet
  facet normal -0.504726 -0.627239 -0.593147
    outer loop
      vertex 21.4203 -38.5256 20
      vertex 19.6114 -39.5548 22.6276
      vertex 19.0538 -38.3982 21.879
    endloop
  endfacet
  facet normal -0.504749 -0.627214 -0.593153
    outer loop
      vertex 19.6114 -39.5548 22.6276
      vertex 21.4203 -38.5256 20
      vertex 22.4964 -39.7101 20.3368
    endloop
  endfacet
  facet normal -0.504748 -0.627213 -0.593155
    outer loop
      vertex 22.4964 -39.7101 20.3368
      vertex 21.4203 -38.5256 20
      vertex 22.6922 -39.6895 20.1484
    endloop
  endfacet
  facet normal -0.504703 -0.627174 -0.593234
    outer loop
      vertex 22.6922 -39.6895 20.1484
      vertex 21.4203 -38.5256 20
      vertex 22.8465 -39.6733 20
    endloop
  endfacet
  facet normal -0.504698 -0.627267 -0.593142
    outer loop
      vertex 18.5248 -38.3698 22.299
      vertex 19.6114 -39.5548 22.6276
      vertex 19.0832 -39.5263 23.0469
    endloop
  endfacet
  facet normal -0.504651 -0.627242 -0.593207
    outer loop
      vertex 19.6114 -39.5548 22.6276
      vertex 18.5248 -38.3698 22.299
      vertex 19.0538 -38.3982 21.879
    endloop
  endfacet
  facet normal -0.689413 -0.597605 -0.409363
    outer loop
      vertex 19.0832 -39.5263 23.0469
      vertex 18.3047 -38.2994 22.5669
      vertex 18.5248 -38.3698 22.299
    endloop
  endfacet
  facet normal -0.68935 -0.597606 -0.409466
    outer loop
      vertex 18.3047 -38.2994 22.5669
      vertex 19.0832 -39.5263 23.0469
      vertex 18.8557 -39.4536 23.3238
    endloop
  endfacet
  facet normal -0.688777 -0.59779 -0.410164
    outer loop
      vertex 18.8557 -39.4536 23.3238
      vertex 18.2811 -38.2919 22.5956
      vertex 18.3047 -38.2994 22.5669
    endloop
  endfacet
  facet normal -0.688111 -0.597983 -0.410998
    outer loop
      vertex 18.2811 -38.2919 22.5956
      vertex 18.8557 -39.4536 23.3238
      vertex 18.8321 -39.4461 23.3524
    endloop
  endfacet
  facet normal -0.0436714 -0.562304 -0.825777
    outer loop
      vertex 16.5369 -40.1083 23.9247
      vertex 18.2811 -38.2919 22.5956
      vertex 18.8321 -39.4461 23.3524
    endloop
  endfacet
  facet normal -0.0436843 -0.562295 -0.825782
    outer loop
      vertex 16.5369 -40.1083 23.9247
      vertex 16.0103 -38.947 23.1618
      vertex 18.2811 -38.2919 22.5956
    endloop
  endfacet
  facet normal -0.0436991 -0.562299 -0.825778
    outer loop
      vertex 13.3324 -41.0328 24.7238
      vertex 16.0103 -38.947 23.1618
      vertex 16.5369 -40.1083 23.9247
    endloop
  endfacet
  facet normal -0.043648 -0.562344 -0.825751
    outer loop
      vertex 13.3324 -41.0328 24.7238
      vertex 12.9423 -39.8322 23.9268
      vertex 16.0103 -38.947 23.1618
    endloop
  endfacet
  facet normal -0.0436654 -0.562348 -0.825747
    outer loop
      vertex 8.6071 -41.6456 25.391
      vertex 12.9423 -39.8322 23.9268
      vertex 13.3324 -41.0328 24.7238
    endloop
  endfacet
  facet normal -0.0436762 -0.562331 -0.825758
    outer loop
      vertex 8.6071 -41.6456 25.391
      vertex 8.40463 -40.4206 24.5675
      vertex 12.9423 -39.8322 23.9268
    endloop
  endfacet
  facet normal -0.0478167 -0.562694 -0.825281
    outer loop
      vertex 8.40463 -40.4206 24.5675
      vertex 8.6071 -41.6456 25.391
      vertex 8.38792 -40.4227 24.5699
    endloop
  endfacet
  facet normal -0.0449313 -0.562414 -0.825634
    outer loop
      vertex 8.59288 -41.6474 25.393
      vertex 8.38792 -40.4227 24.5699
      vertex 8.6071 -41.6456 25.391
    endloop
  endfacet
  facet normal -0.0436238 -0.562296 -0.825784
    outer loop
      vertex 7.55282 -41.7823 25.5398
      vertex 8.38792 -40.4227 24.5699
      vertex 8.59288 -41.6474 25.393
    endloop
  endfacet
  facet normal -0.0436434 -0.562288 -0.825789
    outer loop
      vertex 8.38792 -40.4227 24.5699
      vertex 7.55282 -41.7823 25.5398
      vertex 7.33182 -40.5597 24.719
    endloop
  endfacet
  facet normal 0.931836 0.302752 0.200059
    outer loop
      vertex 7.90118 -42.2475 24.6212
      vertex 7.33182 -40.5597 24.719
      vertex 7.55282 -41.7823 25.5398
    endloop
  endfacet
  facet normal 0.931844 0.302757 0.20001
    outer loop
      vertex 7.33182 -40.5597 24.719
      vertex 7.90118 -42.2475 24.6212
      vertex 7.66898 -41.01 23.8298
    endloop
  endfacet
  facet normal 0.931879 0.302709 0.199924
    outer loop
      vertex 7.93361 -42.2908 24.5356
      vertex 7.66898 -41.01 23.8298
      vertex 7.90118 -42.2475 24.6212
    endloop
  endfacet
  facet normal 0.931704 0.302934 0.200398
    outer loop
      vertex 7.66898 -41.01 23.8298
      vertex 7.93361 -42.2908 24.5356
      vertex 7.70147 -41.0533 23.7442
    endloop
  endfacet
  facet normal 0.9813 0.192076 0.0125032
    outer loop
      vertex 8.40533 -44.4502 20.6862
      vertex 7.70147 -41.0533 23.7442
      vertex 7.93361 -42.2908 24.5356
    endloop
  endfacet
  facet normal 0.981299 0.192083 0.012495
    outer loop
      vertex 7.70147 -41.0533 23.7442
      vertex 8.40533 -44.4502 20.6862
      vertex 8.15797 -43.1431 20.0189
    endloop
  endfacet
  facet normal 0.981295 0.192088 0.0127233
    outer loop
      vertex 8.15797 -43.1431 20.0189
      vertex 8.33668 -44.0548 20
      vertex 8.16029 -43.1537 20
    endloop
  endfacet
  facet normal 0.981297 0.192093 0.0125145
    outer loop
      vertex 8.40533 -44.4502 20.6862
      vertex 8.33668 -44.0548 20
      vertex 8.15797 -43.1431 20.0189
    endloop
  endfacet
  facet normal 0.981299 0.192084 0.0125093
    outer loop
      vertex 8.44815 -44.6462 20.3368
      vertex 8.33668 -44.0548 20
      vertex 8.40533 -44.4502 20.6862
    endloop
  endfacet
  facet normal 0.981332 0.191933 0.0122339
    outer loop
      vertex 8.33668 -44.0548 20
      vertex 8.44815 -44.6462 20.3368
      vertex 8.45036 -44.6556 20.307
    endloop
  endfacet
  facet normal 0.175579 0.474095 0.86279
    outer loop
      vertex 8.45036 -44.6556 20.307
      vertex 9.58281 -44.5163 20
      vertex 8.33668 -44.0548 20
    endloop
  endfacet
  facet normal -0.91656 0.126009 0.379525
    outer loop
      vertex 3.28547 -43.9073 20
      vertex 3.70975 -44.852 21.3383
      vertex 3.59074 -43.5518 20.6192
    endloop
  endfacet
  facet normal -0.916557 0.126017 0.37953
    outer loop
      vertex 3.28547 -43.9073 20
      vertex 3.21599 -45.427 20.3368
      vertex 3.70975 -44.852 21.3383
    endloop
  endfacet
  facet normal -0.916543 0.126023 0.379561
    outer loop
      vertex 3.21599 -45.427 20.3368
      vertex 3.28547 -43.9073 20
      vertex 3.06154 -45.5359 20
    endloop
  endfacet
  facet normal -0.916539 0.126043 0.379566
    outer loop
      vertex 3.59074 -43.5518 20.6192
      vertex 4.04982 -44.456 22.028
      vertex 3.93132 -43.1552 21.3099
    endloop
  endfacet
  facet normal -0.916544 0.126029 0.379559
    outer loop
      vertex 4.04982 -44.456 22.028
      vertex 3.59074 -43.5518 20.6192
      vertex 3.70975 -44.852 21.3383
    endloop
  endfacet
  facet normal -0.823752 -0.329674 -0.461246
    outer loop
      vertex 3.93132 -43.1552 21.3099
      vertex 3.65275 -44.1673 22.5308
      vertex 3.54719 -42.8759 21.7963
    endloop
  endfacet
  facet normal -0.823755 -0.329669 -0.461243
    outer loop
      vertex 3.65275 -44.1673 22.5308
      vertex 3.93132 -43.1552 21.3099
      vertex 4.04982 -44.456 22.028
    endloop
  endfacet
  facet normal -0.823806 -0.329639 -0.461174
    outer loop
      vertex 3.54719 -42.8759 21.7963
      vertex 3.60972 -44.136 22.5853
      vertex 3.5041 -42.8446 21.8509
    endloop
  endfacet
  facet normal -0.823831 -0.329621 -0.461143
    outer loop
      vertex 3.60972 -44.136 22.5853
      vertex 3.54719 -42.8759 21.7963
      vertex 3.65275 -44.1673 22.5308
    endloop
  endfacet
  facet normal 0.484523 -0.402159 -0.776857
    outer loop
      vertex 3.60972 -44.136 22.5853
      vertex -0.345583 -43.9073 20
      vertex 3.5041 -42.8446 21.8509
    endloop
  endfacet
  facet normal 0.484531 -0.402129 -0.776867
    outer loop
      vertex -1.06683 -45.427 20.3368
      vertex -0.345583 -43.9073 20
      vertex 3.60972 -44.136 22.5853
    endloop
  endfacet
  facet normal 0.484528 -0.402128 -0.776869
    outer loop
      vertex -0.345583 -43.9073 20
      vertex -1.06683 -45.427 20.3368
      vertex -1.69722 -45.5359 20
    endloop
  endfacet
  facet normal 0 0.45029 0.892882
    outer loop
      vertex -6.7445 -45.05 20.2106
      vertex -6.68198 -44.6324 20
      vertex -9.03649 -44.6324 20
    endloop
  endfacet
  facet normal -0.427755 0.457282 0.779692
    outer loop
      vertex -4.58204 -43.5952 20.5436
      vertex -1.4309 -44.1342 22.5885
      vertex -1.40838 -42.8473 21.8461
    endloop
  endfacet
  facet normal -0.427743 0.457312 0.779681
    outer loop
      vertex -4.58204 -43.5952 20.5436
      vertex -4.72015 -44.9093 21.2386
      vertex -1.4309 -44.1342 22.5885
    endloop
  endfacet
  facet normal -0.427709 0.457317 0.779696
    outer loop
      vertex -5.66752 -43.6836 20
      vertex -4.72015 -44.9093 21.2386
      vertex -4.58204 -43.5952 20.5436
    endloop
  endfacet
  facet normal -0.427731 0.457298 0.779695
    outer loop
      vertex -5.66752 -43.6836 20
      vertex -6.52074 -45.0559 20.3368
      vertex -4.72015 -44.9093 21.2386
    endloop
  endfacet
  facet normal -0.427679 0.457276 0.779737
    outer loop
      vertex -6.68198 -44.6324 20
      vertex -6.52074 -45.0559 20.3368
      vertex -5.66752 -43.6836 20
    endloop
  endfacet
  facet normal -0.427709 0.457259 0.77973
    outer loop
      vertex -6.52074 -45.0559 20.3368
      vertex -6.68198 -44.6324 20
      vertex -6.7445 -45.05 20.2106
    endloop
  endfacet
  facet normal -0.427733 0.457295 0.779696
    outer loop
      vertex -1.40838 -42.8473 21.8461
      vertex -0.802954 -43.9862 22.8462
      vertex -0.779459 -42.6991 22.1042
    endloop
  endfacet
  facet normal -0.427751 0.457283 0.779693
    outer loop
      vertex -0.802954 -43.9862 22.8462
      vertex -1.40838 -42.8473 21.8461
      vertex -1.4309 -44.1342 22.5885
    endloop
  endfacet
  facet normal -0.918486 0.209956 0.335115
    outer loop
      vertex -0.802954 -43.9862 22.8462
      vertex 0.643867 -41.0518 24.9732
      vertex -0.779459 -42.6991 22.1042
    endloop
  endfacet
  facet normal -0.918486 0.209955 0.335116
    outer loop
      vertex 0.643867 -41.0518 24.9732
      vertex -0.802954 -43.9862 22.8462
      vertex 0.668152 -42.2836 25.8115
    endloop
  endfacet
  facet normal -0.918462 0.209986 0.335161
    outer loop
      vertex 0.668152 -42.2836 25.8115
      vertex 0.796705 -40.8749 25.2812
      vertex 0.643867 -41.0518 24.9732
    endloop
  endfacet
  facet normal -0.91848 0.209972 0.335121
    outer loop
      vertex 0.796705 -40.8749 25.2812
      vertex 0.668152 -42.2836 25.8115
      vertex 0.82072 -42.107 26.119
    endloop
  endfacet
  facet normal -0.823847 -0.32961 -0.461122
    outer loop
      vertex 0.82072 -42.107 26.119
      vertex -1.56066 -39.1603 28.2673
      vertex 0.796705 -40.8749 25.2812
    endloop
  endfacet
  facet normal -0.823848 -0.329618 -0.461113
    outer loop
      vertex -1.56066 -39.1603 28.2673
      vertex 0.82072 -42.107 26.119
      vertex -1.61476 -40.3356 29.2041
    endloop
  endfacet
  facet normal -0.823876 -0.329581 -0.46109
    outer loop
      vertex -1.75031 -39.0224 28.5076
      vertex -1.83334 -40.1586 29.4681
      vertex -1.78014 -38.9933 28.5401
    endloop
  endfacet
  facet normal -0.823877 -0.329591 -0.461081
    outer loop
      vertex -1.61476 -40.3356 29.2041
      vertex -1.75031 -39.0224 28.5076
      vertex -1.56066 -39.1603 28.2673
    endloop
  endfacet
  facet normal -0.823854 -0.329604 -0.461114
    outer loop
      vertex -1.75031 -39.0224 28.5076
      vertex -1.76095 -40.2293 29.3893
      vertex -1.83334 -40.1586 29.4681
    endloop
  endfacet
  facet normal -0.823845 -0.329611 -0.461124
    outer loop
      vertex -1.75031 -39.0224 28.5076
      vertex -1.61476 -40.3356 29.2041
      vertex -1.76095 -40.2293 29.3893
    endloop
  endfacet
  facet normal -0.954763 0.210694 0.209845
    outer loop
      vertex -1.78014 -38.9933 28.5401
      vertex 0.00734006 -36.2097 33.878
      vertex 0.00257275 -35.1687 32.8111
    endloop
  endfacet
  facet normal -0.954763 0.210699 0.209843
    outer loop
      vertex 0.00734006 -36.2097 33.878
      vertex -1.78014 -38.9933 28.5401
      vertex -1.83334 -40.1586 29.4681
    endloop
  endfacet
  facet normal -0.954762 0.210698 0.209849
    outer loop
      vertex 0.00734006 -36.2097 33.878
      vertex 0.148375 -34.8559 33.1604
      vertex 0.00257275 -35.1687 32.8111
    endloop
  endfacet
  facet normal -0.954763 0.210695 0.209844
    outer loop
      vertex 0.148375 -34.8559 33.1604
      vertex 0.00734006 -36.2097 33.878
      vertex 0.152809 -35.8976 34.2265
    endloop
  endfacet
  facet normal 0.68073 -0.522524 -0.513396
    outer loop
      vertex -2.94205 -37.8201 32.0796
      vertex 0.148375 -34.8559 33.1604
      vertex 0.152809 -35.8976 34.2265
    endloop
  endfacet
  facet normal 0.680727 -0.522516 -0.513408
    outer loop
      vertex 0.148375 -34.8559 33.1604
      vertex -2.94205 -37.8201 32.0796
      vertex -2.85008 -36.7185 31.0804
    endloop
  endfacet
  facet normal 0.680804 -0.522471 -0.513351
    outer loop
      vertex -3.15366 -37.9516 31.9328
      vertex -2.85008 -36.7185 31.0804
      vertex -2.94205 -37.8201 32.0796
    endloop
  endfacet
  facet normal 0.680926 -0.522423 -0.513238
    outer loop
      vertex -2.85008 -36.7185 31.0804
      vertex -3.15366 -37.9516 31.9328
      vertex -3.06215 -36.8503 30.9332
    endloop
  endfacet
  facet normal 0.84684 -0.394312 -0.356904
    outer loop
      vertex -3.15366 -37.9516 31.9328
      vertex -3.97568 -37.826 29.8436
      vertex -3.06215 -36.8503 30.9332
    endloop
  endfacet
  facet normal 0.846849 -0.394288 -0.356907
    outer loop
      vertex -4.09449 -38.9565 30.8106
      vertex -3.97568 -37.826 29.8436
      vertex -3.15366 -37.9516 31.9328
    endloop
  endfacet
  facet normal 0.846868 -0.39427 -0.356883
    outer loop
      vertex -4.71425 -39.5604 30.0071
      vertex -3.97568 -37.826 29.8436
      vertex -4.09449 -38.9565 30.8106
    endloop
  endfacet
  facet normal 0.846867 -0.39427 -0.356885
    outer loop
      vertex -3.97568 -37.826 29.8436
      vertex -4.71425 -39.5604 30.0071
      vertex -4.55823 -38.3936 29.0883
    endloop
  endfacet
  facet normal 0.846854 -0.394282 -0.356903
    outer loop
      vertex -5.19079 -40.0247 29.3893
      vertex -4.55823 -38.3936 29.0883
      vertex -4.71425 -39.5604 30.0071
    endloop
  endfacet
  facet normal 0.846869 -0.394282 -0.356869
    outer loop
      vertex -4.55823 -38.3936 29.0883
      vertex -5.19079 -40.0247 29.3893
      vertex -5.00616 -38.8301 28.5076
    endloop
  endfacet
  facet normal 0.846854 -0.394294 -0.356889
    outer loop
      vertex -6.5136 -40.9718 27.2968
      vertex -5.00616 -38.8301 28.5076
      vertex -5.19079 -40.0247 29.3893
    endloop
  endfacet
  facet normal 0.846856 -0.394306 -0.356871
    outer loop
      vertex -5.00616 -38.8301 28.5076
      vertex -6.5136 -40.9718 27.2968
      vertex -6.24956 -39.7204 26.5407
    endloop
  endfacet
  facet normal 0.846856 -0.394306 -0.356872
    outer loop
      vertex -8.20058 -42.1797 24.6282
      vertex -6.24956 -39.7204 26.5407
      vertex -6.5136 -40.9718 27.2968
    endloop
  endfacet
  facet normal 0.846855 -0.394286 -0.356896
    outer loop
      vertex -6.24956 -39.7204 26.5407
      vertex -8.20058 -42.1797 24.6282
      vertex -7.94934 -40.9374 23.8519
    endloop
  endfacet
  facet normal 0.846836 -0.394301 -0.356925
    outer loop
      vertex -8.56587 -42.4412 24.0504
      vertex -7.94934 -40.9374 23.8519
      vertex -8.20058 -42.1797 24.6282
    endloop
  endfacet
  facet normal 0.846842 -0.394301 -0.35691
    outer loop
      vertex -7.94934 -40.9374 23.8519
      vertex -8.56587 -42.4412 24.0504
      vertex -8.31523 -41.1994 23.2732
    endloop
  endfacet
  facet normal 0.235415 -0.549315 -0.801769
    outer loop
      vertex -8.56587 -42.4412 24.0504
      vertex -10.5999 -41.1339 22.5575
      vertex -8.31523 -41.1994 23.2732
    endloop
  endfacet
  facet normal 0.235386 -0.549346 -0.801756
    outer loop
      vertex -10.8357 -42.3761 23.3394
      vertex -10.5999 -41.1339 22.5575
      vertex -8.56587 -42.4412 24.0504
    endloop
  endfacet
  facet normal 0.235379 -0.549346 -0.801758
    outer loop
      vertex -10.8357 -42.3761 23.3394
      vertex -13.3397 -41.0553 21.6993
      vertex -10.5999 -41.1339 22.5575
    endloop
  endfacet
  facet normal 0.235399 -0.549321 -0.801769
    outer loop
      vertex -13.7418 -42.2928 22.4291
      vertex -13.3397 -41.0553 21.6993
      vertex -10.8357 -42.3761 23.3394
    endloop
  endfacet
  facet normal 0.235418 -0.549323 -0.801762
    outer loop
      vertex -13.7418 -42.2928 22.4291
      vertex -14.6523 -40.8161 21.15
      vertex -13.3397 -41.0553 21.6993
    endloop
  endfacet
  facet normal 0.235394 -0.549337 -0.80176
    outer loop
      vertex -15.1341 -42.0391 21.8465
      vertex -14.6523 -40.8161 21.15
      vertex -13.7418 -42.2928 22.4291
    endloop
  endfacet
  facet normal 0.235317 -0.549324 -0.801791
    outer loop
      vertex -15.1341 -42.0391 21.8465
      vertex -15.651 -40.6341 20.7322
      vertex -14.6523 -40.8161 21.15
    endloop
  endfacet
  facet normal 0.235316 -0.549324 -0.801791
    outer loop
      vertex -15.651 -40.6341 20.7322
      vertex -15.1341 -42.0391 21.8465
      vertex -16.1456 -41.8547 21.4233
    endloop
  endfacet
  facet normal 0.235357 -0.549331 -0.801774
    outer loop
      vertex -16.1456 -41.8547 21.4233
      vertex -16.3768 -40.5018 20.4285
      vertex -15.651 -40.6341 20.7322
    endloop
  endfacet
  facet normal 0.235467 -0.549303 -0.801761
    outer loop
      vertex -16.3768 -40.5018 20.4285
      vertex -16.1456 -41.8547 21.4233
      vertex -16.8704 -41.7227 21.12
    endloop
  endfacet
  facet normal 0.940005 -0.32909 0.0899496
    outer loop
      vertex -16.8704 -41.7227 21.12
      vertex -16.4229 -40.7506 20
      vertex -16.3768 -40.5018 20.4285
    endloop
  endfacet
  facet normal 0.939967 -0.329236 0.0898079
    outer loop
      vertex -16.9548 -42.1773 20.3368
      vertex -16.4229 -40.7506 20
      vertex -16.8704 -41.7227 21.12
    endloop
  endfacet
  facet normal 0.939968 -0.329251 0.0897468
    outer loop
      vertex -16.4229 -40.7506 20
      vertex -16.9548 -42.1773 20.3368
      vertex -16.9631 -42.2928 20
    endloop
  endfacet
  facet normal -0.0877852 0.555525 0.826853
    outer loop
      vertex -24.0313 -37.3099 20
      vertex -25.0261 -37.9684 20.3368
      vertex -24.5617 -38.1732 20.5237
    endloop
  endfacet
  facet normal -0.0876936 0.555425 0.82693
    outer loop
      vertex -25.0261 -37.9684 20.3368
      vertex -24.0313 -37.3099 20
      vertex -25.7452 -37.5805 20
    endloop
  endfacet
  facet normal -0.0876698 0.55546 0.826909
    outer loop
      vertex -23.4691 -37.2211 20
      vertex -23.7277 -38.541 20.8592
      vertex -23.0334 -37.4133 20.1753
    endloop
  endfacet
  facet normal -0.0877363 0.555466 0.826898
    outer loop
      vertex -24.0313 -37.3099 20
      vertex -23.7277 -38.541 20.8592
      vertex -23.4691 -37.2211 20
    endloop
  endfacet
  facet normal -0.0876712 0.55548 0.826895
    outer loop
      vertex -23.7277 -38.541 20.8592
      vertex -24.0313 -37.3099 20
      vertex -24.5617 -38.1732 20.5237
    endloop
  endfacet
  facet normal -0.224968 0.602607 0.765672
    outer loop
      vertex -16.1077 -38.8129 23.3062
      vertex -16.4739 -40.0037 24.1358
      vertex -16.0177 -38.8286 23.345
    endloop
  endfacet
  facet normal -0.224325 0.602565 0.765895
    outer loop
      vertex -16.1077 -38.8129 23.3062
      vertex -16.6331 -39.9759 24.0673
      vertex -16.4739 -40.0037 24.1358
    endloop
  endfacet
  facet normal -0.224438 0.602584 0.765846
    outer loop
      vertex -21.8315 -37.8132 20.8422
      vertex -16.6331 -39.9759 24.0673
      vertex -16.1077 -38.8129 23.3062
    endloop
  endfacet
  facet normal -0.224434 0.602589 0.765843
    outer loop
      vertex -21.8315 -37.8132 20.8422
      vertex -22.4895 -38.953 21.5462
      vertex -16.6331 -39.9759 24.0673
    endloop
  endfacet
  facet normal -0.224445 0.602592 0.765838
    outer loop
      vertex -23.0334 -37.4133 20.1753
      vertex -22.4895 -38.953 21.5462
      vertex -21.8315 -37.8132 20.8422
    endloop
  endfacet
  facet normal -0.22449 0.602576 0.765837
    outer loop
      vertex -23.0334 -37.4133 20.1753
      vertex -23.2154 -38.7115 21.1434
      vertex -22.4895 -38.953 21.5462
    endloop
  endfacet
  facet normal -0.224326 0.602584 0.765879
    outer loop
      vertex -23.2154 -38.7115 21.1434
      vertex -23.0334 -37.4133 20.1753
      vertex -23.7277 -38.541 20.8592
    endloop
  endfacet
  facet normal -0.224417 0.602558 0.765872
    outer loop
      vertex -16.0177 -38.8286 23.345
      vertex -15.639 -40.1495 24.4952
      vertex -15.1814 -38.9747 23.705
    endloop
  endfacet
  facet normal -0.224461 0.602544 0.76587
    outer loop
      vertex -15.639 -40.1495 24.4952
      vertex -16.0177 -38.8286 23.345
      vertex -16.4739 -40.0037 24.1358
    endloop
  endfacet
  facet normal -0.738772 0.549897 0.389652
    outer loop
      vertex -11.9031 -38.5979 29.3893
      vertex -10.4349 -36.7317 29.5393
      vertex -11.5117 -37.4473 28.5076
    endloop
  endfacet
  facet normal -0.738798 0.549862 0.389653
    outer loop
      vertex -12.6628 -38.9721 28.4768
      vertex -11.5117 -37.4473 28.5076
      vertex -12.2923 -37.8317 27.57
    endloop
  endfacet
  facet normal -0.738777 0.549902 0.389636
    outer loop
      vertex -10.4349 -36.7317 29.5393
      vertex -11.9031 -38.5979 29.3893
      vertex -10.7308 -37.8188 30.5125
    endloop
  endfacet
  facet normal -0.738814 0.549875 0.389604
    outer loop
      vertex -11.5117 -37.4473 28.5076
      vertex -12.6628 -38.9721 28.4768
      vertex -11.9031 -38.5979 29.3893
    endloop
  endfacet
  facet normal -0.738803 0.54986 0.389647
    outer loop
      vertex -15.639 -40.1495 24.4952
      vertex -12.2923 -37.8317 27.57
      vertex -15.1814 -38.9747 23.705
    endloop
  endfacet
  facet normal -0.738803 0.549859 0.389648
    outer loop
      vertex -12.2923 -37.8317 27.57
      vertex -15.639 -40.1495 24.4952
      vertex -12.6628 -38.9721 28.4768
    endloop
  endfacet
  facet normal -0.738812 0.54988 0.389601
    outer loop
      vertex -10.7308 -37.8188 30.5125
      vertex -9.93437 -36.399 30.0189
      vertex -10.4349 -36.7317 29.5393
    endloop
  endfacet
  facet normal -0.738802 0.54988 0.389619
    outer loop
      vertex -9.93437 -36.399 30.0189
      vertex -10.7308 -37.8188 30.5125
      vertex -10.2313 -37.4868 30.9911
    endloop
  endfacet
  facet normal -0.975462 0.211461 -0.0613048
    outer loop
      vertex -9.15381 -31.0504 36.0425
      vertex -9.3993 -31.8181 37.3006
      vertex -9.13107 -30.9168 36.1415
    endloop
  endfacet
  facet normal -0.975468 0.211428 -0.0613304
    outer loop
      vertex -9.56044 -32.8901 36.1679
      vertex -9.15381 -31.0504 36.0425
      vertex -9.27752 -31.8981 35.0878
    endloop
  endfacet
  facet normal -0.975466 0.21144 -0.0613186
    outer loop
      vertex -9.15381 -31.0504 36.0425
      vertex -9.43225 -32.0117 37.1572
      vertex -9.3993 -31.8181 37.3006
    endloop
  endfacet
  facet normal -0.975468 0.211428 -0.0613292
    outer loop
      vertex -9.15381 -31.0504 36.0425
      vertex -9.56044 -32.8901 36.1679
      vertex -9.43225 -32.0117 37.1572
    endloop
  endfacet
  facet normal -0.975464 0.211442 -0.0613436
    outer loop
      vertex -10.2313 -37.4868 30.9911
      vertex -9.27752 -31.8981 35.0878
      vertex -9.93437 -36.399 30.0189
    endloop
  endfacet
  facet normal -0.975467 0.211431 -0.0613277
    outer loop
      vertex -9.27752 -31.8981 35.0878
      vertex -10.2313 -37.4868 30.9911
      vertex -9.56044 -32.8901 36.1679
    endloop
  endfacet
  facet normal -0.975474 0.211398 -0.0613338
    outer loop
      vertex -9.13107 -30.9168 36.1415
      vertex -9.31411 -31.3176 37.6712
      vertex -9.04566 -30.4149 36.513
    endloop
  endfacet
  facet normal -0.975465 0.21144 -0.0613218
    outer loop
      vertex -9.31411 -31.3176 37.6712
      vertex -9.13107 -30.9168 36.1415
      vertex -9.3993 -31.8181 37.3006
    endloop
  endfacet
  facet normal 0.640769 -0.670446 -0.374055
    outer loop
      vertex -9.83351 -30.9059 36.0425
      vertex -10.1747 -31.8539 37.1572
      vertex -10.2756 -31.9057 37.0772
    endloop
  endfacet
  facet normal 0.641181 -0.670254 -0.373693
    outer loop
      vertex -9.83351 -30.9059 36.0425
      vertex -10.2756 -31.9057 37.0772
      vertex -10.3851 -31.962 36.9903
    endloop
  endfacet
  facet normal 0.64102 -0.670313 -0.373864
    outer loop
      vertex -10.1747 -31.8539 37.1572
      vertex -9.04566 -30.4149 36.513
      vertex -9.31411 -31.3176 37.6712
    endloop
  endfacet
  facet normal 0.641019 -0.670313 -0.373865
    outer loop
      vertex -10.1747 -31.8539 37.1572
      vertex -9.83351 -30.9059 36.0425
      vertex -9.04566 -30.4149 36.513
    endloop
  endfacet
  facet normal 0.641 -0.670324 -0.373877
    outer loop
      vertex -10.3851 -31.962 36.9903
      vertex -9.95356 -30.9676 35.9473
      vertex -9.83351 -30.9059 36.0425
    endloop
  endfacet
  facet normal 0.641185 -0.670237 -0.373717
    outer loop
      vertex -10.3851 -31.962 36.9903
      vertex -10.0837 -31.0345 35.844
      vertex -9.95356 -30.9676 35.9473
    endloop
  endfacet
  facet normal 0.64101 -0.670335 -0.373842
    outer loop
      vertex -18.5224 -35.6078 29.5749
      vertex -10.0837 -31.0345 35.844
      vertex -10.3851 -31.962 36.9903
    endloop
  endfacet
  facet normal 0.641014 -0.670324 -0.373855
    outer loop
      vertex -10.0837 -31.0345 35.844
      vertex -18.5224 -35.6078 29.5749
      vertex -17.9673 -34.5666 28.6598
    endloop
  endfacet
  facet normal 0.64107 -0.670321 -0.373763
    outer loop
      vertex -18.1343 -34.6414 28.5076
      vertex -18.7261 -35.699 29.3893
      vertex -19.056 -35.7971 28.9994
    endloop
  endfacet
  facet normal 0.640981 -0.670352 -0.37386
    outer loop
      vertex -17.9673 -34.5666 28.6598
      vertex -18.7261 -35.699 29.3893
      vertex -18.1343 -34.6414 28.5076
    endloop
  endfacet
  facet normal 0.640889 -0.670371 -0.373984
    outer loop
      vertex -18.7261 -35.699 29.3893
      vertex -17.9673 -34.5666 28.6598
      vertex -18.5224 -35.6078 29.5749
    endloop
  endfacet
  facet normal 0.641048 -0.670321 -0.373802
    outer loop
      vertex -18.1343 -34.6414 28.5076
      vertex -19.056 -35.7971 28.9994
      vertex -18.4984 -34.7497 28.0774
    endloop
  endfacet
  facet normal 0.187788 -0.703405 -0.685534
    outer loop
      vertex -19.1368 -34.6437 27.7938
      vertex -19.056 -35.7971 28.9994
      vertex -19.7532 -35.6814 28.6897
    endloop
  endfacet
  facet normal 0.18778 -0.703414 -0.685527
    outer loop
      vertex -19.9259 -34.5127 27.4432
      vertex -19.7532 -35.6814 28.6897
      vertex -20.5266 -35.553 28.3461
    endloop
  endfacet
  facet normal 0.187746 -0.703412 -0.685539
    outer loop
      vertex -19.056 -35.7971 28.9994
      vertex -19.1368 -34.6437 27.7938
      vertex -18.4984 -34.7497 28.0774
    endloop
  endfacet
  facet normal 0.187807 -0.703408 -0.685526
    outer loop
      vertex -19.7532 -35.6814 28.6897
      vertex -19.9259 -34.5127 27.4432
      vertex -19.1368 -34.6437 27.7938
    endloop
  endfacet
  facet normal 0.187798 -0.703417 -0.685519
    outer loop
      vertex -20.5266 -35.553 28.3461
      vertex -22.7097 -33.6556 25.8011
      vertex -19.9259 -34.5127 27.4432
    endloop
  endfacet
  facet normal 0.187797 -0.703418 -0.685518
    outer loop
      vertex -25.2722 -34.0919 25.5468
      vertex -22.7097 -33.6556 25.8011
      vertex -20.5266 -35.553 28.3461
    endloop
  endfacet
  facet normal 0.187759 -0.703445 -0.685501
    outer loop
      vertex -26.7977 -32.397 23.3897
      vertex -25.2722 -34.0919 25.5468
      vertex -27.6275 -33.3667 24.1575
    endloop
  endfacet
  facet normal 0.187797 -0.703424 -0.685512
    outer loop
      vertex -25.2722 -34.0919 25.5468
      vertex -26.7977 -32.397 23.3897
      vertex -22.7097 -33.6556 25.8011
    endloop
  endfacet
  facet normal 0.187878 -0.703432 -0.685481
    outer loop
      vertex -27.4911 -32.1835 22.9807
      vertex -27.6275 -33.3667 24.1575
      vertex -28.3197 -33.1536 23.7491
    endloop
  endfacet
  facet normal 0.187752 -0.703442 -0.685506
    outer loop
      vertex -27.6275 -33.3667 24.1575
      vertex -27.4911 -32.1835 22.9807
      vertex -26.7977 -32.397 23.3897
    endloop
  endfacet
  facet normal 0.346324 -0.746183 -0.568569
    outer loop
      vertex -28.7988 -31.9843 21.9227
      vertex -28.3197 -33.1536 23.7491
      vertex -29.6669 -32.9484 22.6592
    endloop
  endfacet
  facet normal 0.346339 -0.746176 -0.568569
    outer loop
      vertex -28.3197 -33.1536 23.7491
      vertex -28.7988 -31.9843 21.9227
      vertex -27.4911 -32.1835 22.9807
    endloop
  endfacet
  facet normal 0.346369 -0.746193 -0.568529
    outer loop
      vertex -29.6669 -32.9484 22.6592
      vertex -29.9129 -31.6763 20.8397
      vertex -28.7988 -31.9843 21.9227
    endloop
  endfacet
  facet normal 0.346316 -0.746212 -0.568535
    outer loop
      vertex -32.0561 -32.2878 20.3368
      vertex -29.9129 -31.6763 20.8397
      vertex -29.6669 -32.9484 22.6592
    endloop
  endfacet
  facet normal 0.346312 -0.746167 -0.568596
    outer loop
      vertex -30.7768 -31.4374 20
      vertex -32.0561 -32.2878 20.3368
      vertex -32.3223 -32.1547 20
    endloop
  endfacet
  facet normal 0.346317 -0.746171 -0.568588
    outer loop
      vertex -32.0561 -32.2878 20.3368
      vertex -30.7768 -31.4374 20
      vertex -29.9129 -31.6763 20.8397
    endloop
  endfacet
  facet normal -0.651429 0.754995 0.0749841
    outer loop
      vertex -32.0371 -29.8969 20.164
      vertex -33.2506 -30.9611 20.3368
      vertex -32.9973 -30.7944 20.8589
    endloop
  endfacet
  facet normal -0.651376 0.755001 0.0753843
    outer loop
      vertex -32.1167 -29.9492 20
      vertex -33.2506 -30.9611 20.3368
      vertex -32.0371 -29.8969 20.164
    endloop
  endfacet
  facet normal -0.651454 0.754969 0.0750286
    outer loop
      vertex -33.2506 -30.9611 20.3368
      vertex -32.1167 -29.9492 20
      vertex -33.35 -31.0134 20
    endloop
  endfacet
  facet normal -0.651345 0.755041 0.0752427
    outer loop
      vertex -31.8627 -29.7822 20.5235
      vertex -32.9973 -30.7944 20.8589
      vertex -32.8231 -30.6799 21.2179
    endloop
  endfacet
  facet normal -0.651377 0.755029 0.0750995
    outer loop
      vertex -32.9973 -30.7944 20.8589
      vertex -31.8627 -29.7822 20.5235
      vertex -32.0371 -29.8969 20.164
    endloop
  endfacet
  facet normal -0.545453 0.793145 0.270928
    outer loop
      vertex -30.3712 -29.5201 22.7593
      vertex -31.1501 -30.3859 23.7258
      vertex -30.2444 -29.4978 22.9493
    endloop
  endfacet
  facet normal -0.545476 0.793138 0.270903
    outer loop
      vertex -30.3712 -29.5201 22.7593
      vertex -32.8231 -30.6799 21.2179
      vertex -31.1501 -30.3859 23.7258
    endloop
  endfacet
  facet normal -0.545478 0.793134 0.27091
    outer loop
      vertex -32.8231 -30.6799 21.2179
      vertex -30.3712 -29.5201 22.7593
      vertex -31.8627 -29.7822 20.5235
    endloop
  endfacet
  facet normal -0.545541 0.793136 0.270778
    outer loop
      vertex -30.0565 -29.4648 23.2311
      vertex -31.1501 -30.3859 23.7258
      vertex -30.9625 -30.3529 24.0071
    endloop
  endfacet
  facet normal -0.545505 0.793134 0.270855
    outer loop
      vertex -31.1501 -30.3859 23.7258
      vertex -30.0565 -29.4648 23.2311
      vertex -30.2444 -29.4978 22.9493
    endloop
  endfacet
  facet normal -6.85504e-05 -0.657943 -0.753068
    outer loop
      vertex -30.9625 -30.3529 24.0071
      vertex -30.4339 -29.2252 23.0218
      vertex -30.0565 -29.4648 23.2311
    endloop
  endfacet
  facet normal 3.34645e-06 -0.657962 -0.753051
    outer loop
      vertex -30.9625 -30.3529 24.0071
      vertex -33.0791 -27.5462 21.5548
      vertex -30.4339 -29.2252 23.0218
    endloop
  endfacet
  facet normal -1.91997e-05 -0.657971 -0.753043
    outer loop
      vertex -33.0791 -27.5462 21.5548
      vertex -30.9625 -30.3529 24.0071
      vertex -34.0762 -28.3765 22.2803
    endloop
  endfacet
  facet normal -0.072149 -0.605732 -0.792391
    outer loop
      vertex -35.5857 -27.2929 21.5894
      vertex -33.0791 -27.5462 21.5548
      vertex -34.0762 -28.3765 22.2803
    endloop
  endfacet
  facet normal -0.0721463 -0.605702 -0.792414
    outer loop
      vertex -33.0791 -27.5462 21.5548
      vertex -35.5857 -27.2929 21.5894
      vertex -35.5111 -25.8003 20.4417
    endloop
  endfacet
  facet normal -0.0721377 -0.605703 -0.792414
    outer loop
      vertex -36.5815 -26.578 21.1336
      vertex -35.5111 -25.8003 20.4417
      vertex -35.5857 -27.2929 21.5894
    endloop
  endfacet
  facet normal -0.072108 -0.605729 -0.792397
    outer loop
      vertex -35.5111 -25.8003 20.4417
      vertex -36.5815 -26.578 21.1336
      vertex -36.1838 -25.1424 20
    endloop
  endfacet
  facet normal -0.0719466 -0.605764 -0.792385
    outer loop
      vertex -36.9537 -26.2141 20.8892
      vertex -36.1838 -25.1424 20
      vertex -36.5815 -26.578 21.1336
    endloop
  endfacet
  facet normal -0.07217 -0.605655 -0.792448
    outer loop
      vertex -36.1838 -25.1424 20
      vertex -36.9537 -26.2141 20.8892
      vertex -36.7125 -25.0794 20
    endloop
  endfacet
  facet normal -0.0721844 -0.605653 -0.792448
    outer loop
      vertex -36.7125 -25.0794 20
      vertex -36.9537 -26.2141 20.8892
      vertex -37.5453 -25.6354 20.5008
    endloop
  endfacet
  facet normal -0.0720873 -0.605744 -0.792388
    outer loop
      vertex -37.5453 -25.6354 20.5008
      vertex -37.4049 -24.997 20
      vertex -36.7125 -25.0794 20
    endloop
  endfacet
  facet normal -0.0719906 -0.605761 -0.792383
    outer loop
      vertex -37.795 -25.3912 20.3368
      vertex -37.4049 -24.997 20
      vertex -37.5453 -25.6354 20.5008
    endloop
  endfacet
  facet normal -0.0720956 -0.605693 -0.792425
    outer loop
      vertex -37.4049 -24.997 20
      vertex -37.795 -25.3912 20.3368
      vertex -37.8665 -25.3055 20.2778
    endloop
  endfacet
  facet normal 0.440876 -0.867413 -0.230701
    outer loop
      vertex -37.4049 -24.997 20
      vertex -37.8665 -25.3055 20.2778
      vertex -37.9796 -25.2891 20
    endloop
  endfacet
  facet normal -0.126845 0.800467 0.585801
    outer loop
      vertex -35.6709 -23.6475 22.0755
      vertex -36.9537 -24.2404 22.6079
      vertex -36.7353 -24.3665 22.8275
    endloop
  endfacet
  facet normal -0.12686 0.800481 0.585779
    outer loop
      vertex -37.735 -22.4558 20
      vertex -36.9537 -24.2404 22.6079
      vertex -35.6709 -23.6475 22.0755
    endloop
  endfacet
  facet normal -0.126866 0.800479 0.58578
    outer loop
      vertex -36.9537 -24.2404 22.6079
      vertex -37.735 -22.4558 20
      vertex -39.2123 -22.9364 20.3368
    endloop
  endfacet
  facet normal -0.12684 0.80044 0.585839
    outer loop
      vertex -39.2123 -22.9364 20.3368
      vertex -37.735 -22.4558 20
      vertex -39.4578 -22.7288 20
    endloop
  endfacet
  facet normal -0.126898 0.800455 0.585806
    outer loop
      vertex -35.6709 -23.6475 22.0755
      vertex -36.3957 -24.5626 23.1689
      vertex -35.3308 -23.8438 22.4174
    endloop
  endfacet
  facet normal -0.126771 0.800429 0.585869
    outer loop
      vertex -36.3957 -24.5626 23.1689
      vertex -35.6709 -23.6475 22.0755
      vertex -36.7353 -24.3665 22.8275
    endloop
  endfacet
  facet normal 0.129646 0.618333 0.775149
    outer loop
      vertex -31.1883 -28.7217 25.6157
      vertex -28.3803 -29.2924 25.6013
      vertex -30.803 -27.4887 24.5677
    endloop
  endfacet
  facet normal 0.129643 0.618318 0.775162
    outer loop
      vertex -28.3803 -29.2924 25.6013
      vertex -31.1883 -28.7217 25.6157
      vertex -29.2118 -30.1932 26.4589
    endloop
  endfacet
  facet normal 0.129626 0.61833 0.775155
    outer loop
      vertex -35.3092 -25.6537 23.8575
      vertex -30.803 -27.4887 24.5677
      vertex -34.276 -24.903 23.0859
    endloop
  endfacet
  facet normal 0.12963 0.618337 0.775149
    outer loop
      vertex -30.803 -27.4887 24.5677
      vertex -35.3092 -25.6537 23.8575
      vertex -31.1883 -28.7217 25.6157
    endloop
  endfacet
  facet normal 0.129632 0.618324 0.775158
    outer loop
      vertex -35.3308 -23.8438 22.4174
      vertex -35.3092 -25.6537 23.8575
      vertex -34.276 -24.903 23.0859
    endloop
  endfacet
  facet normal 0.129664 0.618322 0.775155
    outer loop
      vertex -35.3092 -25.6537 23.8575
      vertex -35.3308 -23.8438 22.4174
      vertex -36.3957 -24.5626 23.1689
    endloop
  endfacet
  facet normal 0.129697 0.618324 0.775148
    outer loop
      vertex -28.3803 -29.2924 25.6013
      vertex -28.4624 -30.7512 26.7787
      vertex -27.6296 -29.8514 25.9216
    endloop
  endfacet
  facet normal 0.129618 0.618333 0.775154
    outer loop
      vertex -28.4624 -30.7512 26.7787
      vertex -28.3803 -29.2924 25.6013
      vertex -29.2118 -30.1932 26.4589
    endloop
  endfacet
  facet normal -0.293451 0.787664 0.541731
    outer loop
      vertex -24.4727 -30.4539 28.5076
      vertex -21.8905 -31.5252 31.464
      vertex -21.2739 -30.6095 30.4666
    endloop
  endfacet
  facet normal -0.29345 0.787664 0.54173
    outer loop
      vertex -21.8905 -31.5252 31.464
      vertex -24.4727 -30.4539 28.5076
      vertex -25.2782 -31.3604 29.3893
    endloop
  endfacet
  facet normal -0.293474 0.787668 0.541712
    outer loop
      vertex -24.4727 -30.4539 28.5076
      vertex -26.5864 -31.1402 28.3604
      vertex -25.2782 -31.3604 29.3893
    endloop
  endfacet
  facet normal -0.293469 0.787645 0.541748
    outer loop
      vertex -27.0327 -30.0229 26.4942
      vertex -26.5864 -31.1402 28.3604
      vertex -24.4727 -30.4539 28.5076
    endloop
  endfacet
  facet normal -0.293419 0.787664 0.541748
    outer loop
      vertex -26.5864 -31.1402 28.3604
      vertex -27.0327 -30.0229 26.4942
      vertex -27.8476 -30.9278 27.3685
    endloop
  endfacet
  facet normal -0.293444 0.787668 0.541729
    outer loop
      vertex -27.8476 -30.9278 27.3685
      vertex -27.0327 -30.0229 26.4942
      vertex -28.4624 -30.7512 26.7787
    endloop
  endfacet
  facet normal -0.29342 0.787642 0.54178
    outer loop
      vertex -28.4624 -30.7512 26.7787
      vertex -27.0327 -30.0229 26.4942
      vertex -27.6296 -29.8514 25.9216
    endloop
  endfacet
  facet normal -0.293386 0.787627 0.541819
    outer loop
      vertex -20.6723 -30.6388 30.8351
      vertex -21.8905 -31.5252 31.464
      vertex -21.2901 -31.5545 31.8317
    endloop
  endfacet
  facet normal -0.293462 0.787664 0.541724
    outer loop
      vertex -21.8905 -31.5252 31.464
      vertex -20.6723 -30.6388 30.8351
      vertex -21.2739 -30.6095 30.4666
    endloop
  endfacet
  facet normal -0.879979 0.458458 -0.124313
    outer loop
      vertex -18.2162 -23.5079 39.749
      vertex -17.4396 -22.2205 38.9995
      vertex -17.6813 -22.8065 38.5493
    endloop
  endfacet
  facet normal -0.879975 0.458474 -0.124281
    outer loop
      vertex -17.4396 -22.2205 38.9995
      vertex -18.2162 -23.5079 39.749
      vertex -17.9481 -22.858 40.2482
    endloop
  endfacet
  facet normal -0.879985 0.45846 -0.124263
    outer loop
      vertex -19.608 -26.882 37.1572
      vertex -17.6813 -22.8065 38.5493
      vertex -19.0275 -26.0699 36.0425
    endloop
  endfacet
  facet normal -0.879974 0.458469 -0.124304
    outer loop
      vertex -17.6813 -22.8065 38.5493
      vertex -19.608 -26.882 37.1572
      vertex -18.2162 -23.5079 39.749
    endloop
  endfacet
  facet normal -0.87999 0.458446 -0.124276
    outer loop
      vertex -19.0275 -26.0699 36.0425
      vertex -20.5041 -29.3711 34.3203
      vertex -19.608 -26.882 37.1572
    endloop
  endfacet
  facet normal -0.879982 0.458456 -0.124302
    outer loop
      vertex -20.4564 -30.0392 31.5185
      vertex -20.5041 -29.3711 34.3203
      vertex -19.0275 -26.0699 36.0425
    endloop
  endfacet
  facet normal -0.87998 0.458473 -0.12425
    outer loop
      vertex -21.2901 -31.5545 31.8317
      vertex -20.4564 -30.0392 31.5185
      vertex -20.6723 -30.6388 30.8351
    endloop
  endfacet
  facet normal -0.879978 0.458461 -0.124303
    outer loop
      vertex -20.4564 -30.0392 31.5185
      vertex -21.2901 -31.5545 31.8317
      vertex -20.5041 -29.3711 34.3203
    endloop
  endfacet
  facet normal -0.879976 0.458471 -0.124283
    outer loop
      vertex -17.9481 -22.858 40.2482
      vertex -17.1611 -21.5454 39.518
      vertex -17.4396 -22.2205 38.9995
    endloop
  endfacet
  facet normal -0.879975 0.458475 -0.124277
    outer loop
      vertex -17.1611 -21.5454 39.518
      vertex -17.9481 -22.858 40.2482
      vertex -17.6704 -22.1848 40.7654
    endloop
  endfacet
  facet normal -0.935503 0.240927 -0.258435
    outer loop
      vertex -16.7812 -17.4051 42.0022
      vertex -16.7895 -14.8759 44.3901
      vertex -16.3102 -14.4627 43.0403
    endloop
  endfacet
  facet normal -0.935503 0.240926 -0.258434
    outer loop
      vertex -16.7812 -17.4051 42.0022
      vertex -17.2835 -17.962 43.3013
      vertex -16.7895 -14.8759 44.3901
    endloop
  endfacet
  facet normal -0.935514 0.240841 -0.258475
    outer loop
      vertex -16.8538 -18.0872 41.6294
      vertex -17.2835 -17.962 43.3013
      vertex -16.7812 -17.4051 42.0022
    endloop
  endfacet
  facet normal -0.93548 0.240957 -0.258491
    outer loop
      vertex -17.4325 -19.3607 42.5366
      vertex -16.8538 -18.0872 41.6294
      vertex -16.93 -18.8027 41.2382
    endloop
  endfacet
  facet normal -0.935481 0.240969 -0.258476
    outer loop
      vertex -16.8538 -18.0872 41.6294
      vertex -17.4325 -19.3607 42.5366
      vertex -17.2835 -17.962 43.3013
    endloop
  endfacet
  facet normal -0.935497 0.240927 -0.258457
    outer loop
      vertex -17.6704 -22.1848 40.7654
      vertex -16.93 -18.8027 41.2382
      vertex -17.1611 -21.5454 39.518
    endloop
  endfacet
  facet normal -0.935483 0.240931 -0.258503
    outer loop
      vertex -16.93 -18.8027 41.2382
      vertex -17.6704 -22.1848 40.7654
      vertex -17.4325 -19.3607 42.5366
    endloop
  endfacet
  facet normal -0.935485 0.24104 -0.258394
    outer loop
      vertex -16.7895 -14.8759 44.3901
      vertex -16.242 -14.037 43.1905
      vertex -16.3102 -14.4627 43.0403
    endloop
  endfacet
  facet normal -0.935488 0.24099 -0.25843
    outer loop
      vertex -16.242 -14.037 43.1905
      vertex -16.7895 -14.8759 44.3901
      vertex -16.7215 -14.4514 44.5398
    endloop
  endfacet
  facet normal 0.182099 -0.956248 -0.228974
    outer loop
      vertex -19.5099 -14.3746 42.0022
      vertex -20.1276 -14.8033 43.3013
      vertex -20.2499 -14.8099 43.2316
    endloop
  endfacet
  facet normal 0.18206 -0.956251 -0.228994
    outer loop
      vertex -20.1276 -14.8033 43.3013
      vertex -19.5099 -14.3746 42.0022
      vertex -16.7215 -14.4514 44.5398
    endloop
  endfacet
  facet normal 0.18191 -0.956256 -0.229091
    outer loop
      vertex -19.5099 -14.3746 42.0022
      vertex -20.2499 -14.8099 43.2316
      vertex -20.3948 -14.8177 43.1491
    endloop
  endfacet
  facet normal 0.182056 -0.956253 -0.22899
    outer loop
      vertex -16.7215 -14.4514 44.5398
      vertex -19.5099 -14.3746 42.0022
      vertex -16.242 -14.037 43.1905
    endloop
  endfacet
  facet normal 0.181896 -0.956256 -0.229102
    outer loop
      vertex -20.3948 -14.8177 43.1491
      vertex -19.807 -14.3906 41.8331
      vertex -19.5099 -14.3746 42.0022
    endloop
  endfacet
  facet normal 0.182073 -0.956243 -0.229019
    outer loop
      vertex -24.9816 -14.9817 40.1873
      vertex -19.807 -14.3906 41.8331
      vertex -20.3948 -14.8177 43.1491
    endloop
  endfacet
  facet normal 0.182035 -0.956246 -0.229035
    outer loop
      vertex -24.2397 -14.5491 38.9708
      vertex -24.9816 -14.9817 40.1873
      vertex -25.6621 -15.006 39.7479
    endloop
  endfacet
  facet normal 0.182071 -0.956245 -0.229012
    outer loop
      vertex -24.9816 -14.9817 40.1873
      vertex -24.2397 -14.5491 38.9708
      vertex -19.807 -14.3906 41.8331
    endloop
  endfacet
  facet normal 0.182046 -0.956249 -0.229015
    outer loop
      vertex -24.2397 -14.5491 38.9708
      vertex -25.6621 -15.006 39.7479
      vertex -24.9087 -14.573 38.5388
    endloop
  endfacet
  facet normal 0.182022 -0.956249 -0.229031
    outer loop
      vertex -26.1018 -15.0217 39.464
      vertex -24.9087 -14.573 38.5388
      vertex -25.6621 -15.006 39.7479
    endloop
  endfacet
  facet normal 0.182 -0.956247 -0.229057
    outer loop
      vertex -24.9087 -14.573 38.5388
      vertex -26.1018 -15.0217 39.464
      vertex -25.3495 -14.5887 38.2541
    endloop
  endfacet
  facet normal -3.26301e-07 -0.94153 -0.33693
    outer loop
      vertex -29.3022 -13.7973 36.0425
      vertex -26.1018 -15.0217 39.464
      vertex -30.2245 -14.1962 37.1572
    endloop
  endfacet
  facet normal -1.5219e-05 -0.94153 -0.336929
    outer loop
      vertex -30.3259 -13.502 35.2173
      vertex -30.2245 -14.1962 37.1572
      vertex -31.2323 -13.9055 36.3449
    endloop
  endfacet
  facet normal 1.57657e-05 -0.941525 -0.336944
    outer loop
      vertex -26.1018 -15.0217 39.464
      vertex -29.3022 -13.7973 36.0425
      vertex -25.3495 -14.5887 38.2541
    endloop
  endfacet
  facet normal 6.78107e-07 -0.94153 -0.33693
    outer loop
      vertex -30.2245 -14.1962 37.1572
      vertex -30.3259 -13.502 35.2173
      vertex -29.3022 -13.7973 36.0425
    endloop
  endfacet
  facet normal -1.27986e-05 -0.941531 -0.336927
    outer loop
      vertex -32.9902 -13.3108 34.6831
      vertex -30.3259 -13.502 35.2173
      vertex -31.2323 -13.9055 36.3449
    endloop
  endfacet
  facet normal -5.5091e-06 -0.941519 -0.33696
    outer loop
      vertex -30.3259 -13.502 35.2173
      vertex -32.9902 -13.3108 34.6831
      vertex -32.0328 -12.9245 33.6037
    endloop
  endfacet
  facet normal -0.0909329 -0.90931 -0.406062
    outer loop
      vertex -34.0476 -11.922 31.8099
      vertex -32.9902 -13.3108 34.6831
      vertex -35.0896 -12.2661 32.8138
    endloop
  endfacet
  facet normal -0.0909164 -0.909309 -0.406068
    outer loop
      vertex -32.9902 -13.3108 34.6831
      vertex -34.0476 -11.922 31.8099
      vertex -32.0328 -12.9245 33.6037
    endloop
  endfacet
  facet normal -0.0910126 -0.909309 -0.406046
    outer loop
      vertex -36.3242 -10.7891 29.7829
      vertex -35.0896 -12.2661 32.8138
      vertex -37.4193 -11.1067 30.7396
    endloop
  endfacet
  facet normal -0.0909442 -0.909305 -0.406072
    outer loop
      vertex -35.0896 -12.2661 32.8138
      vertex -36.3242 -10.7891 29.7829
      vertex -34.0476 -11.922 31.8099
    endloop
  endfacet
  facet normal -0.0907521 -0.909401 -0.405899
    outer loop
      vertex -36.6246 -10.6396 29.5154
      vertex -37.4193 -11.1067 30.7396
      vertex -37.7192 -10.9576 30.4726
    endloop
  endfacet
  facet normal -0.0909878 -0.909322 -0.406022
    outer loop
      vertex -37.4193 -11.1067 30.7396
      vertex -36.6246 -10.6396 29.5154
      vertex -36.3242 -10.7891 29.7829
    endloop
  endfacet
  facet normal 0.515704 -0.792081 0.326585
    outer loop
      vertex -38.4413 -11.8744 29.3893
      vertex -36.6246 -10.6396 29.5154
      vertex -37.7192 -10.9576 30.4726
    endloop
  endfacet
  facet normal 0.515707 -0.792085 0.32657
    outer loop
      vertex -38.4413 -11.8744 29.3893
      vertex -37.2964 -11.4925 28.5076
      vertex -36.6246 -10.6396 29.5154
    endloop
  endfacet
  facet normal 0.515697 -0.7921 0.326549
    outer loop
      vertex -39.6801 -13.998 26.1945
      vertex -37.2964 -11.4925 28.5076
      vertex -38.4413 -11.8744 29.3893
    endloop
  endfacet
  facet normal 0.51566 -0.792111 0.32658
    outer loop
      vertex -39.0737 -14.5393 23.9241
      vertex -39.6801 -13.998 26.1945
      vertex -40.2572 -14.9873 24.7062
    endloop
  endfacet
  facet normal 0.51567 -0.792104 0.326581
    outer loop
      vertex -39.6801 -13.998 26.1945
      vertex -39.0737 -14.5393 23.9241
      vertex -37.2964 -11.4925 28.5076
    endloop
  endfacet
  facet normal 0.515672 -0.792092 0.326609
    outer loop
      vertex -40.4366 -15.2948 24.2437
      vertex -39.0737 -14.5393 23.9241
      vertex -40.2572 -14.9873 24.7062
    endloop
  endfacet
  facet normal 0.515672 -0.792125 0.326528
    outer loop
      vertex -39.0737 -14.5393 23.9241
      vertex -40.4366 -15.2948 24.2437
      vertex -39.2533 -14.8472 23.4608
    endloop
  endfacet
  facet normal -0.0152639 -0.857918 -0.51356
    outer loop
      vertex -40.4366 -15.2948 24.2437
      vertex -39.7252 -14.487 22.8731
      vertex -39.2533 -14.8472 23.4608
    endloop
  endfacet
  facet normal -0.0153254 -0.857893 -0.513599
    outer loop
      vertex -42.0321 -12.7257 20
      vertex -40.4366 -15.2948 24.2437
      vertex -43.5734 -12.8998 20.3368
    endloop
  endfacet
  facet normal -0.0157279 -0.857943 -0.513504
    outer loop
      vertex -43.6506 -12.6968 20
      vertex -43.5734 -12.8998 20.3368
      vertex -43.7324 -12.7199 20.0411
    endloop
  endfacet
  facet normal -0.0153188 -0.857907 -0.513576
    outer loop
      vertex -43.5734 -12.8998 20.3368
      vertex -43.6506 -12.6968 20
      vertex -42.0321 -12.7257 20
    endloop
  endfacet
  facet normal -0.0153505 -0.857897 -0.513592
    outer loop
      vertex -40.4366 -15.2948 24.2437
      vertex -42.0321 -12.7257 20
      vertex -39.7252 -14.487 22.8731
    endloop
  endfacet
  facet normal -0.0157045 -0.857964 -0.51347
    outer loop
      vertex -43.6506 -12.6968 20
      vertex -43.7324 -12.7199 20.0411
      vertex -43.7544 -12.6949 20
    endloop
  endfacet
  facet normal -0.171309 0.976971 0.127201
    outer loop
      vertex -43.0256 -10.4762 20
      vertex -44.2754 -10.7392 20.3368
      vertex -44.1248 -10.7449 20.5834
    endloop
  endfacet
  facet normal -0.171305 0.97697 0.127217
    outer loop
      vertex -44.2754 -10.7392 20.3368
      vertex -43.0256 -10.4762 20
      vertex -44.3972 -10.7167 20
    endloop
  endfacet
  facet normal -0.171343 0.976979 0.1271
    outer loop
      vertex -43.0256 -10.4762 20
      vertex -43.9821 -10.7502 20.8167
      vertex -42.6952 -10.4357 20.1341
    endloop
  endfacet
  facet normal -0.171408 0.976945 0.127269
    outer loop
      vertex -43.0256 -10.4762 20
      vertex -42.6952 -10.4357 20.1341
      vertex -42.7771 -10.4326 20
    endloop
  endfacet
  facet normal -0.1714 0.976977 0.127033
    outer loop
      vertex -43.9821 -10.7502 20.8167
      vertex -43.0256 -10.4762 20
      vertex -44.1248 -10.7449 20.5834
    endloop
  endfacet
  facet normal -0.327826 -0.455267 -0.827806
    outer loop
      vertex -43.9821 -10.7502 20.8167
      vertex -42.9043 -10.0413 20
      vertex -42.6952 -10.4357 20.1341
    endloop
  endfacet
  facet normal -0.327794 -0.455305 -0.827797
    outer loop
      vertex -44.6171 -9.5527 20.4095
      vertex -42.9043 -10.0413 20
      vertex -43.9821 -10.7502 20.8167
    endloop
  endfacet
  facet normal -0.328185 -0.455363 -0.82761
    outer loop
      vertex -44.6929 -9.36594 20.3368
      vertex -44.6171 -9.5527 20.4095
      vertex -44.65 -9.49064 20.3884
    endloop
  endfacet
  facet normal -0.32779 -0.455282 -0.827812
    outer loop
      vertex -44.6171 -9.5527 20.4095
      vertex -44.6929 -9.36594 20.3368
      vertex -42.9043 -10.0413 20
    endloop
  endfacet
  facet normal -0.327783 -0.455251 -0.827831
    outer loop
      vertex -42.9043 -10.0413 20
      vertex -44.6929 -9.36594 20.3368
      vertex -44.8809 -8.61814 20
    endloop
  endfacet
  facet normal 0 0.979625 0.200834
    outer loop
      vertex -45.2394 -4.65174 20.1796
      vertex -44.8814 -4.61492 20
      vertex -45.3017 -4.61492 20
    endloop
  endfacet
  facet normal 0.356821 0.469514 0.807611
    outer loop
      vertex -43.5585 -5.62039 20
      vertex -43.7229 -9.06036 22.0725
      vertex -42.4492 -8.77921 21.3463
    endloop
  endfacet
  facet normal 0.356814 0.469461 0.807645
    outer loop
      vertex -45.153 -4.98791 20.3368
      vertex -43.5585 -5.62039 20
      vertex -44.8814 -4.61492 20
    endloop
  endfacet
  facet normal 0.356827 0.469512 0.807609
    outer loop
      vertex -43.5585 -5.62039 20
      vertex -45.153 -4.98791 20.3368
      vertex -43.7229 -9.06036 22.0725
    endloop
  endfacet
  facet normal 0.356898 0.469398 0.807644
    outer loop
      vertex -45.153 -4.98791 20.3368
      vertex -44.8814 -4.61492 20
      vertex -45.2394 -4.65174 20.1796
    endloop
  endfacet
  facet normal 0.356892 0.469441 0.807622
    outer loop
      vertex -42.3696 -9.00593 21.4429
      vertex -43.4903 -9.57049 22.2663
      vertex -42.2178 -9.29045 21.5412
    endloop
  endfacet
  facet normal 0.35688 0.469415 0.807642
    outer loop
      vertex -43.6467 -9.27739 22.165
      vertex -42.3696 -9.00593 21.4429
      vertex -42.4492 -8.77921 21.3463
    endloop
  endfacet
  facet normal 0.356832 0.469527 0.807599
    outer loop
      vertex -42.3696 -9.00593 21.4429
      vertex -43.6467 -9.27739 22.165
      vertex -43.4903 -9.57049 22.2663
    endloop
  endfacet
  facet normal 0.356829 0.469497 0.807617
    outer loop
      vertex -43.6467 -9.27739 22.165
      vertex -42.4492 -8.77921 21.3463
      vertex -43.7229 -9.06036 22.0725
    endloop
  endfacet
  facet normal 0.086839 0.868578 0.487885
    outer loop
      vertex -42.2178 -9.29045 21.5412
      vertex -42.3998 -10.4333 23.6082
      vertex -41.1627 -10.1252 22.8395
    endloop
  endfacet
  facet normal 0.0868606 0.868575 0.487886
    outer loop
      vertex -42.3998 -10.4333 23.6082
      vertex -42.2178 -9.29045 21.5412
      vertex -43.4903 -9.57049 22.2663
    endloop
  endfacet
  facet normal 0.0868407 0.868565 0.487908
    outer loop
      vertex -41.1627 -10.1252 22.8395
      vertex -42.2831 -10.5256 23.7517
      vertex -41.0459 -10.2176 22.9832
    endloop
  endfacet
  facet normal 0.086903 0.868525 0.487967
    outer loop
      vertex -42.2831 -10.5256 23.7517
      vertex -41.1627 -10.1252 22.8395
      vertex -42.3998 -10.4333 23.6082
    endloop
  endfacet
  facet normal -0.452226 0.791652 -0.410827
    outer loop
      vertex -39.1362 -6.81249 27.4425
      vertex -40.4364 -7.21344 28.1011
      vertex -40.3089 -7.00651 28.3595
    endloop
  endfacet
  facet normal -0.452192 0.791731 -0.410712
    outer loop
      vertex -39.2377 -6.97722 27.2367
      vertex -40.4364 -7.21344 28.1011
      vertex -39.1362 -6.81249 27.4425
    endloop
  endfacet
  facet normal -0.452251 0.791643 -0.410818
    outer loop
      vertex -39.2377 -6.97722 27.2367
      vertex -41.4156 -8.80315 26.1157
      vertex -40.4364 -7.21344 28.1011
    endloop
  endfacet
  facet normal -0.452242 0.79164 -0.410831
    outer loop
      vertex -40.2037 -8.54556 25.278
      vertex -41.4156 -8.80315 26.1157
      vertex -39.2377 -6.97722 27.2367
    endloop
  endfacet
  facet normal -0.452246 0.791634 -0.41084
    outer loop
      vertex -40.2037 -8.54556 25.278
      vertex -42.2831 -10.5256 23.7517
      vertex -41.4156 -8.80315 26.1157
    endloop
  endfacet
  facet normal -0.452262 0.791635 -0.41082
    outer loop
      vertex -42.2831 -10.5256 23.7517
      vertex -40.2037 -8.54556 25.278
      vertex -41.0459 -10.2176 22.9832
    endloop
  endfacet
  facet normal -0.452239 0.791617 -0.410879
    outer loop
      vertex -38.9186 -6.45921 27.8837
      vertex -40.3089 -7.00651 28.3595
      vertex -40.0918 -6.6539 28.7999
    endloop
  endfacet
  facet normal -0.452235 0.791639 -0.410842
    outer loop
      vertex -40.3089 -7.00651 28.3595
      vertex -38.9186 -6.45921 27.8837
      vertex -39.1362 -6.81249 27.4425
    endloop
  endfacet
  facet normal -0.278461 -0.802838 -0.527172
    outer loop
      vertex -43.5217 -2.10687 23.6869
      vertex -38.9186 -6.45921 27.8837
      vertex -40.0918 -6.6539 28.7999
    endloop
  endfacet
  facet normal -0.278447 -0.802834 -0.527185
    outer loop
      vertex -38.9186 -6.45921 27.8837
      vertex -43.5217 -2.10687 23.6869
      vertex -42.2394 -2.05682 22.9334
    endloop
  endfacet
  facet normal -0.278495 -0.802819 -0.527183
    outer loop
      vertex -42.5238 -1.67988 22.5095
      vertex -43.5217 -2.10687 23.6869
      vertex -43.8055 -1.73052 23.2637
    endloop
  endfacet
  facet normal -0.278418 -0.802875 -0.527138
    outer loop
      vertex -43.5217 -2.10687 23.6869
      vertex -42.5238 -1.67988 22.5095
      vertex -42.2394 -2.05682 22.9334
    endloop
  endfacet
  facet normal -0.108931 -0.96217 -0.249725
    outer loop
      vertex -43.4468 -1.18386 21.001
      vertex -43.8055 -1.73052 23.2637
      vertex -44.8135 -1.18888 21.6165
    endloop
  endfacet
  facet normal -0.108932 -0.96217 -0.249725
    outer loop
      vertex -43.8055 -1.73052 23.2637
      vertex -43.4468 -1.18386 21.001
      vertex -42.5238 -1.67988 22.5095
    endloop
  endfacet
  facet normal -0.108926 -0.962172 -0.24972
    outer loop
      vertex -44.0593 -0.854719 20
      vertex -44.8135 -1.18888 21.6165
      vertex -45.5965 -0.768107 20.3368
    endloop
  endfacet
  facet normal -0.108928 -0.962169 -0.249731
    outer loop
      vertex -44.0593 -0.854719 20
      vertex -45.5965 -0.768107 20.3368
      vertex -45.7166 -0.667094 20
    endloop
  endfacet
  facet normal -0.108929 -0.962171 -0.249721
    outer loop
      vertex -44.8135 -1.18888 21.6165
      vertex -44.0593 -0.854719 20
      vertex -43.4468 -1.18386 21.001
    endloop
  endfacet
  facet normal -0.181625 0.908386 -0.376625
    outer loop
      vertex -43.6634 0.885782 20.6801
      vertex -43.7026 2.00253 23.3925
      vertex -42.4344 1.9349 22.6178
    endloop
  endfacet
  facet normal -0.18163 0.908386 -0.376625
    outer loop
      vertex -43.7026 2.00253 23.3925
      vertex -43.6634 0.885782 20.6801
      vertex -45.0711 0.834299 21.2348
    endloop
  endfacet
  facet normal -0.181636 0.908377 -0.376642
    outer loop
      vertex -44.0948 0.51753 20
      vertex -45.0711 0.834299 21.2348
      vertex -43.6634 0.885782 20.6801
    endloop
  endfacet
  facet normal -0.181619 0.908385 -0.37663
    outer loop
      vertex -45.0711 0.834299 21.2348
      vertex -44.0948 0.51753 20
      vertex -45.6407 0.348091 20.3368
    endloop
  endfacet
  facet normal -0.181623 0.908376 -0.376651
    outer loop
      vertex -45.6407 0.348091 20.3368
      vertex -44.0948 0.51753 20
      vertex -45.7273 0.235367 20.1067
    endloop
  endfacet
  facet normal -0.181623 0.908373 -0.376658
    outer loop
      vertex -45.7273 0.235367 20.1067
      vertex -44.0948 0.51753 20
      vertex -45.7675 0.183086 20
    endloop
  endfacet
  facet normal -0.181607 0.908391 -0.376623
    outer loop
      vertex -42.4344 1.9349 22.6178
      vertex -43.3598 2.29518 23.933
      vertex -42.091 2.22802 23.1592
    endloop
  endfacet
  facet normal -0.181634 0.908379 -0.376638
    outer loop
      vertex -43.3598 2.29518 23.933
      vertex -42.4344 1.9349 22.6178
      vertex -43.7026 2.00253 23.3925
    endloop
  endfacet
  facet normal 0.332181 0.815534 0.473878
    outer loop
      vertex -39.0131 -2.13345 28.5076
      vertex -39.5058 -2.8609 30.1049
      vertex -38.375 -2.76251 29.1429
    endloop
  endfacet
  facet normal 0.332218 0.815517 0.473882
    outer loop
      vertex -39.5058 -2.8609 30.1049
      vertex -39.0131 -2.13345 28.5076
      vertex -40.2246 -2.15226 29.3893
    endloop
  endfacet
  facet normal 0.332201 0.815537 0.473859
    outer loop
      vertex -39.0131 -2.13345 28.5076
      vertex -41.908 0 26.8653
      vertex -40.2246 -2.15226 29.3893
    endloop
  endfacet
  facet normal 0.332194 0.815534 0.473868
    outer loop
      vertex -40.6818 0 26.0057
      vertex -41.908 0 26.8653
      vertex -39.0131 -2.13345 28.5076
    endloop
  endfacet
  facet normal 0.332194 0.815535 0.473867
    outer loop
      vertex -40.6818 0 26.0057
      vertex -43.3598 2.29518 23.933
      vertex -41.908 0 26.8653
    endloop
  endfacet
  facet normal 0.332176 0.815531 0.473886
    outer loop
      vertex -43.3598 2.29518 23.933
      vertex -40.6818 0 26.0057
      vertex -42.091 2.22802 23.1592
    endloop
  endfacet
  facet normal 0.332206 0.815518 0.473887
    outer loop
      vertex -38.375 -2.76251 29.1429
      vertex -39.0038 -3.35574 30.6046
      vertex -37.872 -3.25836 29.6436
    endloop
  endfacet
  facet normal 0.332186 0.815529 0.473883
    outer loop
      vertex -39.0038 -3.35574 30.6046
      vertex -38.375 -2.76251 29.1429
      vertex -39.5058 -2.8609 30.1049
    endloop
  endfacet
  facet normal 0.255471 0.884436 0.390523
    outer loop
      vertex -31.4191 -7.92093 35.9823
      vertex -33.0561 -7.69866 36.5498
      vertex -32.3406 -8.16916 37.1473
    endloop
  endfacet
  facet normal 0.255464 0.884448 0.390499
    outer loop
      vertex -32.0743 -7.49004 35.435
      vertex -33.0561 -7.69866 36.5498
      vertex -31.4191 -7.92093 35.9823
    endloop
  endfacet
  facet normal 0.255464 0.884448 0.390499
    outer loop
      vertex -32.8471 -6.98187 34.7896
      vertex -33.0561 -7.69866 36.5498
      vertex -32.0743 -7.49004 35.435
    endloop
  endfacet
  facet normal 0.255453 0.884452 0.390499
    outer loop
      vertex -33.0561 -7.69866 36.5498
      vertex -32.8471 -6.98187 34.7896
      vertex -33.8288 -7.19053 35.9044
    endloop
  endfacet
  facet normal 0.255465 0.884444 0.390508
    outer loop
      vertex -35.8882 -4.72837 31.6752
      vertex -33.8288 -7.19053 35.9044
      vertex -32.8471 -6.98187 34.7896
    endloop
  endfacet
  facet normal 0.255468 0.884444 0.390506
    outer loop
      vertex -35.8882 -4.72837 31.6752
      vertex -39.0038 -3.35574 30.6046
      vertex -33.8288 -7.19053 35.9044
    endloop
  endfacet
  facet normal 0.255472 0.884446 0.3905
    outer loop
      vertex -39.0038 -3.35574 30.6046
      vertex -35.8882 -4.72837 31.6752
      vertex -37.872 -3.25836 29.6436
    endloop
  endfacet
  facet normal 0.255441 0.884461 0.390485
    outer loop
      vertex -31.3469 -7.96839 36.0425
      vertex -32.3287 -8.17697 37.1572
      vertex -31.7266 -8.50309 37.502
    endloop
  endfacet
  facet normal 0.255464 0.884453 0.390488
    outer loop
      vertex -31.3469 -7.96839 36.0425
      vertex -31.7266 -8.50309 37.502
      vertex -30.8122 -8.25802 36.3487
    endloop
  endfacet
  facet normal 0.255527 0.884407 0.39055
    outer loop
      vertex -32.3287 -8.17697 37.1572
      vertex -31.3469 -7.96839 36.0425
      vertex -32.3406 -8.16916 37.1473
    endloop
  endfacet
  facet normal 0.255619 0.884349 0.390622
    outer loop
      vertex -32.3406 -8.16916 37.1473
      vertex -31.3469 -7.96839 36.0425
      vertex -31.4191 -7.92093 35.9823
    endloop
  endfacet
  facet normal -0.344849 0.935696 -0.0745107
    outer loop
      vertex -16.8403 -2.40755 45.1886
      vertex -17.1086 -2.38583 46.7031
      vertex -16.6474 -2.32933 45.2781
    endloop
  endfacet
  facet normal -0.344706 0.935751 -0.074486
    outer loop
      vertex -16.8403 -2.40755 45.1886
      vertex -23.5968 -5.01565 43.6913
      vertex -17.1086 -2.38583 46.7031
    endloop
  endfacet
  facet normal -0.344708 0.935751 -0.074477
    outer loop
      vertex -22.9201 -4.87182 42.3664
      vertex -23.5968 -5.01565 43.6913
      vertex -16.8403 -2.40755 45.1886
    endloop
  endfacet
  facet normal -0.344691 0.935758 -0.074468
    outer loop
      vertex -23.4166 -5.07376 42.127
      vertex -23.5968 -5.01565 43.6913
      vertex -22.9201 -4.87182 42.3664
    endloop
  endfacet
  facet normal -0.344724 0.935745 -0.0744713
    outer loop
      vertex -23.5968 -5.01565 43.6913
      vertex -23.4166 -5.07376 42.127
      vertex -24.1286 -5.23196 43.435
    endloop
  endfacet
  facet normal -0.344725 0.935745 -0.0744718
    outer loop
      vertex -23.6755 -5.17907 42.0022
      vertex -24.1286 -5.23196 43.435
      vertex -23.4166 -5.07376 42.127
    endloop
  endfacet
  facet normal -0.344758 0.935732 -0.074483
    outer loop
      vertex -24.1286 -5.23196 43.435
      vertex -23.6755 -5.17907 42.0022
      vertex -24.4059 -5.34477 43.3013
    endloop
  endfacet
  facet normal -0.344719 0.935748 -0.0744584
    outer loop
      vertex -23.6755 -5.17907 42.0022
      vertex -30.1102 -7.80574 38.7824
      vertex -24.4059 -5.34477 43.3013
    endloop
  endfacet
  facet normal -0.344718 0.935748 -0.0744598
    outer loop
      vertex -29.215 -7.56894 37.6139
      vertex -30.1102 -7.80574 38.7824
      vertex -23.6755 -5.17907 42.0022
    endloop
  endfacet
  facet normal -0.344719 0.935748 -0.0744609
    outer loop
      vertex -29.215 -7.56894 37.6139
      vertex -31.7266 -8.50309 37.502
      vertex -30.1102 -7.80574 38.7824
    endloop
  endfacet
  facet normal -0.344719 0.935747 -0.0744707
    outer loop
      vertex -31.7266 -8.50309 37.502
      vertex -29.215 -7.56894 37.6139
      vertex -30.8122 -8.25802 36.3487
    endloop
  endfacet
  facet normal -0.3447 0.935755 -0.0744598
    outer loop
      vertex -15.7208 -1.95377 45.7083
      vertex -17.1086 -2.38583 46.7031
      vertex -16.1849 -2.01145 47.1319
    endloop
  endfacet
  facet normal -0.3447 0.935755 -0.0744601
    outer loop
      vertex -17.1086 -2.38583 46.7031
      vertex -15.7208 -1.95377 45.7083
      vertex -16.6474 -2.32933 45.2781
    endloop
  endfacet
  facet normal -0.950506 0.0375974 -0.308423
    outer loop
      vertex -15.033 9.11497 44.9304
      vertex -15.4582 9.57114 46.2964
      vertex -15.0166 9.27938 44.8999
    endloop
  endfacet
  facet normal -0.95053 0.0374149 -0.30837
    outer loop
      vertex -15.033 9.11497 44.9304
      vertex -15.584 8.30625 46.5307
      vertex -15.4582 9.57114 46.2964
    endloop
  endfacet
  facet normal -0.950526 0.0373741 -0.308389
    outer loop
      vertex -15.2636 6.79581 45.3601
      vertex -15.584 8.30625 46.5307
      vertex -15.033 9.11497 44.9304
    endloop
  endfacet
  facet normal -0.950512 0.0374072 -0.308428
    outer loop
      vertex -15.584 8.30625 46.5307
      vertex -15.2636 6.79581 45.3601
      vertex -15.7143 6.99644 46.7734
    endloop
  endfacet
  facet normal -0.950518 0.0373351 -0.308419
    outer loop
      vertex -15.2636 6.79581 45.3601
      vertex -15.7799 6.10945 46.8682
      vertex -15.7143 6.99644 46.7734
    endloop
  endfacet
  facet normal -0.950534 0.0375002 -0.30835
    outer loop
      vertex -15.3282 5.92389 45.4532
      vertex -15.7799 6.10945 46.8682
      vertex -15.2636 6.79581 45.3601
    endloop
  endfacet
  facet normal -0.950542 0.0373926 -0.308338
    outer loop
      vertex -15.5224 3.29938 45.7336
      vertex -15.7799 6.10945 46.8682
      vertex -15.3282 5.92389 45.4532
    endloop
  endfacet
  facet normal -0.950545 0.0373881 -0.308328
    outer loop
      vertex -15.7799 6.10945 46.8682
      vertex -15.5224 3.29938 45.7336
      vertex -15.9806 3.39679 47.158
    endloop
  endfacet
  facet normal -0.95055 0.0372945 -0.308323
    outer loop
      vertex -15.5448 2.82849 45.7457
      vertex -15.9806 3.39679 47.158
      vertex -15.5224 3.29938 45.7336
    endloop
  endfacet
  facet normal -0.950536 0.0373875 -0.308356
    outer loop
      vertex -15.5448 2.82849 45.7457
      vertex -16.1239 0.388607 47.235
      vertex -15.9806 3.39679 47.158
    endloop
  endfacet
  facet normal -0.950535 0.0373848 -0.30836
    outer loop
      vertex -15.6795 0 45.818
      vertex -16.1239 0.388607 47.235
      vertex -15.5448 2.82849 45.7457
    endloop
  endfacet
  facet normal -0.950506 0.0376371 -0.30842
    outer loop
      vertex -15.6795 0 45.818
      vertex -16.1425 0 47.2449
      vertex -16.1239 0.388607 47.235
    endloop
  endfacet
  facet normal -0.950517 0.0373077 -0.308424
    outer loop
      vertex -15.6795 0 45.818
      vertex -16.151 -0.404222 47.2222
      vertex -16.1425 0 47.2449
    endloop
  endfacet
  facet normal -0.950522 0.0374085 -0.308396
    outer loop
      vertex -15.7208 -1.95377 45.7083
      vertex -16.151 -0.404222 47.2222
      vertex -15.6795 0 45.818
    endloop
  endfacet
  facet normal -0.950534 0.0373739 -0.308364
    outer loop
      vertex -16.151 -0.404222 47.2222
      vertex -15.7208 -1.95377 45.7083
      vertex -16.1849 -2.01145 47.1319
    endloop
  endfacet
  facet normal -0.950532 0.0373857 -0.308367
    outer loop
      vertex -14.9623 9.82597 44.7987
      vertex -15.4582 9.57114 46.2964
      vertex -15.404 10.1161 46.1954
    endloop
  endfacet
  facet normal -0.950532 0.0373337 -0.308376
    outer loop
      vertex -15.4582 9.57114 46.2964
      vertex -14.9623 9.82597 44.7987
      vertex -15.0166 9.27938 44.8999
    endloop
  endfacet
  facet normal -0.37034 -0.925847 0.0752036
    outer loop
      vertex -17.4323 10.8502 45.2447
      vertex -14.9623 9.82597 44.7987
      vertex -15.404 10.1161 46.1954
    endloop
  endfacet
  facet normal -0.370367 -0.925838 0.0751859
    outer loop
      vertex -20.9283 11.9854 42.0022
      vertex -17.4323 10.8502 45.2447
      vertex -21.5785 12.351 43.3013
    endloop
  endfacet
  facet normal -0.370348 -0.925847 0.0751621
    outer loop
      vertex -17.4323 10.8502 45.2447
      vertex -20.9283 11.9854 42.0022
      vertex -14.9623 9.82597 44.7987
    endloop
  endfacet
  facet normal -0.370342 -0.925847 0.0752008
    outer loop
      vertex -24.2066 13.2408 41.3136
      vertex -20.9283 11.9854 42.0022
      vertex -21.5785 12.351 43.3013
    endloop
  endfacet
  facet normal -0.37034 -0.925852 0.0751406
    outer loop
      vertex -23.4835 12.8506 40.0696
      vertex -24.2066 13.2408 41.3136
      vertex -25.7476 13.7626 40.148
    endloop
  endfacet
  facet normal -0.370333 -0.925855 0.0751452
    outer loop
      vertex -24.2066 13.2408 41.3136
      vertex -23.4835 12.8506 40.0696
      vertex -20.9283 11.9854 42.0022
    endloop
  endfacet
  facet normal -0.37034 -0.925853 0.0751359
    outer loop
      vertex -23.4835 12.8506 40.0696
      vertex -25.7476 13.7626 40.148
      vertex -24.9905 13.3609 38.9298
    endloop
  endfacet
  facet normal -0.370351 -0.925849 0.075128
    outer loop
      vertex -26.2254 13.9244 39.7866
      vertex -24.9905 13.3609 38.9298
      vertex -25.7476 13.7626 40.148
    endloop
  endfacet
  facet normal -0.370318 -0.925858 0.0751805
    outer loop
      vertex -24.9905 13.3609 38.9298
      vertex -26.2254 13.9244 39.7866
      vertex -25.4696 13.5231 38.5674
    endloop
  endfacet
  facet normal -0.724262 -0.647963 -0.235773
    outer loop
      vertex -25.4696 13.5231 38.5674
      vertex -26.8061 14.827 39.0895
      vertex -26.0324 14.398 37.8918
    endloop
  endfacet
  facet normal -0.72426 -0.647994 -0.235692
    outer loop
      vertex -26.8061 14.827 39.0895
      vertex -25.4696 13.5231 38.5674
      vertex -26.2254 13.9244 39.7866
    endloop
  endfacet
  facet normal -0.723822 -0.648667 -0.235185
    outer loop
      vertex -26.0324 14.398 37.8918
      vertex -26.8397 14.8792 39.0492
      vertex -26.0662 14.4504 37.8513
    endloop
  endfacet
  facet normal -0.724181 -0.648088 -0.235676
    outer loop
      vertex -26.8397 14.8792 39.0492
      vertex -26.0324 14.398 37.8918
      vertex -26.8061 14.827 39.0895
    endloop
  endfacet
  facet normal 0.494819 -0.666149 0.558032
    outer loop
      vertex -28.0699 12.4975 37.2969
      vertex -26.8397 14.8792 39.0492
      vertex -28.9029 12.8684 38.4783
    endloop
  endfacet
  facet normal 0.494866 -0.666145 0.557995
    outer loop
      vertex -26.8397 14.8792 39.0492
      vertex -28.0699 12.4975 37.2969
      vertex -26.0662 14.4504 37.8513
    endloop
  endfacet
  facet normal 0.494837 -0.666145 0.558021
    outer loop
      vertex -30.8998 9.34459 36.0425
      vertex -28.9029 12.8684 38.4783
      vertex -31.8833 9.54778 37.1572
    endloop
  endfacet
  facet normal 0.49483 -0.666125 0.55805
    outer loop
      vertex -32.1788 7.72472 35.2431
      vertex -31.8833 9.54778 37.1572
      vertex -33.1597 7.93133 36.3595
    endloop
  endfacet
  facet normal 0.494823 -0.666145 0.558033
    outer loop
      vertex -28.9029 12.8684 38.4783
      vertex -30.8998 9.34459 36.0425
      vertex -28.0699 12.4975 37.2969
    endloop
  endfacet
  facet normal 0.494834 -0.666132 0.558039
    outer loop
      vertex -32.7771 6.96699 34.8691
      vertex -33.1597 7.93133 36.3595
      vertex -33.7567 7.17521 35.9863
    endloop
  endfacet
  facet normal 0.494811 -0.666161 0.558024
    outer loop
      vertex -32.7771 6.96699 34.8691
      vertex -33.7567 7.17521 35.9863
      vertex -34.2244 6.46242 35.5501
    endloop
  endfacet
  facet normal 0.49486 -0.666115 0.558036
    outer loop
      vertex -31.8833 9.54778 37.1572
      vertex -32.1788 7.72472 35.2431
      vertex -30.8998 9.34459 36.0425
    endloop
  endfacet
  facet normal 0.494817 -0.666143 0.558041
    outer loop
      vertex -33.1597 7.93133 36.3595
      vertex -32.7771 6.96699 34.8691
      vertex -32.1788 7.72472 35.2431
    endloop
  endfacet
  facet normal 0.494808 -0.66618 0.558004
    outer loop
      vertex -32.7771 6.96699 34.8691
      vertex -34.2244 6.46242 35.5501
      vertex -33.2206 6.29114 34.4555
    endloop
  endfacet
  facet normal 0.49484 -0.666137 0.558027
    outer loop
      vertex -34.5642 5.94453 35.2332
      vertex -33.2206 6.29114 34.4555
      vertex -34.2244 6.46242 35.5501
    endloop
  endfacet
  facet normal 0.494866 -0.666047 0.558112
    outer loop
      vertex -33.2206 6.29114 34.4555
      vertex -34.5642 5.94453 35.2332
      vertex -33.5611 5.77202 34.1379
    endloop
  endfacet
  facet normal 0.103246 -0.96367 0.246334
    outer loop
      vertex -34.5642 5.94453 35.2332
      vertex -35.9793 4.85382 31.5594
      vertex -33.5611 5.77202 34.1379
    endloop
  endfacet
  facet normal 0.103245 -0.96367 0.246334
    outer loop
      vertex -38.7441 4.35738 30.7761
      vertex -35.9793 4.85382 31.5594
      vertex -34.5642 5.94453 35.2332
    endloop
  endfacet
  facet normal 0.103246 -0.963671 0.246329
    outer loop
      vertex -35.9793 4.85382 31.5594
      vertex -38.7441 4.35738 30.7761
      vertex -37.6112 4.23421 29.8194
    endloop
  endfacet
  facet normal 0.103301 -0.963655 0.246369
    outer loop
      vertex -37.8902 4.12824 29.5218
      vertex -38.7441 4.35738 30.7761
      vertex -39.0226 4.25162 30.4792
    endloop
  endfacet
  facet normal 0.103257 -0.963667 0.246341
    outer loop
      vertex -38.7441 4.35738 30.7761
      vertex -37.8902 4.12824 29.5218
      vertex -37.6112 4.23421 29.8194
    endloop
  endfacet
  facet normal -0.383818 0.742038 -0.549604
    outer loop
      vertex -35.175 7.47669 32.1464
      vertex -34.2518 9.75063 34.5718
      vertex -33.2702 9.45481 33.4869
    endloop
  endfacet
  facet normal -0.38383 0.742036 -0.549597
    outer loop
      vertex -34.2518 9.75063 34.5718
      vertex -35.175 7.47669 32.1464
      vertex -36.2263 7.70014 33.1823
    endloop
  endfacet
  facet normal -0.383832 0.742033 -0.549599
    outer loop
      vertex -36.6043 5.71405 30.7648
      vertex -36.2263 7.70014 33.1823
      vertex -35.175 7.47669 32.1464
    endloop
  endfacet
  facet normal -0.383827 0.742035 -0.549601
    outer loop
      vertex -36.6043 5.71405 30.7648
      vertex -39.0226 4.25162 30.4792
      vertex -36.2263 7.70014 33.1823
    endloop
  endfacet
  facet normal -0.383824 0.742032 -0.549607
    outer loop
      vertex -39.0226 4.25162 30.4792
      vertex -36.6043 5.71405 30.7648
      vertex -37.8902 4.12824 29.5218
    endloop
  endfacet
  facet normal -0.383749 0.742091 -0.549579
    outer loop
      vertex -33.0506 9.68283 33.6414
      vertex -33.8567 10.1609 34.8498
      vertex -32.8742 9.86603 33.7656
    endloop
  endfacet
  facet normal -0.383756 0.742086 -0.549582
    outer loop
      vertex -33.8567 10.1609 34.8498
      vertex -33.0506 9.68283 33.6414
      vertex -34.0589 9.95095 34.7075
    endloop
  endfacet
  facet normal -0.383805 0.742036 -0.549615
    outer loop
      vertex -33.2702 9.45481 33.4869
      vertex -34.0589 9.95095 34.7075
      vertex -33.0506 9.68283 33.6414
    endloop
  endfacet
  facet normal -0.383871 0.741985 -0.549637
    outer loop
      vertex -34.0589 9.95095 34.7075
      vertex -33.2702 9.45481 33.4869
      vertex -34.2518 9.75063 34.5718
    endloop
  endfacet
  facet normal -0.669691 0.287035 -0.684927
    outer loop
      vertex -32.8742 9.86603 33.7656
      vertex -32.9646 12.5422 34.9755
      vertex -32.0099 12.1732 33.8874
    endloop
  endfacet
  facet normal -0.669685 0.287037 -0.684932
    outer loop
      vertex -32.9646 12.5422 34.9755
      vertex -32.8742 9.86603 33.7656
      vertex -33.8567 10.1609 34.8498
    endloop
  endfacet
  facet normal -0.66967 0.287085 -0.684926
    outer loop
      vertex -32.9646 12.5422 34.9755
      vertex -31.9502 12.3325 33.8958
      vertex -32.0099 12.1732 33.8874
    endloop
  endfacet
  facet normal -0.669653 0.287139 -0.684921
    outer loop
      vertex -31.9502 12.3325 33.8958
      vertex -32.9646 12.5422 34.9755
      vertex -32.9051 12.701 34.9839
    endloop
  endfacet
  facet normal -0.113727 -0.967066 0.227705
    outer loop
      vertex -35.1603 12.4247 32.6841
      vertex -31.9502 12.3325 33.8958
      vertex -32.9051 12.701 34.9839
    endloop
  endfacet
  facet normal -0.11377 -0.967063 0.227695
    outer loop
      vertex -34.6304 12.0041 31.1625
      vertex -35.1603 12.4247 32.6841
      vertex -35.6713 12.3621 32.1629
    endloop
  endfacet
  facet normal -0.113723 -0.967069 0.227695
    outer loop
      vertex -35.1603 12.4247 32.6841
      vertex -34.1124 12.0676 31.6908
      vertex -31.9502 12.3325 33.8958
    endloop
  endfacet
  facet normal -0.113699 -0.967066 0.22772
    outer loop
      vertex -35.1603 12.4247 32.6841
      vertex -34.6304 12.0041 31.1625
      vertex -34.1124 12.0676 31.6908
    endloop
  endfacet
  facet normal -0.113931 -0.967071 0.227581
    outer loop
      vertex -34.8159 11.9814 30.9734
      vertex -35.6713 12.3621 32.1629
      vertex -35.8564 12.3395 31.9742
    endloop
  endfacet
  facet normal -0.113771 -0.967064 0.227694
    outer loop
      vertex -35.6713 12.3621 32.1629
      vertex -34.8159 11.9814 30.9734
      vertex -34.6304 12.0041 31.1625
    endloop
  endfacet
  facet normal 0.227204 -0.817786 0.528776
    outer loop
      vertex -37.5462 9.82834 28.8166
      vertex -35.8564 12.3395 31.9742
      vertex -38.6749 10.1168 29.7477
    endloop
  endfacet
  facet normal 0.227168 -0.817785 0.528794
    outer loop
      vertex -35.8564 12.3395 31.9742
      vertex -37.5462 9.82834 28.8166
      vertex -34.8159 11.9814 30.9734
    endloop
  endfacet
  facet normal 0.227028 -0.817893 0.528687
    outer loop
      vertex -37.7539 9.66451 28.6525
      vertex -38.6749 10.1168 29.7477
      vertex -38.8823 9.95335 29.5839
    endloop
  endfacet
  facet normal 0.227234 -0.817759 0.528805
    outer loop
      vertex -38.6749 10.1168 29.7477
      vertex -37.7539 9.66451 28.6525
      vertex -37.5462 9.82834 28.8166
    endloop
  endfacet
  facet normal -0.452402 0.53463 -0.713795
    outer loop
      vertex -37.7539 9.66451 28.6525
      vertex -36.5382 13.5867 30.8197
      vertex -35.4836 13.1835 29.8493
    endloop
  endfacet
  facet normal -0.452352 0.534632 -0.713825
    outer loop
      vertex -36.5382 13.5867 30.8197
      vertex -37.7539 9.66451 28.6525
      vertex -38.8823 9.95335 29.5839
    endloop
  endfacet
  facet normal -0.452331 0.53471 -0.71378
    outer loop
      vertex -35.4836 13.1835 29.8493
      vertex -36.3523 13.8747 30.9176
      vertex -35.2974 13.4721 29.9475
    endloop
  endfacet
  facet normal -0.452389 0.534649 -0.713788
    outer loop
      vertex -36.3523 13.8747 30.9176
      vertex -35.4836 13.1835 29.8493
      vertex -36.5382 13.5867 30.8197
    endloop
  endfacet
  facet normal -0.0363631 0.908388 -0.416544
    outer loop
      vertex -32.8056 14.606 32.2028
      vertex -32.0306 15.7182 34.5606
      vertex -31.1118 15.258 33.4768
    endloop
  endfacet
  facet normal -0.0363652 0.908388 -0.416544
    outer loop
      vertex -32.0306 15.7182 34.5606
      vertex -32.8056 14.606 32.2028
      vertex -33.786 15.0425 33.2403
    endloop
  endfacet
  facet normal -0.0363526 0.908393 -0.416534
    outer loop
      vertex -34.832 13.6839 30.3687
      vertex -33.786 15.0425 33.2403
      vertex -32.8056 14.606 32.2028
    endloop
  endfacet
  facet normal -0.0363741 0.908395 -0.416527
    outer loop
      vertex -33.786 15.0425 33.2403
      vertex -34.832 13.6839 30.3687
      vertex -35.8979 14.0815 31.3289
    endloop
  endfacet
  facet normal -0.0364041 0.908382 -0.416555
    outer loop
      vertex -35.2974 13.4721 29.9475
      vertex -35.8979 14.0815 31.3289
      vertex -34.832 13.6839 30.3687
    endloop
  endfacet
  facet normal -0.0363766 0.908387 -0.416545
    outer loop
      vertex -35.8979 14.0815 31.3289
      vertex -35.2974 13.4721 29.9475
      vertex -36.3523 13.8747 30.9176
    endloop
  endfacet
  facet normal -0.0363413 0.908408 -0.416502
    outer loop
      vertex -31.1118 15.258 33.4768
      vertex -31.6902 15.8492 34.8167
      vertex -30.7706 15.3893 33.7334
    endloop
  endfacet
  facet normal -0.0362638 0.908424 -0.416475
    outer loop
      vertex -31.6902 15.8492 34.8167
      vertex -31.1118 15.258 33.4768
      vertex -32.0306 15.7182 34.5606
    endloop
  endfacet
  facet normal -0.197777 0.830621 -0.520531
    outer loop
      vertex -30.7706 15.3893 33.7334
      vertex -28.8358 17.6342 36.5805
      vertex -28.005 17.1188 35.4424
    endloop
  endfacet
  facet normal -0.197785 0.830622 -0.520526
    outer loop
      vertex -28.8358 17.6342 36.5805
      vertex -30.7706 15.3893 33.7334
      vertex -31.6902 15.8492 34.8167
    endloop
  endfacet
  facet normal -0.197675 0.830661 -0.520506
    outer loop
      vertex -28.005 17.1188 35.4424
      vertex -28.6459 17.753 36.6979
      vertex -27.8146 17.2378 35.56
    endloop
  endfacet
  facet normal -0.197808 0.830605 -0.520546
    outer loop
      vertex -28.6459 17.753 36.6979
      vertex -28.005 17.1188 35.4424
      vertex -28.8358 17.6342 36.5805
    endloop
  endfacet
  facet normal -0.724176 -0.648113 -0.235622
    outer loop
      vertex -28.4282 18.3691 34.3349
      vertex -29.3887 19.1224 35.2149
      vertex -28.5344 18.5648 34.123
    endloop
  endfacet
  facet normal -0.724131 -0.648212 -0.235489
    outer loop
      vertex -29.3887 19.1224 35.2149
      vertex -28.4282 18.3691 34.3349
      vertex -29.2911 18.9426 35.4097
    endloop
  endfacet
  facet normal -0.724237 -0.648027 -0.235672
    outer loop
      vertex -27.8146 17.2378 35.56
      vertex -29.2911 18.9426 35.4097
      vertex -28.4282 18.3691 34.3349
    endloop
  endfacet
  facet normal -0.724233 -0.648026 -0.23569
    outer loop
      vertex -29.2911 18.9426 35.4097
      vertex -27.8146 17.2378 35.56
      vertex -28.6459 17.753 36.6979
    endloop
  endfacet
  facet normal -0.72447 -0.647604 -0.236121
    outer loop
      vertex -28.5344 18.5648 34.123
      vertex -29.4357 19.2092 35.121
      vertex -28.5815 18.6518 34.0289
    endloop
  endfacet
  facet normal -0.724446 -0.647649 -0.23607
    outer loop
      vertex -29.4357 19.2092 35.121
      vertex -28.5344 18.5648 34.123
      vertex -29.3887 19.1224 35.2149
    endloop
  endfacet
  facet normal -0.0848919 -0.912804 0.399478
    outer loop
      vertex -35.3236 16.8625 28.5076
      vertex -29.4357 19.2092 35.121
      vertex -36.4347 17.3517 29.3893
    endloop
  endfacet
  facet normal -0.0850393 -0.912826 0.399396
    outer loop
      vertex -35.6147 16.743 28.1727
      vertex -36.4347 17.3517 29.3893
      vertex -36.7013 17.2423 29.0825
    endloop
  endfacet
  facet normal -0.084898 -0.912801 0.399483
    outer loop
      vertex -29.4357 19.2092 35.121
      vertex -35.3236 16.8625 28.5076
      vertex -28.5815 18.6518 34.0289
    endloop
  endfacet
  facet normal -0.0848821 -0.9128 0.399489
    outer loop
      vertex -36.4347 17.3517 29.3893
      vertex -35.6147 16.743 28.1727
      vertex -35.3236 16.8625 28.5076
    endloop
  endfacet
  facet normal -0.0849491 -0.912802 0.399471
    outer loop
      vertex -36.0247 16.5746 27.7009
      vertex -36.9537 17.1386 28.7921
      vertex -37.1105 17.0742 28.6116
    endloop
  endfacet
  facet normal -0.0848551 -0.91278 0.39954
    outer loop
      vertex -35.6147 16.743 28.1727
      vertex -36.9537 17.1386 28.7921
      vertex -36.0247 16.5746 27.7009
    endloop
  endfacet
  facet normal -0.0847989 -0.912743 0.399637
    outer loop
      vertex -36.9537 17.1386 28.7921
      vertex -35.6147 16.743 28.1727
      vertex -36.7013 17.2423 29.0825
    endloop
  endfacet
  facet normal 0.382106 -0.538515 0.750997
    outer loop
      vertex -37.1105 17.0742 28.6116
      vertex -36.3367 16.1782 27.5754
      vertex -36.0247 16.5746 27.7009
    endloop
  endfacet
  facet normal 0.382073 -0.538541 0.750995
    outer loop
      vertex -37.432 16.6658 28.4823
      vertex -36.3367 16.1782 27.5754
      vertex -37.1105 17.0742 28.6116
    endloop
  endfacet
  facet normal 0.382137 -0.538454 0.751025
    outer loop
      vertex -38.2126 15.3193 27.9141
      vertex -36.3367 16.1782 27.5754
      vertex -37.432 16.6658 28.4823
    endloop
  endfacet
  facet normal 0.38214 -0.538464 0.751017
    outer loop
      vertex -38.2126 15.3193 27.9141
      vertex -39.0791 11.4475 25.579
      vertex -36.3367 16.1782 27.5754
    endloop
  endfacet
  facet normal 0.382141 -0.538464 0.751016
    outer loop
      vertex -41.265 10.0538 25.692
      vertex -39.0791 11.4475 25.579
      vertex -38.2126 15.3193 27.9141
    endloop
  endfacet
  facet normal 0.382132 -0.538449 0.751031
    outer loop
      vertex -39.0791 11.4475 25.579
      vertex -41.265 10.0538 25.692
      vertex -40.0471 9.77774 24.8744
    endloop
  endfacet
  facet normal 0.382135 -0.538444 0.751033
    outer loop
      vertex -41.265 10.0538 25.692
      vertex -40.386 9.19312 24.6277
      vertex -40.0471 9.77774 24.8744
    endloop
  endfacet
  facet normal 0.382094 -0.53848 0.751028
    outer loop
      vertex -40.386 9.19312 24.6277
      vertex -41.265 10.0538 25.692
      vertex -41.6033 9.47023 25.4457
    endloop
  endfacet
  facet normal 0.027481 -0.933656 0.357116
    outer loop
      vertex -41.1846 8.75406 23.5411
      vertex -41.6033 9.47023 25.4457
      vertex -42.426 9.01793 24.3265
    endloop
  endfacet
  facet normal 0.0274259 -0.933661 0.357106
    outer loop
      vertex -41.6033 9.47023 25.4457
      vertex -41.1846 8.75406 23.5411
      vertex -40.386 9.19312 24.6277
    endloop
  endfacet
  facet normal 0.0274429 -0.933657 0.357115
    outer loop
      vertex -42.5231 7.88826 21.3805
      vertex -42.426 9.01793 24.3265
      vertex -43.8111 8.12197 22.0905
    endloop
  endfacet
  facet normal 0.0274793 -0.933657 0.357113
    outer loop
      vertex -42.426 9.01793 24.3265
      vertex -42.5231 7.88826 21.3805
      vertex -41.1846 8.75406 23.5411
    endloop
  endfacet
  facet normal 0.0274446 -0.933661 0.357106
    outer loop
      vertex -42.7218 7.75973 21.0597
      vertex -43.8111 8.12197 22.0905
      vertex -44.0095 7.99363 21.7702
    endloop
  endfacet
  facet normal 0.0274274 -0.933667 0.35709
    outer loop
      vertex -43.8111 8.12197 22.0905
      vertex -42.7218 7.75973 21.0597
      vertex -42.5231 7.88826 21.3805
    endloop
  endfacet
  facet normal -0.28442 0.629811 -0.722802
    outer loop
      vertex -42.1295 8.9549 21.868
      vertex -41.4206 12.1025 24.3317
      vertex -40.218 11.7347 23.538
    endloop
  endfacet
  facet normal -0.28443 0.629798 -0.72281
    outer loop
      vertex -43.3994 9.22482 22.6029
      vertex -42.1295 8.9549 21.868
      vertex -42.7218 7.75973 21.0597
    endloop
  endfacet
  facet normal -0.284423 0.629811 -0.722801
    outer loop
      vertex -42.1295 8.9549 21.868
      vertex -43.3994 9.22482 22.6029
      vertex -41.4206 12.1025 24.3317
    endloop
  endfacet
  facet normal -0.284418 0.629803 -0.72281
    outer loop
      vertex -43.3994 9.22482 22.6029
      vertex -42.7218 7.75973 21.0597
      vertex -44.0095 7.99363 21.7702
    endloop
  endfacet
  facet normal -0.284332 0.629879 -0.722778
    outer loop
      vertex -40.218 11.7347 23.538
      vertex -41.1166 12.5446 24.5973
      vertex -39.9135 12.1775 23.8041
    endloop
  endfacet
  facet normal -0.28442 0.629812 -0.722802
    outer loop
      vertex -41.1166 12.5446 24.5973
      vertex -40.218 11.7347 23.538
      vertex -41.4206 12.1025 24.3317
    endloop
  endfacet
  facet normal -0.367115 0.496598 -0.786522
    outer loop
      vertex -37.4392 16.669 25.4853
      vertex -38.1394 17.7344 26.4848
      vertex -37.0345 17.201 25.6323
    endloop
  endfacet
  facet normal -0.367073 0.496626 -0.786524
    outer loop
      vertex -37.4392 16.669 25.4853
      vertex -38.5677 17.1714 26.3292
      vertex -38.1394 17.7344 26.4848
    endloop
  endfacet
  facet normal -0.367075 0.496624 -0.786524
    outer loop
      vertex -39.4234 13.0672 24.1371
      vertex -38.5677 17.1714 26.3292
      vertex -37.4392 16.669 25.4853
    endloop
  endfacet
  facet normal -0.367071 0.496595 -0.786545
    outer loop
      vertex -40.9418 12.8619 24.7161
      vertex -39.4234 13.0672 24.1371
      vertex -39.9135 12.1775 23.8041
    endloop
  endfacet
  facet normal -0.367068 0.496625 -0.786527
    outer loop
      vertex -39.4234 13.0672 24.1371
      vertex -40.9418 12.8619 24.7161
      vertex -38.5677 17.1714 26.3292
    endloop
  endfacet
  facet normal -0.367008 0.496667 -0.786528
    outer loop
      vertex -40.9418 12.8619 24.7161
      vertex -39.9135 12.1775 23.8041
      vertex -41.1166 12.5446 24.5973
    endloop
  endfacet
  facet normal -0.367025 0.496673 -0.786516
    outer loop
      vertex -37.0345 17.201 25.6323
      vertex -37.7847 18.2009 26.6138
      vertex -36.679 17.6683 25.7615
    endloop
  endfacet
  facet normal -0.367101 0.496616 -0.786517
    outer loop
      vertex -37.7847 18.2009 26.6138
      vertex -37.0345 17.201 25.6323
      vertex -38.1394 17.7344 26.4848
    endloop
  endfacet
  facet normal -0.328763 -0.931508 0.155589
    outer loop
      vertex -39.0933 18.3163 24.5396
      vertex -36.679 17.6683 25.7615
      vertex -37.7847 18.2009 26.6138
    endloop
  endfacet
  facet normal -0.328763 -0.931508 0.155591
    outer loop
      vertex -36.679 17.6683 25.7615
      vertex -39.0933 18.3163 24.5396
      vertex -37.9457 17.78 23.7537
    endloop
  endfacet
  facet normal -0.328785 -0.931505 0.155558
    outer loop
      vertex -39.2102 18.3266 24.3542
      vertex -37.9457 17.78 23.7537
      vertex -39.0933 18.3163 24.5396
    endloop
  endfacet
  facet normal -0.328652 -0.931506 0.155838
    outer loop
      vertex -37.9457 17.78 23.7537
      vertex -39.2102 18.3266 24.3542
      vertex -38.0629 17.7903 23.5681
    endloop
  endfacet
  facet normal 0.0674813 -0.77566 0.627533
    outer loop
      vertex -38.7589 17.2566 22.9831
      vertex -39.2102 18.3266 24.3542
      vertex -39.9272 17.7767 23.7516
    endloop
  endfacet
  facet normal 0.0673664 -0.775685 0.627515
    outer loop
      vertex -39.2102 18.3266 24.3542
      vertex -38.7589 17.2566 22.9831
      vertex -38.0629 17.7903 23.5681
    endloop
  endfacet
  facet normal 0.0674939 -0.775673 0.627515
    outer loop
      vertex -40.0426 15.9804 21.5436
      vertex -39.9272 17.7767 23.7516
      vertex -41.5606 16.1529 21.9201
    endloop
  endfacet
  facet normal 0.0674646 -0.775674 0.627517
    outer loop
      vertex -39.9272 17.7767 23.7516
      vertex -40.0426 15.9804 21.5436
      vertex -38.7589 17.2566 22.9831
    endloop
  endfacet
  facet normal 0.0675042 -0.775648 0.627545
    outer loop
      vertex -40.0426 15.9804 21.5436
      vertex -41.5606 16.1529 21.9201
      vertex -40.3377 15.687 21.2127
    endloop
  endfacet
  facet normal 0.0674424 -0.77569 0.6275
    outer loop
      vertex -40.5572 15.4688 20.9666
      vertex -41.5606 16.1529 21.9201
      vertex -41.7798 15.935 21.6743
    endloop
  endfacet
  facet normal 0.0674905 -0.775662 0.62753
    outer loop
      vertex -41.5606 16.1529 21.9201
      vertex -40.5572 15.4688 20.9666
      vertex -40.3377 15.687 21.2127
    endloop
  endfacet
  facet normal 0.383281 -0.313635 0.868752
    outer loop
      vertex -41.7798 15.935 21.6743
      vertex -40.9007 14.6676 20.8289
      vertex -40.5572 15.4688 20.9666
    endloop
  endfacet
  facet normal 0.383314 -0.313608 0.868746
    outer loop
      vertex -40.9007 14.6676 20.8289
      vertex -41.7798 15.935 21.6743
      vertex -42.1348 15.1069 21.532
    endloop
  endfacet
  facet normal 0.383434 -0.31334 0.86879
    outer loop
      vertex -42.1348 15.1069 21.532
      vertex -40.9399 14.5761 20.8132
      vertex -40.9007 14.6676 20.8289
    endloop
  endfacet
  facet normal 0.383466 -0.313279 0.868798
    outer loop
      vertex -40.9399 14.5761 20.8132
      vertex -42.1348 15.1069 21.532
      vertex -42.1739 15.0155 21.5163
    endloop
  endfacet
  facet normal 0.131038 -0.720904 0.680534
    outer loop
      vertex -41.7267 13.6654 20
      vertex -42.1739 15.0155 21.5163
      vertex -43.3152 13.6946 20.3368
    endloop
  endfacet
  facet normal 0.131038 -0.720905 0.680533
    outer loop
      vertex -41.7267 13.6654 20
      vertex -43.3152 13.6946 20.3368
      vertex -43.5466 13.3346 20
    endloop
  endfacet
  facet normal 0.131054 -0.7209 0.680535
    outer loop
      vertex -42.1739 15.0155 21.5163
      vertex -41.7267 13.6654 20
      vertex -40.9399 14.5761 20.8132
    endloop
  endfacet
  facet normal 0.58942 0.63848 0.4949
    outer loop
      vertex -40.3257 19.7742 20
      vertex -40.8723 20.2788 20
      vertex -40.8878 20.046 20.3188
    endloop
  endfacet
  facet normal 0.589351 0.638577 0.494859
    outer loop
      vertex -40.3257 19.7742 20
      vertex -40.8887 20.0328 20.3368
      vertex -40.8469 19.7636 20.6344
    endloop
  endfacet
  facet normal 0.58936 0.638562 0.494866
    outer loop
      vertex -40.3257 19.7742 20
      vertex -40.8469 19.7636 20.6344
      vertex -39.7274 19.222 20
    endloop
  endfacet
  facet normal 0.589643 0.636962 0.496588
    outer loop
      vertex -40.8887 20.0328 20.3368
      vertex -40.3257 19.7742 20
      vertex -40.8878 20.046 20.3188
    endloop
  endfacet
  facet normal -1.7078e-05 0.760527 -0.649306
    outer loop
      vertex -34.8226 22.7522 24.1345
      vertex -36.9537 22.6392 24.0022
      vertex -35.8722 23.438 24.9378
    endloop
  endfacet
  facet normal -1.42305e-05 0.760505 -0.649333
    outer loop
      vertex -39.602 19.222 20
      vertex -36.9537 22.6392 24.0022
      vertex -34.8226 22.7522 24.1345
    endloop
  endfacet
  facet normal -3.19801e-05 0.76051 -0.649326
    outer loop
      vertex -36.9537 22.6392 24.0022
      vertex -39.602 19.222 20
      vertex -40.8469 19.7636 20.6344
    endloop
  endfacet
  facet normal 0 0.760541 -0.649289
    outer loop
      vertex -40.8469 19.7636 20.6344
      vertex -39.602 19.222 20
      vertex -39.7274 19.222 20
    endloop
  endfacet
  facet normal 0.425135 0.883119 -0.198395
    outer loop
      vertex -32.7175 22.5008 27.5283
      vertex -33.4722 23.1514 28.8071
      vertex -32.4999 22.4749 27.8793
    endloop
  endfacet
  facet normal 0.425215 0.883094 -0.198336
    outer loop
      vertex -32.7175 22.5008 27.5283
      vertex -35.8722 23.438 24.9378
      vertex -33.4722 23.1514 28.8071
    endloop
  endfacet
  facet normal 0.425214 0.883095 -0.198334
    outer loop
      vertex -35.8722 23.438 24.9378
      vertex -32.7175 22.5008 27.5283
      vertex -34.8226 22.7522 24.1345
    endloop
  endfacet
  facet normal 0.425179 0.883107 -0.198356
    outer loop
      vertex -32.2729 22.4478 28.2453
      vertex -33.4722 23.1514 28.8071
      vertex -33.2457 23.1244 29.1724
    endloop
  endfacet
  facet normal 0.425194 0.883107 -0.198325
    outer loop
      vertex -33.4722 23.1514 28.8071
      vertex -32.2729 22.4478 28.2453
      vertex -32.4999 22.4749 27.8793
    endloop
  endfacet
  facet normal 0.169655 0.872287 -0.458621
    outer loop
      vertex -26.2549 23.5998 32.6616
      vertex -26.5941 24.3825 34.0248
      vertex -25.8392 23.672 32.9527
    endloop
  endfacet
  facet normal 0.169538 0.872292 -0.458653
    outer loop
      vertex -26.5941 24.3825 34.0248
      vertex -26.2549 23.5998 32.6616
      vertex -27.0669 24.3003 33.6937
    endloop
  endfacet
  facet normal 0.169583 0.8723 -0.458623
    outer loop
      vertex -31.2809 22.7269 29.1429
      vertex -27.0669 24.3003 33.6937
      vertex -26.2549 23.5998 32.6616
    endloop
  endfacet
  facet normal 0.169601 0.872289 -0.458636
    outer loop
      vertex -27.0669 24.3003 33.6937
      vertex -31.2809 22.7269 29.1429
      vertex -32.2157 23.4061 30.089
    endloop
  endfacet
  facet normal 0.169591 0.872287 -0.458644
    outer loop
      vertex -32.0449 22.5414 28.5076
      vertex -32.2157 23.4061 30.089
      vertex -31.2809 22.7269 29.1429
    endloop
  endfacet
  facet normal 0.169585 0.872287 -0.458645
    outer loop
      vertex -32.2157 23.4061 30.089
      vertex -32.0449 22.5414 28.5076
      vertex -33.0572 23.2018 29.3893
    endloop
  endfacet
  facet normal 0.169581 0.872286 -0.458649
    outer loop
      vertex -33.0572 23.2018 29.3893
      vertex -32.0449 22.5414 28.5076
      vertex -33.2457 23.1244 29.1724
    endloop
  endfacet
  facet normal 0.16957 0.872281 -0.458664
    outer loop
      vertex -33.2457 23.1244 29.1724
      vertex -32.0449 22.5414 28.5076
      vertex -32.2729 22.4478 28.2453
    endloop
  endfacet
  facet normal 0.169613 0.8723 -0.45861
    outer loop
      vertex -25.2998 23.7657 33.3303
      vertex -26.5941 24.3825 34.0248
      vertex -26.0559 24.4759 34.4015
    endloop
  endfacet
  facet normal 0.169566 0.872275 -0.458676
    outer loop
      vertex -26.5941 24.3825 34.0248
      vertex -25.2998 23.7657 33.3303
      vertex -25.8392 23.672 32.9527
    endloop
  endfacet
  facet normal 0.645137 0.762379 -0.0507592
    outer loop
      vertex -18.1246 18.2208 40.8742
      vertex -18.6161 18.7253 42.2047
      vertex -18.0958 18.1982 40.9008
    endloop
  endfacet
  facet normal 0.644008 0.763282 -0.0515187
    outer loop
      vertex -18.1246 18.2208 40.8742
      vertex -21.5733 21.0358 39.4698
      vertex -18.6161 18.7253 42.2047
    endloop
  endfacet
  facet normal 0.644003 0.763288 -0.051493
    outer loop
      vertex -23.3489 22.3027 36.0425
      vertex -21.5733 21.0358 39.4698
      vertex -18.1246 18.2208 40.8742
    endloop
  endfacet
  facet normal 0.644026 0.763267 -0.0515129
    outer loop
      vertex -21.5733 21.0358 39.4698
      vertex -23.3489 22.3027 36.0425
      vertex -24.0737 22.9895 37.1572
    endloop
  endfacet
  facet normal 0.644008 0.763281 -0.0515337
    outer loop
      vertex -23.3489 22.3027 36.0425
      vertex -26.0559 24.4759 34.4015
      vertex -24.0737 22.9895 37.1572
    endloop
  endfacet
  facet normal 0.643996 0.763293 -0.0514986
    outer loop
      vertex -26.0559 24.4759 34.4015
      vertex -23.3489 22.3027 36.0425
      vertex -25.2998 23.7657 33.3303
    endloop
  endfacet
  facet normal 0.644026 0.763271 -0.0514671
    outer loop
      vertex -17.5819 17.7968 41.3761
      vertex -18.6161 18.7253 42.2047
      vertex -18.1037 18.3249 42.6785
    endloop
  endfacet
  facet normal 0.643954 0.763321 -0.051612
    outer loop
      vertex -18.6161 18.7253 42.2047
      vertex -17.5819 17.7968 41.3761
      vertex -18.0958 18.1982 40.9008
    endloop
  endfacet
  facet normal 0.0747472 0.934181 -0.348882
    outer loop
      vertex -16.0793 17.9363 42.0717
      vertex -16.6257 18.4647 43.3695
      vertex -14.5426 18.4982 43.9055
    endloop
  endfacet
  facet normal 0.0749425 0.934194 -0.348805
    outer loop
      vertex -16.1489 17.9352 42.0538
      vertex -16.6257 18.4647 43.3695
      vertex -16.0793 17.9363 42.0717
    endloop
  endfacet
  facet normal 0.0746924 0.9342 -0.348842
    outer loop
      vertex -16.0793 17.9363 42.0717
      vertex -14.5426 18.4982 43.9055
      vertex -14.1317 17.9677 42.5728
    endloop
  endfacet
  facet normal 0.075844 0.934237 -0.348496
    outer loop
      vertex -16.1874 17.9337 42.0414
      vertex -16.6257 18.4647 43.3695
      vertex -16.1489 17.9352 42.0538
    endloop
  endfacet
  facet normal 0.074472 0.934186 -0.348928
    outer loop
      vertex -16.3096 17.9288 42.0022
      vertex -16.6257 18.4647 43.3695
      vertex -16.1874 17.9337 42.0414
    endloop
  endfacet
  facet normal 0.0749517 0.934188 -0.348818
    outer loop
      vertex -16.6257 18.4647 43.3695
      vertex -16.3096 17.9288 42.0022
      vertex -16.8384 18.4563 43.3013
    endloop
  endfacet
  facet normal 0.0747236 0.934174 -0.348905
    outer loop
      vertex -16.8384 18.4563 43.3013
      vertex -16.3096 17.9288 42.0022
      vertex -18.1037 18.3249 42.6785
    endloop
  endfacet
  facet normal 0.0747482 0.934193 -0.348851
    outer loop
      vertex -18.1037 18.3249 42.6785
      vertex -16.3096 17.9288 42.0022
      vertex -17.5819 17.7968 41.3761
    endloop
  endfacet
  facet normal 0.0750712 0.934183 -0.348807
    outer loop
      vertex -14.1317 17.9677 42.5728
      vertex -14.3476 18.5014 43.9557
      vertex -13.9361 17.9708 42.6232
    endloop
  endfacet
  facet normal 0.0744896 0.934194 -0.348902
    outer loop
      vertex -14.3476 18.5014 43.9557
      vertex -14.1317 17.9677 42.5728
      vertex -14.5426 18.4982 43.9055
    endloop
  endfacet
  facet normal -0.950532 0.0373908 -0.308369
    outer loop
      vertex -9.08587 36.6536 29.9377
      vertex -10.8981 33.541 35.1464
      vertex -9.34751 37.7761 30.8803
    endloop
  endfacet
  facet normal -0.950534 0.0374099 -0.308358
    outer loop
      vertex -10.5819 32.5676 34.0536
      vertex -10.8981 33.541 35.1464
      vertex -9.08587 36.6536 29.9377
    endloop
  endfacet
  facet normal -0.950537 0.0374009 -0.308351
    outer loop
      vertex -10.5819 32.5676 34.0536
      vertex -11.348 32.147 36.3642
      vertex -10.8981 33.541 35.1464
    endloop
  endfacet
  facet normal -0.950537 0.0374144 -0.308349
    outer loop
      vertex -11.0269 31.1889 35.2581
      vertex -11.348 32.147 36.3642
      vertex -10.5819 32.5676 34.0536
    endloop
  endfacet
  facet normal -0.950538 0.0374138 -0.308348
    outer loop
      vertex -11.3167 30.2909 36.0425
      vertex -11.348 32.147 36.3642
      vertex -11.0269 31.1889 35.2581
    endloop
  endfacet
  facet normal -0.95053 0.0374177 -0.30837
    outer loop
      vertex -11.348 32.147 36.3642
      vertex -11.3167 30.2909 36.0425
      vertex -11.641 31.2392 37.1572
    endloop
  endfacet
  facet normal -0.950536 0.0373967 -0.308354
    outer loop
      vertex -11.3167 30.2909 36.0425
      vertex -13.4817 23.351 41.8747
      vertex -11.641 31.2392 37.1572
    endloop
  endfacet
  facet normal -0.95054 0.0374086 -0.308341
    outer loop
      vertex -13.0932 22.678 40.5954
      vertex -13.4817 23.351 41.8747
      vertex -11.3167 30.2909 36.0425
    endloop
  endfacet
  facet normal -0.950536 0.0374315 -0.308352
    outer loop
      vertex -13.0932 22.678 40.5954
      vertex -13.7446 22.055 42.5278
      vertex -13.4817 23.351 41.8747
    endloop
  endfacet
  facet normal -0.950532 0.0373643 -0.308372
    outer loop
      vertex -13.3524 21.3999 41.2395
      vertex -13.7446 22.055 42.5278
      vertex -13.0932 22.678 40.5954
    endloop
  endfacet
  facet normal -0.950529 0.0373787 -0.308379
    outer loop
      vertex -13.3524 21.3999 41.2395
      vertex -14.0559 20.5202 43.3013
      vertex -13.7446 22.055 42.5278
    endloop
  endfacet
  facet normal -0.950532 0.0374088 -0.308367
    outer loop
      vertex -13.6594 19.8863 42.0022
      vertex -14.0559 20.5202 43.3013
      vertex -13.3524 21.3999 41.2395
    endloop
  endfacet
  facet normal -0.950535 0.0373893 -0.308358
    outer loop
      vertex -13.6594 19.8863 42.0022
      vertex -14.3476 18.5014 43.9557
      vertex -14.0559 20.5202 43.3013
    endloop
  endfacet
  facet normal -0.950524 0.0373234 -0.308401
    outer loop
      vertex -14.3476 18.5014 43.9557
      vertex -13.6594 19.8863 42.0022
      vertex -13.9361 17.9708 42.6232
    endloop
  endfacet
  facet normal -0.950531 0.0373929 -0.308372
    outer loop
      vertex -8.77517 37.5022 29.0829
      vertex -9.34751 37.7761 30.8803
      vertex -9.03743 38.623 30.0272
    endloop
  endfacet
  facet normal -0.95053 0.0373944 -0.308373
    outer loop
      vertex -9.34751 37.7761 30.8803
      vertex -8.77517 37.5022 29.0829
      vertex -9.08587 36.6536 29.9377
    endloop
  endfacet
  facet normal -0.978241 -0.0621315 -0.197949
    outer loop
      vertex -7.30776 43.3349 20
      vertex -7.47237 44.8536 20.3368
      vertex -7.4121 44.9777 20
    endloop
  endfacet
  facet normal -0.978243 -0.0621336 -0.19794
    outer loop
      vertex -7.30776 43.3349 20
      vertex -8.33437 41.5634 25.6297
      vertex -7.47237 44.8536 20.3368
    endloop
  endfacet
  facet normal -0.978243 -0.0621312 -0.197939
    outer loop
      vertex -8.09744 40.3208 24.8488
      vertex -8.33437 41.5634 25.6297
      vertex -7.30776 43.3349 20
    endloop
  endfacet
  facet normal -0.978243 -0.0621297 -0.197942
    outer loop
      vertex -8.69332 38.0463 28.5076
      vertex -8.33437 41.5634 25.6297
      vertex -8.09744 40.3208 24.8488
    endloop
  endfacet
  facet normal -0.978243 -0.0621295 -0.197942
    outer loop
      vertex -8.33437 41.5634 25.6297
      vertex -8.69332 38.0463 28.5076
      vertex -8.94667 39.2263 29.3893
    endloop
  endfacet
  facet normal -0.978243 -0.0621287 -0.197943
    outer loop
      vertex -8.94667 39.2263 29.3893
      vertex -8.69332 38.0463 28.5076
      vertex -9.03743 38.623 30.0272
    endloop
  endfacet
  facet normal -0.978243 -0.0621326 -0.197941
    outer loop
      vertex -9.03743 38.623 30.0272
      vertex -8.69332 38.0463 28.5076
      vertex -8.77517 37.5022 29.0829
    endloop
  endfacet
  facet normal 0.267196 0.800364 0.536679
    outer loop
      vertex -2.87166 -27.3221 39.6609
      vertex -2.95689 -28.1329 40.9125
      vertex -2.34466 -28.2701 40.8123
    endloop
  endfacet
  facet normal 0.267298 0.800336 0.536669
    outer loop
      vertex -3.61632 -27.1027 39.7046
      vertex -2.95689 -28.1329 40.9125
      vertex -2.87166 -27.3221 39.6609
    endloop
  endfacet
  facet normal 0.267216 0.800335 0.536712
    outer loop
      vertex -2.95689 -28.1329 40.9125
      vertex -3.61632 -27.1027 39.7046
      vertex -3.72616 -27.9063 40.9576
    endloop
  endfacet
  facet normal 0.267131 0.800365 0.53671
    outer loop
      vertex -2.87166 -27.3221 39.6609
      vertex -2.34466 -28.2701 40.8123
      vertex -2.27708 -27.4553 39.5636
    endloop
  endfacet
  facet normal 0.267076 0.800365 0.536736
    outer loop
      vertex -3.72616 -27.9063 40.9576
      vertex -3.69391 -27.0798 39.7091
      vertex -3.80353 -27.8835 40.9621
    endloop
  endfacet
  facet normal 0.26733 0.800304 0.536702
    outer loop
      vertex -3.69391 -27.0798 39.7091
      vertex -3.72616 -27.9063 40.9576
      vertex -3.61632 -27.1027 39.7046
    endloop
  endfacet
  facet normal -0.507959 -0.708523 -0.489869
    outer loop
      vertex -3.3862 -26.8879 39.893
      vertex -2.94143 -27.9859 41.0199
      vertex -3.4867 -27.6859 41.1514
    endloop
  endfacet
  facet normal -0.508074 -0.708493 -0.489794
    outer loop
      vertex -2.85665 -27.1793 39.7652
      vertex -2.94143 -27.9859 41.0199
      vertex -3.3862 -26.8879 39.893
    endloop
  endfacet
  facet normal -0.507922 -0.708573 -0.489836
    outer loop
      vertex -2.94143 -27.9859 41.0199
      vertex -2.85665 -27.1793 39.7652
      vertex -2.40518 -28.2413 40.8333
    endloop
  endfacet
  facet normal -0.507848 -0.708592 -0.489885
    outer loop
      vertex -2.40518 -28.2413 40.8333
      vertex -2.85665 -27.1793 39.7652
      vertex -2.33776 -27.4264 39.5847
    endloop
  endfacet
  facet normal -0.507358 -0.708847 -0.490025
    outer loop
      vertex -2.33776 -27.4264 39.5847
      vertex -2.34466 -28.2701 40.8123
      vertex -2.40518 -28.2413 40.8333
    endloop
  endfacet
  facet normal -0.507832 -0.708615 -0.489869
    outer loop
      vertex -2.34466 -28.2701 40.8123
      vertex -2.33776 -27.4264 39.5847
      vertex -2.27708 -27.4553 39.5636
    endloop
  endfacet
  facet normal 0.641261 -0.670147 -0.373748
    outer loop
      vertex -3.80353 -27.8835 40.9621
      vertex -3.40305 -26.8984 39.8829
      vertex -3.5035 -27.6964 41.1414
    endloop
  endfacet
  facet normal 0.64127 -0.670142 -0.373741
    outer loop
      vertex -3.40305 -26.8984 39.8829
      vertex -3.80353 -27.8835 40.9621
      vertex -3.69391 -27.0798 39.7091
    endloop
  endfacet
  facet normal 0.64129 -0.670125 -0.373737
    outer loop
      vertex -3.5035 -27.6964 41.1414
      vertex -3.3862 -26.8879 39.893
      vertex -3.4867 -27.6859 41.1514
    endloop
  endfacet
  facet normal 0.641473 -0.670004 -0.373641
    outer loop
      vertex -3.3862 -26.8879 39.893
      vertex -3.5035 -27.6964 41.1414
      vertex -3.40305 -26.8984 39.8829
    endloop
  endfacet
  facet normal -0.328037 0.911302 -0.248839
    outer loop
      vertex 29.7568 20.6805 33.9889
      vertex 28.4626 20.0446 33.3662
      vertex 29.3122 20.6435 34.4395
    endloop
  endfacet
  facet normal -0.32793 0.911285 -0.249042
    outer loop
      vertex 28.4626 20.0446 33.3662
      vertex 29.7568 20.6805 33.9889
      vertex 28.8933 20.0803 32.9297
    endloop
  endfacet
  facet normal -0.327986 0.91129 -0.24895
    outer loop
      vertex 29.3122 20.6435 34.4395
      vertex 28.4321 20.042 33.3972
      vertex 29.2818 20.641 34.4704
    endloop
  endfacet
  facet normal -0.329397 0.911131 -0.247667
    outer loop
      vertex 28.4321 20.042 33.3972
      vertex 29.3122 20.6435 34.4395
      vertex 28.4626 20.0446 33.3662
    endloop
  endfacet
  facet normal -0.18996 -0.779629 0.596736
    outer loop
      vertex 28.2522 20.5264 33.3007
      vertex 29.0965 21.1399 34.371
      vertex 29.0931 21.1418 34.3724
    endloop
  endfacet
  facet normal -0.201648 -0.772681 0.601916
    outer loop
      vertex 28.2522 20.5264 33.3007
      vertex 29.0931 21.1418 34.3724
      vertex 28.2488 20.5283 33.302
    endloop
  endfacet
  facet normal -0.19423 -0.777102 0.598655
    outer loop
      vertex 29.0965 21.1399 34.371
      vertex 28.2522 20.5264 33.3007
      vertex 28.8511 20.1097 32.9541
    endloop
  endfacet
  facet normal -0.194257 -0.777095 0.598655
    outer loop
      vertex 29.0965 21.1399 34.371
      vertex 28.8511 20.1097 32.9541
      vertex 29.7147 20.7098 34.0133
    endloop
  endfacet
  facet normal -0.19484 -0.776738 0.598928
    outer loop
      vertex 28.8933 20.0803 32.9297
      vertex 29.7147 20.7098 34.0133
      vertex 28.8511 20.1097 32.9541
    endloop
  endfacet
  facet normal -0.194001 -0.777222 0.598573
    outer loop
      vertex 29.7147 20.7098 34.0133
      vertex 28.8933 20.0803 32.9297
      vertex 29.7568 20.6805 33.9889
    endloop
  endfacet
  facet normal 0.733995 0.146878 -0.663082
    outer loop
      vertex 29.2818 20.641 34.4704
      vertex 28.2611 20.4968 33.3086
      vertex 29.1053 21.1104 34.379
    endloop
  endfacet
  facet normal 0.734008 0.146803 -0.663084
    outer loop
      vertex 28.2611 20.4968 33.3086
      vertex 29.2818 20.641 34.4704
      vertex 28.4321 20.042 33.3972
    endloop
  endfacet
  facet normal 0.775691 0.173862 -0.606692
    outer loop
      vertex 29.1053 21.1104 34.379
      vertex 29.0931 21.1418 34.3724
      vertex 29.0947 21.1385 34.3735
    endloop
  endfacet
  facet normal 0.734341 0.145982 -0.662897
    outer loop
      vertex 29.1053 21.1104 34.379
      vertex 28.2488 20.5283 33.302
      vertex 29.0931 21.1418 34.3724
    endloop
  endfacet
  facet normal 0.736422 0.140745 -0.66172
    outer loop
      vertex 29.1053 21.1104 34.379
      vertex 28.2504 20.5251 33.3031
      vertex 28.2488 20.5283 33.302
    endloop
  endfacet
  facet normal 0.733378 0.148348 -0.663438
    outer loop
      vertex 28.2504 20.5251 33.3031
      vertex 29.1053 21.1104 34.379
      vertex 28.2611 20.4968 33.3086
    endloop
  endfacet
endsolid OpenSCAD_Model
