solid OpenSCAD_Model
  facet normal 0 -0.20901 0.977914
    outer loop
      vertex -0.546309 -5.19779 49.7261
      vertex 1.61505 -15.3662 47.5528
      vertex 0.546309 -5.19779 49.7261
    endloop
  endfacet
  facet normal 0 -0.20901 0.977914
    outer loop
      vertex 1.61505 -15.3662 47.5528
      vertex -0.546309 -5.19779 49.7261
      vertex -1.61505 -15.3662 47.5528
    endloop
  endfacet
  facet normal -0.0434571 -0.204442 0.977913
    outer loop
      vertex -0.546309 -5.19779 49.7261
      vertex -4.77457 -14.6946 47.5528
      vertex -1.61505 -15.3662 47.5528
    endloop
  endfacet
  facet normal -0.561038 0.182278 0.807472
    outer loop
      vertex -30.5641 13.608 37.1572
      vertex -31.3725 11.1198 37.1572
      vertex -29.5591 13.1605 37.9565
    endloop
  endfacet
  facet normal -0.180302 -0.848284 0.497902
    outer loop
      vertex -4.69532 -44.673 21.6501
      vertex -7.27423 -44.8957 20.3368
      vertex -4.77457 -45.427 20.3368
    endloop
  endfacet
  facet normal -0.180314 -0.848286 0.497893
    outer loop
      vertex -9.26145 -42.0147 24.5252
      vertex -10.4673 -42.2564 23.6767
      vertex -9.60422 -42.2798 23.9494
    endloop
  endfacet
  facet normal -0.180421 -0.84819 0.498018
    outer loop
      vertex -10.4673 -42.2564 23.6767
      vertex -9.26145 -42.0147 24.5252
      vertex -8.92682 -41.7559 25.0872
    endloop
  endfacet
  facet normal -0.989132 -0.10396 0.103967
    outer loop
      vertex -47.8386 -10.1684 10.3956
      vertex -50 0 0
      vertex -48.9074 -10.3956 0
    endloop
  endfacet
  facet normal 0.509738 -0.701585 0.497942
    outer loop
      vertex 22.8386 -39.5577 20.3368
      vertex 21.9751 -37.2271 24.5045
      vertex 21.5843 -37.3852 24.6818
    endloop
  endfacet
  facet normal 0.509717 -0.701593 0.497952
    outer loop
      vertex 22.7097 -36.9299 24.1712
      vertex 22.8386 -39.5577 20.3368
      vertex 24.4284 -35.987 23.7404
    endloop
  endfacet
  facet normal 0.50976 -0.701571 0.497939
    outer loop
      vertex 21.9751 -37.2271 24.5045
      vertex 22.8386 -39.5577 20.3368
      vertex 22.7097 -36.9299 24.1712
    endloop
  endfacet
  facet normal -0.181006 -0.104507 0.977914
    outer loop
      vertex -4.22826 -3.07201 49.7261
      vertex -14.1151 -6.28443 47.5528
      vertex -12.5 -9.08178 47.5528
    endloop
  endfacet
  facet normal 0.0434561 0.204443 0.977913
    outer loop
      vertex 4.77457 14.6946 47.5528
      vertex 0.546309 5.19779 49.7261
      vertex 1.61505 4.97062 49.7261
    endloop
  endfacet
  facet normal 0.90498 0.294063 0.307471
    outer loop
      vertex 47.8386 10.1684 10.3956
      vertex 45.0085 14.0637 15
      vertex 46.3753 9.85737 15
    endloop
  endfacet
  facet normal 0.904999 0.294046 0.307432
    outer loop
      vertex 44.7265 12.6914 17.1425
      vertex 45.463 10.573 17.0006
      vertex 44.8411 12.6834 16.8128
    endloop
  endfacet
  facet normal 0.904984 0.294038 0.307483
    outer loop
      vertex 44.9711 10.3839 18.6292
      vertex 44.7265 12.6914 17.1425
      vertex 43.7847 12.7575 19.8512
    endloop
  endfacet
  facet normal 0.904985 0.294038 0.307482
    outer loop
      vertex 44.7265 12.6914 17.1425
      vertex 44.9711 10.3839 18.6292
      vertex 45.463 10.573 17.0006
    endloop
  endfacet
  facet normal 0.904925 0.294037 0.307658
    outer loop
      vertex 44.5975 9.74794 20.3368
      vertex 43.7847 12.7575 19.8512
      vertex 43.6471 12.9963 20.0277
    endloop
  endfacet
  facet normal 0.904932 0.294037 0.307637
    outer loop
      vertex 44.5975 9.74794 20.3368
      vertex 43.6471 12.9963 20.0277
      vertex 43.4062 13.4143 20.3368
    endloop
  endfacet
  facet normal 0.904988 0.294056 0.307453
    outer loop
      vertex 43.7847 12.7575 19.8512
      vertex 44.9015 10.3571 18.8597
      vertex 44.9711 10.3839 18.6292
    endloop
  endfacet
  facet normal 0.904978 0.294027 0.30751
    outer loop
      vertex 43.7847 12.7575 19.8512
      vertex 44.5975 9.74794 20.3368
      vertex 44.9015 10.3571 18.8597
    endloop
  endfacet
  facet normal 0.90498 0.293965 0.307563
    outer loop
      vertex 46.0897 9.79666 15.8986
      vertex 45.463 10.573 17.0006
      vertex 45.5209 10.4207 16.9758
    endloop
  endfacet
  facet normal 0.904975 0.294045 0.307503
    outer loop
      vertex 45.463 10.573 17.0006
      vertex 46.0897 9.79666 15.8986
      vertex 44.8411 12.6834 16.8128
    endloop
  endfacet
  facet normal 0.904973 0.294037 0.307517
    outer loop
      vertex 46.0897 9.79666 15.8986
      vertex 45.5209 10.4207 16.9758
      vertex 45.783 9.73147 16.8635
    endloop
  endfacet
  facet normal 0.707144 0.636712 0.307482
    outer loop
      vertex 34.6838 31.9467 15
      vertex 39.5669 28.747 10.3956
      vertex 32.7254 36.3453 10.3956
    endloop
  endfacet
  facet normal 0.70714 0.636721 0.307471
    outer loop
      vertex 39.5669 28.747 10.3956
      vertex 34.6838 31.9467 15
      vertex 38.3566 27.8677 15
    endloop
  endfacet
  facet normal 0.904984 0.294039 0.307481
    outer loop
      vertex 45.0085 14.0637 15
      vertex 44.6791 19.8924 10.3956
      vertex 43.3124 19.2839 15
    endloop
  endfacet
  facet normal 0.90498 0.294044 0.307487
    outer loop
      vertex 44.6791 19.8924 10.3956
      vertex 45.0085 14.0637 15
      vertex 47.8386 10.1684 10.3956
    endloop
  endfacet
  facet normal -0.207863 0.0218474 0.977914
    outer loop
      vertex -15.3777 0.00768573 47.5682
      vertex -5.22642 0 49.7261
      vertex -5.11221 1.08663 49.7261
    endloop
  endfacet
  facet normal -0.20786 0.0224347 0.977901
    outer loop
      vertex -5.22642 0 49.7261
      vertex -15.3777 0.00768573 47.5682
      vertex -15.379 0 47.5681
    endloop
  endfacet
  facet normal -0.30365 0.273402 0.912714
    outer loop
      vertex -16.7283 18.5786 43.3013
      vertex -20.2254 14.6946 43.3013
      vertex -10.3386 11.4822 47.5528
    endloop
  endfacet
  facet normal -0.085012 -0.190941 0.977913
    outer loop
      vertex -1.61505 -4.97062 49.7261
      vertex -7.72542 -13.3808 47.5528
      vertex -4.77457 -14.6946 47.5528
    endloop
  endfacet
  facet normal -0.239627 -0.538897 0.80757
    outer loop
      vertex -12.5 -21.6506 43.3013
      vertex -10.8795 -31.1433 37.4476
      vertex -10.3386 -31.819 37.1572
    endloop
  endfacet
  facet normal -0.239948 -0.538894 0.807476
    outer loop
      vertex -16.7283 -28.9742 37.1572
      vertex -10.8795 -31.1433 37.4476
      vertex -12.5 -21.6506 43.3013
    endloop
  endfacet
  facet normal -0.239995 -0.539035 0.807368
    outer loop
      vertex -10.8795 -31.1433 37.4476
      vertex -16.7283 -28.9742 37.1572
      vertex -11.2974 -31.3922 37.1572
    endloop
  endfacet
  facet normal -0.239891 -0.539035 0.8074
    outer loop
      vertex -10.3386 -31.819 37.1572
      vertex -10.8795 -31.1433 37.4476
      vertex -10.9381 -31.5522 37.1572
    endloop
  endfacet
  facet normal -0.207874 -0.02197 0.977909
    outer loop
      vertex -15.4212 -0.281775 47.5528
      vertex -5.11221 -1.08663 49.7261
      vertex -15.3801 -0.00743696 47.5677
    endloop
  endfacet
  facet normal -0.207865 -0.021846 0.977913
    outer loop
      vertex -5.11221 -1.08663 49.7261
      vertex -15.4212 -0.281775 47.5528
      vertex -15.1132 -3.21241 47.5528
    endloop
  endfacet
  facet normal -0.19878 0.0645866 0.977914
    outer loop
      vertex -14.5505 4.94439 47.5528
      vertex -5.11221 1.08663 49.7261
      vertex -14.1151 6.28443 47.5528
    endloop
  endfacet
  facet normal -0.198774 0.0645995 0.977914
    outer loop
      vertex -5.11221 1.08663 49.7261
      vertex -14.5505 4.94439 47.5528
      vertex -14.8644 3.15954 47.6069
    endloop
  endfacet
  facet normal 0.86244 0.0906175 0.497982
    outer loop
      vertex 40.6797 1.70753 28.682
      vertex 40.6697 3.56124 28.362
      vertex 40.0729 3.59575 29.3893
    endloop
  endfacet
  facet normal 0.862488 0.0906039 0.497902
    outer loop
      vertex 40.6697 3.56124 28.362
      vertex 40.6797 1.70753 28.682
      vertex 40.8598 3.55025 28.0347
    endloop
  endfacet
  facet normal 0.862478 0.0906571 0.497909
    outer loop
      vertex 40.3304 1.14599 29.3893
      vertex 40.6797 1.70753 28.682
      vertex 40.0729 3.59575 29.3893
    endloop
  endfacet
  facet normal 0.862396 0.0908442 0.498017
    outer loop
      vertex 40.6797 1.70753 28.682
      vertex 40.3304 1.14599 29.3893
      vertex 40.6646 1.55265 28.7364
    endloop
  endfacet
  facet normal 0.824075 0.475774 0.307472
    outer loop
      vertex 39.5669 28.747 10.3956
      vertex 38.3566 27.8677 15
      vertex 40.568 24.0374 15
    endloop
  endfacet
  facet normal -0.706887 -0.637107 0.307256
    outer loop
      vertex -32.6139 -34.2455 15
      vertex -31.2004 -34.6515 17.4101
      vertex -31.2631 -34.6209 17.3293
    endloop
  endfacet
  facet normal -0.707157 -0.636696 0.307485
    outer loop
      vertex -32.6139 -34.2455 15
      vertex -32.7254 -36.3453 10.3956
      vertex -31.2004 -34.6515 17.4101
    endloop
  endfacet
  facet normal -0.707131 -0.63672 0.307495
    outer loop
      vertex -32.7254 -36.3453 10.3956
      vertex -32.6139 -34.2455 15
      vertex -34.6838 -31.9467 15
    endloop
  endfacet
  facet normal -0.707212 -0.636587 0.307586
    outer loop
      vertex -32.6343 -34.0764 15.3035
      vertex -31.2631 -34.6209 17.3293
      vertex -32.6503 -33.943 15.5428
    endloop
  endfacet
  facet normal -0.707004 -0.636929 0.307354
    outer loop
      vertex -31.2631 -34.6209 17.3293
      vertex -32.6343 -34.0764 15.3035
      vertex -32.6139 -34.2455 15
    endloop
  endfacet
  facet normal -0.7071 -0.636761 0.307481
    outer loop
      vertex -33.9459 -31.192 18.2596
      vertex -33.6549 -30.5121 20.3368
      vertex -34.3891 -30.9747 17.6904
    endloop
  endfacet
  facet normal -0.707143 -0.636717 0.307473
    outer loop
      vertex -33.6549 -30.5121 20.3368
      vertex -33.9459 -31.192 18.2596
      vertex -32.3286 -31.9851 20.3368
    endloop
  endfacet
  facet normal 0.739111 -0.665513 0.103957
    outer loop
      vertex 40.4509 -29.3893 0
      vertex 32.7254 -36.3453 10.3956
      vertex 33.4565 -37.1572 0
    endloop
  endfacet
  facet normal 0.404536 -0.908593 0.103967
    outer loop
      vertex 24.4537 -42.355 10.3956
      vertex 15.1132 -46.5137 10.3956
      vertex 25 -43.3013 0
    endloop
  endfacet
  facet normal -0.90498 -0.294044 0.307487
    outer loop
      vertex -44.6791 -19.8924 10.3956
      vertex -45.0085 -14.0637 15
      vertex -47.8386 -10.1684 10.3956
    endloop
  endfacet
  facet normal -0.904984 -0.294039 0.307481
    outer loop
      vertex -45.0085 -14.0637 15
      vertex -44.6791 -19.8924 10.3956
      vertex -43.3124 -19.2839 15
    endloop
  endfacet
  facet normal -0.861335 -0.497286 0.10397
    outer loop
      vertex -39.5669 -28.747 10.3956
      vertex -45.6773 -20.3368 0
      vertex -40.4509 -29.3893 0
    endloop
  endfacet
  facet normal 0.946339 -0.0994571 0.307492
    outer loop
      vertex 46.8376 -5.45878 15
      vertex 48.9074 0 10.3956
      vertex 47.4113 0 15
    endloop
  endfacet
  facet normal 0.946342 -0.0994699 0.307478
    outer loop
      vertex 48.9074 0 10.3956
      vertex 46.8376 -5.45878 15
      vertex 47.8386 -10.1684 10.3956
    endloop
  endfacet
  facet normal 0.352735 -0.79223 0.497945
    outer loop
      vertex 13.3004 -40.9343 24.9032
      vertex 17.8606 -38.2863 25.8858
      vertex 12.8351 -39.5025 27.5108
    endloop
  endfacet
  facet normal 0.352742 -0.792236 0.497931
    outer loop
      vertex 17.8606 -38.2863 25.8858
      vertex 13.3004 -40.9343 24.9032
      vertex 16.5734 -40.058 23.9788
    endloop
  endfacet
  facet normal 0.740726 -0.0776614 0.667303
    outer loop
      vertex 35.5919 -6.24412 34.0568
      vertex 34.8628 -7.41031 34.7304
      vertex 35.8581 -6.07064 33.7815
    endloop
  endfacet
  facet normal 0.740908 -0.0779086 0.667072
    outer loop
      vertex 34.8628 -7.41031 34.7304
      vertex 35.5919 -6.24412 34.0568
      vertex 34.0636 -7.24044 35.6379
    endloop
  endfacet
  facet normal 0.945903 -0.307341 0.103965
    outer loop
      vertex 47.8386 -10.1684 10.3956
      vertex 44.6791 -19.8924 10.3956
      vertex 45.6773 -20.3368 0
    endloop
  endfacet
  facet normal 0.58678 0.0615933 0.807401
    outer loop
      vertex 33.0213 0.521488 37.4337
      vertex 33.4565 0 37.1572
      vertex 33.398 0.557311 37.1572
    endloop
  endfacet
  facet normal 0.586678 0.0614636 0.807485
    outer loop
      vertex 33.4565 0 37.1572
      vertex 33.0213 0.521488 37.4337
      vertex 27.5377 0 41.4575
    endloop
  endfacet
  facet normal -0.750974 0.433682 0.497953
    outer loop
      vertex -41.1908 19.5096 20.3368
      vertex -39.9718 17.7966 23.6671
      vertex -39.6596 18.0365 23.929
    endloop
  endfacet
  facet normal -0.751035 0.4336 0.497933
    outer loop
      vertex -39.9718 17.7966 23.6671
      vertex -41.1908 19.5096 20.3368
      vertex -41.7283 18.5786 20.3368
    endloop
  endfacet
  facet normal -0.751026 0.433604 0.497944
    outer loop
      vertex -41.1908 19.5096 20.3368
      vertex -39.6596 18.0365 23.929
      vertex -36.9537 22.6392 24.0022
    endloop
  endfacet
  facet normal -0.751025 0.433604 0.497945
    outer loop
      vertex -39.5457 18.0242 24.1115
      vertex -36.9537 22.6392 24.0022
      vertex -39.6596 18.0365 23.929
    endloop
  endfacet
  facet normal -0.751031 0.433607 0.497934
    outer loop
      vertex -38.2957 17.889 26.1146
      vertex -36.9537 22.6392 24.0022
      vertex -39.5457 18.0242 24.1115
    endloop
  endfacet
  facet normal -0.751026 0.433608 0.49794
    outer loop
      vertex -38.2957 17.889 26.1146
      vertex -36.9537 17.0531 28.8666
      vertex -36.9537 22.6392 24.0022
    endloop
  endfacet
  facet normal -0.751011 0.433614 0.497958
    outer loop
      vertex -37.6576 16.7663 28.0546
      vertex -38.2957 17.889 26.1146
      vertex -38.6486 17.4234 25.9878
    endloop
  endfacet
  facet normal -0.751049 0.43355 0.497956
    outer loop
      vertex -37.6576 16.7663 28.0546
      vertex -38.6486 17.4234 25.9878
      vertex -38.771 17.2619 25.9438
    endloop
  endfacet
  facet normal -0.751036 0.433591 0.497939
    outer loop
      vertex -38.2957 17.889 26.1146
      vertex -37.2671 16.9254 28.5051
      vertex -36.9537 17.0531 28.8666
    endloop
  endfacet
  facet normal -0.751073 0.433535 0.497933
    outer loop
      vertex -38.2957 17.889 26.1146
      vertex -37.6576 16.7663 28.0546
      vertex -37.2671 16.9254 28.5051
    endloop
  endfacet
  facet normal 0.553639 0.498474 0.667089
    outer loop
      vertex 26.5103 24.5029 34.0043
      vertex 27.0669 19.6653 37.1572
      vertex 27.0669 24.9612 33.1999
    endloop
  endfacet
  facet normal 0.55367 0.498465 0.667069
    outer loop
      vertex 26.2923 24.6606 34.0674
      vertex 27.0669 19.6653 37.1572
      vertex 26.5103 24.5029 34.0043
    endloop
  endfacet
  facet normal 0.553616 0.498461 0.667118
    outer loop
      vertex 22.3868 24.863 37.1572
      vertex 26.2923 24.6606 34.0674
      vertex 23.817 26.4514 34.7835
    endloop
  endfacet
  facet normal 0.55361 0.49848 0.667108
    outer loop
      vertex 26.2923 24.6606 34.0674
      vertex 22.3868 24.863 37.1572
      vertex 27.0669 19.6653 37.1572
    endloop
  endfacet
  facet normal 0.945902 0.307343 0.103968
    outer loop
      vertex 48.9074 10.3956 0
      vertex 45.6773 20.3368 0
      vertex 47.8386 10.1684 10.3956
    endloop
  endfacet
  facet normal 0.862404 -0.090628 0.498042
    outer loop
      vertex 43.1876 -1.18015 24.4342
      vertex 42.6952 -4.10447 24.7547
      vertex 43.4515 -0.600015 24.0828
    endloop
  endfacet
  facet normal 0.862468 -0.0906515 0.497926
    outer loop
      vertex 42.6952 -4.10447 24.7547
      vertex 43.1876 -1.18015 24.4342
      vertex 40.4557 -7.18692 28.0726
    endloop
  endfacet
  facet normal 0.824072 0.475777 0.307476
    outer loop
      vertex 40.568 24.0374 15
      vertex 44.6791 19.8924 10.3956
      vertex 39.5669 28.747 10.3956
    endloop
  endfacet
  facet normal 0.824073 0.475773 0.307481
    outer loop
      vertex 44.6791 19.8924 10.3956
      vertex 40.568 24.0374 15
      vertex 43.3124 19.2839 15
    endloop
  endfacet
  facet normal 0.404527 0.908598 0.103957
    outer loop
      vertex 15.4508 47.5528 0
      vertex 15.1132 46.5137 10.3956
      vertex 25 43.3013 0
    endloop
  endfacet
  facet normal 0.739111 0.665513 0.103957
    outer loop
      vertex 33.4565 37.1572 0
      vertex 32.7254 36.3453 10.3956
      vertex 40.4509 29.3893 0
    endloop
  endfacet
  facet normal 0.438368 0.394752 0.807468
    outer loop
      vertex 27.0669 19.6653 37.1572
      vertex 23.089 20.2206 39.0453
      vertex 25.5214 18.5424 38.5452
    endloop
  endfacet
  facet normal 0.438371 0.394717 0.807483
    outer loop
      vertex 22.3868 24.863 37.1572
      vertex 23.089 20.2206 39.0453
      vertex 27.0669 19.6653 37.1572
    endloop
  endfacet
  facet normal 0.438617 0.394703 0.807357
    outer loop
      vertex 23.089 20.2206 39.0453
      vertex 22.3868 24.863 37.1572
      vertex 22.7514 20.4536 39.1148
    endloop
  endfacet
  facet normal 0.438333 0.394739 0.807493
    outer loop
      vertex 22.7514 20.4536 39.1148
      vertex 22.3868 24.863 37.1572
      vertex 21.3759 20.107 40.0309
    endloop
  endfacet
  facet normal 0.122835 0.169089 0.977916
    outer loop
      vertex 7.72542 13.3808 47.5528
      vertex 7.7319 9.1351 48.2861
      vertex 8.0496 13.1453 47.5528
    endloop
  endfacet
  facet normal 0.12286 0.169089 0.977913
    outer loop
      vertex 7.7319 9.1351 48.2861
      vertex 7.72542 13.3808 47.5528
      vertex 2.61321 4.52621 49.7261
    endloop
  endfacet
  facet normal 0.711723 0.2216 0.666591
    outer loop
      vertex 35.0965 15.6227 31.6482
      vertex 36.9537 16.4528 29.3893
      vertex 35.0906 15.6233 31.6543
    endloop
  endfacet
  facet normal 0.708519 0.230161 0.667103
    outer loop
      vertex 36.9537 16.4528 29.3893
      vertex 35.0965 15.6227 31.6482
      vertex 36.5208 15.4806 30.1845
    endloop
  endfacet
  facet normal -0.180303 -0.84826 0.497942
    outer loop
      vertex -12.5 -38.471 29.3893
      vertex -8.92682 -41.7559 25.0872
      vertex -6.36561 -39.7749 29.3893
    endloop
  endfacet
  facet normal -0.180318 -0.848263 0.497931
    outer loop
      vertex -12.5 -38.471 29.3893
      vertex -10.4673 -42.2564 23.6767
      vertex -8.92682 -41.7559 25.0872
    endloop
  endfacet
  facet normal -0.180279 -0.848263 0.497945
    outer loop
      vertex -10.4673 -42.2564 23.6767
      vertex -12.5 -38.471 29.3893
      vertex -13.7015 -42.1688 22.655
    endloop
  endfacet
  facet normal -0.645147 -0.372478 0.667117
    outer loop
      vertex -30.5641 -13.608 37.1572
      vertex -31.2323 -13.9055 36.3449
      vertex -30.2245 -14.1962 37.1572
    endloop
  endfacet
  facet normal -0.437885 -0.602692 0.667097
    outer loop
      vertex -19.8561 -26.7017 37.1572
      vertex -21.4351 -29.4689 33.6207
      vertex -16.7283 -28.9742 37.1572
    endloop
  endfacet
  facet normal -0.70714 -0.636721 0.307471
    outer loop
      vertex -39.5669 -28.747 10.3956
      vertex -34.6838 -31.9467 15
      vertex -38.3566 -27.8677 15
    endloop
  endfacet
  facet normal -0.707144 -0.636712 0.307482
    outer loop
      vertex -34.6838 -31.9467 15
      vertex -39.5669 -28.747 10.3956
      vertex -32.7254 -36.3453 10.3956
    endloop
  endfacet
  facet normal -0.824064 -0.475787 0.307481
    outer loop
      vertex -44.6791 -19.8924 10.3956
      vertex -42.2012 -21.2085 15
      vertex -43.3124 -19.2839 15
    endloop
  endfacet
  facet normal -0.824068 -0.475778 0.307486
    outer loop
      vertex -41.2962 -22.776 15
      vertex -42.2012 -21.2085 15
      vertex -44.6791 -19.8924 10.3956
    endloop
  endfacet
  facet normal -0.824111 -0.475802 0.307334
    outer loop
      vertex -42.2012 -21.2085 15
      vertex -41.2962 -22.776 15
      vertex -41.9421 -21.5443 15.1749
    endloop
  endfacet
  facet normal -0.824061 -0.475796 0.307475
    outer loop
      vertex -41.9421 -21.5443 15.1749
      vertex -41.2962 -22.776 15
      vertex -40.9148 -22.4057 16.5952
    endloop
  endfacet
  facet normal -0.824079 -0.475737 0.307519
    outer loop
      vertex -44.6791 -19.8924 10.3956
      vertex -40.568 -24.0374 15
      vertex -41.2962 -22.776 15
    endloop
  endfacet
  facet normal -0.824072 -0.475777 0.307476
    outer loop
      vertex -40.568 -24.0374 15
      vertex -44.6791 -19.8924 10.3956
      vertex -39.5669 -28.747 10.3956
    endloop
  endfacet
  facet normal -0.824086 -0.475425 0.307981
    outer loop
      vertex -40.8972 -23.2609 15.3191
      vertex -41.2962 -22.776 15
      vertex -41.0007 -23.1615 15.1956
    endloop
  endfacet
  facet normal -0.824084 -0.475759 0.307472
    outer loop
      vertex -41.2962 -22.776 15
      vertex -40.8972 -23.2609 15.3191
      vertex -40.9148 -22.4057 16.5952
    endloop
  endfacet
  facet normal -0.824111 -0.475727 0.30745
    outer loop
      vertex -40.9148 -22.4057 16.5952
      vertex -40.8972 -23.2609 15.3191
      vertex -40.6909 -23.4591 15.5654
    endloop
  endfacet
  facet normal -0.861333 -0.49729 0.103965
    outer loop
      vertex -44.6791 -19.8924 10.3956
      vertex -45.6773 -20.3368 0
      vertex -39.5669 -28.747 10.3956
    endloop
  endfacet
  facet normal 0.437962 0.602653 0.667082
    outer loop
      vertex 22.3868 24.863 37.1572
      vertex 22.9479 26.9501 34.9033
      vertex 22.5661 26.9515 35.1527
    endloop
  endfacet
  facet normal 0.43781 0.602728 0.667114
    outer loop
      vertex 22.9479 26.9501 34.9033
      vertex 22.3868 24.863 37.1572
      vertex 23.817 26.4514 34.7835
    endloop
  endfacet
  facet normal 0.437878 0.602685 0.667108
    outer loop
      vertex 22.3868 24.863 37.1572
      vertex 22.5661 26.9515 35.1527
      vertex 19.4971 26.9625 37.1572
    endloop
  endfacet
  facet normal 0.989132 -0.10396 0.103967
    outer loop
      vertex 50 0 0
      vertex 47.8386 -10.1684 10.3956
      vertex 48.9074 -10.3956 0
    endloop
  endfacet
  facet normal 0.945902 -0.307343 0.103968
    outer loop
      vertex 47.8386 -10.1684 10.3956
      vertex 45.6773 -20.3368 0
      vertex 48.9074 -10.3956 0
    endloop
  endfacet
  facet normal -0.197841 -0.930757 0.307491
    outer loop
      vertex -5.11221 -48.6395 10.3956
      vertex -10.3247 -46.0104 15
      vertex -15.1132 -46.5137 10.3956
    endloop
  endfacet
  facet normal -0.19784 -0.930757 0.307491
    outer loop
      vertex -10.3247 -46.0104 15
      vertex -5.11221 -48.6395 10.3956
      vertex -4.95583 -47.1516 15
    endloop
  endfacet
  facet normal -0.197841 -0.930753 0.307502
    outer loop
      vertex -9.11537 -46.0274 15.7267
      vertex -4.87128 -46.3471 17.4896
      vertex -4.77457 -45.427 20.3368
    endloop
  endfacet
  facet normal -0.197825 -0.930771 0.30746
    outer loop
      vertex -4.87128 -46.3471 17.4896
      vertex -9.11537 -46.0274 15.7267
      vertex -5.15366 -46.4611 16.9628
    endloop
  endfacet
  facet normal -0.197862 -0.930718 0.307595
    outer loop
      vertex -5.15366 -46.4611 16.9628
      vertex -9.11537 -46.0274 15.7267
      vertex -5.31781 -46.5274 16.6566
    endloop
  endfacet
  facet normal -0.197766 -0.930791 0.307436
    outer loop
      vertex -9.57465 -45.9316 15.7213
      vertex -9.11537 -46.0274 15.7267
      vertex -4.77457 -45.427 20.3368
    endloop
  endfacet
  facet normal -0.197776 -0.930848 0.307256
    outer loop
      vertex -9.11537 -46.0274 15.7267
      vertex -9.57465 -45.9316 15.7213
      vertex -9.66758 -45.9547 15.5915
    endloop
  endfacet
  facet normal 0.584606 -0.804629 0.103956
    outer loop
      vertex 32.7254 -36.3453 10.3956
      vertex 25 -43.3013 0
      vertex 33.4565 -37.1572 0
    endloop
  endfacet
  facet normal 0.56103 -0.182303 0.807472
    outer loop
      vertex 24.4537 -5.19779 43.3013
      vertex 25.5432 -9.28965 41.6205
      vertex 28.0025 -5.95211 40.6653
    endloop
  endfacet
  facet normal 0.561039 -0.182298 0.807467
    outer loop
      vertex 25.5432 -9.28965 41.6205
      vertex 24.4537 -5.19779 43.3013
      vertex 22.8386 -10.1684 43.3013
    endloop
  endfacet
  facet normal 0.989132 0.103968 0.10396
    outer loop
      vertex 50 0 0
      vertex 47.8386 10.1684 10.3956
      vertex 48.9074 0 10.3956
    endloop
  endfacet
  facet normal 0.90498 -0.294063 0.307471
    outer loop
      vertex 46.3753 -9.85737 15
      vertex 45.0085 -14.0637 15
      vertex 47.8386 -10.1684 10.3956
    endloop
  endfacet
  facet normal 0.904981 -0.294035 0.307493
    outer loop
      vertex 44.6791 -9.49684 20.3368
      vertex 44.5255 -11.0323 19.3206
      vertex 45.2715 -9.62276 18.4729
    endloop
  endfacet
  facet normal 0.904983 -0.294034 0.307491
    outer loop
      vertex 44.6791 -9.49684 20.3368
      vertex 44.1574 -11.7278 19.7389
      vertex 44.5255 -11.0323 19.3206
    endloop
  endfacet
  facet normal 0.904969 -0.29404 0.307525
    outer loop
      vertex 44.1574 -11.7278 19.7389
      vertex 44.6791 -9.49684 20.3368
      vertex 43.3979 -13.44 20.3368
    endloop
  endfacet
  facet normal 0.904994 -0.29405 0.307442
    outer loop
      vertex 44.433 -14.0848 16.6737
      vertex 43.9535 -15.5158 16.7165
      vertex 45.1367 -12.3751 16.2375
    endloop
  endfacet
  facet normal 0.905013 -0.294059 0.307378
    outer loop
      vertex 43.9535 -15.5158 16.7165
      vertex 44.433 -14.0848 16.6737
      vertex 43.7008 -15.8637 17.1277
    endloop
  endfacet
  facet normal 0.70714 -0.636721 0.307471
    outer loop
      vertex 34.6838 -31.9467 15
      vertex 39.5669 -28.747 10.3956
      vertex 38.3566 -27.8677 15
    endloop
  endfacet
  facet normal 0.707144 -0.636712 0.307482
    outer loop
      vertex 39.5669 -28.747 10.3956
      vertex 34.6838 -31.9467 15
      vertex 32.7254 -36.3453 10.3956
    endloop
  endfacet
  facet normal 0.707093 -0.636766 0.307487
    outer loop
      vertex 36.9456 -27.304 19.412
      vertex 37.562 -27.2904 18.0227
      vertex 37.2034 -27.0298 19.387
    endloop
  endfacet
  facet normal 0.707146 -0.636695 0.307512
    outer loop
      vertex 36.6245 -27.5877 19.563
      vertex 37.562 -27.2904 18.0227
      vertex 36.9456 -27.304 19.412
    endloop
  endfacet
  facet normal 0.707128 -0.636724 0.307495
    outer loop
      vertex 36.6245 -27.5877 19.563
      vertex 36.1199 -28.8412 18.1278
      vertex 37.562 -27.2904 18.0227
    endloop
  endfacet
  facet normal 0.707397 -0.636545 0.307244
    outer loop
      vertex 36.1199 -28.8412 18.1278
      vertex 36.6245 -27.5877 19.563
      vertex 36.0173 -28.9516 18.1353
    endloop
  endfacet
  facet normal 0.707137 -0.636728 0.307464
    outer loop
      vertex 37.6925 -28.0834 16.0805
      vertex 38.3561 -27.8674 15.0016
      vertex 38.1202 -27.696 15.8991
    endloop
  endfacet
  facet normal 0.707158 -0.636701 0.307473
    outer loop
      vertex 37.4442 -28.7896 15.1892
      vertex 37.6925 -28.0834 16.0805
      vertex 37.46 -28.2237 16.3247
    endloop
  endfacet
  facet normal 0.707152 -0.636705 0.307478
    outer loop
      vertex 37.6925 -28.0834 16.0805
      vertex 37.4442 -28.7896 15.1892
      vertex 38.3561 -27.8674 15.0016
    endloop
  endfacet
  facet normal 0.707143 -0.63672 0.307468
    outer loop
      vertex 35.2798 -30.608 16.4014
      vertex 37.46 -28.2237 16.3247
      vertex 35.9305 -29.1466 17.9312
    endloop
  endfacet
  facet normal 0.70716 -0.636699 0.307472
    outer loop
      vertex 37.46 -28.2237 16.3247
      vertex 36.6678 -29.5748 15.3489
      vertex 37.4442 -28.7896 15.1892
    endloop
  endfacet
  facet normal 0.707134 -0.63671 0.307509
    outer loop
      vertex 37.46 -28.2237 16.3247
      vertex 35.2798 -30.608 16.4014
      vertex 36.6678 -29.5748 15.3489
    endloop
  endfacet
  facet normal 0.946345 -0.0994626 0.307472
    outer loop
      vertex 46.8376 -5.45878 15
      vertex 46.3753 -9.85737 15
      vertex 47.8386 -10.1684 10.3956
    endloop
  endfacet
  facet normal 0.946376 -0.0994759 0.307372
    outer loop
      vertex 45.7139 -4.10508 18.8962
      vertex 45.0885 -8.49418 19.4013
      vertex 45.8609 -3.37709 18.6792
    endloop
  endfacet
  facet normal 0.946315 -0.0994443 0.307571
    outer loop
      vertex 44.7377 -8.939 20.3368
      vertex 45.0885 -8.49418 19.4013
      vertex 45.7139 -4.10508 18.8962
    endloop
  endfacet
  facet normal 0.946317 -0.0995083 0.307541
    outer loop
      vertex 44.7377 -8.939 20.3368
      vertex 44.9891 -9.15235 19.4942
      vertex 45.0885 -8.49418 19.4013
    endloop
  endfacet
  facet normal 0.94632 -0.0994902 0.307538
    outer loop
      vertex 44.7377 -8.939 20.3368
      vertex 44.9094 -9.37072 19.6688
      vertex 44.9891 -9.15235 19.4942
    endloop
  endfacet
  facet normal 0.94642 -0.0991475 0.307342
    outer loop
      vertex 44.7377 -8.939 20.3368
      vertex 44.8996 -9.39762 19.6903
      vertex 44.9094 -9.37072 19.6688
    endloop
  endfacet
  facet normal 0.946338 -0.099411 0.307508
    outer loop
      vertex 44.8996 -9.39762 19.6903
      vertex 44.7377 -8.939 20.3368
      vertex 44.6791 -9.49684 20.3368
    endloop
  endfacet
  facet normal 0.946339 -0.0994614 0.307488
    outer loop
      vertex 45.2715 -9.62276 18.4729
      vertex 46.2157 -6.52934 16.5676
      vertex 44.8996 -9.39762 19.6903
    endloop
  endfacet
  facet normal 0.946353 -0.0994977 0.307436
    outer loop
      vertex 46.2157 -6.52934 16.5676
      vertex 45.2715 -9.62276 18.4729
      vertex 46.3774 -6.17695 16.1839
    endloop
  endfacet
  facet normal 0.946334 -0.0994976 0.307493
    outer loop
      vertex 45.2715 -9.62276 18.4729
      vertex 44.8996 -9.39762 19.6903
      vertex 44.6791 -9.49684 20.3368
    endloop
  endfacet
  facet normal 0.740887 0.0778624 0.667101
    outer loop
      vertex 39.053 0 30.9417
      vertex 36.8585 3.23454 33.0014
      vertex 33.4169 0.559417 37.1359
    endloop
  endfacet
  facet normal 0.741884 0.0778743 0.665991
    outer loop
      vertex 33.4565 0 37.1572
      vertex 33.4169 0.559417 37.1359
      vertex 33.398 0.557311 37.1572
    endloop
  endfacet
  facet normal 0.740887 0.0778461 0.667103
    outer loop
      vertex 33.4169 0.559417 37.1359
      vertex 33.4565 0 37.1572
      vertex 39.053 0 30.9417
    endloop
  endfacet
  facet normal 0.740871 0.0778387 0.667121
    outer loop
      vertex 36.8585 3.23454 33.0014
      vertex 39.053 0 30.9417
      vertex 39.7532 0.628164 30.0908
    endloop
  endfacet
  facet normal 0.50997 -0.701506 0.497816
    outer loop
      vertex 24.014 -37.5991 21.8932
      vertex 24.4284 -35.987 23.7404
      vertex 23.7904 -37.7168 21.9564
    endloop
  endfacet
  facet normal 0.509411 -0.701662 0.498167
    outer loop
      vertex 22.8386 -39.5577 20.3368
      vertex 23.7904 -37.7168 21.9564
      vertex 24.4284 -35.987 23.7404
    endloop
  endfacet
  facet normal 0.509739 -0.701606 0.497911
    outer loop
      vertex 23.7904 -37.7168 21.9564
      vertex 22.8386 -39.5577 20.3368
      vertex 25.8682 -37.3566 20.3368
    endloop
  endfacet
  facet normal 0.509721 -0.701593 0.497948
    outer loop
      vertex 26.0094 -36.5492 21.3299
      vertex 24.4284 -35.987 23.7404
      vertex 24.014 -37.5991 21.8932
    endloop
  endfacet
  facet normal 0.509778 -0.701534 0.497972
    outer loop
      vertex 26.7196 -36.1533 21.1606
      vertex 24.4284 -35.987 23.7404
      vertex 26.0094 -36.5492 21.3299
    endloop
  endfacet
  facet normal 0.509728 -0.701599 0.497932
    outer loop
      vertex 24.4284 -35.987 23.7404
      vertex 26.7196 -36.1533 21.1606
      vertex 29.7662 -33.0587 22.4022
    endloop
  endfacet
  facet normal 0.509737 -0.701603 0.497918
    outer loop
      vertex 30.1769 -34.2261 20.3368
      vertex 29.7662 -33.0587 22.4022
      vertex 26.7196 -36.1533 21.1606
    endloop
  endfacet
  facet normal 0.50972 -0.701613 0.49792
    outer loop
      vertex 29.7662 -33.0587 22.4022
      vertex 30.1769 -34.2261 20.3368
      vertex 30.5641 -33.9448 20.3368
    endloop
  endfacet
  facet normal -0.824072 0.475777 0.307476
    outer loop
      vertex -44.6791 19.8924 10.3956
      vertex -40.568 24.0374 15
      vertex -39.5669 28.747 10.3956
    endloop
  endfacet
  facet normal -0.824073 0.475773 0.307481
    outer loop
      vertex -40.568 24.0374 15
      vertex -44.6791 19.8924 10.3956
      vertex -43.3124 19.2839 15
    endloop
  endfacet
  facet normal -0.824066 0.475782 0.307484
    outer loop
      vertex -41.5946 20.9143 17.081
      vertex -41.7283 18.5786 20.3368
      vertex -41.0956 21.5551 17.4268
    endloop
  endfacet
  facet normal -0.82407 0.475777 0.30748
    outer loop
      vertex -41.7283 18.5786 20.3368
      vertex -41.5946 20.9143 17.081
      vertex -42.9796 19.1357 16.1212
    endloop
  endfacet
  facet normal 0.38703 0.869284 0.307495
    outer loop
      vertex 15.1132 46.5137 10.3956
      vertex 14.6509 45.0908 15
      vertex 18.6913 43.2919 15
    endloop
  endfacet
  facet normal 0.644469 0.580285 0.497925
    outer loop
      vertex 31.7491 26.3413 27.6639
      vertex 30.1782 28.5548 27.1175
      vertex 27.789 29.2589 29.3893
    endloop
  endfacet
  facet normal 0.644465 0.580286 0.497929
    outer loop
      vertex 32.0947 26.1735 27.4121
      vertex 33.4041 27.617 24.0351
      vertex 30.3955 28.4907 26.9109
    endloop
  endfacet
  facet normal 0.644454 0.580297 0.497929
    outer loop
      vertex 34.4504 25.0297 25.6962
      vertex 33.4041 27.617 24.0351
      vertex 32.0947 26.1735 27.4121
    endloop
  endfacet
  facet normal 0.644498 0.580297 0.497873
    outer loop
      vertex 32.0947 26.1735 27.4121
      vertex 30.3955 28.4907 26.9109
      vertex 31.7491 26.3413 27.6639
    endloop
  endfacet
  facet normal 0.644514 0.580299 0.49785
    outer loop
      vertex 30.1782 28.5548 27.1175
      vertex 31.7491 26.3413 27.6639
      vertex 30.3955 28.4907 26.9109
    endloop
  endfacet
  facet normal 0.644467 0.580273 0.497942
    outer loop
      vertex 31.7491 26.3413 27.6639
      vertex 27.789 29.2589 29.3893
      vertex 31.8965 24.697 29.3893
    endloop
  endfacet
  facet normal 0.644484 0.580233 0.497967
    outer loop
      vertex 33.8128 27.869 23.2127
      vertex 33.6704 27.5397 23.7807
      vertex 34.9398 27.5028 22.1808
    endloop
  endfacet
  facet normal 0.644451 0.580298 0.497933
    outer loop
      vertex 35.6861 25.9274 23.0507
      vertex 33.4041 27.617 24.0351
      vertex 34.4504 25.0297 25.6962
    endloop
  endfacet
  facet normal 0.644477 0.580246 0.497961
    outer loop
      vertex 33.6704 27.5397 23.7807
      vertex 35.5788 26.1538 22.9257
      vertex 34.9398 27.5028 22.1808
    endloop
  endfacet
  facet normal 0.644408 0.58002 0.498311
    outer loop
      vertex 33.4041 27.617 24.0351
      vertex 35.6861 25.9274 23.0507
      vertex 33.6704 27.5397 23.7807
    endloop
  endfacet
  facet normal 0.644487 0.580324 0.497856
    outer loop
      vertex 33.6704 27.5397 23.7807
      vertex 35.6861 25.9274 23.0507
      vertex 35.5788 26.1538 22.9257
    endloop
  endfacet
  facet normal 0.206789 0.972847 0.103957
    outer loop
      vertex 15.4508 47.5528 0
      vertex 5.22642 49.7261 0
      vertex 15.1132 46.5137 10.3956
    endloop
  endfacet
  facet normal -0.181006 0.104507 0.977914
    outer loop
      vertex -12.5 9.08178 47.5528
      vertex -14.1151 6.28443 47.5528
      vertex -4.22826 3.07201 49.7261
    endloop
  endfacet
  facet normal 0.0849503 0.399672 0.912713
    outer loop
      vertex 2.61321 24.863 43.3013
      vertex 1.61505 15.3662 47.5528
      vertex 7.72542 23.7764 43.3013
    endloop
  endfacet
  facet normal -0.904981 0.294049 0.307481
    outer loop
      vertex -44.6791 19.8924 10.3956
      vertex -43.9923 17.1914 15
      vertex -43.3124 19.2839 15
    endloop
  endfacet
  facet normal -0.904939 0.294031 0.307622
    outer loop
      vertex -42.9796 19.1357 16.1212
      vertex -43.6997 16.95 16.092
      vertex -43.6039 16.9881 16.3374
    endloop
  endfacet
  facet normal -0.904982 0.294038 0.307489
    outer loop
      vertex -43.9923 17.1914 15
      vertex -44.85 14.5516 15
      vertex -43.6997 16.95 16.092
    endloop
  endfacet
  facet normal -0.904986 0.29404 0.307477
    outer loop
      vertex -44.6791 19.8924 10.3956
      vertex -44.85 14.5516 15
      vertex -43.9923 17.1914 15
    endloop
  endfacet
  facet normal -0.904982 0.294045 0.307482
    outer loop
      vertex -47.8386 10.1684 10.3956
      vertex -44.85 14.5516 15
      vertex -44.6791 19.8924 10.3956
    endloop
  endfacet
  facet normal -0.904982 0.293994 0.307531
    outer loop
      vertex -44.85 14.5516 15
      vertex -47.8386 10.1684 10.3956
      vertex -45.0085 14.0637 15
    endloop
  endfacet
  facet normal -0.904974 0.294069 0.307482
    outer loop
      vertex -42.9796 19.1357 16.1212
      vertex -42.8841 17.2748 18.182
      vertex -41.7283 18.5786 20.3368
    endloop
  endfacet
  facet normal -0.904979 0.294046 0.30749
    outer loop
      vertex -43.6997 16.95 16.092
      vertex -42.9796 19.1357 16.1212
      vertex -43.9923 17.1914 15
    endloop
  endfacet
  facet normal -0.904998 0.294031 0.307448
    outer loop
      vertex -42.9796 19.1357 16.1212
      vertex -43.6039 16.9881 16.3374
      vertex -42.8841 17.2748 18.182
    endloop
  endfacet
  facet normal -0.904981 0.294003 0.307526
    outer loop
      vertex -42.92 17.0075 18.3319
      vertex -41.7283 18.5786 20.3368
      vertex -42.8841 17.2748 18.182
    endloop
  endfacet
  facet normal -0.904984 0.293945 0.307573
    outer loop
      vertex -41.7283 18.5786 20.3368
      vertex -42.92 17.0075 18.3319
      vertex -42.9314 16.9227 18.3794
    endloop
  endfacet
  facet normal -0.406329 -0.0427038 0.912729
    outer loop
      vertex -15.6542 -2.021 47.3677
      vertex -15.1132 -3.21241 47.5528
      vertex -15.4212 -0.281775 47.5528
    endloop
  endfacet
  facet normal -0.406371 -0.0427261 0.912709
    outer loop
      vertex -16.6873 -2.39326 46.8903
      vertex -15.1132 -3.21241 47.5528
      vertex -15.6542 -2.021 47.3677
    endloop
  endfacet
  facet normal -0.406363 -0.0427075 0.912713
    outer loop
      vertex -24.4259 -5.18173 43.3144
      vertex -15.1132 -3.21241 47.5528
      vertex -16.6873 -2.39326 46.8903
    endloop
  endfacet
  facet normal -0.406861 -0.0401258 0.912608
    outer loop
      vertex -15.1132 -3.21241 47.5528
      vertex -24.4259 -5.18173 43.3144
      vertex -24.4537 -5.19779 43.3013
    endloop
  endfacet
  facet normal 0.739119 -0.665502 0.10397
    outer loop
      vertex 39.5669 -28.747 10.3956
      vertex 32.7254 -36.3453 10.3956
      vertex 40.4509 -29.3893 0
    endloop
  endfacet
  facet normal 0.708493 -0.230206 0.667116
    outer loop
      vertex 39.168 -9.63797 29.3893
      vertex 35.9435 -14.1839 31.2451
      vertex 36.9537 -16.4528 29.3893
    endloop
  endfacet
  facet normal 0.708479 -0.230235 0.667121
    outer loop
      vertex 33.5751 -8.86448 35.5962
      vertex 34.0636 -7.24044 35.6379
      vertex 33.1015 -7.80067 36.4663
    endloop
  endfacet
  facet normal 0.708524 -0.230247 0.667068
    outer loop
      vertex 34.0636 -7.24044 35.6379
      vertex 33.5751 -8.86448 35.5962
      vertex 34.8628 -7.41031 34.7304
    endloop
  endfacet
  facet normal 0.346749 -0.477253 0.807462
    outer loop
      vertex 17.7742 -28.2143 37.1572
      vertex 16.2634 -28.1691 37.8327
      vertex 16.7283 -28.9742 37.1572
    endloop
  endfacet
  facet normal -0.387036 -0.869278 0.307504
    outer loop
      vertex -22.8386 -39.5577 20.3368
      vertex -21.5809 -40.348 19.6857
      vertex -17.7548 -41.8212 20.3368
    endloop
  endfacet
  facet normal -0.387083 -0.869286 0.307422
    outer loop
      vertex -21.5809 -40.348 19.6857
      vertex -22.8386 -39.5577 20.3368
      vertex -22.2021 -40.1308 19.5177
    endloop
  endfacet
  facet normal -0.386072 -0.869682 0.307573
    outer loop
      vertex -21.6275 -40.6472 18.7812
      vertex -21.5809 -40.348 19.6857
      vertex -21.6163 -40.3627 19.5997
    endloop
  endfacet
  facet normal -0.38703 -0.869299 0.307453
    outer loop
      vertex -21.6275 -40.6472 18.7812
      vertex -21.6163 -40.3627 19.5997
      vertex -21.8411 -40.4559 19.0532
    endloop
  endfacet
  facet normal -0.387022 -0.869289 0.307492
    outer loop
      vertex -21.5809 -40.348 19.6857
      vertex -21.6275 -40.6472 18.7812
      vertex -19.6529 -41.893 17.7446
    endloop
  endfacet
  facet normal -0.387325 -0.869259 0.307194
    outer loop
      vertex -21.6275 -40.6472 18.7812
      vertex -21.8411 -40.4559 19.0532
      vertex -21.6313 -40.6448 18.7832
    endloop
  endfacet
  facet normal -0.387035 -0.869288 0.307478
    outer loop
      vertex -21.5809 -40.348 19.6857
      vertex -19.6529 -41.893 17.7446
      vertex -17.7548 -41.8212 20.3368
    endloop
  endfacet
  facet normal -0.38701 -0.869305 0.30746
    outer loop
      vertex -17.7548 -41.8212 20.3368
      vertex -19.6529 -41.893 17.7446
      vertex -17.7408 -42.2984 19.0052
    endloop
  endfacet
  facet normal -0.387077 -0.86923 0.307587
    outer loop
      vertex -17.7408 -42.2984 19.0052
      vertex -19.6529 -41.893 17.7446
      vertex -17.7384 -42.3816 18.7731
    endloop
  endfacet
  facet normal -0.387009 -0.869321 0.307416
    outer loop
      vertex -19.5294 -42.0308 17.5104
      vertex -17.7384 -42.3816 18.7731
      vertex -19.6529 -41.893 17.7446
    endloop
  endfacet
  facet normal -0.387044 -0.869285 0.307476
    outer loop
      vertex -18.7122 -42.9428 15.9607
      vertex -17.7384 -42.3816 18.7731
      vertex -19.5294 -42.0308 17.5104
    endloop
  endfacet
  facet normal -0.387026 -0.869294 0.307472
    outer loop
      vertex -17.7384 -42.3816 18.7731
      vertex -18.7122 -42.9428 15.9607
      vertex -15.5355 -43.7842 17.5805
    endloop
  endfacet
  facet normal -0.387036 -0.86928 0.307498
    outer loop
      vertex -16.2645 -44.2324 15.3959
      vertex -15.5355 -43.7842 17.5805
      vertex -18.7122 -42.9428 15.9607
    endloop
  endfacet
  facet normal -0.387089 -0.869252 0.30751
    outer loop
      vertex -15.5355 -43.7842 17.5805
      vertex -16.2645 -44.2324 15.3959
      vertex -15.2524 -43.9645 17.4272
    endloop
  endfacet
  facet normal -0.387005 -0.869288 0.307515
    outer loop
      vertex -16.4053 -44.2696 15.1133
      vertex -18.7122 -42.9428 15.9607
      vertex -19.0969 -42.8189 15.8268
    endloop
  endfacet
  facet normal -0.387082 -0.869327 0.307307
    outer loop
      vertex -16.4053 -44.2696 15.1133
      vertex -19.0969 -42.8189 15.8268
      vertex -19.2834 -42.7588 15.7619
    endloop
  endfacet
  facet normal -0.387103 -0.86932 0.3073
    outer loop
      vertex -18.7122 -42.9428 15.9607
      vertex -16.4053 -44.2696 15.1133
      vertex -16.2645 -44.2324 15.3959
    endloop
  endfacet
  facet normal -0.387017 -0.869287 0.307502
    outer loop
      vertex -15.1132 -46.5137 10.3956
      vertex -16.4053 -44.2696 15.1133
      vertex -19.2834 -42.7588 15.7619
    endloop
  endfacet
  facet normal -0.386997 -0.869299 0.307496
    outer loop
      vertex -16.2161 -44.394 15
      vertex -15.1132 -46.5137 10.3956
      vertex -14.6509 -45.0908 15
    endloop
  endfacet
  facet normal -0.38744 -0.869161 0.307326
    outer loop
      vertex -16.4053 -44.2696 15.1133
      vertex -15.1132 -46.5137 10.3956
      vertex -16.2161 -44.394 15
    endloop
  endfacet
  facet normal -0.387109 -0.869287 0.307387
    outer loop
      vertex -14.5951 -43.5823 19.3349
      vertex -14.1965 -43.6923 19.5258
      vertex -14.8837 -43.4326 19.3948
    endloop
  endfacet
  facet normal -0.387121 -0.869269 0.307422
    outer loop
      vertex -14.1965 -43.6923 19.5258
      vertex -14.5951 -43.5823 19.3349
      vertex -14.2234 -43.7751 19.2578
    endloop
  endfacet
  facet normal -0.708494 -0.230222 0.667108
    outer loop
      vertex -33.7923 -13.0395 33.9248
      vertex -33.1917 -8.00323 36.3007
      vertex -35.1347 -12.3673 32.7311
    endloop
  endfacet
  facet normal -0.708497 -0.230221 0.667106
    outer loop
      vertex -33.1917 -8.00323 36.3007
      vertex -33.7923 -13.0395 33.9248
      vertex -32.6917 -8.33624 36.7168
    endloop
  endfacet
  facet normal -0.708507 -0.230213 0.667098
    outer loop
      vertex -30.5641 -13.608 37.1572
      vertex -32.6917 -8.33624 36.7168
      vertex -33.7923 -13.0395 33.9248
    endloop
  endfacet
  facet normal -0.708431 -0.230175 0.667192
    outer loop
      vertex -32.6917 -8.33624 36.7168
      vertex -30.5641 -13.608 37.1572
      vertex -32.3254 -8.18708 37.1572
    endloop
  endfacet
  facet normal -0.708513 -0.230148 0.667115
    outer loop
      vertex -30.5641 -13.608 37.1572
      vertex -33.7923 -13.0395 33.9248
      vertex -31.2323 -13.9055 36.3449
    endloop
  endfacet
  facet normal -0.0849552 -0.399669 0.912714
    outer loop
      vertex -4.77457 -14.6946 47.5528
      vertex -7.72542 -23.7764 43.3013
      vertex -1.61505 -15.3662 47.5528
    endloop
  endfacet
  facet normal -0.437903 -0.395437 0.807385
    outer loop
      vertex -20.2254 -14.6946 43.3013
      vertex -20.3413 -14.7788 43.1972
      vertex -20.2429 -14.7769 43.2515
    endloop
  endfacet
  facet normal -0.405971 -0.0419247 0.912924
    outer loop
      vertex -24.4259 -5.18173 43.3144
      vertex -24.4543 -5.19198 43.3013
      vertex -24.4537 -5.19779 43.3013
    endloop
  endfacet
  facet normal -0.587365 -0.0606573 0.807046
    outer loop
      vertex -24.4543 -5.19198 43.3013
      vertex -24.49 -5.20552 43.2743
      vertex -24.4537 -5.19779 43.3013
    endloop
  endfacet
  facet normal -0.553606 0.498792 0.666879
    outer loop
      vertex -27.6403 23.9976 33.444
      vertex -27.0669 24.044 33.8853
      vertex -27.1123 24.0872 33.8153
    endloop
  endfacet
  facet normal -0.553711 0.498442 0.667053
    outer loop
      vertex -27.0669 24.044 33.8853
      vertex -27.6403 23.9976 33.444
      vertex -27.0669 19.6653 37.1572
    endloop
  endfacet
  facet normal -0.553608 0.498496 0.667099
    outer loop
      vertex -27.0669 19.6653 37.1572
      vertex -27.6403 23.9976 33.444
      vertex -32.0093 23.2562 30.3723
    endloop
  endfacet
  facet normal -0.862506 0.0907558 0.497842
    outer loop
      vertex -45.6208 0.536953 20.3368
      vertex -45.6773 0 20.3368
      vertex -44.7219 1.315 21.7523
    endloop
  endfacet
  facet normal -0.862457 0.0906347 0.497948
    outer loop
      vertex -43.5676 9.26058 22.3051
      vertex -44.0582 7.9891 21.6868
      vertex -42.4607 9.0253 24.2651
    endloop
  endfacet
  facet normal -0.862535 0.0907395 0.497795
    outer loop
      vertex -44.0582 7.9891 21.6868
      vertex -43.5676 9.26058 22.3051
      vertex -44.2535 7.86238 21.3715
    endloop
  endfacet
  facet normal -0.946342 0.0994699 0.307478
    outer loop
      vertex -48.9074 0 10.3956
      vertex -46.8376 5.45878 15
      vertex -47.8386 10.1684 10.3956
    endloop
  endfacet
  facet normal -0.946339 0.0994571 0.307492
    outer loop
      vertex -46.8376 5.45878 15
      vertex -48.9074 0 10.3956
      vertex -47.4113 0 15
    endloop
  endfacet
  facet normal -0.94634 0.0995529 0.307457
    outer loop
      vertex -45.754 0.361096 19.9838
      vertex -46.0275 0 19.2589
      vertex -45.6773 0 20.3368
    endloop
  endfacet
  facet normal -0.824833 -0.268019 0.497812
    outer loop
      vertex -44.3253 -10.5858 20.3368
      vertex -43.568 -12.9164 20.3368
      vertex -44.2477 -10.5878 20.4643
    endloop
  endfacet
  facet normal -0.825016 -0.268099 0.497465
    outer loop
      vertex -44.2477 -10.5878 20.4643
      vertex -44.6791 -9.49684 20.3368
      vertex -44.448 -10.208 20.3368
    endloop
  endfacet
  facet normal -0.824762 -0.267939 0.497971
    outer loop
      vertex -44.2477 -10.5878 20.4643
      vertex -40.0463 -13.6682 25.7654
      vertex -44.6791 -9.49684 20.3368
    endloop
  endfacet
  facet normal -0.824776 -0.268008 0.497912
    outer loop
      vertex -40.6285 -14.7181 24.2362
      vertex -44.2477 -10.5878 20.4643
      vertex -43.568 -12.9164 20.3368
    endloop
  endfacet
  facet normal -0.824762 -0.267945 0.497968
    outer loop
      vertex -44.2477 -10.5878 20.4643
      vertex -40.6285 -14.7181 24.2362
      vertex -40.0463 -13.6682 25.7654
    endloop
  endfacet
  facet normal -0.824776 -0.268008 0.497912
    outer loop
      vertex -40.6285 -14.7181 24.2362
      vertex -43.568 -12.9164 20.3368
      vertex -40.8017 -15.0304 23.7812
    endloop
  endfacet
  facet normal 0.945903 0.307341 0.103965
    outer loop
      vertex 45.6773 20.3368 0
      vertex 44.6791 19.8924 10.3956
      vertex 47.8386 10.1684 10.3956
    endloop
  endfacet
  facet normal 0.750995 -0.433635 0.497963
    outer loop
      vertex 36.9537 -16.4528 29.3893
      vertex 36.9537 -17.3105 28.6424
      vertex 37.3363 -16.6232 28.6639
    endloop
  endfacet
  facet normal 0.75101 -0.433656 0.497922
    outer loop
      vertex 39.9745 -17.7978 23.662
      vertex 40.4899 -18.7986 22.013
      vertex 40.9181 -18.2179 21.8729
    endloop
  endfacet
  facet normal 0.751029 -0.433633 0.497914
    outer loop
      vertex 37.3522 -21.2521 24.609
      vertex 40.4899 -18.7986 22.013
      vertex 39.9745 -17.7978 23.662
    endloop
  endfacet
  facet normal 0.751028 -0.433608 0.497937
    outer loop
      vertex 37.3522 -21.2521 24.609
      vertex 37.0534 -23.5574 23.0522
      vertex 40.4899 -18.7986 22.013
    endloop
  endfacet
  facet normal 0.751058 -0.433591 0.497906
    outer loop
      vertex 37.0439 -21.4468 24.9045
      vertex 37.0534 -23.5574 23.0522
      vertex 37.3522 -21.2521 24.609
    endloop
  endfacet
  facet normal 0.751002 -0.433633 0.497954
    outer loop
      vertex 36.9537 -21.5038 24.9909
      vertex 37.0534 -23.5574 23.0522
      vertex 37.0439 -21.4468 24.9045
    endloop
  endfacet
  facet normal 0.751206 -0.433468 0.49779
    outer loop
      vertex 37.0534 -23.5574 23.0522
      vertex 36.9537 -21.5038 24.9909
      vertex 36.9537 -23.6955 23.0824
    endloop
  endfacet
  facet normal 0.861335 -0.497286 0.10397
    outer loop
      vertex 45.6773 -20.3368 0
      vertex 39.5669 -28.747 10.3956
      vertex 40.4509 -29.3893 0
    endloop
  endfacet
  facet normal -0.509742 -0.701586 0.497936
    outer loop
      vertex -25.3384 -33.9431 25.6887
      vertex -25.7159 -31.0424 29.3893
      vertex -26.701 -30.8826 28.606
    endloop
  endfacet
  facet normal -0.509749 -0.701607 0.497899
    outer loop
      vertex -25.7159 -31.0424 29.3893
      vertex -20.4571 -35.4328 28.5866
      vertex -20.2254 -35.0315 29.3893
    endloop
  endfacet
  facet normal -0.50973 -0.701591 0.497941
    outer loop
      vertex -25.7159 -31.0424 29.3893
      vertex -25.3384 -33.9431 25.6887
      vertex -20.4571 -35.4328 28.5866
    endloop
  endfacet
  facet normal -0.50969 -0.701624 0.497935
    outer loop
      vertex -22.426 -38.843 21.7662
      vertex -23.2826 -38.5606 21.2873
      vertex -22.8386 -39.5577 20.3368
    endloop
  endfacet
  facet normal 0.206789 -0.972847 0.103957
    outer loop
      vertex 15.1132 -46.5137 10.3956
      vertex 5.22642 -49.7261 0
      vertex 15.4508 -47.5528 0
    endloop
  endfacet
  facet normal 0.989132 0.10396 0.103967
    outer loop
      vertex 48.9074 10.3956 0
      vertex 47.8386 10.1684 10.3956
      vertex 50 0 0
    endloop
  endfacet
  facet normal 0.645086 0.372633 0.66709
    outer loop
      vertex 36.9537 16.4528 29.3893
      vertex 34.6904 15.6523 32.0251
      vertex 35.0906 15.6233 31.6543
    endloop
  endfacet
  facet normal 0.645162 0.372473 0.667106
    outer loop
      vertex 27.0669 19.6653 37.1572
      vertex 34.6904 15.6523 32.0251
      vertex 36.9537 16.4528 29.3893
    endloop
  endfacet
  facet normal 0.645163 0.37249 0.667095
    outer loop
      vertex 34.6904 15.6523 32.0251
      vertex 27.0669 19.6653 37.1572
      vertex 29.0466 16.2364 37.1572
    endloop
  endfacet
  facet normal 0.862617 -0.0906162 0.497675
    outer loop
      vertex 44.7377 -8.939 20.3368
      vertex 44.5962 -9.47921 20.4837
      vertex 44.6791 -9.49684 20.3368
    endloop
  endfacet
  facet normal 0.862468 -0.0906517 0.497926
    outer loop
      vertex 40.4557 -7.18692 28.0726
      vertex 41.9358 -7.62352 25.4294
      vertex 42.6952 -4.10447 24.7547
    endloop
  endfacet
  facet normal 0.862443 -0.0907152 0.497958
    outer loop
      vertex 41.5283 -8.82712 25.9161
      vertex 40.4557 -7.18692 28.0726
      vertex 40.0089 -8.16916 28.6675
    endloop
  endfacet
  facet normal 0.862453 -0.0906909 0.497945
    outer loop
      vertex 41.7865 -8.31535 25.5621
      vertex 40.4557 -7.18692 28.0726
      vertex 41.5283 -8.82712 25.9161
    endloop
  endfacet
  facet normal 0.862472 -0.0905591 0.497937
    outer loop
      vertex 41.5283 -8.82712 25.9161
      vertex 40.0089 -8.16916 28.6675
      vertex 39.8751 -8.47572 28.8435
    endloop
  endfacet
  facet normal 0.862473 -0.0906189 0.497923
    outer loop
      vertex 40.4557 -7.18692 28.0726
      vertex 41.7865 -8.31535 25.5621
      vertex 41.9358 -7.62352 25.4294
    endloop
  endfacet
  facet normal 0.946339 0.0994571 0.307492
    outer loop
      vertex 48.9074 0 10.3956
      vertex 46.8376 5.45878 15
      vertex 47.4113 0 15
    endloop
  endfacet
  facet normal 0.946342 0.0994699 0.307478
    outer loop
      vertex 46.8376 5.45878 15
      vertex 48.9074 0 10.3956
      vertex 47.8386 10.1684 10.3956
    endloop
  endfacet
  facet normal 0.951205 0.0871173 0.296006
    outer loop
      vertex 46.7633 5.10914 15.3418
      vertex 46.7877 5.21716 15.2316
      vertex 46.7872 5.2216 15.2319
    endloop
  endfacet
  facet normal 0.946456 0.0995204 0.307112
    outer loop
      vertex 46.7877 5.21716 15.2316
      vertex 46.7633 5.10914 15.3418
      vertex 46.8515 4.69836 15.2031
    endloop
  endfacet
  facet normal 0.989132 -0.103968 0.10396
    outer loop
      vertex 48.9074 0 10.3956
      vertex 47.8386 -10.1684 10.3956
      vertex 50 0 0
    endloop
  endfacet
  facet normal 0.824939 -0.268209 0.497534
    outer loop
      vertex 44.2181 -10.3345 20.6496
      vertex 44.6791 -9.49684 20.3368
      vertex 44.5284 -9.63257 20.5135
    endloop
  endfacet
  facet normal 0.824819 -0.267983 0.497854
    outer loop
      vertex 43.3979 -13.44 20.3368
      vertex 44.1694 -10.3877 20.7016
      vertex 43.7395 -10.8576 21.1609
    endloop
  endfacet
  facet normal 0.824775 -0.267998 0.497919
    outer loop
      vertex 43.3979 -13.44 20.3368
      vertex 43.7395 -10.8576 21.1609
      vertex 43.2317 -11.7937 21.4982
    endloop
  endfacet
  facet normal 0.824787 -0.267987 0.497905
    outer loop
      vertex 44.2181 -10.3345 20.6496
      vertex 43.3979 -13.44 20.3368
      vertex 44.6791 -9.49684 20.3368
    endloop
  endfacet
  facet normal 0.824642 -0.267974 0.498151
    outer loop
      vertex 44.1694 -10.3877 20.7016
      vertex 43.3979 -13.44 20.3368
      vertex 44.2181 -10.3345 20.6496
    endloop
  endfacet
  facet normal 0.824777 -0.267996 0.497916
    outer loop
      vertex 39.9745 -17.7978 23.662
      vertex 43.3979 -13.44 20.3368
      vertex 43.2317 -11.7937 21.4982
    endloop
  endfacet
  facet normal 0.824777 -0.267994 0.497918
    outer loop
      vertex 39.9745 -17.7978 23.662
      vertex 40.9883 -18.0826 21.8294
      vertex 43.3979 -13.44 20.3368
    endloop
  endfacet
  facet normal 0.824817 -0.267868 0.49792
    outer loop
      vertex 40.9883 -18.0826 21.8294
      vertex 39.9745 -17.7978 23.662
      vertex 40.9181 -18.2179 21.8729
    endloop
  endfacet
  facet normal 0.824755 -0.267992 0.497956
    outer loop
      vertex 37.6325 -15.8417 28.5939
      vertex 36.9537 -16.4528 29.3893
      vertex 37.3363 -16.6232 28.6639
    endloop
  endfacet
  facet normal 0.824918 -0.267986 0.497688
    outer loop
      vertex 44.5962 -9.47921 20.4837
      vertex 44.5284 -9.63257 20.5135
      vertex 44.6791 -9.49684 20.3368
    endloop
  endfacet
  facet normal 0.824802 -0.267862 0.497947
    outer loop
      vertex 39.786 -8.62218 28.9123
      vertex 41.5283 -8.82712 25.9161
      vertex 39.8751 -8.47572 28.8435
    endloop
  endfacet
  facet normal 0.824775 -0.267963 0.497938
    outer loop
      vertex 39.168 -9.63797 29.3893
      vertex 41.5283 -8.82712 25.9161
      vertex 39.786 -8.62218 28.9123
    endloop
  endfacet
  facet normal 0.82477 -0.268001 0.497926
    outer loop
      vertex 39.168 -9.63797 29.3893
      vertex 39.0368 -12.4457 28.0954
      vertex 41.5283 -8.82712 25.9161
    endloop
  endfacet
  facet normal 0.824835 -0.267964 0.497837
    outer loop
      vertex 39.168 -9.63797 29.3893
      vertex 38.7761 -12.8244 28.3235
      vertex 39.0368 -12.4457 28.0954
    endloop
  endfacet
  facet normal 0.824771 -0.267988 0.497932
    outer loop
      vertex 36.9537 -16.4528 29.3893
      vertex 38.7761 -12.8244 28.3235
      vertex 39.168 -9.63797 29.3893
    endloop
  endfacet
  facet normal 0.824753 -0.267966 0.497973
    outer loop
      vertex 38.7761 -12.8244 28.3235
      vertex 36.9537 -16.4528 29.3893
      vertex 37.6325 -15.8417 28.5939
    endloop
  endfacet
  facet normal 0.166192 0.373274 0.912714
    outer loop
      vertex 7.72542 23.7764 43.3013
      vertex 4.77457 14.6946 47.5528
      vertex 7.72542 13.3808 47.5528
    endloop
  endfacet
  facet normal 0.510893 -0.294944 0.807463
    outer loop
      vertex 22.8386 -10.1684 43.3013
      vertex 22.9511 -12.5809 42.3489
      vertex 23.578 -11.829 42.2269
    endloop
  endfacet
  facet normal 0.510768 -0.294976 0.80753
    outer loop
      vertex 22.8386 -10.1684 43.3013
      vertex 22.6471 -12.9455 42.408
      vertex 22.9511 -12.5809 42.3489
    endloop
  endfacet
  facet normal 0.510875 -0.294931 0.807479
    outer loop
      vertex 22.6471 -12.9455 42.408
      vertex 20.2254 -14.6946 43.3013
      vertex 22.4568 -16.3158 41.2974
    endloop
  endfacet
  facet normal 0.510889 -0.294962 0.807459
    outer loop
      vertex 20.2254 -14.6946 43.3013
      vertex 22.6471 -12.9455 42.408
      vertex 22.8386 -10.1684 43.3013
    endloop
  endfacet
  facet normal 0.510822 -0.29499 0.807491
    outer loop
      vertex 22.6471 -12.9455 42.408
      vertex 24.9983 -15.0191 40.1631
      vertex 23.8335 -12.4029 41.8557
    endloop
  endfacet
  facet normal 0.510867 -0.294932 0.807484
    outer loop
      vertex 24.9983 -15.0191 40.1631
      vertex 22.6471 -12.9455 42.408
      vertex 22.4568 -16.3158 41.2974
    endloop
  endfacet
  facet normal 0.824749 0.26804 0.497939
    outer loop
      vertex 39.7081 13.9728 26.1617
      vertex 41.2135 14.3296 23.4762
      vertex 39.3778 14.4907 26.43
    endloop
  endfacet
  facet normal 0.824769 0.267974 0.497941
    outer loop
      vertex 41.2135 14.3296 23.4762
      vertex 39.7081 13.9728 26.1617
      vertex 42.6939 11.2843 22.663
    endloop
  endfacet
  facet normal 0.824767 0.267977 0.497943
    outer loop
      vertex 38.4129 15.139 27.6794
      vertex 39.672 17.6631 24.2355
      vertex 36.9537 16.4528 29.3893
    endloop
  endfacet
  facet normal 0.824757 0.267994 0.497951
    outer loop
      vertex 39.672 17.6631 24.2355
      vertex 38.4129 15.139 27.6794
      vertex 39.0624 14.9854 26.6863
    endloop
  endfacet
  facet normal 0.824771 0.267977 0.497936
    outer loop
      vertex 41.2135 14.3296 23.4762
      vertex 39.672 17.6631 24.2355
      vertex 39.0624 14.9854 26.6863
    endloop
  endfacet
  facet normal 0.824765 0.267971 0.49795
    outer loop
      vertex 39.672 17.6631 24.2355
      vertex 41.2135 14.3296 23.4762
      vertex 41.8484 15.4044 21.8462
    endloop
  endfacet
  facet normal 0.824789 0.267855 0.497973
    outer loop
      vertex 41.2135 14.3296 23.4762
      vertex 39.0624 14.9854 26.6863
      vertex 39.3778 14.4907 26.43
    endloop
  endfacet
  facet normal 0.824803 0.267906 0.497922
    outer loop
      vertex 41.555 13.8423 23.1727
      vertex 41.8484 15.4044 21.8462
      vertex 41.2135 14.3296 23.4762
    endloop
  endfacet
  facet normal 0.824735 0.267981 0.497994
    outer loop
      vertex 41.8484 15.4044 21.8462
      vertex 41.555 13.8423 23.1727
      vertex 42.177 15.0634 21.4855
    endloop
  endfacet
  facet normal 0.824779 0.267911 0.49796
    outer loop
      vertex 41.555 13.8423 23.1727
      vertex 43.4062 13.4143 20.3368
      vertex 42.177 15.0634 21.4855
    endloop
  endfacet
  facet normal 0.824765 0.267995 0.497938
    outer loop
      vertex 44.4668 9.68799 20.5856
      vertex 43.4062 13.4143 20.3368
      vertex 41.555 13.8423 23.1727
    endloop
  endfacet
  facet normal 0.824806 0.268002 0.497865
    outer loop
      vertex 43.4062 13.4143 20.3368
      vertex 44.4668 9.68799 20.5856
      vertex 44.5975 9.74794 20.3368
    endloop
  endfacet
  facet normal 0.824368 0.269226 0.49793
    outer loop
      vertex 44.5975 9.74794 20.3368
      vertex 44.4668 9.68799 20.5856
      vertex 44.5785 9.72622 20.38
    endloop
  endfacet
  facet normal 0.825036 0.267199 0.497916
    outer loop
      vertex 44.5785 9.72622 20.38
      vertex 44.4668 9.68799 20.5856
      vertex 44.5106 9.64853 20.5342
    endloop
  endfacet
  facet normal 0.559294 0.769836 0.307479
    outer loop
      vertex 32.7254 36.3453 10.3956
      vertex 28.1462 37.8331 15
      vertex 31.7244 35.2335 15
    endloop
  endfacet
  facet normal -0.946345 0.0994626 0.307472
    outer loop
      vertex -46.3753 9.85737 15
      vertex -47.8386 10.1684 10.3956
      vertex -46.8376 5.45878 15
    endloop
  endfacet
  facet normal -0.94633 0.0995761 0.307479
    outer loop
      vertex -45.6208 0.536953 20.3368
      vertex -45.754 0.361096 19.9838
      vertex -45.6773 0 20.3368
    endloop
  endfacet
  facet normal -0.946333 0.0994641 0.307508
    outer loop
      vertex -45.8218 9.73973 16.7414
      vertex -46.0665 7.27338 16.7861
      vertex -45.5851 9.68942 17.4861
    endloop
  endfacet
  facet normal -0.240085 0.330618 0.912716
    outer loop
      vertex -12.2644 20.5423 43.7647
      vertex -7.72542 13.3808 47.5528
      vertex -12.2104 21.1491 43.5591
    endloop
  endfacet
  facet normal -0.24017 0.330563 0.912714
    outer loop
      vertex -7.72542 13.3808 47.5528
      vertex -12.2644 20.5423 43.7647
      vertex -10.3386 11.4822 47.5528
    endloop
  endfacet
  facet normal -0.824075 0.475774 0.307472
    outer loop
      vertex -39.5669 28.747 10.3956
      vertex -40.568 24.0374 15
      vertex -38.3566 27.8677 15
    endloop
  endfacet
  facet normal -0.824198 0.475626 0.307373
    outer loop
      vertex -41.0956 21.5551 17.4268
      vertex -41.1874 19.7508 19.9726
      vertex -41.0309 21.6382 17.4717
    endloop
  endfacet
  facet normal -0.824057 0.475791 0.307495
    outer loop
      vertex -41.7283 18.5786 20.3368
      vertex -41.1874 19.7508 19.9726
      vertex -41.0956 21.5551 17.4268
    endloop
  endfacet
  facet normal -0.824105 0.475779 0.307385
    outer loop
      vertex -41.1874 19.7508 19.9726
      vertex -41.7283 18.5786 20.3368
      vertex -41.2089 19.4917 20.316
    endloop
  endfacet
  facet normal -0.824028 0.475741 0.307651
    outer loop
      vertex -41.1908 19.5096 20.3368
      vertex -41.2089 19.4917 20.316
      vertex -41.7283 18.5786 20.3368
    endloop
  endfacet
  facet normal -0.989132 0.10396 0.103967
    outer loop
      vertex -48.9074 10.3956 0
      vertex -50 0 0
      vertex -47.8386 10.1684 10.3956
    endloop
  endfacet
  facet normal 0 0.994582 0.103959
    outer loop
      vertex 5.22642 49.7261 0
      vertex -5.11221 48.6395 10.3956
      vertex 5.11221 48.6395 10.3956
    endloop
  endfacet
  facet normal 0 0.994582 0.103959
    outer loop
      vertex -5.11221 48.6395 10.3956
      vertex 5.22642 49.7261 0
      vertex -5.22642 49.7261 0
    endloop
  endfacet
  facet normal -0.206789 0.972847 0.103957
    outer loop
      vertex -5.22642 49.7261 0
      vertex -15.4508 47.5528 0
      vertex -15.1132 46.5137 10.3956
    endloop
  endfacet
  facet normal 0.739119 0.665502 0.10397
    outer loop
      vertex 40.4509 29.3893 0
      vertex 32.7254 36.3453 10.3956
      vertex 39.5669 28.747 10.3956
    endloop
  endfacet
  facet normal 0.197846 0.930754 0.307496
    outer loop
      vertex 15.1132 46.5137 10.3956
      vertex 10.3247 46.0104 15
      vertex 14.6509 45.0908 15
    endloop
  endfacet
  facet normal 0.197806 0.930776 0.307454
    outer loop
      vertex 5.91346 45.5467 19.2417
      vertex 4.77457 45.427 20.3368
      vertex 5.94577 45.1781 20.3368
    endloop
  endfacet
  facet normal 0.387025 0.869293 0.307478
    outer loop
      vertex 24.4537 42.355 10.3956
      vertex 18.6913 43.2919 15
      vertex 23.7057 41.0594 15
    endloop
  endfacet
  facet normal 0.387034 0.869284 0.307491
    outer loop
      vertex 18.6913 43.2919 15
      vertex 24.4537 42.355 10.3956
      vertex 15.1132 46.5137 10.3956
    endloop
  endfacet
  facet normal 0.559304 0.769822 0.307494
    outer loop
      vertex 24.4537 42.355 10.3956
      vertex 28.1462 37.8331 15
      vertex 32.7254 36.3453 10.3956
    endloop
  endfacet
  facet normal 0.55932 0.769817 0.307477
    outer loop
      vertex 28.1462 37.8331 15
      vertex 24.4537 42.355 10.3956
      vertex 23.7057 41.0594 15
    endloop
  endfacet
  facet normal -0.122656 0.577007 0.807477
    outer loop
      vertex -3.49716 33.2733 37.1572
      vertex -10.3386 31.819 37.1572
      vertex -2.61321 24.863 43.3013
    endloop
  endfacet
  facet normal 0 0.20901 0.977914
    outer loop
      vertex 1.61505 15.3662 47.5528
      vertex -0.546309 5.19779 49.7261
      vertex 0.546309 5.19779 49.7261
    endloop
  endfacet
  facet normal 0 0.20901 0.977914
    outer loop
      vertex -0.546309 5.19779 49.7261
      vertex 1.61505 15.3662 47.5528
      vertex -1.61505 15.3662 47.5528
    endloop
  endfacet
  facet normal -0.561025 -0.182294 0.807477
    outer loop
      vertex -30.7646 -7.59313 38.3758
      vertex -30.5641 -13.608 37.1572
      vertex -22.8386 -10.1684 43.3013
    endloop
  endfacet
  facet normal -0.561055 -0.182291 0.807457
    outer loop
      vertex -30.5641 -13.608 37.1572
      vertex -30.7646 -7.59313 38.3758
      vertex -32.3254 -8.18708 37.1572
    endloop
  endfacet
  facet normal 0.239913 0.538918 0.807471
    outer loop
      vertex 7.72542 23.7764 43.3013
      vertex 11.4603 26.542 40.3458
      vertex 8.59443 26.4509 41.2581
    endloop
  endfacet
  facet normal 0.239935 0.538897 0.807478
    outer loop
      vertex 11.4603 26.542 40.3458
      vertex 7.72542 23.7764 43.3013
      vertex 12.5 21.6506 43.3013
    endloop
  endfacet
  facet normal -0.510907 -0.294916 0.807465
    outer loop
      vertex -22.8386 -10.1684 43.3013
      vertex -26.8204 -14.7739 39.0998
      vertex -24.8898 -14.7754 40.3208
    endloop
  endfacet
  facet normal -0.510849 -0.294978 0.807478
    outer loop
      vertex -22.8386 -10.1684 43.3013
      vertex -27.3413 -14.7735 38.7704
      vertex -26.8204 -14.7739 39.0998
    endloop
  endfacet
  facet normal -0.510861 -0.294965 0.807476
    outer loop
      vertex -30.5641 -13.608 37.1572
      vertex -27.3413 -14.7735 38.7704
      vertex -22.8386 -10.1684 43.3013
    endloop
  endfacet
  facet normal -0.510858 -0.294946 0.807484
    outer loop
      vertex -27.3413 -14.7735 38.7704
      vertex -30.5641 -13.608 37.1572
      vertex -30.2245 -14.1962 37.1572
    endloop
  endfacet
  facet normal 0.35386 -0.204301 0.912713
    outer loop
      vertex 22.8386 -10.1684 43.3013
      vertex 14.1151 -6.28443 47.5528
      vertex 20.2254 -14.6946 43.3013
    endloop
  endfacet
  facet normal 0.0849555 -0.39967 0.912714
    outer loop
      vertex 1.61505 -15.3662 47.5528
      vertex 6.12058 -18.8372 45.6135
      vertex 4.77457 -14.6946 47.5528
    endloop
  endfacet
  facet normal 0.08496 -0.399666 0.912715
    outer loop
      vertex 6.12058 -18.8372 45.6135
      vertex 1.61505 -15.3662 47.5528
      vertex 6.36294 -21.9011 44.2493
    endloop
  endfacet
  facet normal 0.0849506 -0.399674 0.912713
    outer loop
      vertex 6.36294 -21.9011 44.2493
      vertex 2.61321 -24.863 43.3013
      vertex 6.53135 -24.0302 43.3013
    endloop
  endfacet
  facet normal 0.0849493 -0.399672 0.912713
    outer loop
      vertex 2.61321 -24.863 43.3013
      vertex 6.36294 -21.9011 44.2493
      vertex 1.61505 -15.3662 47.5528
    endloop
  endfacet
  facet normal -0.644431 -0.580293 0.497965
    outer loop
      vertex -35.7023 -27.255 21.4826
      vertex -35.3707 -25.6983 23.7258
      vertex -36.6127 -26.6007 21.0669
    endloop
  endfacet
  facet normal -0.64447 -0.580262 0.49795
    outer loop
      vertex -35.3707 -25.6983 23.7258
      vertex -35.7023 -27.255 21.4826
      vertex -31.4177 -28.6472 25.4056
    endloop
  endfacet
  facet normal -0.438526 -0.394576 0.807468
    outer loop
      vertex -16.8495 -18.4439 43.3013
      vertex -16.8841 -18.7517 43.1321
      vertex -16.7283 -18.5786 43.3013
    endloop
  endfacet
  facet normal -0.439073 -0.394948 0.806988
    outer loop
      vertex -20.2254 -14.6946 43.3013
      vertex -20.2429 -14.7769 43.2515
      vertex -20.1529 -14.7752 43.3013
    endloop
  endfacet
  facet normal -0.388602 -0.126257 0.912714
    outer loop
      vertex -15.1132 -3.21241 47.5528
      vertex -24.4537 -5.19779 43.3013
      vertex -14.1151 -6.28443 47.5528
    endloop
  endfacet
  facet normal -0.181007 0.104505 0.977914
    outer loop
      vertex -4.22826 3.07201 49.7261
      vertex -14.1151 6.28443 47.5528
      vertex -4.77457 2.12578 49.7261
    endloop
  endfacet
  facet normal -0.122621 -0.577011 0.807479
    outer loop
      vertex -2.61321 -24.863 43.3013
      vertex -4.0871 -28.1947 40.6967
      vertex -3.49716 -33.2733 37.1572
    endloop
  endfacet
  facet normal -0.12368 -0.57663 0.80759
    outer loop
      vertex -2.61321 -24.863 43.3013
      vertex -4.14786 -28.1615 40.7111
      vertex -4.0871 -28.1947 40.6967
    endloop
  endfacet
  facet normal -0.122643 -0.577018 0.80747
    outer loop
      vertex -2.61321 -24.863 43.3013
      vertex -5.23185 -27.5702 40.969
      vertex -4.14786 -28.1615 40.7111
    endloop
  endfacet
  facet normal -0.123222 -0.576625 0.807663
    outer loop
      vertex -2.61321 -24.863 43.3013
      vertex -5.24826 -27.5807 40.959
      vertex -5.23185 -27.5702 40.969
    endloop
  endfacet
  facet normal -0.122081 -0.577402 0.807281
    outer loop
      vertex -2.61321 -24.863 43.3013
      vertex -5.53983 -27.7675 40.7813
      vertex -5.24826 -27.5807 40.959
    endloop
  endfacet
  facet normal -0.122796 -0.576899 0.807532
    outer loop
      vertex -5.53983 -27.7675 40.7813
      vertex -2.61321 -24.863 43.3013
      vertex -10.3386 -31.819 37.1572
    endloop
  endfacet
  facet normal -0.122652 -0.577012 0.807474
    outer loop
      vertex -5.46225 -27.7903 40.7768
      vertex -3.49716 -33.2733 37.1572
      vertex -4.0871 -28.1947 40.6967
    endloop
  endfacet
  facet normal -0.122747 -0.577028 0.807447
    outer loop
      vertex -5.53983 -27.7675 40.7813
      vertex -3.49716 -33.2733 37.1572
      vertex -5.46225 -27.7903 40.7768
    endloop
  endfacet
  facet normal -0.122657 -0.577012 0.807473
    outer loop
      vertex -3.49716 -33.2733 37.1572
      vertex -5.53983 -27.7675 40.7813
      vertex -10.3386 -31.819 37.1572
    endloop
  endfacet
  facet normal -0.122645 -0.577015 0.807473
    outer loop
      vertex -7.72542 -23.7764 43.3013
      vertex -10.3386 -31.819 37.1572
      vertex -2.61321 -24.863 43.3013
    endloop
  endfacet
  facet normal -0.740887 -0.0778703 0.6671
    outer loop
      vertex -39.5773 -3.29196 29.9752
      vertex -39.5669 -8.4102 29.3893
      vertex -34.2708 -7.28449 35.4026
    endloop
  endfacet
  facet normal -0.740946 -0.0778631 0.667035
    outer loop
      vertex -40.0712 -2.79743 29.4843
      vertex -39.5669 -8.4102 29.3893
      vertex -39.5773 -3.29196 29.9752
    endloop
  endfacet
  facet normal -0.740512 -0.0778323 0.667521
    outer loop
      vertex -39.5669 -8.4102 29.3893
      vertex -40.0712 -2.79743 29.4843
      vertex -40.1669 -2.70168 29.3893
    endloop
  endfacet
  facet normal -0.90498 0.294063 0.307471
    outer loop
      vertex -45.0085 14.0637 15
      vertex -47.8386 10.1684 10.3956
      vertex -46.3753 9.85737 15
    endloop
  endfacet
  facet normal -0.904981 0.294036 0.307494
    outer loop
      vertex -43.2115 14.838 19.5485
      vertex -41.7283 18.5786 20.3368
      vertex -42.9314 16.9227 18.3794
    endloop
  endfacet
  facet normal -0.904983 0.294038 0.307486
    outer loop
      vertex -43.2115 14.838 19.5485
      vertex -43.2571 13.8733 20.3368
      vertex -41.7283 18.5786 20.3368
    endloop
  endfacet
  facet normal -0.904985 0.294036 0.307483
    outer loop
      vertex -44.4273 13.3733 17.3708
      vertex -43.2571 13.8733 20.3368
      vertex -43.2115 14.838 19.5485
    endloop
  endfacet
  facet normal -0.904948 0.294087 0.307543
    outer loop
      vertex -44.7635 11.5213 18.1525
      vertex -44.4273 13.3733 17.3708
      vertex -44.5749 13.0125 17.2815
    endloop
  endfacet
  facet normal -0.904978 0.294064 0.307476
    outer loop
      vertex -44.4273 13.3733 17.3708
      vertex -44.7635 11.5213 18.1525
      vertex -43.2571 13.8733 20.3368
    endloop
  endfacet
  facet normal -0.904969 0.294065 0.307501
    outer loop
      vertex -44.5749 13.0125 17.2815
      vertex -45.0048 11.1446 17.8026
      vertex -44.7635 11.5213 18.1525
    endloop
  endfacet
  facet normal -0.904996 0.294053 0.307433
    outer loop
      vertex -45.5941 10.5204 16.6649
      vertex -45.0048 11.1446 17.8026
      vertex -44.5749 13.0125 17.2815
    endloop
  endfacet
  facet normal -0.90497 0.294072 0.307492
    outer loop
      vertex -45.5851 9.68942 17.4861
      vertex -45.5941 10.5204 16.6649
      vertex -45.7095 10.1247 16.7037
    endloop
  endfacet
  facet normal -0.904956 0.2941 0.307505
    outer loop
      vertex -45.5851 9.68942 17.4861
      vertex -45.7095 10.1247 16.7037
      vertex -45.8218 9.73973 16.7414
    endloop
  endfacet
  facet normal -0.904999 0.294028 0.307448
    outer loop
      vertex -45.5941 10.5204 16.6649
      vertex -45.5851 9.68942 17.4861
      vertex -45.0048 11.1446 17.8026
    endloop
  endfacet
  facet normal -0.387027 -0.869292 0.307478
    outer loop
      vertex -23.7057 -41.0594 15
      vertex -24.4537 -42.355 10.3956
      vertex -21.4731 -42.0534 15
    endloop
  endfacet
  facet normal -0.387035 -0.869286 0.307483
    outer loop
      vertex -15.1132 -46.5137 10.3956
      vertex -21.4731 -42.0534 15
      vertex -24.4537 -42.355 10.3956
    endloop
  endfacet
  facet normal -0.387027 -0.869286 0.307493
    outer loop
      vertex -21.4731 -42.0534 15
      vertex -15.1132 -46.5137 10.3956
      vertex -19.2834 -42.7588 15.7619
    endloop
  endfacet
  facet normal -0.386972 -0.869301 0.307519
    outer loop
      vertex -22.8386 -39.5577 20.3368
      vertex -23.0071 -39.8495 19.2999
      vertex -22.2021 -40.1308 19.5177
    endloop
  endfacet
  facet normal -0.387146 -0.869284 0.30735
    outer loop
      vertex -21.8411 -40.4559 19.0532
      vertex -21.8952 -40.4783 18.9217
      vertex -21.6313 -40.6448 18.7832
    endloop
  endfacet
  facet normal 0.166178 -0.373279 0.912714
    outer loop
      vertex 7.72542 -13.3808 47.5528
      vertex 7.72542 -14.9337 46.9177
      vertex 8.73727 -15.1334 46.6518
    endloop
  endfacet
  facet normal -0.584597 -0.804635 0.103966
    outer loop
      vertex -24.4537 -42.355 10.3956
      vertex -32.7254 -36.3453 10.3956
      vertex -25 -43.3013 0
    endloop
  endfacet
  facet normal 0.404527 -0.908598 0.103957
    outer loop
      vertex 25 -43.3013 0
      vertex 15.1132 -46.5137 10.3956
      vertex 15.4508 -47.5528 0
    endloop
  endfacet
  facet normal 0.75103 -0.433609 0.497933
    outer loop
      vertex 32.7254 -23.7764 29.3893
      vertex 36.9537 -17.3105 28.6424
      vertex 36.9537 -16.4528 29.3893
    endloop
  endfacet
  facet normal 0.751017 -0.433597 0.497963
    outer loop
      vertex 36.9537 -17.3105 28.6424
      vertex 32.7254 -23.7764 29.3893
      vertex 33.8082 -22.9614 28.4659
    endloop
  endfacet
  facet normal 0.751017 -0.433608 0.497953
    outer loop
      vertex 32.7254 -23.7764 29.3893
      vertex 33.3545 -23.7765 28.4404
      vertex 33.8082 -22.9614 28.4659
    endloop
  endfacet
  facet normal 0.750999 -0.433652 0.497942
    outer loop
      vertex 34.9503 -25.3929 24.6259
      vertex 33.3545 -23.7765 28.4404
      vertex 32.7254 -23.7764 29.3893
    endloop
  endfacet
  facet normal 0.751037 -0.433595 0.497934
    outer loop
      vertex 33.3545 -23.7765 28.4404
      vertex 34.9503 -25.3929 24.6259
      vertex 36.6812 -24.0728 23.1647
    endloop
  endfacet
  facet normal 0.751026 -0.433621 0.497928
    outer loop
      vertex 36.6812 -24.0728 23.1647
      vertex 36.9537 -21.5038 24.9909
      vertex 33.3545 -23.7765 28.4404
    endloop
  endfacet
  facet normal 0.750905 -0.433693 0.498048
    outer loop
      vertex 36.9537 -21.5038 24.9909
      vertex 36.6812 -24.0728 23.1647
      vertex 36.9537 -23.6955 23.0824
    endloop
  endfacet
  facet normal 0.861335 0.497286 0.10397
    outer loop
      vertex 40.4509 29.3893 0
      vertex 39.5669 28.747 10.3956
      vertex 45.6773 20.3368 0
    endloop
  endfacet
  facet normal 0.861333 0.49729 0.103965
    outer loop
      vertex 45.6773 20.3368 0
      vertex 39.5669 28.747 10.3956
      vertex 44.6791 19.8924 10.3956
    endloop
  endfacet
  facet normal 0.751048 0.43359 0.497923
    outer loop
      vertex 36.9537 16.4528 29.3893
      vertex 37.7425 19.1067 25.8885
      vertex 36.9537 19.4976 26.7379
    endloop
  endfacet
  facet normal 0.750872 0.433777 0.498026
    outer loop
      vertex 37.7425 19.1067 25.8885
      vertex 36.9537 16.4528 29.3893
      vertex 38.0653 18.9469 25.541
    endloop
  endfacet
  facet normal 0.75104 0.433578 0.497945
    outer loop
      vertex 38.0653 18.9469 25.541
      vertex 36.9537 16.4528 29.3893
      vertex 39.672 17.6631 24.2355
    endloop
  endfacet
  facet normal 0.553625 0.49845 0.667118
    outer loop
      vertex 27.8299 25.5894 32.0973
      vertex 31.8019 23.1054 30.657
      vertex 31.8965 24.697 29.3893
    endloop
  endfacet
  facet normal 0.553773 0.498302 0.667106
    outer loop
      vertex 31.8019 23.1054 30.657
      vertex 28.922 21.1988 34.4718
      vertex 29.0659 21.1176 34.413
    endloop
  endfacet
  facet normal 0.553634 0.49848 0.667089
    outer loop
      vertex 31.8019 23.1054 30.657
      vertex 27.8299 25.5894 32.0973
      vertex 28.922 21.1988 34.4718
    endloop
  endfacet
  facet normal 0.553621 0.498476 0.667103
    outer loop
      vertex 27.789 29.2589 29.3893
      vertex 27.8299 25.5894 32.0973
      vertex 31.8965 24.697 29.3893
    endloop
  endfacet
  facet normal 0.553618 0.498477 0.667104
    outer loop
      vertex 27.789 29.2589 29.3893
      vertex 27.4366 29.0605 29.83
      vertex 27.8299 25.5894 32.0973
    endloop
  endfacet
  facet normal 0.553484 0.498659 0.667079
    outer loop
      vertex 27.4366 29.0605 29.83
      vertex 27.789 29.2589 29.3893
      vertex 27.4078 29.3148 29.6638
    endloop
  endfacet
  facet normal 0.553427 0.498509 0.667239
    outer loop
      vertex 27.7449 25.5194 32.2201
      vertex 28.922 21.1988 34.4718
      vertex 27.8299 25.5894 32.0973
    endloop
  endfacet
  facet normal 0.553627 0.498486 0.667089
    outer loop
      vertex 27.0669 24.9612 33.1999
      vertex 28.922 21.1988 34.4718
      vertex 27.7449 25.5194 32.2201
    endloop
  endfacet
  facet normal 0.553548 0.498569 0.667094
    outer loop
      vertex 28.9368 21.1692 34.4816
      vertex 27.0669 19.6653 37.1572
      vertex 28.99 21.0625 34.5172
    endloop
  endfacet
  facet normal 0.554102 0.497921 0.667117
    outer loop
      vertex 28.922 21.1988 34.4718
      vertex 27.0669 19.6653 37.1572
      vertex 28.9368 21.1692 34.4816
    endloop
  endfacet
  facet normal 0.553614 0.498484 0.667102
    outer loop
      vertex 27.0669 19.6653 37.1572
      vertex 28.922 21.1988 34.4718
      vertex 27.0669 24.9612 33.1999
    endloop
  endfacet
  facet normal 0.905013 -0.294046 0.307389
    outer loop
      vertex 43.7008 -15.8637 17.1277
      vertex 43.1676 -17.602 17.0347
      vertex 43.9535 -15.5158 16.7165
    endloop
  endfacet
  facet normal 0.90496 -0.294038 0.307553
    outer loop
      vertex 42.4508 -18.9003 17.9026
      vertex 43.1676 -17.602 17.0347
      vertex 43.7008 -15.8637 17.1277
    endloop
  endfacet
  facet normal 0.90496 -0.294039 0.307552
    outer loop
      vertex 43.1676 -17.602 17.0347
      vertex 42.4508 -18.9003 17.9026
      vertex 42.8748 -18.3792 17.1532
    endloop
  endfacet
  facet normal 0.905037 -0.293974 0.307389
    outer loop
      vertex 44.0536 -16.3588 15.6157
      vertex 43.8557 -17.5922 15.0188
      vertex 43.8806 -17.5352 15
    endloop
  endfacet
  facet normal 0.904973 -0.294029 0.307524
    outer loop
      vertex 43.0669 -18.0239 16.9273
      vertex 43.8557 -17.5922 15.0188
      vertex 44.0536 -16.3588 15.6157
    endloop
  endfacet
  facet normal 0.905292 -0.293672 0.306926
    outer loop
      vertex 42.9551 -19.1248 16.2037
      vertex 43.0669 -18.0239 16.9273
      vertex 43.0432 -18.0678 16.9552
    endloop
  endfacet
  facet normal 0.905035 -0.293979 0.307388
    outer loop
      vertex 42.9551 -19.1248 16.2037
      vertex 43.0432 -18.0678 16.9552
      vertex 42.8748 -18.3792 17.1532
    endloop
  endfacet
  facet normal 0.904954 -0.29412 0.307492
    outer loop
      vertex 42.9551 -19.1248 16.2037
      vertex 42.8748 -18.3792 17.1532
      vertex 42.4508 -18.9003 17.9026
    endloop
  endfacet
  facet normal 0.904972 -0.294032 0.307523
    outer loop
      vertex 43.0669 -18.0239 16.9273
      vertex 42.9551 -19.1248 16.2037
      vertex 43.8557 -17.5922 15.0188
    endloop
  endfacet
  facet normal 0.904982 -0.294007 0.307519
    outer loop
      vertex 44.5411 -15.5024 15
      vertex 47.8386 -10.1684 10.3956
      vertex 45.0085 -14.0637 15
    endloop
  endfacet
  facet normal 0.904994 -0.294052 0.307441
    outer loop
      vertex 43.8806 -17.5352 15
      vertex 44.5411 -15.5024 15
      vertex 44.1949 -16.1204 15.428
    endloop
  endfacet
  facet normal 0.904901 -0.2941 0.307667
    outer loop
      vertex 43.8806 -17.5352 15
      vertex 44.1949 -16.1204 15.428
      vertex 44.0536 -16.3588 15.6157
    endloop
  endfacet
  facet normal 0.904982 -0.294048 0.307479
    outer loop
      vertex 44.5411 -15.5024 15
      vertex 43.8806 -17.5352 15
      vertex 44.6791 -19.8924 10.3956
    endloop
  endfacet
  facet normal 0.90498 -0.294052 0.307481
    outer loop
      vertex 44.6791 -19.8924 10.3956
      vertex 43.8806 -17.5352 15
      vertex 43.3124 -19.2839 15
    endloop
  endfacet
  facet normal 0.904984 -0.294045 0.307477
    outer loop
      vertex 44.5411 -15.5024 15
      vertex 44.6791 -19.8924 10.3956
      vertex 47.8386 -10.1684 10.3956
    endloop
  endfacet
  facet normal 0.823642 -0.476512 0.307489
    outer loop
      vertex 38.1202 -27.696 15.8991
      vertex 38.3561 -27.8674 15.0016
      vertex 38.3604 -27.861 15
    endloop
  endfacet
  facet normal 0.824064 -0.475796 0.30747
    outer loop
      vertex 38.3604 -27.861 15
      vertex 39.5043 -25.8798 15
      vertex 38.1202 -27.696 15.8991
    endloop
  endfacet
  facet normal 0.82406 -0.475793 0.307484
    outer loop
      vertex 39.5669 -28.747 10.3956
      vertex 39.5043 -25.8798 15
      vertex 38.3604 -27.861 15
    endloop
  endfacet
  facet normal 0.827764 -0.469478 0.30724
    outer loop
      vertex 39.5669 -28.747 10.3956
      vertex 38.3604 -27.861 15
      vertex 38.3566 -27.8677 15
    endloop
  endfacet
  facet normal 0.824074 -0.475775 0.307473
    outer loop
      vertex 39.5043 -25.8798 15
      vertex 39.5669 -28.747 10.3956
      vertex 40.568 -24.0374 15
    endloop
  endfacet
  facet normal 0.824077 -0.475794 0.307436
    outer loop
      vertex 41.2716 -20.7273 18.2362
      vertex 39.1244 -24.8039 17.6827
      vertex 41.098 -21.5438 17.4379
    endloop
  endfacet
  facet normal 0.824074 -0.475794 0.307444
    outer loop
      vertex 37.2034 -27.0298 19.387
      vertex 39.1244 -24.8039 17.6827
      vertex 41.2716 -20.7273 18.2362
    endloop
  endfacet
  facet normal 0.824079 -0.475711 0.307558
    outer loop
      vertex 39.1244 -24.8039 17.6827
      vertex 37.2034 -27.0298 19.387
      vertex 38.7776 -25.3768 17.7258
    endloop
  endfacet
  facet normal 0.824069 -0.475777 0.307483
    outer loop
      vertex 38.7776 -25.3768 17.7258
      vertex 37.2034 -27.0298 19.387
      vertex 37.562 -27.2904 18.0227
    endloop
  endfacet
  facet normal 0.586669 -0.0616548 0.807476
    outer loop
      vertex 25.3927 -0.543668 42.9744
      vertex 28.6528 -5.64595 40.2162
      vertex 30.4248 -4.88449 38.9869
    endloop
  endfacet
  facet normal 0.586478 -0.0619818 0.80759
    outer loop
      vertex 25.3927 -0.543668 42.9744
      vertex 30.4248 -4.88449 38.9869
      vertex 25.467 -0.420446 42.9299
    endloop
  endfacet
  facet normal 0.586688 -0.061636 0.807464
    outer loop
      vertex 24.8478 -1.44779 43.3013
      vertex 28.6528 -5.64595 40.2162
      vertex 25.3927 -0.543668 42.9744
    endloop
  endfacet
  facet normal 0.58666 -0.0616752 0.807482
    outer loop
      vertex 28.6528 -5.64595 40.2162
      vertex 24.8478 -1.44779 43.3013
      vertex 28.0266 -5.91504 40.6506
    endloop
  endfacet
  facet normal 0.586677 -0.0616559 0.80747
    outer loop
      vertex 24.4537 -5.19779 43.3013
      vertex 28.0266 -5.91504 40.6506
      vertex 24.8478 -1.44779 43.3013
    endloop
  endfacet
  facet normal 0.586743 -0.0612614 0.807452
    outer loop
      vertex 28.0266 -5.91504 40.6506
      vertex 24.4537 -5.19779 43.3013
      vertex 28.0025 -5.95211 40.6653
    endloop
  endfacet
  facet normal 0.239896 -0.538917 0.807476
    outer loop
      vertex 11.2052 -27.7424 39.6205
      vertex 8.95229 -27.5523 40.4167
      vertex 10.3386 -31.819 37.1572
    endloop
  endfacet
  facet normal 0.406353 -0.042705 0.912717
    outer loop
      vertex 24.8478 -1.44779 43.3013
      vertex 22.9343 -4.32058 44.0188
      vertex 24.4537 -5.19779 43.3013
    endloop
  endfacet
  facet normal 0.586664 -0.0616525 0.807481
    outer loop
      vertex 33.4565 0 37.1572
      vertex 30.4248 -4.88449 38.9869
      vertex 33.0623 -3.75107 37.1572
    endloop
  endfacet
  facet normal 0.58667 -0.0616588 0.807475
    outer loop
      vertex 27.5377 0 41.4575
      vertex 30.4248 -4.88449 38.9869
      vertex 33.4565 0 37.1572
    endloop
  endfacet
  facet normal 0.586695 -0.0618005 0.807447
    outer loop
      vertex 25.467 -0.420446 42.9299
      vertex 27.5377 0 41.4575
      vertex 25.6106 -0.182128 42.8438
    endloop
  endfacet
  facet normal 0.58668 -0.0616502 0.807469
    outer loop
      vertex 27.5377 0 41.4575
      vertex 25.467 -0.420446 42.9299
      vertex 30.4248 -4.88449 38.9869
    endloop
  endfacet
  facet normal 0.740887 -0.0778606 0.667102
    outer loop
      vertex 33.4565 0 37.1572
      vertex 37.3185 -1.40637 32.7039
      vertex 39.053 0 30.9417
    endloop
  endfacet
  facet normal 0.740877 -0.0779044 0.667107
    outer loop
      vertex 33.4565 0 37.1572
      vertex 37.0232 -1.64575 33.0039
      vertex 37.3185 -1.40637 32.7039
    endloop
  endfacet
  facet normal 0.740889 -0.07786 0.6671
    outer loop
      vertex 37.0232 -1.64575 33.0039
      vertex 33.4565 0 37.1572
      vertex 33.0623 -3.75107 37.1572
    endloop
  endfacet
  facet normal -0.198779 0.0645873 0.977914
    outer loop
      vertex -4.77457 2.12578 49.7261
      vertex -14.1151 6.28443 47.5528
      vertex -5.11221 1.08663 49.7261
    endloop
  endfacet
  facet normal 0.207874 0.0217737 0.977913
    outer loop
      vertex 7.0763 1.50411 49.2993
      vertex 5.11221 1.08663 49.7261
      vertex 7.01585 0.886553 49.3259
    endloop
  endfacet
  facet normal 0.862334 0.0914687 0.498009
    outer loop
      vertex 42.7625 8.99035 23.7488
      vertex 43.6457 9.27718 22.1668
      vertex 42.7381 9.08427 23.7738
    endloop
  endfacet
  facet normal 0.862464 0.0906572 0.497934
    outer loop
      vertex 42.7625 8.99035 23.7488
      vertex 44.3143 6.90238 21.4411
      vertex 43.6457 9.27718 22.1668
    endloop
  endfacet
  facet normal 0.862454 0.0906261 0.497956
    outer loop
      vertex 44.0552 3.99605 22.4188
      vertex 44.3143 6.90238 21.4411
      vertex 42.7625 8.99035 23.7488
    endloop
  endfacet
  facet normal 0.862585 0.090543 0.497743
    outer loop
      vertex 44.3143 6.90238 21.4411
      vertex 44.0552 3.99605 22.4188
      vertex 44.4129 6.5518 21.334
    endloop
  endfacet
  facet normal 0.862375 0.0907138 0.498076
    outer loop
      vertex 44.3418 3.94102 21.9326
      vertex 44.4129 6.5518 21.334
      vertex 44.0552 3.99605 22.4188
    endloop
  endfacet
  facet normal 0.862461 0.0906788 0.497934
    outer loop
      vertex 44.4129 6.5518 21.334
      vertex 44.3418 3.94102 21.9326
      vertex 45.0023 6.42173 20.3368
    endloop
  endfacet
  facet normal 0.862487 0.0906472 0.497896
    outer loop
      vertex 45.0023 6.42173 20.3368
      vertex 44.3418 3.94102 21.9326
      vertex 45.282 3.76045 20.3368
    endloop
  endfacet
  facet normal -0.945903 0.307341 0.103965
    outer loop
      vertex -45.6773 20.3368 0
      vertex -47.8386 10.1684 10.3956
      vertex -44.6791 19.8924 10.3956
    endloop
  endfacet
  facet normal -0.861333 0.49729 0.103965
    outer loop
      vertex -39.5669 28.747 10.3956
      vertex -45.6773 20.3368 0
      vertex -44.6791 19.8924 10.3956
    endloop
  endfacet
  facet normal -0.739119 0.665502 0.10397
    outer loop
      vertex -32.7254 36.3453 10.3956
      vertex -40.4509 29.3893 0
      vertex -39.5669 28.747 10.3956
    endloop
  endfacet
  facet normal -0.739111 0.665513 0.103957
    outer loop
      vertex -33.4565 37.1572 0
      vertex -40.4509 29.3893 0
      vertex -32.7254 36.3453 10.3956
    endloop
  endfacet
  facet normal -0.945903 -0.307341 0.103965
    outer loop
      vertex -44.6791 -19.8924 10.3956
      vertex -47.8386 -10.1684 10.3956
      vertex -45.6773 -20.3368 0
    endloop
  endfacet
  facet normal -0.945902 -0.307343 0.103968
    outer loop
      vertex -47.8386 -10.1684 10.3956
      vertex -48.9074 -10.3956 0
      vertex -45.6773 -20.3368 0
    endloop
  endfacet
  facet normal -0.206787 0.972847 0.103959
    outer loop
      vertex -5.22642 49.7261 0
      vertex -15.1132 46.5137 10.3956
      vertex -5.11221 48.6395 10.3956
    endloop
  endfacet
  facet normal -0.387034 0.869284 0.307491
    outer loop
      vertex -24.4537 42.355 10.3956
      vertex -18.6913 43.2919 15
      vertex -15.1132 46.5137 10.3956
    endloop
  endfacet
  facet normal -0.387025 0.869293 0.307478
    outer loop
      vertex -18.6913 43.2919 15
      vertex -24.4537 42.355 10.3956
      vertex -23.7057 41.0594 15
    endloop
  endfacet
  facet normal 0 0.744966 0.667102
    outer loop
      vertex 4.22826 40.2293 29.3893
      vertex -3.49716 33.2733 37.1572
      vertex 3.49716 33.2733 37.1572
    endloop
  endfacet
  facet normal 0 0.744966 0.667102
    outer loop
      vertex -3.49716 33.2733 37.1572
      vertex 4.22826 40.2293 29.3893
      vertex -4.22826 40.2293 29.3893
    endloop
  endfacet
  facet normal 0.206787 0.972847 0.103959
    outer loop
      vertex 5.22642 49.7261 0
      vertex 5.11221 48.6395 10.3956
      vertex 15.1132 46.5137 10.3956
    endloop
  endfacet
  facet normal 0.584606 0.804629 0.103956
    outer loop
      vertex 33.4565 37.1572 0
      vertex 25 43.3013 0
      vertex 32.7254 36.3453 10.3956
    endloop
  endfacet
  facet normal 0.64452 0.580292 0.497851
    outer loop
      vertex 34.2133 28.7947 21.6155
      vertex 34.9398 27.5028 22.1808
      vertex 34.2679 28.921 21.3976
    endloop
  endfacet
  facet normal 0.644464 0.580292 0.497924
    outer loop
      vertex 34.9398 27.5028 22.1808
      vertex 34.2133 28.7947 21.6155
      vertex 33.8128 27.869 23.2127
    endloop
  endfacet
  facet normal 0.707149 0.636709 0.307477
    outer loop
      vertex 32.7254 36.3453 10.3956
      vertex 31.7244 35.2335 15
      vertex 34.6838 31.9467 15
    endloop
  endfacet
  facet normal 0.122712 0.577001 0.807472
    outer loop
      vertex 7.41452 26.3454 41.5128
      vertex 7.72542 23.7764 43.3013
      vertex 8.59443 26.4509 41.2581
    endloop
  endfacet
  facet normal 0.122463 0.577328 0.807276
    outer loop
      vertex 2.61321 24.863 43.3013
      vertex 7.41452 26.3454 41.5128
      vertex 7.37634 26.5494 41.3727
    endloop
  endfacet
  facet normal 0.122674 0.57698 0.807493
    outer loop
      vertex 2.61321 24.863 43.3013
      vertex 7.37634 26.5494 41.3727
      vertex 6.95964 28.7766 39.8446
    endloop
  endfacet
  facet normal 0.122641 0.577 0.807484
    outer loop
      vertex 7.41452 26.3454 41.5128
      vertex 2.61321 24.863 43.3013
      vertex 7.72542 23.7764 43.3013
    endloop
  endfacet
  facet normal 0.18031 0.848265 0.497931
    outer loop
      vertex 5.99003 40.8017 27.7762
      vertex 4.22826 40.2293 29.3893
      vertex 6.12887 39.8253 29.3893
    endloop
  endfacet
  facet normal 0.154891 0.72868 0.667109
    outer loop
      vertex 6.12887 39.8253 29.3893
      vertex 4.22826 40.2293 29.3893
      vertex 6.3073 37.3677 32.0323
    endloop
  endfacet
  facet normal 0.154898 0.728687 0.6671
    outer loop
      vertex 6.3073 37.3677 32.0323
      vertex 3.49716 33.2733 37.1572
      vertex 6.65327 32.6024 37.1572
    endloop
  endfacet
  facet normal 0.154905 0.728684 0.667101
    outer loop
      vertex 3.49716 33.2733 37.1572
      vertex 6.3073 37.3677 32.0323
      vertex 4.22826 40.2293 29.3893
    endloop
  endfacet
  facet normal -0.559294 0.769836 0.307479
    outer loop
      vertex -28.1462 37.8331 15
      vertex -32.7254 36.3453 10.3956
      vertex -31.7244 35.2335 15
    endloop
  endfacet
  facet normal 0 0.95155 0.307494
    outer loop
      vertex 5.11221 48.6395 10.3956
      vertex -4.77457 45.427 20.3368
      vertex 4.77457 45.427 20.3368
    endloop
  endfacet
  facet normal 0 0.95155 0.307494
    outer loop
      vertex -4.77457 45.427 20.3368
      vertex 5.11221 48.6395 10.3956
      vertex -5.11221 48.6395 10.3956
    endloop
  endfacet
  facet normal 0.24017 0.330566 0.912713
    outer loop
      vertex 12.5 21.6506 43.3013
      vertex 11.5678 17.2652 45.1349
      vertex 16.3785 18.8327 43.3013
    endloop
  endfacet
  facet normal 0 0.408601 0.912713
    outer loop
      vertex 2.61321 24.863 43.3013
      vertex -1.61505 15.3662 47.5528
      vertex 1.61505 15.3662 47.5528
    endloop
  endfacet
  facet normal 0 0.408601 0.912713
    outer loop
      vertex -1.61505 15.3662 47.5528
      vertex 2.61321 24.863 43.3013
      vertex -2.61321 24.863 43.3013
    endloop
  endfacet
  facet normal -0.207862 -0.0218526 0.977914
    outer loop
      vertex -15.3801 -0.00743696 47.5677
      vertex -5.22642 0 49.7261
      vertex -15.379 0 47.5681
    endloop
  endfacet
  facet normal -0.207862 -0.0218473 0.977914
    outer loop
      vertex -5.22642 0 49.7261
      vertex -15.3801 -0.00743696 47.5677
      vertex -5.11221 -1.08663 49.7261
    endloop
  endfacet
  facet normal -0.166194 -0.373274 0.912714
    outer loop
      vertex -7.72542 -13.3808 47.5528
      vertex -12.5 -21.6506 43.3013
      vertex -7.72542 -23.7764 43.3013
    endloop
  endfacet
  facet normal -0.166192 -0.373274 0.912714
    outer loop
      vertex -7.72542 -13.3808 47.5528
      vertex -7.72542 -23.7764 43.3013
      vertex -4.77457 -14.6946 47.5528
    endloop
  endfacet
  facet normal -0.155323 -0.139857 0.977913
    outer loop
      vertex -4.22826 -3.07201 49.7261
      vertex -12.5 -9.08178 47.5528
      vertex -10.3386 -11.4822 47.5528
    endloop
  endfacet
  facet normal -0.509763 -0.701608 0.497884
    outer loop
      vertex -24.4414 -38.1785 20.6393
      vertex -22.8386 -39.5577 20.3368
      vertex -23.2826 -38.5606 21.2873
    endloop
  endfacet
  facet normal -0.509692 -0.701557 0.498027
    outer loop
      vertex -22.8386 -39.5577 20.3368
      vertex -24.4414 -38.1785 20.6393
      vertex -25.1912 -37.8485 20.3368
    endloop
  endfacet
  facet normal -0.509765 -0.701581 0.49792
    outer loop
      vertex -27.6658 -30.726 27.8389
      vertex -25.3384 -33.9431 25.6887
      vertex -26.701 -30.8826 28.606
    endloop
  endfacet
  facet normal -0.509741 -0.70158 0.497946
    outer loop
      vertex -27.6658 -30.726 27.8389
      vertex -28.3914 -33.0114 23.8761
      vertex -25.3384 -33.9431 25.6887
    endloop
  endfacet
  facet normal -0.509713 -0.701597 0.49795
    outer loop
      vertex -27.6658 -30.726 27.8389
      vertex -29.0723 -32.8036 23.4719
      vertex -28.3914 -33.0114 23.8761
    endloop
  endfacet
  facet normal -0.50975 -0.70157 0.49795
    outer loop
      vertex -29.0723 -32.8036 23.4719
      vertex -27.6658 -30.726 27.8389
      vertex -29.4829 -32.7441 23.1354
    endloop
  endfacet
  facet normal -0.750711 -0.433849 0.498205
    outer loop
      vertex -36.9537 -26.2667 20.8434
      vertex -36.8683 -24.1906 22.78
      vertex -36.9537 -24.1417 22.6939
    endloop
  endfacet
  facet normal -0.751014 -0.433607 0.497959
    outer loop
      vertex -36.8683 -24.1906 22.78
      vertex -36.9537 -26.2667 20.8434
      vertex -35.3707 -25.6983 23.7258
    endloop
  endfacet
  facet normal -0.751038 -0.43356 0.497963
    outer loop
      vertex -35.3707 -25.6983 23.7258
      vertex -36.9537 -26.2667 20.8434
      vertex -36.6127 -26.6007 21.0669
    endloop
  endfacet
  facet normal -0.739111 -0.665513 0.103957
    outer loop
      vertex -32.7254 -36.3453 10.3956
      vertex -40.4509 -29.3893 0
      vertex -33.4565 -37.1572 0
    endloop
  endfacet
  facet normal -0.437889 -0.602684 0.667102
    outer loop
      vertex -21.4351 -29.4689 33.6207
      vertex -20.2254 -35.0315 29.3893
      vertex -16.7283 -28.9742 37.1572
    endloop
  endfacet
  facet normal -0.43789 -0.602684 0.667101
    outer loop
      vertex -22.4138 -31.1841 31.4287
      vertex -20.2254 -35.0315 29.3893
      vertex -21.4351 -29.4689 33.6207
    endloop
  endfacet
  facet normal -0.43782 -0.602673 0.667157
    outer loop
      vertex -23.0027 -31.1589 31.065
      vertex -20.2254 -35.0315 29.3893
      vertex -22.4138 -31.1841 31.4287
    endloop
  endfacet
  facet normal -0.437884 -0.602693 0.667097
    outer loop
      vertex -20.2254 -35.0315 29.3893
      vertex -23.0027 -31.1589 31.065
      vertex -25.7159 -31.0424 29.3893
    endloop
  endfacet
  facet normal -0.154895 -0.728688 0.667099
    outer loop
      vertex -5.33354 -38.708 30.7944
      vertex -11.2719 -34.6912 33.8032
      vertex -11.5399 -37.3338 30.8544
    endloop
  endfacet
  facet normal -0.154888 -0.728682 0.667107
    outer loop
      vertex -11.2719 -34.6912 33.8032
      vertex -5.33354 -38.708 30.7944
      vertex -10.3386 -31.819 37.1572
    endloop
  endfacet
  facet normal -0.154826 -0.728717 0.667084
    outer loop
      vertex -12.5 -38.471 29.3893
      vertex -11.5399 -37.3338 30.8544
      vertex -12.0208 -37.6681 30.3776
    endloop
  endfacet
  facet normal -0.155038 -0.728637 0.667122
    outer loop
      vertex -12.5 -38.471 29.3893
      vertex -12.0208 -37.6681 30.3776
      vertex -12.3028 -37.864 30.0981
    endloop
  endfacet
  facet normal -0.154887 -0.728688 0.667101
    outer loop
      vertex -11.5399 -37.3338 30.8544
      vertex -12.5 -38.471 29.3893
      vertex -6.36561 -39.7749 29.3893
    endloop
  endfacet
  facet normal -0.154899 -0.728702 0.667083
    outer loop
      vertex -11.5399 -37.3338 30.8544
      vertex -6.36561 -39.7749 29.3893
      vertex -5.33354 -38.708 30.7944
    endloop
  endfacet
  facet normal 0.19784 -0.930757 0.307491
    outer loop
      vertex 5.11221 -48.6395 10.3956
      vertex 10.3247 -46.0104 15
      vertex 4.95583 -47.1516 15
    endloop
  endfacet
  facet normal 0.197841 -0.930757 0.307491
    outer loop
      vertex 10.3247 -46.0104 15
      vertex 5.11221 -48.6395 10.3956
      vertex 15.1132 -46.5137 10.3956
    endloop
  endfacet
  facet normal 0.197815 -0.930761 0.307495
    outer loop
      vertex 4.77457 -45.427 20.3368
      vertex 4.86852 -46.3209 17.5706
      vertex 6.09668 -45.6339 18.86
    endloop
  endfacet
  facet normal 0.197702 -0.930816 0.307401
    outer loop
      vertex 4.77457 -45.427 20.3368
      vertex 6.09668 -45.6339 18.86
      vertex 6.37807 -45.5956 18.795
    endloop
  endfacet
  facet normal -0.239938 -0.538904 0.807473
    outer loop
      vertex -7.72542 -23.7764 43.3013
      vertex -12.5 -21.6506 43.3013
      vertex -10.3386 -31.819 37.1572
    endloop
  endfacet
  facet normal -0.862461 -0.0906363 0.497942
    outer loop
      vertex -44.6867 -1.36341 21.8044
      vertex -42.2438 0 26.2838
      vertex -45.6773 0 20.3368
    endloop
  endfacet
  facet normal -0.86244 -0.0907339 0.49796
    outer loop
      vertex -44.0678 -1.70039 22.8149
      vertex -42.2438 0 26.2838
      vertex -44.6867 -1.36341 21.8044
    endloop
  endfacet
  facet normal -0.862502 -0.0905249 0.49789
    outer loop
      vertex -43.788 -2.0766 23.2312
      vertex -42.2438 0 26.2838
      vertex -44.0678 -1.70039 22.8149
    endloop
  endfacet
  facet normal -0.862459 -0.0906374 0.497945
    outer loop
      vertex -43.788 -2.0766 23.2312
      vertex -40.1669 -2.70168 29.3893
      vertex -42.2438 0 26.2838
    endloop
  endfacet
  facet normal -0.862458 -0.0906637 0.497942
    outer loop
      vertex -40.4874 -6.51369 28.1401
      vertex -40.1669 -2.70168 29.3893
      vertex -43.788 -2.0766 23.2312
    endloop
  endfacet
  facet normal -0.862478 -0.0906516 0.49791
    outer loop
      vertex -40.4874 -6.51369 28.1401
      vertex -39.5669 -8.4102 29.3893
      vertex -40.1669 -2.70168 29.3893
    endloop
  endfacet
  facet normal -0.862457 -0.0906131 0.497953
    outer loop
      vertex -39.5669 -8.4102 29.3893
      vertex -40.4874 -6.51369 28.1401
      vertex -40.6937 -6.85928 27.7199
    endloop
  endfacet
  facet normal -0.862502 -0.0904901 0.497898
    outer loop
      vertex -43.9778 -8.90069 21.66
      vertex -44.6791 -9.49684 20.3368
      vertex -43.8331 -9.317 21.835
    endloop
  endfacet
  facet normal -0.862459 -0.0906417 0.497944
    outer loop
      vertex -44.6791 -9.49684 20.3368
      vertex -43.9778 -8.90069 21.66
      vertex -45.0727 -5.75172 20.3368
    endloop
  endfacet
  facet normal -0.861695 -0.0881708 0.499708
    outer loop
      vertex -40.6994 -6.86875 27.7084
      vertex -39.5669 -8.4102 29.3893
      vertex -40.6937 -6.85928 27.7199
    endloop
  endfacet
  facet normal -0.862462 -0.0906673 0.497935
    outer loop
      vertex -39.5669 -8.4102 29.3893
      vertex -40.6994 -6.86875 27.7084
      vertex -41.9175 -8.90985 25.2269
    endloop
  endfacet
  facet normal -0.862475 -0.090682 0.497909
    outer loop
      vertex -44.6867 -1.36341 21.8044
      vertex -45.6773 0 20.3368
      vertex -45.5854 -0.87406 20.3368
    endloop
  endfacet
  facet normal -0.945902 0.307343 0.103968
    outer loop
      vertex -45.6773 20.3368 0
      vertex -48.9074 10.3956 0
      vertex -47.8386 10.1684 10.3956
    endloop
  endfacet
  facet normal -0.946339 -0.0994488 0.307492
    outer loop
      vertex -48.9074 0 10.3956
      vertex -47.066 -3.28582 15
      vertex -47.4113 0 15
    endloop
  endfacet
  facet normal -0.946328 -0.0994937 0.307512
    outer loop
      vertex -47.066 -3.28582 15
      vertex -47.8386 -10.1684 10.3956
      vertex -46.4919 -3.83264 16.5898
    endloop
  endfacet
  facet normal -0.946342 -0.0994699 0.307478
    outer loop
      vertex -47.8386 -10.1684 10.3956
      vertex -47.066 -3.28582 15
      vertex -48.9074 0 10.3956
    endloop
  endfacet
  facet normal -0.946386 -0.0992678 0.307406
    outer loop
      vertex -46.0659 -0.464142 18.9908
      vertex -46.0275 0 19.2589
      vertex -46.2192 -0.333298 18.5611
    endloop
  endfacet
  facet normal -0.946297 -0.0994087 0.307637
    outer loop
      vertex -45.8204 -0.673532 19.6783
      vertex -46.0275 0 19.2589
      vertex -46.0659 -0.464142 18.9908
    endloop
  endfacet
  facet normal -0.946342 -0.0995343 0.307458
    outer loop
      vertex -46.0275 0 19.2589
      vertex -45.8204 -0.673532 19.6783
      vertex -45.6773 0 20.3368
    endloop
  endfacet
  facet normal -0.946338 -0.0994508 0.307495
    outer loop
      vertex -45.5447 -6.36748 18.6852
      vertex -45.3731 -4.57265 19.7938
      vertex -46.2757 -4.03862 17.1887
    endloop
  endfacet
  facet normal -0.946377 -0.0994172 0.307387
    outer loop
      vertex -46.4793 -6.57786 15.7406
      vertex -46.2757 -4.03862 17.1887
      vertex -46.396 -3.92398 16.8554
    endloop
  endfacet
  facet normal -0.946339 -0.0994615 0.307489
    outer loop
      vertex -46.4793 -6.57786 15.7406
      vertex -46.396 -3.92398 16.8554
      vertex -46.4919 -3.83264 16.5898
    endloop
  endfacet
  facet normal -0.946324 -0.099474 0.30753
    outer loop
      vertex -45.3731 -4.57265 19.7938
      vertex -45.5447 -6.36748 18.6852
      vertex -45.0727 -5.75172 20.3368
    endloop
  endfacet
  facet normal -0.946333 -0.0994851 0.307499
    outer loop
      vertex -46.2757 -4.03862 17.1887
      vertex -46.4793 -6.57786 15.7406
      vertex -46.1954 -6.97166 16.4869
    endloop
  endfacet
  facet normal -0.946343 -0.0994582 0.307479
    outer loop
      vertex -47.8386 -10.1684 10.3956
      vertex -46.4793 -6.57786 15.7406
      vertex -46.4919 -3.83264 16.5898
    endloop
  endfacet
  facet normal -0.946349 -0.0994252 0.30747
    outer loop
      vertex -46.572 -7.98514 15
      vertex -47.8386 -10.1684 10.3956
      vertex -46.3753 -9.85737 15
    endloop
  endfacet
  facet normal -0.946334 -0.099487 0.307496
    outer loop
      vertex -46.4793 -6.57786 15.7406
      vertex -47.8386 -10.1684 10.3956
      vertex -46.572 -7.98514 15
    endloop
  endfacet
  facet normal -0.946306 -0.0995637 0.307559
    outer loop
      vertex -45.433 -6.81503 18.884
      vertex -45.0727 -5.75172 20.3368
      vertex -45.5447 -6.36748 18.6852
    endloop
  endfacet
  facet normal -0.94634 -0.0994572 0.307489
    outer loop
      vertex -45.433 -6.81503 18.884
      vertex -44.6791 -9.49684 20.3368
      vertex -45.0727 -5.75172 20.3368
    endloop
  endfacet
  facet normal -0.946304 -0.0993734 0.307625
    outer loop
      vertex -44.6791 -9.49684 20.3368
      vertex -45.433 -6.81503 18.884
      vertex -44.7599 -9.51401 20.0827
    endloop
  endfacet
  facet normal -0.946241 -0.0979498 0.308275
    outer loop
      vertex -46.1954 -6.97166 16.4869
      vertex -46.4793 -6.57786 15.7406
      vertex -46.4534 -6.63923 15.8006
    endloop
  endfacet
  facet normal -0.946347 -0.099476 0.30746
    outer loop
      vertex -46.2757 -4.03862 17.1887
      vertex -46.1954 -6.97166 16.4869
      vertex -45.5447 -6.36748 18.6852
    endloop
  endfacet
  facet normal -0.946309 -0.0993738 0.30761
    outer loop
      vertex -46.1954 -6.97166 16.4869
      vertex -46.4534 -6.63923 15.8006
      vertex -46.2797 -7.04987 16.2023
    endloop
  endfacet
  facet normal -0.946355 -0.0995012 0.307427
    outer loop
      vertex -45.6773 0 20.3368
      vertex -45.8204 -0.673532 19.6783
      vertex -45.5854 -0.87406 20.3368
    endloop
  endfacet
  facet normal -0.90498 -0.294063 0.307471
    outer loop
      vertex -46.3753 -9.85737 15
      vertex -47.8386 -10.1684 10.3956
      vertex -45.0085 -14.0637 15
    endloop
  endfacet
  facet normal -0.904927 -0.294067 0.307624
    outer loop
      vertex -44.6791 -9.49684 20.3368
      vertex -44.7599 -9.51401 20.0827
      vertex -44.448 -10.208 20.3368
    endloop
  endfacet
  facet normal -0.904957 -0.294117 0.307486
    outer loop
      vertex -44.9643 -10.6606 18.3844
      vertex -44.3661 -10.5789 20.2231
      vertex -45.0649 -10.4622 18.2781
    endloop
  endfacet
  facet normal -0.904981 -0.29404 0.30749
    outer loop
      vertex -44.161 -12.2447 19.2338
      vertex -44.3661 -10.5789 20.2231
      vertex -44.9643 -10.6606 18.3844
    endloop
  endfacet
  facet normal -0.904975 -0.294046 0.307501
    outer loop
      vertex -43.919 -12.5188 19.6839
      vertex -44.3661 -10.5789 20.2231
      vertex -44.161 -12.2447 19.2338
    endloop
  endfacet
  facet normal -0.905185 -0.293948 0.306977
    outer loop
      vertex -44.3661 -10.5789 20.2231
      vertex -43.919 -12.5188 19.6839
      vertex -44.3253 -10.5858 20.3368
    endloop
  endfacet
  facet normal -0.904988 -0.294065 0.307445
    outer loop
      vertex -44.3253 -10.5858 20.3368
      vertex -43.919 -12.5188 19.6839
      vertex -43.568 -12.9164 20.3368
    endloop
  endfacet
  facet normal 0.206787 -0.972847 0.103959
    outer loop
      vertex 15.1132 -46.5137 10.3956
      vertex 5.11221 -48.6395 10.3956
      vertex 5.22642 -49.7261 0
    endloop
  endfacet
  facet normal 0.180308 -0.848265 0.497932
    outer loop
      vertex 4.77457 -45.427 20.3368
      vertex 6.44351 -41.9514 25.6534
      vertex 4.22826 -40.2293 29.3893
    endloop
  endfacet
  facet normal 0.180279 -0.848265 0.497941
    outer loop
      vertex 6.44351 -41.9514 25.6534
      vertex 4.77457 -45.427 20.3368
      vertex 6.82985 -42.4131 24.727
    endloop
  endfacet
  facet normal 0.17982 -0.848245 0.498142
    outer loop
      vertex 6.82985 -42.4131 24.727
      vertex 4.77457 -45.427 20.3368
      vertex 6.86564 -42.4559 24.6412
    endloop
  endfacet
  facet normal 0.180297 -0.848269 0.497927
    outer loop
      vertex 6.86564 -42.4559 24.6412
      vertex 4.77457 -45.427 20.3368
      vertex 8.17464 -44.4879 20.7055
    endloop
  endfacet
  facet normal 0.180282 -0.848237 0.497989
    outer loop
      vertex 8.17464 -44.4879 20.7055
      vertex 4.77457 -45.427 20.3368
      vertex 8.29725 -44.6783 20.3368
    endloop
  endfacet
  facet normal 0.180356 -0.848243 0.497951
    outer loop
      vertex 6.67099 -41.9045 25.6509
      vertex 4.22826 -40.2293 29.3893
      vertex 6.44351 -41.9514 25.6534
    endloop
  endfacet
  facet normal 0.180288 -0.848276 0.497921
    outer loop
      vertex 4.22826 -40.2293 29.3893
      vertex 6.67099 -41.9045 25.6509
      vertex 8.33115 -41.5624 25.6326
    endloop
  endfacet
  facet normal 0.946345 0.0994626 0.307472
    outer loop
      vertex 47.8386 10.1684 10.3956
      vertex 46.3753 9.85737 15
      vertex 46.8376 5.45878 15
    endloop
  endfacet
  facet normal 0.946319 0.099558 0.30752
    outer loop
      vertex 45.8529 9.34598 16.7732
      vertex 46.0897 9.79666 15.8986
      vertex 45.783 9.73147 16.8635
    endloop
  endfacet
  facet normal 0.946364 0.0993785 0.30744
    outer loop
      vertex 45.8529 9.34598 16.7732
      vertex 46.2591 9.05404 15.6172
      vertex 46.0897 9.79666 15.8986
    endloop
  endfacet
  facet normal 0.946363 0.0994273 0.307427
    outer loop
      vertex 45.9898 8.70865 16.5579
      vertex 46.2591 9.05404 15.6172
      vertex 45.8529 9.34598 16.7732
    endloop
  endfacet
  facet normal 0.94634 0.0995404 0.307462
    outer loop
      vertex 45.9898 8.70865 16.5579
      vertex 46.3819 8.51607 15.4134
      vertex 46.2591 9.05404 15.6172
    endloop
  endfacet
  facet normal 0.946342 0.0994838 0.307472
    outer loop
      vertex 45.9898 8.70865 16.5579
      vertex 46.7872 5.2216 15.2319
      vertex 46.3819 8.51607 15.4134
    endloop
  endfacet
  facet normal 0.946318 0.0994456 0.307558
    outer loop
      vertex 46.7872 5.2216 15.2319
      vertex 45.9898 8.70865 16.5579
      vertex 46.7633 5.10914 15.3418
    endloop
  endfacet
  facet normal 0.94635 0.0994611 0.307457
    outer loop
      vertex 45.282 3.76045 20.3368
      vertex 45.1271 6.36846 19.9699
      vertex 45.0023 6.42173 20.3368
    endloop
  endfacet
  facet normal 0.946281 0.0994856 0.30766
    outer loop
      vertex 45.1271 6.36846 19.9699
      vertex 45.282 3.76045 20.3368
      vertex 45.1834 6.34445 19.8045
    endloop
  endfacet
  facet normal 0.94633 0.0994583 0.307519
    outer loop
      vertex 45.1834 6.34445 19.8045
      vertex 45.282 3.76045 20.3368
      vertex 45.9695 3.79616 18.2096
    endloop
  endfacet
  facet normal 0.946349 0.0992649 0.307522
    outer loop
      vertex 45.9695 3.79616 18.2096
      vertex 45.282 3.76045 20.3368
      vertex 46.0651 3.48607 18.0155
    endloop
  endfacet
  facet normal 0.824768 0.267981 0.49794
    outer loop
      vertex 38.4129 15.139 27.6794
      vertex 36.9537 16.4528 29.3893
      vertex 37.2947 15.4033 29.3893
    endloop
  endfacet
  facet normal 0.824769 0.267974 0.497942
    outer loop
      vertex 42.5567 9.50538 23.8476
      vertex 42.6939 11.2843 22.663
      vertex 39.7081 13.9728 26.1617
    endloop
  endfacet
  facet normal 0.824761 0.267981 0.497952
    outer loop
      vertex 42.6939 11.2843 22.663
      vertex 42.5567 9.50538 23.8476
      vertex 43.0551 10.5413 22.4646
    endloop
  endfacet
  facet normal 0.824714 0.268054 0.49799
    outer loop
      vertex 43.0551 10.5413 22.4646
      vertex 42.5567 9.50538 23.8476
      vertex 43.2425 10.1559 22.3617
    endloop
  endfacet
  facet normal 0.824746 0.267984 0.497974
    outer loop
      vertex 42.5567 9.50538 23.8476
      vertex 43.6457 9.27718 22.1668
      vertex 43.2425 10.1559 22.3617
    endloop
  endfacet
  facet normal 0.824743 0.268002 0.49797
    outer loop
      vertex 43.6457 9.27718 22.1668
      vertex 42.5567 9.50538 23.8476
      vertex 42.7381 9.08427 23.7738
    endloop
  endfacet
  facet normal 0.825299 0.270109 0.495906
    outer loop
      vertex 44.5106 9.64853 20.5342
      vertex 44.4668 9.68799 20.5856
      vertex 44.5017 9.63827 20.5546
    endloop
  endfacet
  facet normal 0.824073 -0.475773 0.307481
    outer loop
      vertex 40.568 -24.0374 15
      vertex 44.6791 -19.8924 10.3956
      vertex 43.3124 -19.2839 15
    endloop
  endfacet
  facet normal 0.824072 -0.475777 0.307476
    outer loop
      vertex 44.6791 -19.8924 10.3956
      vertex 40.568 -24.0374 15
      vertex 39.5669 -28.747 10.3956
    endloop
  endfacet
  facet normal 0.824086 -0.475746 0.307488
    outer loop
      vertex 42.4508 -18.9003 17.9026
      vertex 41.9725 -20.2694 17.0662
      vertex 42.9551 -19.1248 16.2037
    endloop
  endfacet
  facet normal 0.824087 -0.475745 0.307486
    outer loop
      vertex 41.2716 -20.7273 18.2362
      vertex 41.9725 -20.2694 17.0662
      vertex 42.4508 -18.9003 17.9026
    endloop
  endfacet
  facet normal 0.824089 -0.475738 0.30749
    outer loop
      vertex 41.9725 -20.2694 17.0662
      vertex 41.2716 -20.7273 18.2362
      vertex 41.6232 -20.6763 17.3728
    endloop
  endfacet
  facet normal 0.824049 -0.475821 0.307469
    outer loop
      vertex 41.6232 -20.6763 17.3728
      vertex 41.2716 -20.7273 18.2362
      vertex 41.098 -21.5438 17.4379
    endloop
  endfacet
  facet normal 0.861333 -0.49729 0.103965
    outer loop
      vertex 44.6791 -19.8924 10.3956
      vertex 39.5669 -28.747 10.3956
      vertex 45.6773 -20.3368 0
    endloop
  endfacet
  facet normal 0.645164 -0.372454 0.667114
    outer loop
      vertex 35.3339 -15.7317 31.3584
      vertex 34.6431 -17.2036 31.2047
      vertex 36.9537 -16.4528 29.3893
    endloop
  endfacet
  facet normal 0.708629 -0.230222 0.666966
    outer loop
      vertex 35.551 -15.0803 31.3527
      vertex 35.9435 -14.1839 31.2451
      vertex 35.7665 -14.4335 31.347
    endloop
  endfacet
  facet normal 0.708464 -0.230281 0.66712
    outer loop
      vertex 36.9537 -16.4528 29.3893
      vertex 35.551 -15.0803 31.3527
      vertex 35.3339 -15.7317 31.3584
    endloop
  endfacet
  facet normal 0.708532 -0.230165 0.667088
    outer loop
      vertex 35.551 -15.0803 31.3527
      vertex 36.9537 -16.4528 29.3893
      vertex 35.9435 -14.1839 31.2451
    endloop
  endfacet
  facet normal 0.708519 -0.230193 0.667092
    outer loop
      vertex 32.2992 -8.26789 37.1572
      vertex 33.5751 -8.86448 35.5962
      vertex 33.1015 -7.80067 36.4663
    endloop
  endfacet
  facet normal 0.708512 -0.230212 0.667093
    outer loop
      vertex 33.5751 -8.86448 35.5962
      vertex 32.2992 -8.26789 37.1572
      vertex 31.2534 -11.4865 37.1572
    endloop
  endfacet
  facet normal 0.181006 -0.104507 0.977914
    outer loop
      vertex 14.1151 -6.28443 47.5528
      vertex 4.22826 -3.07201 49.7261
      vertex 12.5 -9.08178 47.5528
    endloop
  endfacet
  facet normal -0.181007 -0.104505 0.977914
    outer loop
      vertex -4.77457 -2.12578 49.7261
      vertex -14.1151 -6.28443 47.5528
      vertex -4.22826 -3.07201 49.7261
    endloop
  endfacet
  facet normal 0.166233 -0.373275 0.912706
    outer loop
      vertex 7.72542 -13.3808 47.5528
      vertex 6.55165 -14.7021 47.2262
      vertex 7.72542 -14.9337 46.9177
    endloop
  endfacet
  facet normal 0.166184 -0.373238 0.91273
    outer loop
      vertex 7.72542 -13.3808 47.5528
      vertex 5.77378 -14.5486 47.4306
      vertex 6.55165 -14.7021 47.2262
    endloop
  endfacet
  facet normal 0.166156 -0.373193 0.912754
    outer loop
      vertex 5.77378 -14.5486 47.4306
      vertex 7.72542 -13.3808 47.5528
      vertex 4.77457 -14.6946 47.5528
    endloop
  endfacet
  facet normal 0.166165 -0.373285 0.912715
    outer loop
      vertex 6.12058 -18.8372 45.6135
      vertex 5.77378 -14.5486 47.4306
      vertex 4.77457 -14.6946 47.5528
    endloop
  endfacet
  facet normal 0.155323 -0.139857 0.977913
    outer loop
      vertex 12.5 -9.08178 47.5528
      vertex 4.22826 -3.07201 49.7261
      vertex 10.3386 -11.4822 47.5528
    endloop
  endfacet
  facet normal 0.155326 -0.139854 0.977913
    outer loop
      vertex 4.22826 -3.07201 49.7261
      vertex 3.49716 -3.88399 49.7261
      vertex 10.3386 -11.4822 47.5528
    endloop
  endfacet
  facet normal -0.0849503 0.399672 0.912713
    outer loop
      vertex -2.61321 24.863 43.3013
      vertex -7.72542 23.7764 43.3013
      vertex -1.61505 15.3662 47.5528
    endloop
  endfacet
  facet normal 0.207857 0.0219009 0.977914
    outer loop
      vertex 7.01585 0.886553 49.3259
      vertex 5.22642 0 49.7261
      vertex 6.92907 0 49.3642
    endloop
  endfacet
  facet normal 0.207881 0.0218493 0.97791
    outer loop
      vertex 5.22642 0 49.7261
      vertex 7.01585 0.886553 49.3259
      vertex 5.11221 1.08663 49.7261
    endloop
  endfacet
  facet normal 0.122853 -0.169094 0.977913
    outer loop
      vertex 3.49716 -3.88399 49.7261
      vertex 2.61321 -4.52621 49.7261
      vertex 10.3386 -11.4822 47.5528
    endloop
  endfacet
  facet normal -0.24017 -0.330563 0.912714
    outer loop
      vertex -10.3386 -11.4822 47.5528
      vertex -12.5 -21.6506 43.3013
      vertex -7.72542 -13.3808 47.5528
    endloop
  endfacet
  facet normal 0.510995 0.295027 0.807368
    outer loop
      vertex 27.0669 19.6653 37.1572
      vertex 28.8771 16.2399 37.2632
      vertex 29.0466 16.2364 37.1572
    endloop
  endfacet
  facet normal 0.510807 0.294932 0.807521
    outer loop
      vertex 28.8771 16.2399 37.2632
      vertex 27.0669 19.6653 37.1572
      vertex 28.4006 16.2498 37.561
    endloop
  endfacet
  facet normal 0.510868 0.294951 0.807476
    outer loop
      vertex 28.4006 16.2498 37.561
      vertex 27.0669 19.6653 37.1572
      vertex 26.2933 17.9278 38.2813
    endloop
  endfacet
  facet normal 0.510892 0.294934 0.807467
    outer loop
      vertex 27.0669 19.6653 37.1572
      vertex 25.5214 18.5424 38.5452
      vertex 26.2933 17.9278 38.2813
    endloop
  endfacet
  facet normal 0.346738 0.477237 0.807476
    outer loop
      vertex 12.5 21.6506 43.3013
      vertex 17.1444 19.0408 42.8494
      vertex 22.3868 24.863 37.1572
    endloop
  endfacet
  facet normal 0.346748 0.477257 0.80746
    outer loop
      vertex 17.1444 19.0408 42.8494
      vertex 12.5 21.6506 43.3013
      vertex 16.3785 18.8327 43.3013
    endloop
  endfacet
  facet normal 0.155299 0.139877 0.977914
    outer loop
      vertex 7.61839 7.73812 48.5203
      vertex 4.22826 3.07201 49.7261
      vertex 7.42433 5.39409 48.8864
    endloop
  endfacet
  facet normal 0.708483 0.230198 0.667129
    outer loop
      vertex 36.9537 16.4528 29.3893
      vertex 36.5208 15.4806 30.1845
      vertex 37.2947 15.4033 29.3893
    endloop
  endfacet
  facet normal 0.740821 0.0777573 0.667187
    outer loop
      vertex 39.7532 0.628164 30.0908
      vertex 37.3985 3.65425 32.3527
      vertex 37.1626 3.47093 32.636
    endloop
  endfacet
  facet normal 0.740917 0.0779622 0.667056
    outer loop
      vertex 39.7532 0.628164 30.0908
      vertex 37.1626 3.47093 32.636
      vertex 36.8585 3.23454 33.0014
    endloop
  endfacet
  facet normal 0.740889 0.077877 0.667098
    outer loop
      vertex 37.3985 3.65425 32.3527
      vertex 39.7532 0.628164 30.0908
      vertex 40.0729 3.59575 29.3893
    endloop
  endfacet
  facet normal 0.74089 0.0778767 0.667096
    outer loop
      vertex 40.0729 3.59575 29.3893
      vertex 39.7532 0.628164 30.0908
      vertex 40.3304 1.14599 29.3893
    endloop
  endfacet
  facet normal 0.645266 0.372259 0.667125
    outer loop
      vertex 31.5785 21.3508 31.8529
      vertex 29.6024 20.7448 34.1024
      vertex 31.5211 20.9003 32.1598
    endloop
  endfacet
  facet normal 0.645132 0.37254 0.667097
    outer loop
      vertex 29.0659 21.1176 34.413
      vertex 31.5785 21.3508 31.8529
      vertex 31.8019 23.1054 30.657
    endloop
  endfacet
  facet normal 0.644817 0.373258 0.667
    outer loop
      vertex 31.5785 21.3508 31.8529
      vertex 29.5602 20.7741 34.1268
      vertex 29.6024 20.7448 34.1024
    endloop
  endfacet
  facet normal 0.645134 0.372536 0.667098
    outer loop
      vertex 31.5785 21.3508 31.8529
      vertex 29.0659 21.1176 34.413
      vertex 29.5602 20.7741 34.1268
    endloop
  endfacet
  facet normal 0.645084 0.373392 0.666667
    outer loop
      vertex 33.3363 21.0476 30.3222
      vertex 34.4916 20.7173 29.3893
      vertex 33.4689 21.0583 30.1879
    endloop
  endfacet
  facet normal 0.645168 0.372486 0.667092
    outer loop
      vertex 34.4916 20.7173 29.3893
      vertex 33.3363 21.0476 30.3222
      vertex 36.9537 16.4528 29.3893
    endloop
  endfacet
  facet normal 0.645142 0.372457 0.667134
    outer loop
      vertex 31.5211 20.9003 32.1598
      vertex 36.9537 16.4528 29.3893
      vertex 33.3363 21.0476 30.3222
    endloop
  endfacet
  facet normal 0.645173 0.372543 0.667056
    outer loop
      vertex 29.6024 20.7448 34.1024
      vertex 36.9537 16.4528 29.3893
      vertex 31.5211 20.9003 32.1598
    endloop
  endfacet
  facet normal 0.645102 0.372585 0.667101
    outer loop
      vertex 27.0669 19.6653 37.1572
      vertex 29.6024 20.7448 34.1024
      vertex 29.1544 20.7085 34.5559
    endloop
  endfacet
  facet normal 0.645458 0.371928 0.667124
    outer loop
      vertex 27.0669 19.6653 37.1572
      vertex 29.1544 20.7085 34.5559
      vertex 29.1238 20.706 34.5869
    endloop
  endfacet
  facet normal 0.645162 0.372466 0.667109
    outer loop
      vertex 29.6024 20.7448 34.1024
      vertex 27.0669 19.6653 37.1572
      vertex 36.9537 16.4528 29.3893
    endloop
  endfacet
  facet normal 0.645119 0.37255 0.667104
    outer loop
      vertex 27.0669 19.6653 37.1572
      vertex 29.1238 20.706 34.5869
      vertex 28.99 21.0625 34.5172
    endloop
  endfacet
  facet normal 0.751028 0.433604 0.49794
    outer loop
      vertex 36.9537 19.4976 26.7379
      vertex 34.4916 20.7173 29.3893
      vertex 36.9537 16.4528 29.3893
    endloop
  endfacet
  facet normal 0.751086 0.433513 0.497933
    outer loop
      vertex 34.4504 25.0297 25.6962
      vertex 35.7135 25.8372 23.0879
      vertex 35.6861 25.9274 23.0507
    endloop
  endfacet
  facet normal 0.75104 0.433589 0.497934
    outer loop
      vertex 34.4504 25.0297 25.6962
      vertex 35.576 24.4482 24.5048
      vertex 35.7135 25.8372 23.0879
    endloop
  endfacet
  facet normal 0.751003 0.433828 0.497783
    outer loop
      vertex 35.576 24.4482 24.5048
      vertex 34.4504 25.0297 25.6962
      vertex 35.5619 24.3052 24.6507
    endloop
  endfacet
  facet normal -0.404536 0.908593 0.103967
    outer loop
      vertex -15.1132 46.5137 10.3956
      vertex -25 43.3013 0
      vertex -24.4537 42.355 10.3956
    endloop
  endfacet
  facet normal -0.584606 0.804629 0.103956
    outer loop
      vertex -25 43.3013 0
      vertex -33.4565 37.1572 0
      vertex -32.7254 36.3453 10.3956
    endloop
  endfacet
  facet normal -0.861335 0.497286 0.10397
    outer loop
      vertex -40.4509 29.3893 0
      vertex -45.6773 20.3368 0
      vertex -39.5669 28.747 10.3956
    endloop
  endfacet
  facet normal -0.404527 0.908598 0.103957
    outer loop
      vertex -15.4508 47.5528 0
      vertex -25 43.3013 0
      vertex -15.1132 46.5137 10.3956
    endloop
  endfacet
  facet normal 0.197841 0.930757 0.307491
    outer loop
      vertex 5.11221 48.6395 10.3956
      vertex 10.3247 46.0104 15
      vertex 15.1132 46.5137 10.3956
    endloop
  endfacet
  facet normal 0.197839 0.930759 0.307487
    outer loop
      vertex 5.8437 46.3427 16.8771
      vertex 4.77457 45.427 20.3368
      vertex 5.91346 45.5467 19.2417
    endloop
  endfacet
  facet normal 0.197842 0.930759 0.307483
    outer loop
      vertex 5.11221 48.6395 10.3956
      vertex 6.11889 46.415 16.4815
      vertex 7.1493 46.6854 15
    endloop
  endfacet
  facet normal 0.197865 0.930751 0.307493
    outer loop
      vertex 5.8437 46.3427 16.8771
      vertex 5.11221 48.6395 10.3956
      vertex 4.77457 45.427 20.3368
    endloop
  endfacet
  facet normal 0.197563 0.930798 0.307543
    outer loop
      vertex 6.11889 46.415 16.4815
      vertex 5.11221 48.6395 10.3956
      vertex 5.8437 46.3427 16.8771
    endloop
  endfacet
  facet normal 0.197853 0.930759 0.307478
    outer loop
      vertex 10.3247 46.0104 15
      vertex 5.11221 48.6395 10.3956
      vertex 7.1493 46.6854 15
    endloop
  endfacet
  facet normal 0.239946 0.538898 0.807475
    outer loop
      vertex 15.3962 26.667 39.0928
      vertex 11.4603 26.542 40.3458
      vertex 12.5 21.6506 43.3013
    endloop
  endfacet
  facet normal 0.346752 0.477261 0.807456
    outer loop
      vertex 15.9104 26.6552 38.8791
      vertex 22.3868 24.863 37.1572
      vertex 19.4971 26.9625 37.1572
    endloop
  endfacet
  facet normal 0.346564 0.477348 0.807485
    outer loop
      vertex 12.5 21.6506 43.3013
      vertex 15.9104 26.6552 38.8791
      vertex 15.479 26.6651 39.0584
    endloop
  endfacet
  facet normal 0.346435 0.477431 0.807492
    outer loop
      vertex 12.5 21.6506 43.3013
      vertex 15.479 26.6651 39.0584
      vertex 15.3962 26.667 39.0928
    endloop
  endfacet
  facet normal 0.346748 0.47722 0.807482
    outer loop
      vertex 15.9104 26.6552 38.8791
      vertex 12.5 21.6506 43.3013
      vertex 22.3868 24.863 37.1572
    endloop
  endfacet
  facet normal -0.23992 0.538911 0.807474
    outer loop
      vertex -11.0754 28.3527 39.2517
      vertex -7.72542 23.7764 43.3013
      vertex -10.3386 31.819 37.1572
    endloop
  endfacet
  facet normal -0.239935 0.538902 0.807475
    outer loop
      vertex -7.72542 23.7764 43.3013
      vertex -11.0754 28.3527 39.2517
      vertex -12.1427 21.8097 43.3013
    endloop
  endfacet
  facet normal 0.180009 0.848478 0.497677
    outer loop
      vertex 5.97821 40.8848 27.6388
      vertex 4.22826 40.2293 29.3893
      vertex 5.99003 40.8017 27.7762
    endloop
  endfacet
  facet normal 0.180343 0.848259 0.497929
    outer loop
      vertex 5.97258 41.6292 26.3727
      vertex 4.22826 40.2293 29.3893
      vertex 5.97821 40.8848 27.6388
    endloop
  endfacet
  facet normal 0.18027 0.848263 0.497948
    outer loop
      vertex 4.77457 45.427 20.3368
      vertex 5.97258 41.6292 26.3727
      vertex 5.94577 45.1781 20.3368
    endloop
  endfacet
  facet normal 0.180346 0.848258 0.49793
    outer loop
      vertex 5.97258 41.6292 26.3727
      vertex 4.77457 45.427 20.3368
      vertex 4.22826 40.2293 29.3893
    endloop
  endfacet
  facet normal -0.862453 0.0906627 0.497951
    outer loop
      vertex -42.2438 0 26.2838
      vertex -43.9742 1.9621 22.9295
      vertex -44.7219 1.315 21.7523
    endloop
  endfacet
  facet normal -0.862463 0.0906151 0.497943
    outer loop
      vertex -42.2438 0 26.2838
      vertex -44.7219 1.315 21.7523
      vertex -45.6773 0 20.3368
    endloop
  endfacet
  facet normal -0.862434 0.0907168 0.497973
    outer loop
      vertex -43.9742 1.9621 22.9295
      vertex -42.2438 0 26.2838
      vertex -43.6367 2.2542 23.4608
    endloop
  endfacet
  facet normal -0.38703 0.869284 0.307495
    outer loop
      vertex -15.1132 46.5137 10.3956
      vertex -18.6913 43.2919 15
      vertex -14.6509 45.0908 15
    endloop
  endfacet
  facet normal -0.645149 0.372666 0.66701
    outer loop
      vertex -27.0669 19.6653 37.1572
      vertex -30.3316 18.76 34.5053
      vertex -30.2635 18.6266 34.6457
    endloop
  endfacet
  facet normal -0.645194 0.372208 0.667222
    outer loop
      vertex -27.0669 19.6653 37.1572
      vertex -30.3764 18.8478 34.413
      vertex -30.3316 18.76 34.5053
    endloop
  endfacet
  facet normal -0.645161 0.372485 0.667099
    outer loop
      vertex -32.0093 23.2562 30.3723
      vertex -30.3764 18.8478 34.413
      vertex -27.0669 19.6653 37.1572
    endloop
  endfacet
  facet normal -0.645142 0.372502 0.667109
    outer loop
      vertex -33.1875 22.9761 29.3893
      vertex -30.3764 18.8478 34.413
      vertex -32.0093 23.2562 30.3723
    endloop
  endfacet
  facet normal -0.645163 0.372478 0.667102
    outer loop
      vertex -30.3764 18.8478 34.413
      vertex -33.1875 22.9761 29.3893
      vertex -36.5005 17.2377 29.3893
    endloop
  endfacet
  facet normal -0.346766 0.477276 0.807441
    outer loop
      vertex -16.1227 19.0186 43.3013
      vertex -17.1605 19.0587 42.8319
      vertex -16.7283 18.5786 43.3013
    endloop
  endfacet
  facet normal -0.303656 0.273419 0.912708
    outer loop
      vertex -10.3386 11.4822 47.5528
      vertex -13.4588 10.2585 46.8813
      vertex -12.5 9.08178 47.5528
    endloop
  endfacet
  facet normal -0.303635 0.273351 0.912735
    outer loop
      vertex -10.3386 11.4822 47.5528
      vertex -14.5852 10.5967 46.4053
      vertex -13.4588 10.2585 46.8813
    endloop
  endfacet
  facet normal -0.303643 0.27342 0.912711
    outer loop
      vertex -14.5852 10.5967 46.4053
      vertex -10.3386 11.4822 47.5528
      vertex -20.2254 14.6946 43.3013
    endloop
  endfacet
  facet normal -0.303523 0.273534 0.912718
    outer loop
      vertex -12.5 9.08178 47.5528
      vertex -13.4588 10.2585 46.8813
      vertex -13.5551 9.84833 46.9722
    endloop
  endfacet
  facet normal -0.207862 0.0218444 0.977914
    outer loop
      vertex -14.8644 3.15954 47.6069
      vertex -15.3777 0.00768573 47.5682
      vertex -5.11221 1.08663 49.7261
    endloop
  endfacet
  facet normal 0.240171 -0.330562 0.912714
    outer loop
      vertex 10.3386 -11.4822 47.5528
      vertex 8.73727 -15.1334 46.6518
      vertex 11.2094 -15.579 45.8399
    endloop
  endfacet
  facet normal 0.240168 -0.330561 0.912715
    outer loop
      vertex 8.73727 -15.1334 46.6518
      vertex 10.3386 -11.4822 47.5528
      vertex 7.72542 -13.3808 47.5528
    endloop
  endfacet
  facet normal 0.122658 0.577019 0.807468
    outer loop
      vertex 3.49716 33.2733 37.1572
      vertex 6.69924 30.9902 38.3023
      vertex 6.65327 32.6024 37.1572
    endloop
  endfacet
  facet normal 0.122632 0.576993 0.80749
    outer loop
      vertex 3.49716 33.2733 37.1572
      vertex 6.7269 30.0205 38.991
      vertex 6.69924 30.9902 38.3023
    endloop
  endfacet
  facet normal 0.122653 0.577007 0.807477
    outer loop
      vertex 2.61321 24.863 43.3013
      vertex 6.7269 30.0205 38.991
      vertex 3.49716 33.2733 37.1572
    endloop
  endfacet
  facet normal 0.122593 0.577041 0.807462
    outer loop
      vertex 6.7269 30.0205 38.991
      vertex 2.61321 24.863 43.3013
      vertex 6.95964 28.7766 39.8446
    endloop
  endfacet
  facet normal 0 0.589898 0.807477
    outer loop
      vertex 3.49716 33.2733 37.1572
      vertex -2.61321 24.863 43.3013
      vertex 2.61321 24.863 43.3013
    endloop
  endfacet
  facet normal 0 0.589898 0.807477
    outer loop
      vertex -2.61321 24.863 43.3013
      vertex 3.49716 33.2733 37.1572
      vertex -3.49716 33.2733 37.1572
    endloop
  endfacet
  facet normal -0.438396 0.394713 0.807472
    outer loop
      vertex -21.821 19.0876 40.2876
      vertex -20.2254 14.6946 43.3013
      vertex -21.1583 19.0835 40.6494
    endloop
  endfacet
  facet normal -0.438361 0.394783 0.807457
    outer loop
      vertex -27.0669 19.6653 37.1572
      vertex -21.821 19.0876 40.2876
      vertex -22.1828 19.4277 39.9249
    endloop
  endfacet
  facet normal -0.438376 0.394721 0.807479
    outer loop
      vertex -27.0669 19.6653 37.1572
      vertex -22.1828 19.4277 39.9249
      vertex -24.9439 22.0231 37.1572
    endloop
  endfacet
  facet normal -0.438379 0.394722 0.807476
    outer loop
      vertex -21.821 19.0876 40.2876
      vertex -27.0669 19.6653 37.1572
      vertex -20.2254 14.6946 43.3013
    endloop
  endfacet
  facet normal -0.198779 -0.0645873 0.977914
    outer loop
      vertex -5.11221 -1.08663 49.7261
      vertex -14.1151 -6.28443 47.5528
      vertex -4.77457 -2.12578 49.7261
    endloop
  endfacet
  facet normal -0.388603 -0.126269 0.912713
    outer loop
      vertex -14.1151 -6.28443 47.5528
      vertex -24.4537 -5.19779 43.3013
      vertex -22.8386 -10.1684 43.3013
    endloop
  endfacet
  facet normal -0.561488 -0.182444 0.807122
    outer loop
      vertex -24.49 -5.20552 43.2743
      vertex -22.8386 -10.1684 43.3013
      vertex -24.4537 -5.19779 43.3013
    endloop
  endfacet
  facet normal -0.561024 -0.182288 0.807479
    outer loop
      vertex -22.8386 -10.1684 43.3013
      vertex -24.49 -5.20552 43.2743
      vertex -30.7646 -7.59313 38.3758
    endloop
  endfacet
  facet normal -0.122853 -0.169094 0.977913
    outer loop
      vertex -3.49716 -3.88399 49.7261
      vertex -10.3386 -11.4822 47.5528
      vertex -2.61321 -4.52621 49.7261
    endloop
  endfacet
  facet normal 0.085012 -0.190941 0.977913
    outer loop
      vertex 7.72542 -13.3808 47.5528
      vertex 1.61505 -4.97062 49.7261
      vertex 4.77457 -14.6946 47.5528
    endloop
  endfacet
  facet normal -0.739119 -0.665502 0.10397
    outer loop
      vertex -39.5669 -28.747 10.3956
      vertex -40.4509 -29.3893 0
      vertex -32.7254 -36.3453 10.3956
    endloop
  endfacet
  facet normal -0.352704 -0.792242 0.497948
    outer loop
      vertex -20.2254 -35.0315 29.3893
      vertex -20.1528 -35.4828 28.7227
      vertex -19.946 -35.4161 28.9753
    endloop
  endfacet
  facet normal -0.352858 -0.792201 0.497904
    outer loop
      vertex -20.1528 -35.4828 28.7227
      vertex -20.2254 -35.0315 29.3893
      vertex -20.4571 -35.4328 28.5866
    endloop
  endfacet
  facet normal -0.352659 -0.792229 0.498001
    outer loop
      vertex -17.4283 -39.7051 23.9349
      vertex -15.2413 -41.8916 22.0053
      vertex -16.7441 -39.8231 24.2317
    endloop
  endfacet
  facet normal -0.352734 -0.792236 0.497936
    outer loop
      vertex -17.7092 -41.4473 20.964
      vertex -17.4283 -39.7051 23.9349
      vertex -22.426 -38.843 21.7662
    endloop
  endfacet
  facet normal -0.352723 -0.792239 0.49794
    outer loop
      vertex -17.4283 -39.7051 23.9349
      vertex -16.9949 -41.5759 21.2654
      vertex -15.2413 -41.8916 22.0053
    endloop
  endfacet
  facet normal -0.352736 -0.792236 0.497936
    outer loop
      vertex -17.4283 -39.7051 23.9349
      vertex -17.7092 -41.4473 20.964
      vertex -16.9949 -41.5759 21.2654
    endloop
  endfacet
  facet normal -0.352734 -0.792237 0.497936
    outer loop
      vertex -17.7548 -41.8212 20.3368
      vertex -22.426 -38.843 21.7662
      vertex -22.8386 -39.5577 20.3368
    endloop
  endfacet
  facet normal -0.352736 -0.792238 0.497932
    outer loop
      vertex -22.426 -38.843 21.7662
      vertex -17.7548 -41.8212 20.3368
      vertex -17.7092 -41.4473 20.964
    endloop
  endfacet
  facet normal -0.35274 -0.79223 0.497942
    outer loop
      vertex -13.7015 -42.1688 22.655
      vertex -12.9504 -38.2705 29.3893
      vertex -16.6059 -39.8469 24.2917
    endloop
  endfacet
  facet normal -0.352679 -0.792253 0.497949
    outer loop
      vertex -12.9504 -38.2705 29.3893
      vertex -13.7015 -42.1688 22.655
      vertex -12.5 -38.471 29.3893
    endloop
  endfacet
  facet normal -0.352646 -0.792229 0.49801
    outer loop
      vertex -15.2413 -41.8916 22.0053
      vertex -16.6059 -39.8469 24.2917
      vertex -16.7441 -39.8231 24.2317
    endloop
  endfacet
  facet normal -0.352727 -0.792225 0.497959
    outer loop
      vertex -16.6059 -39.8469 24.2917
      vertex -15.2413 -41.8916 22.0053
      vertex -13.7015 -42.1688 22.655
    endloop
  endfacet
  facet normal -0.352729 -0.792327 0.497794
    outer loop
      vertex -20.2254 -35.0315 29.3893
      vertex -19.6595 -35.3237 29.3252
      vertex -19.607 -35.3068 29.3893
    endloop
  endfacet
  facet normal -0.352665 -0.792242 0.497976
    outer loop
      vertex -19.6595 -35.3237 29.3252
      vertex -20.2254 -35.0315 29.3893
      vertex -19.946 -35.4161 28.9753
    endloop
  endfacet
  facet normal -0.240166 -0.330564 0.912714
    outer loop
      vertex -10.3386 -11.4822 47.5528
      vertex -16.7283 -18.5786 43.3013
      vertex -12.5 -21.6506 43.3013
    endloop
  endfacet
  facet normal -0.30364 -0.273429 0.91271
    outer loop
      vertex -20.2254 -14.6946 43.3013
      vertex -16.2026 -14.5 44.6979
      vertex -10.3386 -11.4822 47.5528
    endloop
  endfacet
  facet normal -0.303677 -0.273158 0.912779
    outer loop
      vertex -16.2026 -14.5 44.6979
      vertex -20.2254 -14.6946 43.3013
      vertex -20.1529 -14.7752 43.3013
    endloop
  endfacet
  facet normal -0.303647 -0.273415 0.912712
    outer loop
      vertex -16.2722 -14.9241 44.5477
      vertex -10.3386 -11.4822 47.5528
      vertex -16.2026 -14.5 44.6979
    endloop
  endfacet
  facet normal -0.303663 -0.273391 0.912714
    outer loop
      vertex -16.2722 -14.9241 44.5477
      vertex -16.7283 -18.5786 43.3013
      vertex -10.3386 -11.4822 47.5528
    endloop
  endfacet
  facet normal -0.303808 -0.273359 0.912675
    outer loop
      vertex -16.7283 -18.5786 43.3013
      vertex -16.2722 -14.9241 44.5477
      vertex -16.8495 -18.4439 43.3013
    endloop
  endfacet
  facet normal -0.644483 -0.580226 0.497976
    outer loop
      vertex -34.6384 -28.0197 21.9685
      vertex -31.4177 -28.6472 25.4056
      vertex -35.7023 -27.255 21.4826
    endloop
  endfacet
  facet normal -0.644465 -0.580266 0.497952
    outer loop
      vertex -31.6052 -29.945 23.6506
      vertex -31.4177 -28.6472 25.4056
      vertex -34.6384 -28.0197 21.9685
    endloop
  endfacet
  facet normal -0.644485 -0.580251 0.497943
    outer loop
      vertex -31.4177 -28.6472 25.4056
      vertex -31.6052 -29.945 23.6506
      vertex -29.9503 -29.7419 26.0292
    endloop
  endfacet
  facet normal -0.644531 -0.580315 0.497809
    outer loop
      vertex -29.4829 -32.7441 23.1354
      vertex -31.6052 -29.945 23.6506
      vertex -31.7861 -29.9823 23.3729
    endloop
  endfacet
  facet normal -0.644385 -0.580411 0.497887
    outer loop
      vertex -31.6052 -29.945 23.6506
      vertex -29.2083 -30.2953 26.3444
      vertex -29.9503 -29.7419 26.0292
    endloop
  endfacet
  facet normal -0.644462 -0.580269 0.497953
    outer loop
      vertex -29.4829 -32.7441 23.1354
      vertex -31.7861 -29.9823 23.3729
      vertex -33.3766 -30.3104 20.9321
    endloop
  endfacet
  facet normal -0.644531 -0.580298 0.497829
    outer loop
      vertex -32.3286 -31.9851 20.3368
      vertex -33.3766 -30.3104 20.9321
      vertex -33.5425 -30.4306 20.5772
    endloop
  endfacet
  facet normal -0.644429 -0.580248 0.49802
    outer loop
      vertex -32.3286 -31.9851 20.3368
      vertex -33.5425 -30.4306 20.5772
      vertex -33.6549 -30.5121 20.3368
    endloop
  endfacet
  facet normal -0.644447 -0.580279 0.49796
    outer loop
      vertex -31.6052 -29.945 23.6506
      vertex -29.4829 -32.7441 23.1354
      vertex -29.2083 -30.2953 26.3444
    endloop
  endfacet
  facet normal -0.644461 -0.58029 0.497929
    outer loop
      vertex -33.3766 -30.3104 20.9321
      vertex -32.3286 -31.9851 20.3368
      vertex -29.4829 -32.7441 23.1354
    endloop
  endfacet
  facet normal -0.644474 -0.58026 0.497948
    outer loop
      vertex -29.2083 -30.2953 26.3444
      vertex -29.4829 -32.7441 23.1354
      vertex -27.6658 -30.726 27.8389
    endloop
  endfacet
  facet normal -0.154899 -0.728688 0.667099
    outer loop
      vertex -4.33696 -37.7781 32.0415
      vertex -3.49716 -33.2733 37.1572
      vertex -10.3386 -31.819 37.1572
    endloop
  endfacet
  facet normal -0.154895 -0.728688 0.667099
    outer loop
      vertex -3.49716 -33.2733 37.1572
      vertex -4.33696 -37.7781 32.0415
      vertex -3.94863 -37.5687 32.3604
    endloop
  endfacet
  facet normal -0.154973 -0.728719 0.667048
    outer loop
      vertex -10.3386 -31.819 37.1572
      vertex -4.54002 -37.8876 31.8747
      vertex -4.33696 -37.7781 32.0415
    endloop
  endfacet
  facet normal -0.154861 -0.728675 0.667121
    outer loop
      vertex -4.54002 -37.8876 31.8747
      vertex -10.3386 -31.819 37.1572
      vertex -5.33354 -38.708 30.7944
    endloop
  endfacet
  facet normal 0.122661 -0.577008 0.807475
    outer loop
      vertex 6.71178 -27.2333 40.985
      vertex 10.3386 -31.819 37.1572
      vertex 8.95229 -27.5523 40.4167
    endloop
  endfacet
  facet normal 0.122632 -0.577024 0.807468
    outer loop
      vertex 6.71178 -27.2333 40.985
      vertex 2.61321 -24.863 43.3013
      vertex 10.3386 -31.819 37.1572
    endloop
  endfacet
  facet normal 0.122604 -0.577056 0.80745
    outer loop
      vertex 6.68187 -26.7022 41.3691
      vertex 2.61321 -24.863 43.3013
      vertex 6.71178 -27.2333 40.985
    endloop
  endfacet
  facet normal 0.122642 -0.577004 0.807481
    outer loop
      vertex 2.61321 -24.863 43.3013
      vertex 6.68187 -26.7022 41.3691
      vertex 6.53135 -24.0302 43.3013
    endloop
  endfacet
  facet normal -0.122854 -0.169093 0.977913
    outer loop
      vertex -2.61321 -4.52621 49.7261
      vertex -10.3386 -11.4822 47.5528
      vertex -7.72542 -13.3808 47.5528
    endloop
  endfacet
  facet normal -0.0850122 -0.19094 0.977913
    outer loop
      vertex -2.61321 -4.52621 49.7261
      vertex -7.72542 -13.3808 47.5528
      vertex -1.61505 -4.97062 49.7261
    endloop
  endfacet
  facet normal -0.346721 -0.477227 0.807489
    outer loop
      vertex -16.8841 -18.7517 43.1321
      vertex -12.5 -21.6506 43.3013
      vertex -16.7283 -18.5786 43.3013
    endloop
  endfacet
  facet normal -0.346727 -0.477236 0.807482
    outer loop
      vertex -17.2041 -22.2636 40.9191
      vertex -12.5 -21.6506 43.3013
      vertex -16.8841 -18.7517 43.1321
    endloop
  endfacet
  facet normal -0.346679 -0.477371 0.807422
    outer loop
      vertex -17.5949 -22.9175 40.3647
      vertex -12.5 -21.6506 43.3013
      vertex -17.2041 -22.2636 40.9191
    endloop
  endfacet
  facet normal -0.346823 -0.477066 0.80754
    outer loop
      vertex -12.5 -21.6506 43.3013
      vertex -17.5949 -22.9175 40.3647
      vertex -17.883 -23.3997 39.9561
    endloop
  endfacet
  facet normal -0.346725 -0.477246 0.807476
    outer loop
      vertex -17.883 -23.3997 39.9561
      vertex -16.7283 -28.9742 37.1572
      vertex -12.5 -21.6506 43.3013
    endloop
  endfacet
  facet normal -0.346743 -0.477246 0.807469
    outer loop
      vertex -16.7283 -28.9742 37.1572
      vertex -17.883 -23.3997 39.9561
      vertex -19.8561 -26.7017 37.1572
    endloop
  endfacet
  facet normal -0.303007 -0.680562 0.6671
    outer loop
      vertex -16.7283 -28.9742 37.1572
      vertex -16.3487 -33.7718 32.4352
      vertex -11.2974 -31.3922 37.1572
    endloop
  endfacet
  facet normal -0.302995 -0.680564 0.667103
    outer loop
      vertex -16.3487 -33.7718 32.4352
      vertex -16.7283 -28.9742 37.1572
      vertex -20.2254 -35.0315 29.3893
    endloop
  endfacet
  facet normal -0.302754 -0.680289 0.667493
    outer loop
      vertex -10.9471 -31.6366 37.0671
      vertex -10.3386 -31.819 37.1572
      vertex -10.9381 -31.5522 37.1572
    endloop
  endfacet
  facet normal -0.302819 -0.680752 0.666991
    outer loop
      vertex -10.3386 -31.819 37.1572
      vertex -10.9471 -31.6366 37.0671
      vertex -10.9889 -32.0303 36.6463
    endloop
  endfacet
  facet normal -0.302962 -0.680569 0.667113
    outer loop
      vertex -12.3028 -37.864 30.0981
      vertex -12.9504 -38.2705 29.3893
      vertex -12.5 -38.471 29.3893
    endloop
  endfacet
  facet normal -0.302982 -0.680581 0.667092
    outer loop
      vertex -16.3487 -33.7718 32.4352
      vertex -20.2254 -35.0315 29.3893
      vertex -19.607 -35.3068 29.3893
    endloop
  endfacet
  facet normal -0.302972 -0.680567 0.66711
    outer loop
      vertex -10.9889 -32.0303 36.6463
      vertex -11.2719 -34.6912 33.8032
      vertex -10.3386 -31.819 37.1572
    endloop
  endfacet
  facet normal -0.824586 -0.268663 0.497875
    outer loop
      vertex -44.6791 -9.49684 20.3368
      vertex -43.7799 -9.41709 21.8691
      vertex -43.8331 -9.317 21.835
    endloop
  endfacet
  facet normal -0.824777 -0.267936 0.497949
    outer loop
      vertex -44.6791 -9.49684 20.3368
      vertex -42.7253 -10.2556 23.1647
      vertex -43.7799 -9.41709 21.8691
    endloop
  endfacet
  facet normal -0.824618 -0.269314 0.497469
    outer loop
      vertex -44.6791 -9.49684 20.3368
      vertex -42.6103 -10.3469 23.3059
      vertex -42.7253 -10.2556 23.1647
    endloop
  endfacet
  facet normal -0.824767 -0.267984 0.49794
    outer loop
      vertex -41.9175 -8.90985 25.2269
      vertex -40.0463 -13.6682 25.7654
      vertex -38.6667 -11.1806 29.3893
    endloop
  endfacet
  facet normal -0.824764 -0.267956 0.49796
    outer loop
      vertex -40.0463 -13.6682 25.7654
      vertex -42.6103 -10.3469 23.3059
      vertex -44.6791 -9.49684 20.3368
    endloop
  endfacet
  facet normal -0.824774 -0.267989 0.497926
    outer loop
      vertex -40.0463 -13.6682 25.7654
      vertex -41.9175 -8.90985 25.2269
      vertex -42.6103 -10.3469 23.3059
    endloop
  endfacet
  facet normal -0.824767 -0.267996 0.497934
    outer loop
      vertex -41.9175 -8.90985 25.2269
      vertex -38.6667 -11.1806 29.3893
      vertex -39.5669 -8.4102 29.3893
    endloop
  endfacet
  facet normal -0.70852 -0.230223 0.667081
    outer loop
      vertex -39.5669 -8.4102 29.3893
      vertex -38.6667 -11.1806 29.3893
      vertex -38.3464 -10.759 29.875
    endloop
  endfacet
  facet normal -0.708505 -0.230214 0.667099
    outer loop
      vertex -38.0513 -10.9068 30.1374
      vertex -34.2708 -7.28449 35.4026
      vertex -39.5669 -8.4102 29.3893
    endloop
  endfacet
  facet normal -0.708514 -0.230199 0.667095
    outer loop
      vertex -35.1347 -12.3673 32.7311
      vertex -34.2708 -7.28449 35.4026
      vertex -38.0513 -10.9068 30.1374
    endloop
  endfacet
  facet normal -0.708491 -0.2302 0.66712
    outer loop
      vertex -38.0513 -10.9068 30.1374
      vertex -39.5669 -8.4102 29.3893
      vertex -38.3464 -10.759 29.875
    endloop
  endfacet
  facet normal -0.708502 -0.230207 0.667105
    outer loop
      vertex -34.2708 -7.28449 35.4026
      vertex -35.1347 -12.3673 32.7311
      vertex -33.2213 -7.98353 36.276
    endloop
  endfacet
  facet normal -0.709111 -0.22959 0.666671
    outer loop
      vertex -33.2213 -7.98353 36.276
      vertex -35.1347 -12.3673 32.7311
      vertex -33.1917 -8.00323 36.3007
    endloop
  endfacet
  facet normal -0.197846 -0.930754 0.307496
    outer loop
      vertex -14.6509 -45.0908 15
      vertex -15.1132 -46.5137 10.3956
      vertex -10.3247 -46.0104 15
    endloop
  endfacet
  facet normal -0.197836 -0.93077 0.307453
    outer loop
      vertex -7.63647 -44.8875 20.1287
      vertex -11.667 -44.4961 18.7201
      vertex -7.24669 -45.3521 18.973
    endloop
  endfacet
  facet normal -0.197878 -0.930793 0.307358
    outer loop
      vertex -14.1965 -43.6923 19.5258
      vertex -12.2277 -44.3875 18.688
      vertex -11.667 -44.4961 18.7201
    endloop
  endfacet
  facet normal -0.197721 -0.930781 0.307496
    outer loop
      vertex -7.24669 -45.3521 18.973
      vertex -7.27423 -44.8957 20.3368
      vertex -7.63647 -44.8875 20.1287
    endloop
  endfacet
  facet normal -0.197844 -0.930777 0.307427
    outer loop
      vertex -12.2277 -44.3875 18.688
      vertex -14.1965 -43.6923 19.5258
      vertex -14.2234 -43.7751 19.2578
    endloop
  endfacet
  facet normal -0.197838 -0.930768 0.30746
    outer loop
      vertex -14.1965 -43.6923 19.5258
      vertex -11.667 -44.4961 18.7201
      vertex -7.63647 -44.8875 20.1287
    endloop
  endfacet
  facet normal -0.197832 -0.93076 0.307487
    outer loop
      vertex -7.27423 -44.8957 20.3368
      vertex -7.24669 -45.3521 18.973
      vertex -4.77457 -45.427 20.3368
    endloop
  endfacet
  facet normal -0.197956 -0.930657 0.307718
    outer loop
      vertex -7.57023 -45.4327 18.5211
      vertex -4.77457 -45.427 20.3368
      vertex -7.24669 -45.3521 18.973
    endloop
  endfacet
  facet normal -0.197785 -0.930781 0.307454
    outer loop
      vertex -4.77457 -45.427 20.3368
      vertex -7.57023 -45.4327 18.5211
      vertex -9.57465 -45.9316 15.7213
    endloop
  endfacet
  facet normal 0.584597 -0.804635 0.103966
    outer loop
      vertex 32.7254 -36.3453 10.3956
      vertex 24.4537 -42.355 10.3956
      vertex 25 -43.3013 0
    endloop
  endfacet
  facet normal 0.240164 -0.330564 0.912715
    outer loop
      vertex 14.5733 -16.1852 44.7352
      vertex 10.3386 -11.4822 47.5528
      vertex 11.2094 -15.579 45.8399
    endloop
  endfacet
  facet normal 0 -0.994582 0.103959
    outer loop
      vertex -5.22642 -49.7261 0
      vertex 5.11221 -48.6395 10.3956
      vertex -5.11221 -48.6395 10.3956
    endloop
  endfacet
  facet normal 0 -0.994582 0.103959
    outer loop
      vertex 5.11221 -48.6395 10.3956
      vertex -5.22642 -49.7261 0
      vertex 5.22642 -49.7261 0
    endloop
  endfacet
  facet normal 0.388603 -0.126269 0.912713
    outer loop
      vertex 22.1591 -5.43896 44.2449
      vertex 22.8386 -10.1684 43.3013
      vertex 24.4537 -5.19779 43.3013
    endloop
  endfacet
  facet normal 0.388603 -0.126268 0.912712
    outer loop
      vertex 20.6197 -7.59537 44.602
      vertex 22.8386 -10.1684 43.3013
      vertex 22.1591 -5.43896 44.2449
    endloop
  endfacet
  facet normal 0.388534 -0.126338 0.912732
    outer loop
      vertex 20.0429 -7.32325 44.8852
      vertex 22.8386 -10.1684 43.3013
      vertex 20.6197 -7.59537 44.602
    endloop
  endfacet
  facet normal 0.388606 -0.126269 0.912711
    outer loop
      vertex 14.1151 -6.28443 47.5528
      vertex 20.0429 -7.32325 44.8852
      vertex 17.1623 -5.96415 46.2997
    endloop
  endfacet
  facet normal 0.388609 -0.126254 0.912712
    outer loop
      vertex 20.0429 -7.32325 44.8852
      vertex 14.1151 -6.28443 47.5528
      vertex 22.8386 -10.1684 43.3013
    endloop
  endfacet
  facet normal 0.353855 -0.204305 0.912713
    outer loop
      vertex 14.1151 -6.28443 47.5528
      vertex 12.5 -9.08178 47.5528
      vertex 20.2254 -14.6946 43.3013
    endloop
  endfacet
  facet normal 0.0434571 -0.204442 0.977913
    outer loop
      vertex 4.77457 -14.6946 47.5528
      vertex 0.546309 -5.19779 49.7261
      vertex 1.61505 -15.3662 47.5528
    endloop
  endfacet
  facet normal 0.122854 -0.169093 0.977913
    outer loop
      vertex 10.3386 -11.4822 47.5528
      vertex 2.61321 -4.52621 49.7261
      vertex 7.72542 -13.3808 47.5528
    endloop
  endfacet
  facet normal 0.0434561 -0.204443 0.977913
    outer loop
      vertex 1.61505 -4.97062 49.7261
      vertex 0.546309 -5.19779 49.7261
      vertex 4.77457 -14.6946 47.5528
    endloop
  endfacet
  facet normal 0.510892 -0.294945 0.807463
    outer loop
      vertex 24.3875 -10.858 42.0694
      vertex 22.8386 -10.1684 43.3013
      vertex 23.578 -11.829 42.2269
    endloop
  endfacet
  facet normal 0.510867 -0.294943 0.80748
    outer loop
      vertex 25.8182 -11.495 40.9316
      vertex 24.9983 -15.0191 40.1631
      vertex 29.0688 -12.9423 38.3464
    endloop
  endfacet
  facet normal 0.510888 -0.294945 0.807466
    outer loop
      vertex 24.9983 -15.0191 40.1631
      vertex 25.8182 -11.495 40.9316
      vertex 23.8335 -12.4029 41.8557
    endloop
  endfacet
  facet normal 0.56104 -0.182308 0.807464
    outer loop
      vertex 25.5432 -9.28965 41.6205
      vertex 22.8386 -10.1684 43.3013
      vertex 24.3875 -10.858 42.0694
    endloop
  endfacet
  facet normal 0.561024 -0.18229 0.807479
    outer loop
      vertex 30.7616 -8.9948 38.0614
      vertex 31.2534 -11.4865 37.1572
      vertex 32.2992 -8.26789 37.1572
    endloop
  endfacet
  facet normal 0.561041 -0.182283 0.807469
    outer loop
      vertex 30.3524 -9.20175 38.299
      vertex 31.2534 -11.4865 37.1572
      vertex 30.7616 -8.9948 38.0614
    endloop
  endfacet
  facet normal 0.561052 -0.182275 0.807463
    outer loop
      vertex 31.2534 -11.4865 37.1572
      vertex 30.3524 -9.20175 38.299
      vertex 31.1137 -11.6228 37.2235
    endloop
  endfacet
  facet normal 0.561074 -0.182263 0.807451
    outer loop
      vertex 31.1137 -11.6228 37.2235
      vertex 30.3524 -9.20175 38.299
      vertex 30.7429 -11.985 37.3994
    endloop
  endfacet
  facet normal 0.561013 -0.182284 0.807488
    outer loop
      vertex 30.3524 -9.20175 38.299
      vertex 29.0688 -12.9423 38.3464
      vertex 30.7429 -11.985 37.3994
    endloop
  endfacet
  facet normal 0.561025 -0.182288 0.807479
    outer loop
      vertex 29.0688 -12.9423 38.3464
      vertex 30.3524 -9.20175 38.299
      vertex 25.8182 -11.495 40.9316
    endloop
  endfacet
  facet normal 0.438401 -0.394687 0.807482
    outer loop
      vertex 20.2254 -14.6946 43.3013
      vertex 21.3606 -16.8061 41.6529
      vertex 22.4568 -16.3158 41.2974
    endloop
  endfacet
  facet normal 0.438286 -0.394766 0.807505
    outer loop
      vertex 20.7311 -17.0738 41.8637
      vertex 21.3606 -16.8061 41.6529
      vertex 20.2254 -14.6946 43.3013
    endloop
  endfacet
  facet normal 0.437502 -0.391239 0.809644
    outer loop
      vertex 21.3606 -16.8061 41.6529
      vertex 20.7311 -17.0738 41.8637
      vertex 20.7558 -17.0766 41.849
    endloop
  endfacet
  facet normal 0 -0.589898 0.807477
    outer loop
      vertex -2.61321 -24.863 43.3013
      vertex 3.49716 -33.2733 37.1572
      vertex 2.61321 -24.863 43.3013
    endloop
  endfacet
  facet normal 0 -0.589898 0.807477
    outer loop
      vertex 3.49716 -33.2733 37.1572
      vertex -2.61321 -24.863 43.3013
      vertex -3.49716 -33.2733 37.1572
    endloop
  endfacet
  facet normal 0.207881 -0.0219469 0.977908
    outer loop
      vertex 6.83518 -0.905543 49.3639
      vertex 5.11221 -1.08663 49.7261
      vertex 6.80933 -1.15485 49.3638
    endloop
  endfacet
  facet normal 0.207893 -0.0216753 0.977911
    outer loop
      vertex 7.9829 -1.69682 49.1023
      vertex 6.80933 -1.15485 49.3638
      vertex 5.11221 -1.08663 49.7261
    endloop
  endfacet
  facet normal 0.180999 0.104505 0.977915
    outer loop
      vertex 7.42433 5.39409 48.8864
      vertex 4.22826 3.07201 49.7261
      vertex 7.30911 4.07304 49.0489
    endloop
  endfacet
  facet normal -0.584597 0.804635 0.103966
    outer loop
      vertex -25 43.3013 0
      vertex -32.7254 36.3453 10.3956
      vertex -24.4537 42.355 10.3956
    endloop
  endfacet
  facet normal -0.751029 0.433606 0.497938
    outer loop
      vertex -36.9537 17.0531 28.8666
      vertex -34.1047 22.726 28.2237
      vertex -36.9537 22.6392 24.0022
    endloop
  endfacet
  facet normal -0.751026 0.433612 0.497936
    outer loop
      vertex -36.9537 22.6392 24.0022
      vertex -34.1047 22.726 28.2237
      vertex -36.3852 23.0591 24.494
    endloop
  endfacet
  facet normal -0.751057 0.433614 0.497888
    outer loop
      vertex -33.8852 22.6939 28.5826
      vertex -36.5005 17.2377 29.3893
      vertex -33.1875 22.9761 29.3893
    endloop
  endfacet
  facet normal -0.750959 0.433585 0.49806
    outer loop
      vertex -34.1047 22.726 28.2237
      vertex -36.9537 17.0531 28.8666
      vertex -33.8852 22.6939 28.5826
    endloop
  endfacet
  facet normal -0.750989 0.433599 0.498003
    outer loop
      vertex -33.8852 22.6939 28.5826
      vertex -36.9537 17.0531 28.8666
      vertex -36.5005 17.2377 29.3893
    endloop
  endfacet
  facet normal -0.122645 0.577015 0.807473
    outer loop
      vertex -2.61321 24.863 43.3013
      vertex -10.3386 31.819 37.1572
      vertex -7.72542 23.7764 43.3013
    endloop
  endfacet
  facet normal -0.55932 0.769817 0.307477
    outer loop
      vertex -24.4537 42.355 10.3956
      vertex -28.1462 37.8331 15
      vertex -23.7057 41.0594 15
    endloop
  endfacet
  facet normal -0.559304 0.769822 0.307494
    outer loop
      vertex -28.1462 37.8331 15
      vertex -24.4537 42.355 10.3956
      vertex -32.7254 36.3453 10.3956
    endloop
  endfacet
  facet normal 0.404536 0.908593 0.103967
    outer loop
      vertex 25 43.3013 0
      vertex 15.1132 46.5137 10.3956
      vertex 24.4537 42.355 10.3956
    endloop
  endfacet
  facet normal 0.584597 0.804635 0.103966
    outer loop
      vertex 25 43.3013 0
      vertex 24.4537 42.355 10.3956
      vertex 32.7254 36.3453 10.3956
    endloop
  endfacet
  facet normal -0.197828 0.930756 0.307501
    outer loop
      vertex -4.77457 45.427 20.3368
      vertex -6.73137 45.9341 17.543
      vertex -6.86259 45.6465 18.3291
    endloop
  endfacet
  facet normal -0.197817 0.930761 0.307494
    outer loop
      vertex -5.11221 48.6395 10.3956
      vertex -6.73137 45.9341 17.543
      vertex -4.77457 45.427 20.3368
    endloop
  endfacet
  facet normal -0.197846 0.930757 0.307486
    outer loop
      vertex -6.73137 45.9341 17.543
      vertex -5.11221 48.6395 10.3956
      vertex -8.06089 46.4916 15
    endloop
  endfacet
  facet normal -0.197844 0.930757 0.307488
    outer loop
      vertex -5.11221 48.6395 10.3956
      vertex -10.3247 46.0104 15
      vertex -8.06089 46.4916 15
    endloop
  endfacet
  facet normal -0.197841 0.930757 0.307491
    outer loop
      vertex -10.3247 46.0104 15
      vertex -5.11221 48.6395 10.3956
      vertex -15.1132 46.5137 10.3956
    endloop
  endfacet
  facet normal -0.197846 0.930754 0.307496
    outer loop
      vertex -10.3247 46.0104 15
      vertex -15.1132 46.5137 10.3956
      vertex -14.6509 45.0908 15
    endloop
  endfacet
  facet normal -0.197817 0.930765 0.307481
    outer loop
      vertex -4.77457 45.427 20.3368
      vertex -6.89913 45.5664 18.548
      vertex -7.19774 44.912 20.3368
    endloop
  endfacet
  facet normal -0.197872 0.930733 0.307544
    outer loop
      vertex -6.89913 45.5664 18.548
      vertex -4.77457 45.427 20.3368
      vertex -6.86259 45.6465 18.3291
    endloop
  endfacet
  facet normal -0.824781 0.267954 0.497933
    outer loop
      vertex -41.7283 18.5786 20.3368
      vertex -41.8731 15.9011 21.5378
      vertex -39.9718 17.7966 23.6671
    endloop
  endfacet
  facet normal -0.824745 0.267974 0.497982
    outer loop
      vertex -41.7283 18.5786 20.3368
      vertex -42.0893 15.6856 21.2957
      vertex -41.8731 15.9011 21.5378
    endloop
  endfacet
  facet normal -0.824753 0.267971 0.49797
    outer loop
      vertex -43.2571 13.8733 20.3368
      vertex -42.0893 15.6856 21.2957
      vertex -41.7283 18.5786 20.3368
    endloop
  endfacet
  facet normal -0.824832 0.268139 0.497749
    outer loop
      vertex -42.0893 15.6856 21.2957
      vertex -43.2571 13.8733 20.3368
      vertex -42.4364 14.8733 21.1581
    endloop
  endfacet
  facet normal -0.824725 0.267721 0.49815
    outer loop
      vertex -42.4364 14.8733 21.1581
      vertex -43.2571 13.8733 20.3368
      vertex -42.4754 14.782 21.1426
    endloop
  endfacet
  facet normal -0.823503 0.271502 0.498126
    outer loop
      vertex -38.771 17.2619 25.9438
      vertex -37.6672 16.7614 28.0414
      vertex -37.6576 16.7663 28.0546
    endloop
  endfacet
  facet normal -0.824774 0.267949 0.497947
    outer loop
      vertex -38.771 17.2619 25.9438
      vertex -38.8041 14.7867 27.2209
      vertex -37.6672 16.7614 28.0414
    endloop
  endfacet
  facet normal -0.824759 0.267959 0.497966
    outer loop
      vertex -38.8041 14.7867 27.2209
      vertex -38.771 17.2619 25.9438
      vertex -41.4127 12.4379 24.1643
    endloop
  endfacet
  facet normal -0.155326 0.139854 0.977913
    outer loop
      vertex -3.49716 3.88399 49.7261
      vertex -10.3386 11.4822 47.5528
      vertex -4.22826 3.07201 49.7261
    endloop
  endfacet
  facet normal -0.166171 0.373227 0.912737
    outer loop
      vertex -12.2104 21.1491 43.5591
      vertex -7.72542 23.7764 43.3013
      vertex -12.1427 21.8097 43.3013
    endloop
  endfacet
  facet normal -0.1662 0.373273 0.912713
    outer loop
      vertex -7.72542 23.7764 43.3013
      vertex -12.2104 21.1491 43.5591
      vertex -7.72542 13.3808 47.5528
    endloop
  endfacet
  facet normal -0.708517 0.230221 0.667084
    outer loop
      vertex -35.0946 12.2773 32.8047
      vertex -33.8414 15.0672 33.1729
      vertex -35.9154 14.1208 31.2967
    endloop
  endfacet
  facet normal -0.70851 0.230205 0.667097
    outer loop
      vertex -33.8414 15.0672 33.1729
      vertex -33.7153 12.4401 34.2134
      vertex -30.5641 13.608 37.1572
    endloop
  endfacet
  facet normal -0.708499 0.23021 0.667108
    outer loop
      vertex -33.8414 15.0672 33.1729
      vertex -35.0946 12.2773 32.8047
      vertex -33.7153 12.4401 34.2134
    endloop
  endfacet
  facet normal -0.708528 0.230147 0.667098
    outer loop
      vertex -31.3725 11.1198 37.1572
      vertex -33.7153 12.4401 34.2134
      vertex -33.7747 12.281 34.2052
    endloop
  endfacet
  facet normal -0.70851 0.23019 0.667103
    outer loop
      vertex -33.7153 12.4401 34.2134
      vertex -31.3725 11.1198 37.1572
      vertex -30.5641 13.608 37.1572
    endloop
  endfacet
  facet normal -0.708506 0.230204 0.667102
    outer loop
      vertex -34.3777 10.6671 34.1217
      vertex -31.3725 11.1198 37.1572
      vertex -33.7747 12.281 34.2052
    endloop
  endfacet
  facet normal -0.708503 0.23023 0.667096
    outer loop
      vertex -31.3725 11.1198 37.1572
      vertex -34.3777 10.6671 34.1217
      vertex -33.4147 8.50403 35.891
    endloop
  endfacet
  facet normal -0.740875 0.0779246 0.667107
    outer loop
      vertex -36.6949 7.79974 32.6502
      vertex -34.9779 6.33382 34.7283
      vertex -34.3531 7.30198 35.3091
    endloop
  endfacet
  facet normal -0.740887 0.0778976 0.667097
    outer loop
      vertex -36.6949 7.79974 32.6502
      vertex -35.312 5.81609 34.4177
      vertex -34.9779 6.33382 34.7283
    endloop
  endfacet
  facet normal -0.740892 0.0778899 0.667092
    outer loop
      vertex -36.6949 7.79974 32.6502
      vertex -39.3199 4.27628 30.1462
      vertex -35.312 5.81609 34.4177
    endloop
  endfacet
  facet normal -0.741032 0.0781244 0.666909
    outer loop
      vertex -39.3199 4.27628 30.1462
      vertex -36.6949 7.79974 32.6502
      vertex -39.5936 4.17111 29.8544
    endloop
  endfacet
  facet normal -0.0849552 0.399669 0.912714
    outer loop
      vertex -1.61505 15.3662 47.5528
      vertex -7.72542 23.7764 43.3013
      vertex -4.77457 14.6946 47.5528
    endloop
  endfacet
  facet normal -0.0850122 0.19094 0.977913
    outer loop
      vertex -1.61505 4.97062 49.7261
      vertex -7.72542 13.3808 47.5528
      vertex -2.61321 4.52621 49.7261
    endloop
  endfacet
  facet normal -0.0434571 0.204442 0.977913
    outer loop
      vertex -1.61505 15.3662 47.5528
      vertex -4.77457 14.6946 47.5528
      vertex -0.546309 5.19779 49.7261
    endloop
  endfacet
  facet normal -0.35386 -0.204301 0.912713
    outer loop
      vertex -14.1151 -6.28443 47.5528
      vertex -22.8386 -10.1684 43.3013
      vertex -20.2254 -14.6946 43.3013
    endloop
  endfacet
  facet normal -0.510923 -0.294981 0.80743
    outer loop
      vertex -22.8386 -10.1684 43.3013
      vertex -20.3413 -14.7788 43.1972
      vertex -20.2254 -14.6946 43.3013
    endloop
  endfacet
  facet normal -0.51086 -0.294948 0.807482
    outer loop
      vertex -20.3413 -14.7788 43.1972
      vertex -22.8386 -10.1684 43.3013
      vertex -24.8898 -14.7754 40.3208
    endloop
  endfacet
  facet normal 0.0850122 -0.19094 0.977913
    outer loop
      vertex 2.61321 -4.52621 49.7261
      vertex 1.61505 -4.97062 49.7261
      vertex 7.72542 -13.3808 47.5528
    endloop
  endfacet
  facet normal -0.198781 -0.064584 0.977914
    outer loop
      vertex -5.11221 -1.08663 49.7261
      vertex -15.1132 -3.21241 47.5528
      vertex -14.1151 -6.28443 47.5528
    endloop
  endfacet
  facet normal -0.0434561 -0.204443 0.977913
    outer loop
      vertex -1.61505 -4.97062 49.7261
      vertex -4.77457 -14.6946 47.5528
      vertex -0.546309 -5.19779 49.7261
    endloop
  endfacet
  facet normal -0.559229 -0.769866 0.307522
    outer loop
      vertex -24.4353 -39.0389 18.7313
      vertex -25.1912 -37.8485 20.3368
      vertex -25.2621 -37.8103 20.3035
    endloop
  endfacet
  facet normal -0.559298 -0.769837 0.307468
    outer loop
      vertex -25.1912 -37.8485 20.3368
      vertex -24.4353 -39.0389 18.7313
      vertex -22.8386 -39.5577 20.3368
    endloop
  endfacet
  facet normal -0.559312 -0.769827 0.307467
    outer loop
      vertex -28.5663 -36.6944 17.0868
      vertex -25.2621 -37.8103 20.3035
      vertex -31.0278 -34.7036 17.5936
    endloop
  endfacet
  facet normal -0.559307 -0.769811 0.307517
    outer loop
      vertex -29.4025 -36.2199 16.7539
      vertex -31.0278 -34.7036 17.5936
      vertex -31.2004 -34.6515 17.4101
    endloop
  endfacet
  facet normal -0.559306 -0.769835 0.307458
    outer loop
      vertex -25.2621 -37.8103 20.3035
      vertex -28.5663 -36.6944 17.0868
      vertex -24.4353 -39.0389 18.7313
    endloop
  endfacet
  facet normal -0.559276 -0.76981 0.307576
    outer loop
      vertex -31.0278 -34.7036 17.5936
      vertex -29.4025 -36.2199 16.7539
      vertex -28.5663 -36.6944 17.0868
    endloop
  endfacet
  facet normal -0.559325 -0.769814 0.307476
    outer loop
      vertex -31.2004 -34.6515 17.4101
      vertex -30.0402 -36.4571 15
      vertex -29.4025 -36.2199 16.7539
    endloop
  endfacet
  facet normal -0.559291 -0.769839 0.307476
    outer loop
      vertex -30.0402 -36.4571 15
      vertex -32.7254 -36.3453 10.3956
      vertex -28.1462 -37.8331 15
    endloop
  endfacet
  facet normal -0.559311 -0.76982 0.307487
    outer loop
      vertex -32.7254 -36.3453 10.3956
      vertex -30.0402 -36.4571 15
      vertex -31.2004 -34.6515 17.4101
    endloop
  endfacet
  facet normal -0.559304 -0.769822 0.307494
    outer loop
      vertex -24.4537 -42.355 10.3956
      vertex -28.1462 -37.8331 15
      vertex -32.7254 -36.3453 10.3956
    endloop
  endfacet
  facet normal -0.55932 -0.769817 0.307477
    outer loop
      vertex -28.1462 -37.8331 15
      vertex -24.4537 -42.355 10.3956
      vertex -23.7057 -41.0594 15
    endloop
  endfacet
  facet normal -0.559338 -0.769786 0.307524
    outer loop
      vertex -22.8386 -39.5577 20.3368
      vertex -24.4353 -39.0389 18.7313
      vertex -23.0071 -39.8495 19.2999
    endloop
  endfacet
  facet normal -0.751033 -0.433592 0.497943
    outer loop
      vertex -37.7268 -25.5094 20.3368
      vertex -37.2018 -23.9994 22.4435
      vertex -39.2898 -22.8021 20.3368
    endloop
  endfacet
  facet normal -0.75103 -0.433596 0.497945
    outer loop
      vertex -36.9537 -26.2667 20.8434
      vertex -37.2018 -23.9994 22.4435
      vertex -37.7268 -25.5094 20.3368
    endloop
  endfacet
  facet normal -0.751125 -0.433539 0.49785
    outer loop
      vertex -37.2018 -23.9994 22.4435
      vertex -36.9537 -26.2667 20.8434
      vertex -36.9537 -24.1417 22.6939
    endloop
  endfacet
  facet normal -0.824076 -0.475703 0.30758
    outer loop
      vertex -39.1232 -26.5399 15
      vertex -38.618 -26.9926 15.6534
      vertex -38.7378 -26.6842 15.8094
    endloop
  endfacet
  facet normal -0.824054 -0.475794 0.307499
    outer loop
      vertex -39.1232 -26.5399 15
      vertex -38.3793 -27.8283 15
      vertex -38.618 -26.9926 15.6534
    endloop
  endfacet
  facet normal -0.824075 -0.475774 0.307472
    outer loop
      vertex -39.5669 -28.747 10.3956
      vertex -39.1232 -26.5399 15
      vertex -40.568 -24.0374 15
    endloop
  endfacet
  facet normal -0.824058 -0.475797 0.307481
    outer loop
      vertex -39.1232 -26.5399 15
      vertex -39.5669 -28.747 10.3956
      vertex -38.3793 -27.8283 15
    endloop
  endfacet
  facet normal -0.824511 -0.475035 0.307446
    outer loop
      vertex -38.3793 -27.8283 15
      vertex -39.5669 -28.747 10.3956
      vertex -38.3566 -27.8677 15
    endloop
  endfacet
  facet normal -0.824047 -0.475771 0.307553
    outer loop
      vertex -38.7378 -26.6842 15.8094
      vertex -40.021 -24.3744 15.9444
      vertex -39.1232 -26.5399 15
    endloop
  endfacet
  facet normal -0.824069 -0.475779 0.307481
    outer loop
      vertex -40.021 -24.3744 15.9444
      vertex -38.7378 -26.6842 15.8094
      vertex -39.5742 -24.5318 16.8983
    endloop
  endfacet
  facet normal -0.824092 -0.47575 0.307464
    outer loop
      vertex -40.2084 -23.9226 16.1414
      vertex -40.7263 -22.5638 16.8558
      vertex -40.9148 -22.4057 16.5952
    endloop
  endfacet
  facet normal -0.824084 -0.475752 0.307482
    outer loop
      vertex -40.2084 -23.9226 16.1414
      vertex -40.9148 -22.4057 16.5952
      vertex -40.6909 -23.4591 15.5654
    endloop
  endfacet
  facet normal -0.824096 -0.475748 0.307457
    outer loop
      vertex -40.7263 -22.5638 16.8558
      vertex -40.2084 -23.9226 16.1414
      vertex -40.5329 -22.726 17.1232
    endloop
  endfacet
  facet normal -0.824049 -0.475788 0.30752
    outer loop
      vertex -39.5742 -24.5318 16.8983
      vertex -40.5329 -22.726 17.1232
      vertex -40.2084 -23.9226 16.1414
    endloop
  endfacet
  facet normal -0.824035 -0.475857 0.307452
    outer loop
      vertex -39.5742 -24.5318 16.8983
      vertex -40.2084 -23.9226 16.1414
      vertex -40.021 -24.3744 15.9444
    endloop
  endfacet
  facet normal -0.824202 -0.475813 0.30707
    outer loop
      vertex -39.5383 -24.5663 16.9412
      vertex -40.5329 -22.726 17.1232
      vertex -39.5742 -24.5318 16.8983
    endloop
  endfacet
  facet normal -0.824062 -0.475779 0.307499
    outer loop
      vertex -40.5329 -22.726 17.1232
      vertex -39.5383 -24.5663 16.9412
      vertex -39.1662 -24.8252 17.5378
    endloop
  endfacet
  facet normal -0.82395 -0.476111 0.307286
    outer loop
      vertex -39.1662 -24.8252 17.5378
      vertex -39.5383 -24.5663 16.9412
      vertex -39.2818 -24.8127 17.2472
    endloop
  endfacet
  facet normal -0.824062 -0.475779 0.307501
    outer loop
      vertex -40.5329 -22.726 17.1232
      vertex -39.1662 -24.8252 17.5378
      vertex -39.2898 -22.8021 20.3368
    endloop
  endfacet
  facet normal -0.824071 -0.475768 0.307492
    outer loop
      vertex -38.2109 -24.9284 19.9383
      vertex -39.2898 -22.8021 20.3368
      vertex -39.1662 -24.8252 17.5378
    endloop
  endfacet
  facet normal -0.824075 -0.475768 0.307481
    outer loop
      vertex -37.9226 -25.2744 20.1756
      vertex -39.2898 -22.8021 20.3368
      vertex -38.2109 -24.9284 19.9383
    endloop
  endfacet
  facet normal -0.824103 -0.475778 0.307392
    outer loop
      vertex -39.2898 -22.8021 20.3368
      vertex -37.9226 -25.2744 20.1756
      vertex -37.7268 -25.5094 20.3368
    endloop
  endfacet
  facet normal -0.824003 -0.475896 0.307475
    outer loop
      vertex -39.2898 -22.8021 20.3368
      vertex -39.9121 -22.3979 19.2947
      vertex -40.5329 -22.726 17.1232
    endloop
  endfacet
  facet normal -0.824012 -0.475871 0.30749
    outer loop
      vertex -39.9121 -22.3979 19.2947
      vertex -39.2898 -22.8021 20.3368
      vertex -39.825 -22.3519 19.5993
    endloop
  endfacet
  facet normal -0.0849503 -0.399672 0.912713
    outer loop
      vertex -1.61505 -15.3662 47.5528
      vertex -7.72542 -23.7764 43.3013
      vertex -2.61321 -24.863 43.3013
    endloop
  endfacet
  facet normal 0 -0.408601 0.912713
    outer loop
      vertex -1.61505 -15.3662 47.5528
      vertex 2.61321 -24.863 43.3013
      vertex 1.61505 -15.3662 47.5528
    endloop
  endfacet
  facet normal 0 -0.408601 0.912713
    outer loop
      vertex 2.61321 -24.863 43.3013
      vertex -1.61505 -15.3662 47.5528
      vertex -2.61321 -24.863 43.3013
    endloop
  endfacet
  facet normal -0.989132 0.103968 0.10396
    outer loop
      vertex -47.8386 10.1684 10.3956
      vertex -50 0 0
      vertex -48.9074 0 10.3956
    endloop
  endfacet
  facet normal -0.989132 -0.103968 0.10396
    outer loop
      vertex -48.9074 0 10.3956
      vertex -50 0 0
      vertex -47.8386 -10.1684 10.3956
    endloop
  endfacet
  facet normal -0.206789 -0.972847 0.103957
    outer loop
      vertex -15.1132 -46.5137 10.3956
      vertex -15.4508 -47.5528 0
      vertex -5.22642 -49.7261 0
    endloop
  endfacet
  facet normal -0.206787 -0.972847 0.103959
    outer loop
      vertex -5.11221 -48.6395 10.3956
      vertex -15.1132 -46.5137 10.3956
      vertex -5.22642 -49.7261 0
    endloop
  endfacet
  facet normal -0.404527 -0.908598 0.103957
    outer loop
      vertex -15.1132 -46.5137 10.3956
      vertex -25 -43.3013 0
      vertex -15.4508 -47.5528 0
    endloop
  endfacet
  facet normal -0.404536 -0.908593 0.103967
    outer loop
      vertex -24.4537 -42.355 10.3956
      vertex -25 -43.3013 0
      vertex -15.1132 -46.5137 10.3956
    endloop
  endfacet
  facet normal 0.387023 -0.869287 0.307495
    outer loop
      vertex 14.6509 -45.0908 15
      vertex 15.1132 -46.5137 10.3956
      vertex 18.0225 -43.5897 15
    endloop
  endfacet
  facet normal 0.386988 -0.869284 0.307547
    outer loop
      vertex 20.3661 -41.784 17.1551
      vertex 20.8277 -41.2666 18.0367
      vertex 20.2183 -41.5311 18.0559
    endloop
  endfacet
  facet normal 0.387035 -0.869278 0.307506
    outer loop
      vertex 17.5383 -43.0356 17.176
      vertex 20.2183 -41.5311 18.0559
      vertex 15.6149 -43.5292 18.2015
    endloop
  endfacet
  facet normal 0.387091 -0.8693 0.307374
    outer loop
      vertex 20.2183 -41.5311 18.0559
      vertex 17.5383 -43.0356 17.176
      vertex 18.6077 -42.5622 17.1681
    endloop
  endfacet
  facet normal 0.387033 -0.869292 0.307469
    outer loop
      vertex 14.4713 -44.538 16.7889
      vertex 15.6149 -43.5292 18.2015
      vertex 14.8786 -43.7594 18.4775
    endloop
  endfacet
  facet normal 0.387041 -0.869289 0.307466
    outer loop
      vertex 14.4713 -44.538 16.7889
      vertex 14.8786 -43.7594 18.4775
      vertex 14.2792 -43.9468 18.7022
    endloop
  endfacet
  facet normal 0.387024 -0.869293 0.307477
    outer loop
      vertex 15.6149 -43.5292 18.2015
      vertex 14.4713 -44.538 16.7889
      vertex 17.5383 -43.0356 17.176
    endloop
  endfacet
  facet normal 0.387023 -0.869293 0.307478
    outer loop
      vertex 18.0225 -43.5897 15
      vertex 17.5383 -43.0356 17.176
      vertex 14.4713 -44.538 16.7889
    endloop
  endfacet
  facet normal 0.387028 -0.869291 0.307478
    outer loop
      vertex 17.5383 -43.0356 17.176
      vertex 18.0225 -43.5897 15
      vertex 19.3263 -42.7202 15.8171
    endloop
  endfacet
  facet normal 0.387012 -0.869289 0.307503
    outer loop
      vertex 19.3263 -42.7202 15.8171
      vertex 18.0225 -43.5897 15
      vertex 15.1132 -46.5137 10.3956
    endloop
  endfacet
  facet normal 0.386986 -0.869285 0.307547
    outer loop
      vertex 20.3661 -41.784 17.1551
      vertex 20.2183 -41.5311 18.0559
      vertex 18.6077 -42.5622 17.1681
    endloop
  endfacet
  facet normal 0.387093 -0.869261 0.307479
    outer loop
      vertex 20.8277 -41.2666 18.0367
      vertex 20.3661 -41.784 17.1551
      vertex 21.0247 -41.1909 18.0027
    endloop
  endfacet
  facet normal 0.386914 -0.869326 0.307521
    outer loop
      vertex 22.8386 -39.5577 20.3368
      vertex 22.3971 -39.7542 20.3368
      vertex 22.6502 -39.7273 20.0944
    endloop
  endfacet
  facet normal 0.645162 -0.372486 0.667098
    outer loop
      vertex 34.6431 -17.2036 31.2047
      vertex 32.7254 -23.7764 29.3893
      vertex 36.9537 -16.4528 29.3893
    endloop
  endfacet
  facet normal 0.645148 -0.372486 0.667112
    outer loop
      vertex 32.7254 -23.7764 29.3893
      vertex 34.6431 -17.2036 31.2047
      vertex 31.8549 -23.1439 30.5843
    endloop
  endfacet
  facet normal 0.085012 0.190941 0.977913
    outer loop
      vertex 4.77457 14.6946 47.5528
      vertex 1.61505 4.97062 49.7261
      vertex 7.72542 13.3808 47.5528
    endloop
  endfacet
  facet normal 0.303651 -0.273395 0.912716
    outer loop
      vertex 20.2254 -14.6946 43.3013
      vertex 14.5733 -16.1852 44.7352
      vertex 18.3224 -16.8082 43.3013
    endloop
  endfacet
  facet normal 0.303652 -0.273398 0.912715
    outer loop
      vertex 14.5733 -16.1852 44.7352
      vertex 20.2254 -14.6946 43.3013
      vertex 10.3386 -11.4822 47.5528
    endloop
  endfacet
  facet normal 0.303647 -0.273411 0.912713
    outer loop
      vertex 12.5 -9.08178 47.5528
      vertex 10.3386 -11.4822 47.5528
      vertex 20.2254 -14.6946 43.3013
    endloop
  endfacet
  facet normal 0 -0.744977 0.667091
    outer loop
      vertex -3.49716 -33.2733 37.1572
      vertex -1.33404 -35.8976 34.2265
      vertex 3.49716 -33.2733 37.1572
    endloop
  endfacet
  facet normal 1.8246e-05 -0.74497 0.667098
    outer loop
      vertex -1.33404 -35.8976 34.2265
      vertex -3.49716 -33.2733 37.1572
      vertex -3.94863 -37.5687 32.3604
    endloop
  endfacet
  facet normal 2.6821e-05 -0.744944 0.667127
    outer loop
      vertex 4.22826 -40.2293 29.3893
      vertex -1.33404 -35.8976 34.2265
      vertex -1.4654 -36.2097 33.878
    endloop
  endfacet
  facet normal -0.000973108 -0.74479 0.667298
    outer loop
      vertex -3.05203 -40.2293 29.3893
      vertex -1.4654 -36.2097 33.878
      vertex -3.12761 -40.1586 29.4681
    endloop
  endfacet
  facet normal 0 -0.744961 0.667108
    outer loop
      vertex 4.22826 -40.2293 29.3893
      vertex -1.4654 -36.2097 33.878
      vertex -3.05203 -40.2293 29.3893
    endloop
  endfacet
  facet normal -1.21917e-05 -0.744967 0.667102
    outer loop
      vertex -1.33404 -35.8976 34.2265
      vertex 4.22826 -40.2293 29.3893
      vertex 3.49716 -33.2733 37.1572
    endloop
  endfacet
  facet normal 0.438401 -0.394719 0.807466
    outer loop
      vertex 20.2254 -14.6946 43.3013
      vertex 18.3224 -16.8082 43.3013
      vertex 20.7311 -17.0738 41.8637
    endloop
  endfacet
  facet normal 0.198788 -0.0645799 0.977912
    outer loop
      vertex 7.9829 -1.69682 49.1023
      vertex 14.1151 -6.28443 47.5528
      vertex 14.6103 -4.76012 47.5528
    endloop
  endfacet
  facet normal 0.198768 -0.064608 0.977915
    outer loop
      vertex 14.1151 -6.28443 47.5528
      vertex 7.9829 -1.69682 49.1023
      vertex 5.11221 -1.08663 49.7261
    endloop
  endfacet
  facet normal 0.207857 -0.0218267 0.977916
    outer loop
      vertex 5.22642 0 49.7261
      vertex 6.89216 -0.355976 49.3641
      vertex 6.92907 0 49.3642
    endloop
  endfacet
  facet normal 0.207841 -0.0219051 0.977917
    outer loop
      vertex 5.22642 0 49.7261
      vertex 6.83518 -0.905543 49.3639
      vertex 6.89216 -0.355976 49.3641
    endloop
  endfacet
  facet normal 0.207871 -0.0218483 0.977912
    outer loop
      vertex 6.83518 -0.905543 49.3639
      vertex 5.22642 0 49.7261
      vertex 5.11221 -1.08663 49.7261
    endloop
  endfacet
  facet normal 0.388603 -0.126282 0.91271
    outer loop
      vertex 22.6109 -4.8061 44.1401
      vertex 22.1591 -5.43896 44.2449
      vertex 24.4537 -5.19779 43.3013
    endloop
  endfacet
  facet normal 0.388605 -0.126245 0.912715
    outer loop
      vertex 14.6103 -4.76012 47.5528
      vertex 14.1151 -6.28443 47.5528
      vertex 17.1623 -5.96415 46.2997
    endloop
  endfacet
  facet normal 0.406377 -0.042657 0.912709
    outer loop
      vertex 22.9343 -4.32058 44.0188
      vertex 22.6109 -4.8061 44.1401
      vertex 24.4537 -5.19779 43.3013
    endloop
  endfacet
  facet normal 0.180995 0.104518 0.977915
    outer loop
      vertex 4.22826 3.07201 49.7261
      vertex 7.23481 3.22115 49.1537
      vertex 7.30911 4.07304 49.0489
    endloop
  endfacet
  facet normal 0.180996 0.104499 0.977916
    outer loop
      vertex 7.23481 3.22115 49.1537
      vertex 4.22826 3.07201 49.7261
      vertex 4.77457 2.12578 49.7261
    endloop
  endfacet
  facet normal 0.198782 0.0645507 0.977916
    outer loop
      vertex 4.77457 2.12578 49.7261
      vertex 7.14617 2.26094 49.2351
      vertex 7.23481 3.22115 49.1537
    endloop
  endfacet
  facet normal 0.19878 0.0645874 0.977914
    outer loop
      vertex 7.14617 2.26094 49.2351
      vertex 4.77457 2.12578 49.7261
      vertex 5.11221 1.08663 49.7261
    endloop
  endfacet
  facet normal 0.438384 0.394718 0.807476
    outer loop
      vertex 22.3868 24.863 37.1572
      vertex 17.1444 19.0408 42.8494
      vertex 21.3759 20.107 40.0309
    endloop
  endfacet
  facet normal -0.122854 0.169093 0.977913
    outer loop
      vertex -7.72542 13.3808 47.5528
      vertex -10.3386 11.4822 47.5528
      vertex -2.61321 4.52621 49.7261
    endloop
  endfacet
  facet normal -0.122853 0.169094 0.977913
    outer loop
      vertex -2.61321 4.52621 49.7261
      vertex -10.3386 11.4822 47.5528
      vertex -3.49716 3.88399 49.7261
    endloop
  endfacet
  facet normal -0.707149 0.636709 0.307477
    outer loop
      vertex -32.7254 36.3453 10.3956
      vertex -34.6838 31.9467 15
      vertex -31.7244 35.2335 15
    endloop
  endfacet
  facet normal -0.707144 0.636712 0.307482
    outer loop
      vertex -39.5669 28.747 10.3956
      vertex -34.6838 31.9467 15
      vertex -32.7254 36.3453 10.3956
    endloop
  endfacet
  facet normal -0.70714 0.636721 0.307471
    outer loop
      vertex -34.6838 31.9467 15
      vertex -39.5669 28.747 10.3956
      vertex -38.3566 27.8677 15
    endloop
  endfacet
  facet normal -0.438427 0.394754 0.807435
    outer loop
      vertex -17.1605 19.0587 42.8319
      vertex -20.2254 14.6946 43.3013
      vertex -16.7283 18.5786 43.3013
    endloop
  endfacet
  facet normal -0.438375 0.394722 0.807479
    outer loop
      vertex -20.2254 14.6946 43.3013
      vertex -17.1605 19.0587 42.8319
      vertex -21.1583 19.0835 40.6494
    endloop
  endfacet
  facet normal 0 0.867216 0.497932
    outer loop
      vertex 4.77457 45.427 20.3368
      vertex -4.22826 40.2293 29.3893
      vertex 4.22826 40.2293 29.3893
    endloop
  endfacet
  facet normal 0 0.867216 0.497932
    outer loop
      vertex -4.22826 40.2293 29.3893
      vertex 4.77457 45.427 20.3368
      vertex -4.77457 45.427 20.3368
    endloop
  endfacet
  facet normal -0.180317 0.848263 0.497932
    outer loop
      vertex -4.77457 45.427 20.3368
      vertex -8.03717 41.4668 25.9018
      vertex -4.22826 40.2293 29.3893
    endloop
  endfacet
  facet normal -0.180282 0.84826 0.49795
    outer loop
      vertex -8.03717 41.4668 25.9018
      vertex -4.77457 45.427 20.3368
      vertex -7.19774 44.912 20.3368
    endloop
  endfacet
  facet normal -0.64516 0.372504 0.667091
    outer loop
      vertex -27.0669 19.6653 37.1572
      vertex -30.2635 18.6266 34.6457
      vertex -29.6407 17.4053 35.93
    endloop
  endfacet
  facet normal -0.645149 0.372479 0.667115
    outer loop
      vertex -29.6407 17.4053 35.93
      vertex -30.5641 13.608 37.1572
      vertex -27.0669 19.6653 37.1572
    endloop
  endfacet
  facet normal -0.645353 0.372467 0.666924
    outer loop
      vertex -29.8279 17.2874 35.8147
      vertex -30.5641 13.608 37.1572
      vertex -29.6407 17.4053 35.93
    endloop
  endfacet
  facet normal -0.64517 0.37249 0.667088
    outer loop
      vertex -32.5813 15.5534 34.12
      vertex -30.5641 13.608 37.1572
      vertex -29.8279 17.2874 35.8147
    endloop
  endfacet
  facet normal -0.645037 0.372672 0.667116
    outer loop
      vertex -32.9161 15.4243 33.8684
      vertex -30.5641 13.608 37.1572
      vertex -32.5813 15.5534 34.12
    endloop
  endfacet
  facet normal -0.645171 0.372469 0.667099
    outer loop
      vertex -30.5641 13.608 37.1572
      vertex -32.9161 15.4243 33.8684
      vertex -33.8414 15.0672 33.1729
    endloop
  endfacet
  facet normal -0.824573 0.268074 0.498213
    outer loop
      vertex -41.628 9.88204 25.1832
      vertex -41.4127 12.4379 24.1643
      vertex -41.4746 12.325 24.1226
    endloop
  endfacet
  facet normal -0.824754 0.267978 0.497965
    outer loop
      vertex -41.628 9.88204 25.1832
      vertex -41.4746 12.325 24.1226
      vertex -41.7754 11.8846 23.8614
    endloop
  endfacet
  facet normal -0.824761 0.267985 0.497949
    outer loop
      vertex -41.4127 12.4379 24.1643
      vertex -41.628 9.88204 25.1832
      vertex -38.8041 14.7867 27.2209
    endloop
  endfacet
  facet normal -0.824752 0.267979 0.497967
    outer loop
      vertex -42.4607 9.0253 24.2651
      vertex -41.628 9.88204 25.1832
      vertex -41.7754 11.8846 23.8614
    endloop
  endfacet
  facet normal -0.824763 0.267979 0.497949
    outer loop
      vertex -42.4607 9.0253 24.2651
      vertex -41.7754 11.8846 23.8614
      vertex -43.5676 9.26058 22.3051
    endloop
  endfacet
  facet normal -0.824745 0.267934 0.498002
    outer loop
      vertex -41.628 9.88204 25.1832
      vertex -42.4607 9.0253 24.2651
      vertex -41.9635 9.2993 24.9411
    endloop
  endfacet
  facet normal -0.824814 0.267938 0.497887
    outer loop
      vertex -38.7619 10.8878 29.3893
      vertex -39.2223 9.92931 29.1424
      vertex -39.0005 10.1533 29.3893
    endloop
  endfacet
  facet normal -0.824649 0.267765 0.498252
    outer loop
      vertex -39.2223 9.92931 29.1424
      vertex -38.7619 10.8878 29.3893
      vertex -39.3921 9.75787 28.9535
    endloop
  endfacet
  facet normal -0.154898 0.728685 0.667102
    outer loop
      vertex -4.22826 40.2293 29.3893
      vertex -10.3386 31.819 37.1572
      vertex -3.49716 33.2733 37.1572
    endloop
  endfacet
  facet normal -0.553613 0.498482 0.667105
    outer loop
      vertex -27.0669 24.044 33.8853
      vertex -27.0669 19.6653 37.1572
      vertex -24.9439 22.0231 37.1572
    endloop
  endfacet
  facet normal -0.510876 0.294944 0.807473
    outer loop
      vertex -27.0669 19.6653 37.1572
      vertex -27.7777 14.5493 38.5762
      vertex -24.3072 13.4669 41.1673
    endloop
  endfacet
  facet normal -0.510671 0.294951 0.807601
    outer loop
      vertex -27.0669 19.6653 37.1572
      vertex -28.0551 14.6358 38.3692
      vertex -27.7777 14.5493 38.5762
    endloop
  endfacet
  facet normal -0.510883 0.29496 0.807463
    outer loop
      vertex -30.5641 13.608 37.1572
      vertex -28.0551 14.6358 38.3692
      vertex -27.0669 19.6653 37.1572
    endloop
  endfacet
  facet normal -0.510878 0.294934 0.807476
    outer loop
      vertex -28.0551 14.6358 38.3692
      vertex -30.5641 13.608 37.1572
      vertex -29.5591 13.1605 37.9565
    endloop
  endfacet
  facet normal -0.155323 0.139857 0.977913
    outer loop
      vertex -10.3386 11.4822 47.5528
      vertex -12.5 9.08178 47.5528
      vertex -4.22826 3.07201 49.7261
    endloop
  endfacet
  facet normal -0.388738 0.126307 0.91265
    outer loop
      vertex -14.3064 6.26432 47.4741
      vertex -14.5505 4.94439 47.5528
      vertex -14.1151 6.28443 47.5528
    endloop
  endfacet
  facet normal -0.388739 0.126343 0.912644
    outer loop
      vertex -14.2884 6.3616 47.4683
      vertex -14.3064 6.26432 47.4741
      vertex -14.1151 6.28443 47.5528
    endloop
  endfacet
  facet normal -0.353874 0.204284 0.912711
    outer loop
      vertex -14.5852 10.5967 46.4053
      vertex -20.2254 14.6946 43.3013
      vertex -17.98 11.6041 44.8636
    endloop
  endfacet
  facet normal -0.353918 0.20417 0.91272
    outer loop
      vertex -13.5828 9.71627 46.991
      vertex -12.5 9.08178 47.5528
      vertex -13.5551 9.84833 46.9722
    endloop
  endfacet
  facet normal -0.353846 0.204292 0.91272
    outer loop
      vertex -14.2621 6.48676 47.4505
      vertex -12.5 9.08178 47.5528
      vertex -13.5828 9.71627 46.991
    endloop
  endfacet
  facet normal -0.353909 0.204335 0.912686
    outer loop
      vertex -12.5 9.08178 47.5528
      vertex -14.2621 6.48676 47.4505
      vertex -14.1151 6.28443 47.5528
    endloop
  endfacet
  facet normal -0.708459 0.230011 0.667219
    outer loop
      vertex -37.1971 13.3323 30.2076
      vertex -35.9154 14.1208 31.2967
      vertex -37.013 13.62 30.3039
    endloop
  endfacet
  facet normal -0.708496 0.230231 0.667103
    outer loop
      vertex -36.5469 12.1059 31.3214
      vertex -35.9154 14.1208 31.2967
      vertex -37.1971 13.3323 30.2076
    endloop
  endfacet
  facet normal -0.708499 0.230239 0.667097
    outer loop
      vertex -35.9154 14.1208 31.2967
      vertex -36.3654 12.1273 31.5068
      vertex -35.0946 12.2773 32.8047
    endloop
  endfacet
  facet normal -0.708537 0.230243 0.667056
    outer loop
      vertex -35.9154 14.1208 31.2967
      vertex -36.5469 12.1059 31.3214
      vertex -36.3654 12.1273 31.5068
    endloop
  endfacet
  facet normal -0.708503 0.230223 0.667098
    outer loop
      vertex -38.7619 10.8878 29.3893
      vertex -36.5469 12.1059 31.3214
      vertex -37.1971 13.3323 30.2076
    endloop
  endfacet
  facet normal -0.708494 0.230152 0.667132
    outer loop
      vertex -36.5469 12.1059 31.3214
      vertex -38.7619 10.8878 29.3893
      vertex -39.0005 10.1533 29.3893
    endloop
  endfacet
  facet normal -0.708465 0.23027 0.667123
    outer loop
      vertex -34.6446 9.95284 34.0848
      vertex -33.4147 8.50403 35.891
      vertex -34.3777 10.6671 34.1217
    endloop
  endfacet
  facet normal -0.708551 0.230139 0.667077
    outer loop
      vertex -35.0344 9.54346 33.812
      vertex -33.4147 8.50403 35.891
      vertex -34.6446 9.95284 34.0848
    endloop
  endfacet
  facet normal -0.708502 0.230213 0.667103
    outer loop
      vertex -34.3531 7.30198 35.3091
      vertex -35.0344 9.54346 33.812
      vertex -36.6949 7.79974 32.6502
    endloop
  endfacet
  facet normal -0.708526 0.230193 0.667085
    outer loop
      vertex -35.0344 9.54346 33.812
      vertex -34.3531 7.30198 35.3091
      vertex -33.4147 8.50403 35.891
    endloop
  endfacet
  facet normal 0.0850122 0.19094 0.977913
    outer loop
      vertex 7.72542 13.3808 47.5528
      vertex 1.61505 4.97062 49.7261
      vertex 2.61321 4.52621 49.7261
    endloop
  endfacet
  facet normal -0.166192 0.373274 0.912714
    outer loop
      vertex -7.72542 23.7764 43.3013
      vertex -7.72542 13.3808 47.5528
      vertex -4.77457 14.6946 47.5528
    endloop
  endfacet
  facet normal -0.085012 0.190941 0.977913
    outer loop
      vertex -4.77457 14.6946 47.5528
      vertex -7.72542 13.3808 47.5528
      vertex -1.61505 4.97062 49.7261
    endloop
  endfacet
  facet normal -0.353855 -0.204305 0.912713
    outer loop
      vertex -14.1151 -6.28443 47.5528
      vertex -20.2254 -14.6946 43.3013
      vertex -12.5 -9.08178 47.5528
    endloop
  endfacet
  facet normal -0.303647 -0.273411 0.912713
    outer loop
      vertex -12.5 -9.08178 47.5528
      vertex -20.2254 -14.6946 43.3013
      vertex -10.3386 -11.4822 47.5528
    endloop
  endfacet
  facet normal 0.181007 -0.104505 0.977914
    outer loop
      vertex 4.77457 -2.12578 49.7261
      vertex 4.22826 -3.07201 49.7261
      vertex 14.1151 -6.28443 47.5528
    endloop
  endfacet
  facet normal -0.0434561 0.204443 0.977913
    outer loop
      vertex -0.546309 5.19779 49.7261
      vertex -4.77457 14.6946 47.5528
      vertex -1.61505 4.97062 49.7261
    endloop
  endfacet
  facet normal -0.584606 -0.804629 0.103956
    outer loop
      vertex -32.7254 -36.3453 10.3956
      vertex -33.4565 -37.1572 0
      vertex -25 -43.3013 0
    endloop
  endfacet
  facet normal 0.644475 -0.580279 0.497924
    outer loop
      vertex 34.9788 -29.0417 20.3368
      vertex 29.7662 -33.0587 22.4022
      vertex 30.5641 -33.9448 20.3368
    endloop
  endfacet
  facet normal 0.38708 -0.86928 0.307444
    outer loop
      vertex 15.1132 -46.5137 10.3956
      vertex 19.7146 -42.6517 15.5219
      vertex 19.3263 -42.7202 15.8171
    endloop
  endfacet
  facet normal 0.386919 -0.869296 0.3076
    outer loop
      vertex 19.7146 -42.6517 15.5219
      vertex 15.1132 -46.5137 10.3956
      vertex 20.0217 -42.5976 15.2885
    endloop
  endfacet
  facet normal 0.387019 -0.869289 0.307494
    outer loop
      vertex 15.1132 -46.5137 10.3956
      vertex 21.4317 -42.0719 15
      vertex 20.0217 -42.5976 15.2885
    endloop
  endfacet
  facet normal 0.387036 -0.86929 0.307471
    outer loop
      vertex 24.4537 -42.355 10.3956
      vertex 21.4317 -42.0719 15
      vertex 15.1132 -46.5137 10.3956
    endloop
  endfacet
  facet normal 0.387048 -0.869282 0.307478
    outer loop
      vertex 21.4317 -42.0719 15
      vertex 24.4537 -42.355 10.3956
      vertex 23.7057 -41.0594 15
    endloop
  endfacet
  facet normal 0.386962 -0.86932 0.30748
    outer loop
      vertex 22.8386 -39.5577 20.3368
      vertex 22.6502 -39.7273 20.0944
      vertex 22.92 -39.6986 19.836
    endloop
  endfacet
  facet normal 0.387038 -0.869269 0.307528
    outer loop
      vertex 23.3591 -40.4592 17.133
      vertex 21.0247 -41.1909 18.0027
      vertex 20.3661 -41.784 17.1551
    endloop
  endfacet
  facet normal 0.387015 -0.869315 0.307427
    outer loop
      vertex 21.0247 -41.1909 18.0027
      vertex 23.3591 -40.4592 17.133
      vertex 23.2811 -40.324 17.6135
    endloop
  endfacet
  facet normal 0.303027 -0.680531 0.667123
    outer loop
      vertex 13.5279 -32.8553 34.6514
      vertex 10.3386 -31.819 37.1572
      vertex 10.8176 -33.293 35.436
    endloop
  endfacet
  facet normal 0.122656 -0.577007 0.807477
    outer loop
      vertex 10.3386 -31.819 37.1572
      vertex 2.61321 -24.863 43.3013
      vertex 3.49716 -33.2733 37.1572
    endloop
  endfacet
  facet normal 0.302999 -0.680564 0.667101
    outer loop
      vertex 13.5279 -32.8553 34.6514
      vertex 16.7283 -28.9742 37.1572
      vertex 10.3386 -31.819 37.1572
    endloop
  endfacet
  facet normal 0.303 -0.680565 0.6671
    outer loop
      vertex 16.7283 -28.9742 37.1572
      vertex 13.5279 -32.8553 34.6514
      vertex 18.505 -32.0515 33.2108
    endloop
  endfacet
  facet normal 0.197846 -0.930754 0.307496
    outer loop
      vertex 14.6509 -45.0908 15
      vertex 10.3247 -46.0104 15
      vertex 15.1132 -46.5137 10.3956
    endloop
  endfacet
  facet normal 0.19782 -0.930753 0.307516
    outer loop
      vertex 6.37807 -45.5956 18.795
      vertex 8.29725 -44.6783 20.3368
      vertex 4.77457 -45.427 20.3368
    endloop
  endfacet
  facet normal 0.197312 -0.930668 0.308098
    outer loop
      vertex 8.29725 -44.6783 20.3368
      vertex 6.37807 -45.5956 18.795
      vertex 8.30148 -44.6827 20.3208
    endloop
  endfacet
  facet normal 0.197926 -0.930773 0.307387
    outer loop
      vertex 7.03127 -45.5066 18.6439
      vertex 8.30148 -44.6827 20.3208
      vertex 6.37807 -45.5956 18.795
    endloop
  endfacet
  facet normal 0.197826 -0.93077 0.30746
    outer loop
      vertex 13.6773 -44.6016 17.1074
      vertex 8.30148 -44.6827 20.3208
      vertex 7.03127 -45.5066 18.6439
    endloop
  endfacet
  facet normal 0.197842 -0.930758 0.307487
    outer loop
      vertex 8.30148 -44.6827 20.3208
      vertex 13.6773 -44.6016 17.1074
      vertex 14.2792 -43.9468 18.7022
    endloop
  endfacet
  facet normal 0.197907 -0.930753 0.30746
    outer loop
      vertex 14.3264 -44.5496 16.847
      vertex 14.2792 -43.9468 18.7022
      vertex 13.6773 -44.6016 17.1074
    endloop
  endfacet
  facet normal 0.197796 -0.930775 0.307464
    outer loop
      vertex 14.2792 -43.9468 18.7022
      vertex 14.3264 -44.5496 16.847
      vertex 14.4713 -44.538 16.7889
    endloop
  endfacet
  facet normal 0 0 1
    outer loop
      vertex 5.11221 1.08663 49.7261
      vertex 5.11221 -1.08663 49.7261
      vertex 5.22642 0 49.7261
    endloop
  endfacet
  facet normal 0 0 1
    outer loop
      vertex 4.77457 2.12578 49.7261
      vertex 5.11221 -1.08663 49.7261
      vertex 5.11221 1.08663 49.7261
    endloop
  endfacet
  facet normal 0 0 1
    outer loop
      vertex 4.77457 2.12578 49.7261
      vertex 4.77457 -2.12578 49.7261
      vertex 5.11221 -1.08663 49.7261
    endloop
  endfacet
  facet normal 0 0 1
    outer loop
      vertex 4.22826 3.07201 49.7261
      vertex 4.77457 -2.12578 49.7261
      vertex 4.77457 2.12578 49.7261
    endloop
  endfacet
  facet normal 0 0 1
    outer loop
      vertex 4.22826 3.07201 49.7261
      vertex 4.22826 -3.07201 49.7261
      vertex 4.77457 -2.12578 49.7261
    endloop
  endfacet
  facet normal 0 0 1
    outer loop
      vertex 3.49716 3.88399 49.7261
      vertex 4.22826 -3.07201 49.7261
      vertex 4.22826 3.07201 49.7261
    endloop
  endfacet
  facet normal 0 0 1
    outer loop
      vertex 3.49716 3.88399 49.7261
      vertex 3.49716 -3.88399 49.7261
      vertex 4.22826 -3.07201 49.7261
    endloop
  endfacet
  facet normal 0 0 1
    outer loop
      vertex 2.61321 4.52621 49.7261
      vertex 3.49716 -3.88399 49.7261
      vertex 3.49716 3.88399 49.7261
    endloop
  endfacet
  facet normal 0 0 1
    outer loop
      vertex 2.61321 4.52621 49.7261
      vertex 2.61321 -4.52621 49.7261
      vertex 3.49716 -3.88399 49.7261
    endloop
  endfacet
  facet normal 0 0 1
    outer loop
      vertex 1.61505 4.97062 49.7261
      vertex 2.61321 -4.52621 49.7261
      vertex 2.61321 4.52621 49.7261
    endloop
  endfacet
  facet normal 0 0 1
    outer loop
      vertex 1.61505 4.97062 49.7261
      vertex 1.61505 -4.97062 49.7261
      vertex 2.61321 -4.52621 49.7261
    endloop
  endfacet
  facet normal 0 0 1
    outer loop
      vertex 0.546309 5.19779 49.7261
      vertex 1.61505 -4.97062 49.7261
      vertex 1.61505 4.97062 49.7261
    endloop
  endfacet
  facet normal 0 0 1
    outer loop
      vertex 0.546309 5.19779 49.7261
      vertex 0.546309 -5.19779 49.7261
      vertex 1.61505 -4.97062 49.7261
    endloop
  endfacet
  facet normal -0 0 1
    outer loop
      vertex -0.546309 5.19779 49.7261
      vertex 0.546309 -5.19779 49.7261
      vertex 0.546309 5.19779 49.7261
    endloop
  endfacet
  facet normal 0 0 1
    outer loop
      vertex -0.546309 5.19779 49.7261
      vertex -0.546309 -5.19779 49.7261
      vertex 0.546309 -5.19779 49.7261
    endloop
  endfacet
  facet normal -0 0 1
    outer loop
      vertex -1.61505 4.97062 49.7261
      vertex -0.546309 -5.19779 49.7261
      vertex -0.546309 5.19779 49.7261
    endloop
  endfacet
  facet normal 0 0 1
    outer loop
      vertex -1.61505 4.97062 49.7261
      vertex -1.61505 -4.97062 49.7261
      vertex -0.546309 -5.19779 49.7261
    endloop
  endfacet
  facet normal -0 0 1
    outer loop
      vertex -2.61321 4.52621 49.7261
      vertex -1.61505 -4.97062 49.7261
      vertex -1.61505 4.97062 49.7261
    endloop
  endfacet
  facet normal 0 0 1
    outer loop
      vertex -2.61321 4.52621 49.7261
      vertex -2.61321 -4.52621 49.7261
      vertex -1.61505 -4.97062 49.7261
    endloop
  endfacet
  facet normal -0 0 1
    outer loop
      vertex -3.49716 3.88399 49.7261
      vertex -2.61321 -4.52621 49.7261
      vertex -2.61321 4.52621 49.7261
    endloop
  endfacet
  facet normal 0 0 1
    outer loop
      vertex -3.49716 3.88399 49.7261
      vertex -3.49716 -3.88399 49.7261
      vertex -2.61321 -4.52621 49.7261
    endloop
  endfacet
  facet normal -0 0 1
    outer loop
      vertex -4.22826 3.07201 49.7261
      vertex -3.49716 -3.88399 49.7261
      vertex -3.49716 3.88399 49.7261
    endloop
  endfacet
  facet normal 0 0 1
    outer loop
      vertex -4.22826 3.07201 49.7261
      vertex -4.22826 -3.07201 49.7261
      vertex -3.49716 -3.88399 49.7261
    endloop
  endfacet
  facet normal -0 0 1
    outer loop
      vertex -4.77457 2.12578 49.7261
      vertex -4.22826 -3.07201 49.7261
      vertex -4.22826 3.07201 49.7261
    endloop
  endfacet
  facet normal 0 0 1
    outer loop
      vertex -4.77457 2.12578 49.7261
      vertex -4.77457 -2.12578 49.7261
      vertex -4.22826 -3.07201 49.7261
    endloop
  endfacet
  facet normal -0 0 1
    outer loop
      vertex -5.11221 1.08663 49.7261
      vertex -4.77457 -2.12578 49.7261
      vertex -4.77457 2.12578 49.7261
    endloop
  endfacet
  facet normal 0 0 1
    outer loop
      vertex -5.11221 1.08663 49.7261
      vertex -5.11221 -1.08663 49.7261
      vertex -4.77457 -2.12578 49.7261
    endloop
  endfacet
  facet normal 0 -0 1
    outer loop
      vertex -5.11221 -1.08663 49.7261
      vertex -5.11221 1.08663 49.7261
      vertex -5.22642 0 49.7261
    endloop
  endfacet
  facet normal 0.437881 -0.602692 0.667101
    outer loop
      vertex 26.2527 -29.9753 30.001
      vertex 16.7283 -28.9742 37.1572
      vertex 18.505 -32.0515 33.2108
    endloop
  endfacet
  facet normal 0.198779 -0.0645873 0.977914
    outer loop
      vertex 5.11221 -1.08663 49.7261
      vertex 4.77457 -2.12578 49.7261
      vertex 14.1151 -6.28443 47.5528
    endloop
  endfacet
  facet normal 0.19877 0.0646037 0.977914
    outer loop
      vertex 7.14617 2.26094 49.2351
      vertex 5.11221 1.08663 49.7261
      vertex 7.0763 1.50411 49.2993
    endloop
  endfacet
  facet normal 0.122807 0.169147 0.97791
    outer loop
      vertex 2.61321 4.52621 49.7261
      vertex 7.6843 8.53428 48.396
      vertex 7.7319 9.1351 48.2861
    endloop
  endfacet
  facet normal 0.122851 0.169092 0.977914
    outer loop
      vertex 7.6843 8.53428 48.396
      vertex 2.61321 4.52621 49.7261
      vertex 3.49716 3.88399 49.7261
    endloop
  endfacet
  facet normal 0.155368 0.139814 0.977913
    outer loop
      vertex 3.49716 3.88399 49.7261
      vertex 7.61839 7.73812 48.5203
      vertex 7.6843 8.53428 48.396
    endloop
  endfacet
  facet normal 0.155328 0.139856 0.977913
    outer loop
      vertex 7.61839 7.73812 48.5203
      vertex 3.49716 3.88399 49.7261
      vertex 4.22826 3.07201 49.7261
    endloop
  endfacet
  facet normal -0.302569 0.680527 0.667334
    outer loop
      vertex -10.4335 32.111 36.8164
      vertex -10.4917 31.8688 37.037
      vertex -10.3386 31.819 37.1572
    endloop
  endfacet
  facet normal -0.240204 0.330553 0.912708
    outer loop
      vertex -12.4304 18.6769 44.3966
      vertex -10.3386 11.4822 47.5528
      vertex -12.2644 20.5423 43.7647
    endloop
  endfacet
  facet normal -0.24017 0.330565 0.912713
    outer loop
      vertex -12.9502 18.725 44.2424
      vertex -10.3386 11.4822 47.5528
      vertex -12.4304 18.6769 44.3966
    endloop
  endfacet
  facet normal -0.240161 0.33055 0.912721
    outer loop
      vertex -16.7283 18.5786 43.3013
      vertex -12.9502 18.725 44.2424
      vertex -16.1227 19.0186 43.3013
    endloop
  endfacet
  facet normal -0.240161 0.330569 0.912714
    outer loop
      vertex -12.9502 18.725 44.2424
      vertex -16.7283 18.5786 43.3013
      vertex -10.3386 11.4822 47.5528
    endloop
  endfacet
  facet normal -0.239708 0.538906 0.80754
    outer loop
      vertex -10.5234 31.7368 37.1572
      vertex -11.0754 28.3527 39.2517
      vertex -10.3386 31.819 37.1572
    endloop
  endfacet
  facet normal -0.353854 0.2043 0.912715
    outer loop
      vertex -20.2254 14.6946 43.3013
      vertex -21.4203 12.625 43.3013
      vertex -17.98 11.6041 44.8636
    endloop
  endfacet
  facet normal -0.354075 0.204198 0.912652
    outer loop
      vertex -14.2621 6.48676 47.4505
      vertex -14.2884 6.3616 47.4683
      vertex -14.1151 6.28443 47.5528
    endloop
  endfacet
  facet normal -0.510862 0.29495 0.80748
    outer loop
      vertex -20.2254 14.6946 43.3013
      vertex -22.294 12.857 42.6638
      vertex -21.4203 12.625 43.3013
    endloop
  endfacet
  facet normal -0.510899 0.295007 0.807436
    outer loop
      vertex -20.2254 14.6946 43.3013
      vertex -22.6849 12.9609 42.3785
      vertex -22.294 12.857 42.6638
    endloop
  endfacet
  facet normal -0.510868 0.294939 0.80748
    outer loop
      vertex -20.2254 14.6946 43.3013
      vertex -24.3072 13.4669 41.1673
      vertex -22.6849 12.9609 42.3785
    endloop
  endfacet
  facet normal -0.510869 0.29495 0.807476
    outer loop
      vertex -24.3072 13.4669 41.1673
      vertex -20.2254 14.6946 43.3013
      vertex -27.0669 19.6653 37.1572
    endloop
  endfacet
  facet normal -0.155326 -0.139854 0.977913
    outer loop
      vertex -4.22826 -3.07201 49.7261
      vertex -10.3386 -11.4822 47.5528
      vertex -3.49716 -3.88399 49.7261
    endloop
  endfacet
  facet normal 0.0434571 0.204442 0.977913
    outer loop
      vertex 1.61505 15.3662 47.5528
      vertex 0.546309 5.19779 49.7261
      vertex 4.77457 14.6946 47.5528
    endloop
  endfacet
  facet normal 0.0849552 0.399669 0.912714
    outer loop
      vertex 7.72542 23.7764 43.3013
      vertex 1.61505 15.3662 47.5528
      vertex 4.77457 14.6946 47.5528
    endloop
  endfacet
  facet normal 0.553386 -0.498746 0.667096
    outer loop
      vertex 31.8438 -23.1617 30.5802
      vertex 32.7254 -23.7764 29.3893
      vertex 31.8549 -23.1439 30.5843
    endloop
  endfacet
  facet normal 0.553762 -0.498278 0.667133
    outer loop
      vertex 31.6893 -23.3164 30.5929
      vertex 32.7254 -23.7764 29.3893
      vertex 31.8438 -23.1617 30.5802
    endloop
  endfacet
  facet normal 0.55362 -0.498492 0.667092
    outer loop
      vertex 29.664 -25.3438 30.7587
      vertex 32.7254 -23.7764 29.3893
      vertex 31.6893 -23.3164 30.5929
    endloop
  endfacet
  facet normal 0.553618 -0.498476 0.667105
    outer loop
      vertex 29.664 -25.3438 30.7587
      vertex 27.5166 -29.5614 29.3893
      vertex 32.7254 -23.7764 29.3893
    endloop
  endfacet
  facet normal 0.553566 -0.498466 0.667156
    outer loop
      vertex 29.1816 -25.5223 31.0256
      vertex 27.5166 -29.5614 29.3893
      vertex 29.664 -25.3438 30.7587
    endloop
  endfacet
  facet normal 0.553629 -0.49847 0.6671
    outer loop
      vertex 27.0669 -26.3048 32.1959
      vertex 27.5166 -29.5614 29.3893
      vertex 29.1816 -25.5223 31.0256
    endloop
  endfacet
  facet normal 0.553595 -0.498488 0.667115
    outer loop
      vertex 27.5166 -29.5614 29.3893
      vertex 27.0669 -26.3048 32.1959
      vertex 27.0669 -29.7324 29.6347
    endloop
  endfacet
  facet normal 0.64447 -0.580271 0.49794
    outer loop
      vertex 32.7254 -23.7764 29.3893
      vertex 29.2384 -28.6374 28.2377
      vertex 34.9503 -25.3929 24.6259
    endloop
  endfacet
  facet normal 0.64439 -0.580245 0.498074
    outer loop
      vertex 32.7254 -23.7764 29.3893
      vertex 28.4597 -29.0796 28.73
      vertex 29.2384 -28.6374 28.2377
    endloop
  endfacet
  facet normal 0.644501 -0.580307 0.497857
    outer loop
      vertex 28.4597 -29.0796 28.73
      vertex 32.7254 -23.7764 29.3893
      vertex 27.5166 -29.5614 29.3893
    endloop
  endfacet
  facet normal 0.352702 -0.792236 0.497959
    outer loop
      vertex 18.6803 -39.494 23.3838
      vertex 17.8606 -38.2863 25.8858
      vertex 16.5734 -40.058 23.9788
    endloop
  endfacet
  facet normal 0.352719 -0.792228 0.49796
    outer loop
      vertex 17.8606 -38.2863 25.8858
      vertex 18.6803 -39.494 23.3838
      vertex 21.5843 -37.3852 24.6818
    endloop
  endfacet
  facet normal 0.352579 -0.792161 0.498165
    outer loop
      vertex 18.704 -39.5015 23.3551
      vertex 21.5843 -37.3852 24.6818
      vertex 18.6803 -39.494 23.3838
    endloop
  endfacet
  facet normal 0.352776 -0.792251 0.497883
    outer loop
      vertex 18.9335 -39.5737 23.0776
      vertex 21.5843 -37.3852 24.6818
      vertex 18.704 -39.5015 23.3551
    endloop
  endfacet
  facet normal 0.352664 -0.792216 0.498018
    outer loop
      vertex 19.4641 -39.6014 22.6578
      vertex 21.5843 -37.3852 24.6818
      vertex 18.9335 -39.5737 23.0776
    endloop
  endfacet
  facet normal 0.35276 -0.792228 0.497931
    outer loop
      vertex 22.3971 -39.7542 20.3368
      vertex 21.5843 -37.3852 24.6818
      vertex 19.4641 -39.6014 22.6578
    endloop
  endfacet
  facet normal 0.352625 -0.792284 0.497937
    outer loop
      vertex 21.5843 -37.3852 24.6818
      vertex 22.3971 -39.7542 20.3368
      vertex 22.8386 -39.5577 20.3368
    endloop
  endfacet
  facet normal 0.707149 -0.636709 0.307477
    outer loop
      vertex 34.6838 -31.9467 15
      vertex 31.7244 -35.2335 15
      vertex 32.7254 -36.3453 10.3956
    endloop
  endfacet
  facet normal 0.70715 -0.636698 0.307495
    outer loop
      vertex 35.8231 -28.2958 19.9398
      vertex 36.0173 -28.9516 18.1353
      vertex 36.6245 -27.5877 19.563
    endloop
  endfacet
  facet normal 0.707115 -0.636742 0.307485
    outer loop
      vertex 35.7152 -29.2764 18.1573
      vertex 35.8231 -28.2958 19.9398
      vertex 34.9788 -29.0417 20.3368
    endloop
  endfacet
  facet normal 0.707046 -0.636802 0.307522
    outer loop
      vertex 35.8231 -28.2958 19.9398
      vertex 35.7152 -29.2764 18.1573
      vertex 36.0173 -28.9516 18.1353
    endloop
  endfacet
  facet normal 0.707144 -0.636708 0.307491
    outer loop
      vertex 32.384 -32.4302 19.2877
      vertex 35.7152 -29.2764 18.1573
      vertex 34.9788 -29.0417 20.3368
    endloop
  endfacet
  facet normal 0.707131 -0.636712 0.307512
    outer loop
      vertex 35.7152 -29.2764 18.1573
      vertex 34.0447 -31.5274 17.3379
      vertex 35.2798 -30.608 16.4014
    endloop
  endfacet
  facet normal 0.707188 -0.636709 0.307389
    outer loop
      vertex 35.7152 -29.2764 18.1573
      vertex 33.6326 -31.8342 17.6505
      vertex 34.0447 -31.5274 17.3379
    endloop
  endfacet
  facet normal 0.707142 -0.636697 0.307517
    outer loop
      vertex 35.7152 -29.2764 18.1573
      vertex 32.384 -32.4302 19.2877
      vertex 33.6326 -31.8342 17.6505
    endloop
  endfacet
  facet normal 0.707191 -0.63671 0.307378
    outer loop
      vertex 34.9788 -29.0417 20.3368
      vertex 32.2141 -32.5113 19.5106
      vertex 32.384 -32.4302 19.2877
    endloop
  endfacet
  facet normal 0.707139 -0.636701 0.307515
    outer loop
      vertex 30.5641 -33.9448 20.3368
      vertex 32.2141 -32.5113 19.5106
      vertex 34.9788 -29.0417 20.3368
    endloop
  endfacet
  facet normal 0.707122 -0.636927 0.307089
    outer loop
      vertex 32.2141 -32.5113 19.5106
      vertex 30.5641 -33.9448 20.3368
      vertex 30.5885 -33.972 20.2242
    endloop
  endfacet
  facet normal 0.706985 -0.636818 0.307629
    outer loop
      vertex 35.9305 -29.1466 17.9312
      vertex 35.7152 -29.2764 18.1573
      vertex 35.2798 -30.608 16.4014
    endloop
  endfacet
  facet normal 0.70712 -0.636608 0.307753
    outer loop
      vertex 32.4687 -34.1217 15.5903
      vertex 31.5418 -35.0307 15.8397
      vertex 32.9159 -33.764 15.3027
    endloop
  endfacet
  facet normal 0.707157 -0.636749 0.307375
    outer loop
      vertex 31.5418 -35.0307 15.8397
      vertex 32.4687 -34.1217 15.5903
      vertex 31.4542 -34.9334 16.2428
    endloop
  endfacet
  facet normal 0 -0.951551 0.307491
    outer loop
      vertex -5.11221 -48.6395 10.3956
      vertex -3.40647 -47.1516 15
      vertex -4.95583 -47.1516 15
    endloop
  endfacet
  facet normal 0 -0.951551 0.307491
    outer loop
      vertex -3.40647 -47.1516 15
      vertex -5.11221 -48.6395 10.3956
      vertex -0.175088 -47.1516 15
    endloop
  endfacet
  facet normal 0 -0.951551 0.307491
    outer loop
      vertex 5.11221 -48.6395 10.3956
      vertex -0.175088 -47.1516 15
      vertex -5.11221 -48.6395 10.3956
    endloop
  endfacet
  facet normal 0 -0.951551 0.307491
    outer loop
      vertex -0.175088 -47.1516 15
      vertex 5.11221 -48.6395 10.3956
      vertex 4.95583 -47.1516 15
    endloop
  endfacet
  facet normal 0 -0.95155 0.307494
    outer loop
      vertex 2.29127 -45.427 20.3368
      vertex 4.86852 -46.3209 17.5706
      vertex 4.77457 -45.427 20.3368
    endloop
  endfacet
  facet normal 4.3075e-05 -0.951538 0.307531
    outer loop
      vertex 2.29127 -45.427 20.3368
      vertex 4.25951 -46.5396 16.894
      vertex 4.86852 -46.3209 17.5706
    endloop
  endfacet
  facet normal -0.000189985 -0.951577 0.30741
    outer loop
      vertex 2.29127 -45.427 20.3368
      vertex 4.02144 -46.625 16.6295
      vertex 4.25951 -46.5396 16.894
    endloop
  endfacet
  facet normal 2.28615e-06 -0.951551 0.307491
    outer loop
      vertex 0.571358 -46.7564 16.2229
      vertex 4.02144 -46.625 16.6295
      vertex 2.29127 -45.427 20.3368
    endloop
  endfacet
  facet normal 5.90204e-05 -0.951556 0.307475
    outer loop
      vertex -0.175088 -47.1516 15
      vertex 0.571358 -46.7564 16.2229
      vertex -0.100559 -46.8232 16.0163
    endloop
  endfacet
  facet normal 0 -0.951555 0.307479
    outer loop
      vertex -0.175088 -47.1516 15
      vertex -0.100559 -46.8232 16.0163
      vertex -3.40647 -47.1516 15
    endloop
  endfacet
  facet normal 1.7983e-07 -0.951546 0.307507
    outer loop
      vertex 0.571358 -46.7564 16.2229
      vertex -0.175088 -47.1516 15
      vertex 4.02144 -46.625 16.6295
    endloop
  endfacet
  facet normal 0 -0.951512 0.30761
    outer loop
      vertex -4.77457 -45.427 20.3368
      vertex -3.20652 -45.6415 19.6733
      vertex -1.99156 -45.427 20.3368
    endloop
  endfacet
  facet normal -7.02853e-05 -0.951561 0.30746
    outer loop
      vertex -4.77457 -45.427 20.3368
      vertex -3.81937 -45.7496 19.3386
      vertex -3.20652 -45.6415 19.6733
    endloop
  endfacet
  facet normal -2.1253e-05 -0.951547 0.307502
    outer loop
      vertex -3.81937 -45.7496 19.3386
      vertex -4.77457 -45.427 20.3368
      vertex -4.87128 -46.3471 17.4896
    endloop
  endfacet
  facet normal 0.55932 -0.769817 0.307477
    outer loop
      vertex 24.4537 -42.355 10.3956
      vertex 28.1462 -37.8331 15
      vertex 23.7057 -41.0594 15
    endloop
  endfacet
  facet normal 0.559304 -0.769822 0.307494
    outer loop
      vertex 28.1462 -37.8331 15
      vertex 24.4537 -42.355 10.3956
      vertex 32.7254 -36.3453 10.3956
    endloop
  endfacet
  facet normal 0.559369 -0.769775 0.307496
    outer loop
      vertex 23.5693 -39.5209 19.0997
      vertex 22.8386 -39.5577 20.3368
      vertex 22.92 -39.6986 19.836
    endloop
  endfacet
  facet normal 0.559234 -0.769906 0.307412
    outer loop
      vertex 24.2521 -39.1575 18.7677
      vertex 22.8386 -39.5577 20.3368
      vertex 23.5693 -39.5209 19.0997
    endloop
  endfacet
  facet normal 0.559315 -0.769807 0.307511
    outer loop
      vertex 22.8386 -39.5577 20.3368
      vertex 24.2521 -39.1575 18.7677
      vertex 24.5369 -39.0059 18.6292
    endloop
  endfacet
  facet normal 0.559294 -0.769864 0.30741
    outer loop
      vertex 23.3591 -40.4592 17.133
      vertex 25.3087 -39.0813 17.0367
      vertex 23.2811 -40.324 17.6135
    endloop
  endfacet
  facet normal 0.559348 -0.769965 0.307056
    outer loop
      vertex 25.3087 -39.0813 17.0367
      vertex 23.3591 -40.4592 17.133
      vertex 25.8732 -38.7353 16.876
    endloop
  endfacet
  facet normal 0.559294 -0.769836 0.307479
    outer loop
      vertex 31.7244 -35.2335 15
      vertex 28.1462 -37.8331 15
      vertex 32.7254 -36.3453 10.3956
    endloop
  endfacet
  facet normal 0.559302 -0.769825 0.307492
    outer loop
      vertex 24.5369 -39.0059 18.6292
      vertex 25.8682 -37.3566 20.3368
      vertex 22.8386 -39.5577 20.3368
    endloop
  endfacet
  facet normal 0.559314 -0.769821 0.307479
    outer loop
      vertex 24.5369 -39.0059 18.6292
      vertex 28.3947 -36.4854 17.9222
      vertex 25.8682 -37.3566 20.3368
    endloop
  endfacet
  facet normal 0.559312 -0.769809 0.307512
    outer loop
      vertex 28.9348 -36.6649 16.4905
      vertex 28.3947 -36.4854 17.9222
      vertex 24.5369 -39.0059 18.6292
    endloop
  endfacet
  facet normal 0.559305 -0.769815 0.30751
    outer loop
      vertex 28.3947 -36.4854 17.9222
      vertex 28.9348 -36.6649 16.4905
      vertex 28.8762 -36.3194 17.462
    endloop
  endfacet
  facet normal 0.55938 -0.769766 0.307497
    outer loop
      vertex 29.5071 -36.3061 16.3476
      vertex 28.8762 -36.3194 17.462
      vertex 28.9348 -36.6649 16.4905
    endloop
  endfacet
  facet normal 0.559291 -0.769851 0.307446
    outer loop
      vertex 29.5071 -36.3061 16.3476
      vertex 31.4542 -34.9334 16.2428
      vertex 28.8762 -36.3194 17.462
    endloop
  endfacet
  facet normal 0.559301 -0.769871 0.307376
    outer loop
      vertex 31.4542 -34.9334 16.2428
      vertex 29.5071 -36.3061 16.3476
      vertex 31.5418 -35.0307 15.8397
    endloop
  endfacet
  facet normal 0.559342 -0.769916 0.307191
    outer loop
      vertex 30.5641 -33.9448 20.3368
      vertex 30.1769 -34.2261 20.3368
      vertex 30.5885 -33.972 20.2242
    endloop
  endfacet
  facet normal 0.239929 -0.538932 0.807457
    outer loop
      vertex 11.2052 -27.7424 39.6205
      vertex 16.7283 -28.9742 37.1572
      vertex 16.2634 -28.1691 37.8327
    endloop
  endfacet
  facet normal 0.239935 -0.538918 0.807464
    outer loop
      vertex 16.7283 -28.9742 37.1572
      vertex 11.2052 -27.7424 39.6205
      vertex 10.3386 -31.819 37.1572
    endloop
  endfacet
  facet normal 0.18032 -0.848253 0.497948
    outer loop
      vertex 8.33115 -41.5624 25.6326
      vertex 6.72569 -39.6984 29.3893
      vertex 4.22826 -40.2293 29.3893
    endloop
  endfacet
  facet normal 0.180344 -0.848244 0.497954
    outer loop
      vertex 9.1287 -41.398 25.6238
      vertex 6.72569 -39.6984 29.3893
      vertex 8.33115 -41.5624 25.6326
    endloop
  endfacet
  facet normal 0.180302 -0.848264 0.497936
    outer loop
      vertex 6.72569 -39.6984 29.3893
      vertex 9.1287 -41.398 25.6238
      vertex 12.1693 -39.5278 27.7088
    endloop
  endfacet
  facet normal 0.180283 -0.848256 0.497956
    outer loop
      vertex 10.0249 -41.2984 25.469
      vertex 12.1693 -39.5278 27.7088
      vertex 9.1287 -41.398 25.6238
    endloop
  endfacet
  facet normal 0.180304 -0.848261 0.49794
    outer loop
      vertex 13.3004 -40.9343 24.9032
      vertex 12.1693 -39.5278 27.7088
      vertex 10.0249 -41.2984 25.469
    endloop
  endfacet
  facet normal 0.180206 -0.848295 0.497918
    outer loop
      vertex 12.1693 -39.5278 27.7088
      vertex 13.3004 -40.9343 24.9032
      vertex 12.7636 -39.5092 27.5254
    endloop
  endfacet
  facet normal 0.181154 -0.848055 0.497981
    outer loop
      vertex 12.7636 -39.5092 27.5254
      vertex 13.3004 -40.9343 24.9032
      vertex 12.8351 -39.5025 27.5108
    endloop
  endfacet
  facet normal 0.437878 -0.602689 0.667104
    outer loop
      vertex 24.5301 -27.2434 33.5998
      vertex 26.2527 -29.9753 30.001
      vertex 26.8466 -29.8161 29.755
    endloop
  endfacet
  facet normal 0.437885 -0.602685 0.667104
    outer loop
      vertex 21.8172 -27.971 34.7232
      vertex 26.2527 -29.9753 30.001
      vertex 24.5301 -27.2434 33.5998
    endloop
  endfacet
  facet normal 0.437942 -0.602616 0.667129
    outer loop
      vertex 21.0719 -28.0159 35.1719
      vertex 26.2527 -29.9753 30.001
      vertex 21.8172 -27.971 34.7232
    endloop
  endfacet
  facet normal 0.437878 -0.60268 0.667113
    outer loop
      vertex 16.7283 -28.9742 37.1572
      vertex 21.0719 -28.0159 35.1719
      vertex 17.7742 -28.2143 37.1572
    endloop
  endfacet
  facet normal 0.437875 -0.602703 0.667094
    outer loop
      vertex 21.0719 -28.0159 35.1719
      vertex 16.7283 -28.9742 37.1572
      vertex 26.2527 -29.9753 30.001
    endloop
  endfacet
  facet normal 0.553659 -0.498462 0.667081
    outer loop
      vertex 27.0669 -26.3048 32.1959
      vertex 26.8466 -29.8161 29.755
      vertex 27.0669 -29.7324 29.6347
    endloop
  endfacet
  facet normal 0.553618 -0.498476 0.667105
    outer loop
      vertex 26.8466 -29.8161 29.755
      vertex 27.0669 -26.3048 32.1959
      vertex 24.5301 -27.2434 33.5998
    endloop
  endfacet
  facet normal 0.240139 0.330566 0.912721
    outer loop
      vertex 8.09649 14.0235 47.2224
      vertex 7.72542 13.3808 47.5528
      vertex 8.0496 13.1453 47.5528
    endloop
  endfacet
  facet normal 0.240191 0.33056 0.912709
    outer loop
      vertex 12.5 21.6506 43.3013
      vertex 9.59735 16.6231 45.886
      vertex 11.5678 17.2652 45.1349
    endloop
  endfacet
  facet normal 0.166197 0.373281 0.91271
    outer loop
      vertex 7.72542 23.7764 43.3013
      vertex 9.59735 16.6231 45.886
      vertex 12.5 21.6506 43.3013
    endloop
  endfacet
  facet normal 0.166129 0.373269 0.912727
    outer loop
      vertex 9.59735 16.6231 45.886
      vertex 7.72542 23.7764 43.3013
      vertex 9.01768 16.4253 46.0724
    endloop
  endfacet
  facet normal 0.166258 0.373281 0.912699
    outer loop
      vertex 9.01768 16.4253 46.0724
      vertex 7.72542 23.7764 43.3013
      vertex 8.19804 16.1456 46.3361
    endloop
  endfacet
  facet normal 0.166041 0.373283 0.912738
    outer loop
      vertex 7.72542 13.3808 47.5528
      vertex 8.19804 16.1456 46.3361
      vertex 7.72542 23.7764 43.3013
    endloop
  endfacet
  facet normal 0.166216 0.373246 0.912721
    outer loop
      vertex 8.19804 16.1456 46.3361
      vertex 7.72542 13.3808 47.5528
      vertex 8.09649 14.0235 47.2224
    endloop
  endfacet
  facet normal -0.154527 0.72859 0.667291
    outer loop
      vertex -4.22826 40.2293 29.3893
      vertex -10.4335 32.111 36.8164
      vertex -10.3386 31.819 37.1572
    endloop
  endfacet
  facet normal -0.154891 0.728691 0.667097
    outer loop
      vertex -10.4335 32.111 36.8164
      vertex -4.22826 40.2293 29.3893
      vertex -8.87882 37.8325 30.9276
    endloop
  endfacet
  facet normal -0.154902 0.728702 0.667082
    outer loop
      vertex -8.87882 37.8325 30.9276
      vertex -4.22826 40.2293 29.3893
      vertex -8.65141 38.6694 30.0662
    endloop
  endfacet
  facet normal -0.154903 0.728705 0.667079
    outer loop
      vertex -8.65141 38.6694 30.0662
      vertex -4.22826 40.2293 29.3893
      vertex -8.56323 39.3078 29.3893
    endloop
  endfacet
  facet normal -0.180318 0.848262 0.497933
    outer loop
      vertex -8.03717 41.4668 25.9018
      vertex -8.56323 39.3078 29.3893
      vertex -4.22826 40.2293 29.3893
    endloop
  endfacet
  facet normal 8.28328e-06 -0.867226 0.497914
    outer loop
      vertex -1.99156 -45.427 20.3368
      vertex -2.44675 -44.1342 22.5885
      vertex -4.69532 -44.673 21.6501
    endloop
  endfacet
  facet normal 0 -0.867234 0.497902
    outer loop
      vertex -1.99156 -45.427 20.3368
      vertex -4.69532 -44.673 21.6501
      vertex -4.77457 -45.427 20.3368
    endloop
  endfacet
  facet normal 6.41128e-06 -0.867226 0.497914
    outer loop
      vertex -2.44675 -44.1342 22.5885
      vertex -1.99156 -45.427 20.3368
      vertex 2.594 -44.136 22.5853
    endloop
  endfacet
  facet normal 0 -0.867291 0.497802
    outer loop
      vertex -2.89835 -40.3356 29.2041
      vertex 4.22826 -40.2293 29.3893
      vertex -3.05203 -40.2293 29.3893
    endloop
  endfacet
  facet normal -4.52325e-06 -0.867215 0.497933
    outer loop
      vertex -0.338012 -42.107 26.119
      vertex 4.22826 -40.2293 29.3893
      vertex -2.89835 -40.3356 29.2041
    endloop
  endfacet
  facet normal 8.31451e-05 -0.867182 0.497992
    outer loop
      vertex 2.594 -44.136 22.5853
      vertex -0.338012 -42.107 26.119
      vertex -0.478136 -42.2836 25.8115
    endloop
  endfacet
  facet normal 4.12079e-07 -0.867216 0.497933
    outer loop
      vertex 2.594 -44.136 22.5853
      vertex -0.478136 -42.2836 25.8115
      vertex -1.82924 -43.9862 22.8462
    endloop
  endfacet
  facet normal 6.49223e-06 -0.867171 0.49801
    outer loop
      vertex 2.594 -44.136 22.5853
      vertex -1.82924 -43.9862 22.8462
      vertex -2.44675 -44.1342 22.5885
    endloop
  endfacet
  facet normal -7.08654e-06 -0.867214 0.497936
    outer loop
      vertex -0.338012 -42.107 26.119
      vertex 2.594 -44.136 22.5853
      vertex 4.22826 -40.2293 29.3893
    endloop
  endfacet
  facet normal -0.000109381 -0.867203 0.497954
    outer loop
      vertex 2.63923 -44.1673 22.5308
      vertex 4.22826 -40.2293 29.3893
      vertex 2.594 -44.136 22.5853
    endloop
  endfacet
  facet normal -5.34039e-06 -0.867214 0.497936
    outer loop
      vertex 3.05665 -44.456 22.028
      vertex 4.22826 -40.2293 29.3893
      vertex 2.63923 -44.1673 22.5308
    endloop
  endfacet
  facet normal 2.20984e-05 -0.867216 0.497933
    outer loop
      vertex 3.05665 -44.456 22.028
      vertex 4.77457 -45.427 20.3368
      vertex 4.22826 -40.2293 29.3893
    endloop
  endfacet
  facet normal 8.35446e-06 -0.867222 0.497922
    outer loop
      vertex 2.7445 -44.852 21.3383
      vertex 4.77457 -45.427 20.3368
      vertex 3.05665 -44.456 22.028
    endloop
  endfacet
  facet normal 0 -0.867229 0.49791
    outer loop
      vertex 4.77457 -45.427 20.3368
      vertex 2.7445 -44.852 21.3383
      vertex 2.29127 -45.427 20.3368
    endloop
  endfacet
  facet normal 0.154897 -0.728678 0.66711
    outer loop
      vertex 3.49716 -33.2733 37.1572
      vertex 8.06964 -33.4533 35.8989
      vertex 10.3386 -31.819 37.1572
    endloop
  endfacet
  facet normal 0.154893 -0.728689 0.667098
    outer loop
      vertex 3.49716 -33.2733 37.1572
      vertex 4.8118 -39.2635 30.3087
      vertex 8.06964 -33.4533 35.8989
    endloop
  endfacet
  facet normal 0.154887 -0.72869 0.667098
    outer loop
      vertex 3.49716 -33.2733 37.1572
      vertex 4.59851 -39.6439 29.9427
      vertex 4.8118 -39.2635 30.3087
    endloop
  endfacet
  facet normal 0.154036 -0.72847 0.667536
    outer loop
      vertex 4.59851 -39.6439 29.9427
      vertex 4.22826 -40.2293 29.3893
      vertex 4.65256 -39.6453 29.9287
    endloop
  endfacet
  facet normal 0.155006 -0.728667 0.667096
    outer loop
      vertex 4.22826 -40.2293 29.3893
      vertex 4.59851 -39.6439 29.9427
      vertex 3.49716 -33.2733 37.1572
    endloop
  endfacet
  facet normal 0.154907 -0.728685 0.6671
    outer loop
      vertex 10.3386 -31.819 37.1572
      vertex 8.06964 -33.4533 35.8989
      vertex 9.19915 -33.3874 35.7086
    endloop
  endfacet
  facet normal 0.154802 -0.728658 0.667153
    outer loop
      vertex 9.64915 -33.3612 35.6328
      vertex 10.3386 -31.819 37.1572
      vertex 9.19915 -33.3874 35.7086
    endloop
  endfacet
  facet normal 0.154893 -0.728668 0.667122
    outer loop
      vertex 10.3386 -31.819 37.1572
      vertex 9.64915 -33.3612 35.6328
      vertex 10.8176 -33.293 35.436
    endloop
  endfacet
  facet normal 0.154904 -0.728692 0.667093
    outer loop
      vertex 4.65256 -39.6453 29.9287
      vertex 4.22826 -40.2293 29.3893
      vertex 6.72569 -39.6984 29.3893
    endloop
  endfacet
  facet normal -0.302656 0.680423 0.667401
    outer loop
      vertex -10.4917 31.8688 37.037
      vertex -10.5234 31.7368 37.1572
      vertex -10.3386 31.819 37.1572
    endloop
  endfacet
  facet normal 0.155324 0.139855 -0.977914
    outer loop
      vertex -4.10142 -2.97985 48.2343
      vertex -3.39224 -3.76747 48.2343
      vertex -12.125 -8.80933 46.1262
    endloop
  endfacet
  facet normal -0.862427 0.0907192 -0.497986
    outer loop
      vertex 43.3723 -8.89251 19.7267
      vertex 43.3387 -9.21193 19.7267
      vertex 43.2912 -9.20184 19.8108
    endloop
  endfacet
  facet normal -0.862465 0.0906737 -0.497928
    outer loop
      vertex 40.7133 -7.37901 24.6077
      vertex 39.3284 -6.85236 27.1024
      vertex 41.4602 -3.91825 23.9442
    endloop
  endfacet
  facet normal -0.862483 0.0905718 -0.497916
    outer loop
      vertex 40.5638 -8.07203 24.7406
      vertex 39.3284 -6.85236 27.1024
      vertex 40.7133 -7.37901 24.6077
    endloop
  endfacet
  facet normal -0.862457 0.0906551 -0.497946
    outer loop
      vertex 40.3132 -8.56883 25.0842
      vertex 39.3284 -6.85236 27.1024
      vertex 40.5638 -8.07203 24.7406
    endloop
  endfacet
  facet normal -0.862454 0.0906621 -0.49795
    outer loop
      vertex 39.3284 -6.85236 27.1024
      vertex 40.3132 -8.56883 25.0842
      vertex 38.8382 -7.93013 27.7552
    endloop
  endfacet
  facet normal -0.862452 0.0906725 -0.497952
    outer loop
      vertex 38.8382 -7.93013 27.7552
      vertex 40.3132 -8.56883 25.0842
      vertex 38.7083 -8.22771 27.926
    endloop
  endfacet
  facet normal 0.155326 -0.139852 -0.977914
    outer loop
      vertex -10.0285 11.1378 46.1262
      vertex -3.39224 3.76747 48.2343
      vertex -12.125 8.80933 46.1262
    endloop
  endfacet
  facet normal -0.239907 0.53895 -0.807451
    outer loop
      vertex 16.2264 -28.105 36.0425
      vertex 10.8624 -26.9411 38.4131
      vertex 15.7947 -27.3572 36.6699
    endloop
  endfacet
  facet normal -0.239932 0.538894 -0.807481
    outer loop
      vertex 10.8624 -26.9411 38.4131
      vertex 16.2264 -28.105 36.0425
      vertex 10.0285 -30.8645 36.0425
    endloop
  endfacet
  facet normal -0.86133 0.497294 -0.103966
    outer loop
      vertex 43.3387 -19.2957 10.0837
      vertex 44.307 -19.7267 0
      vertex 39.2373 -28.5076 0
    endloop
  endfacet
  facet normal 0.559311 0.769824 -0.307477
    outer loop
      vertex -31.7437 -35.2549 10.0837
      vertex -26.7419 -36.9253 15
      vertex -23.7201 -41.0844 10.0837
    endloop
  endfacet
  facet normal 0.559325 0.769815 -0.307474
    outer loop
      vertex -28.534 -35.15 16.1848
      vertex -30.1113 -33.6785 16.9997
      vertex -28.4507 -34.5733 17.7802
    endloop
  endfacet
  facet normal 0.55955 0.769751 -0.307225
    outer loop
      vertex -27.6968 -35.6251 16.518
      vertex -28.4507 -34.5733 17.7802
      vertex -27.6792 -35.6351 16.525
    endloop
  endfacet
  facet normal 0.559261 0.769857 -0.307486
    outer loop
      vertex -28.534 -35.15 16.1848
      vertex -28.4507 -34.5733 17.7802
      vertex -27.6968 -35.6251 16.518
    endloop
  endfacet
  facet normal 0.559336 0.769816 -0.307452
    outer loop
      vertex -30.1113 -33.6785 16.9997
      vertex -28.534 -35.15 16.1848
      vertex -30.2787 -33.628 16.8216
    endloop
  endfacet
  facet normal 0.559331 0.769815 -0.307465
    outer loop
      vertex -28.9648 -35.3102 15
      vertex -30.2787 -33.628 16.8216
      vertex -28.534 -35.15 16.1848
    endloop
  endfacet
  facet normal 0.55931 0.769821 -0.307486
    outer loop
      vertex -28.9648 -35.3102 15
      vertex -31.7437 -35.2549 10.0837
      vertex -30.2787 -33.628 16.8216
    endloop
  endfacet
  facet normal 0.559323 0.769809 -0.307494
    outer loop
      vertex -26.7419 -36.9253 15
      vertex -31.7437 -35.2549 10.0837
      vertex -28.9648 -35.3102 15
    endloop
  endfacet
  facet normal 0.862474 -0.0907061 -0.497907
    outer loop
      vertex -44.2488 0.553391 19.7267
      vertex -43.3223 1.35526 21.1855
      vertex -44.307 0 19.7267
    endloop
  endfacet
  facet normal 0.862467 -0.0906241 -0.497934
    outer loop
      vertex -42.763 7.75922 20.9884
      vertex -42.2928 8.9896 21.5789
      vertex -41.2183 8.76121 23.4816
    endloop
  endfacet
  facet normal 0.862466 -0.0906228 -0.497936
    outer loop
      vertex -42.2928 8.9896 21.5789
      vertex -42.763 7.75922 20.9884
      vertex -42.9586 7.63232 20.6727
    endloop
  endfacet
  facet normal -0.75102 0.43361 -0.497946
    outer loop
      vertex 32.8331 -22.2641 27.5602
      vertex 35.8451 -15.9593 28.5076
      vertex 36.2438 -16.1368 27.7517
    endloop
  endfacet
  facet normal -0.75104 0.433575 -0.497948
    outer loop
      vertex 31.7437 -23.0631 28.5076
      vertex 32.8331 -22.2641 27.5602
      vertex 32.6936 -22.5147 27.5524
    endloop
  endfacet
  facet normal -0.751039 0.433615 -0.497914
    outer loop
      vertex 32.8331 -22.2641 27.5602
      vertex 31.7437 -23.0631 28.5076
      vertex 35.8451 -15.9593 28.5076
    endloop
  endfacet
  facet normal -0.751035 0.433594 -0.497938
    outer loop
      vertex 39.3052 -18.2486 21.2953
      vertex 38.8048 -17.277 22.8961
      vertex 39.7208 -17.6848 21.1594
    endloop
  endfacet
  facet normal -0.751036 0.433593 -0.497937
    outer loop
      vertex 38.7492 -19.0185 21.4635
      vertex 38.8048 -17.277 22.8961
      vertex 39.3052 -18.2486 21.2953
    endloop
  endfacet
  facet normal -0.751013 0.43361 -0.497958
    outer loop
      vertex 38.8048 -17.277 22.8961
      vertex 38.7492 -19.0185 21.4635
      vertex 36.4947 -20.3201 23.7303
    endloop
  endfacet
  facet normal 0.388531 -0.126254 -0.912745
    outer loop
      vertex -13.8981 6.07419 46.0413
      vertex -13.6916 6.09589 46.1262
      vertex -14.1615 4.64983 46.1262
    endloop
  endfacet
  facet normal 0.751039 -0.433611 -0.497917
    outer loop
      vertex -35.3876 16.7516 28.5076
      vertex -32.8937 22.0299 27.6727
      vertex -32.1716 22.3219 28.5076
    endloop
  endfacet
  facet normal 0.751022 -0.433627 -0.497929
    outer loop
      vertex -32.8937 22.0299 27.6727
      vertex -38.4992 17.5087 23.1553
      vertex -40.4764 18.0213 19.7267
    endloop
  endfacet
  facet normal 0.751003 -0.433211 -0.498321
    outer loop
      vertex -32.8937 22.0299 27.6727
      vertex -38.385 17.4964 23.3381
      vertex -38.4992 17.5087 23.1553
    endloop
  endfacet
  facet normal 0.751029 -0.433619 -0.497927
    outer loop
      vertex -32.8937 22.0299 27.6727
      vertex -37.1751 17.3655 25.277
      vertex -38.385 17.4964 23.3381
    endloop
  endfacet
  facet normal 0.751025 -0.433608 -0.497941
    outer loop
      vertex -32.8937 22.0299 27.6727
      vertex -35.3876 16.7516 28.5076
      vertex -37.1751 17.3655 25.277
    endloop
  endfacet
  facet normal 0.75095 -0.433728 -0.49795
    outer loop
      vertex -36.5558 16.2757 27.1602
      vertex -37.1751 17.3655 25.277
      vertex -36.1641 16.4353 27.6119
    endloop
  endfacet
  facet normal 0.751013 -0.433631 -0.497939
    outer loop
      vertex -37.1751 17.3655 25.277
      vertex -35.3876 16.7516 28.5076
      vertex -36.1641 16.4353 27.6119
    endloop
  endfacet
  facet normal 0.751026 -0.433631 -0.497919
    outer loop
      vertex -37.1751 17.3655 25.277
      vertex -36.5558 16.2757 27.1602
      vertex -37.5286 16.8992 25.1499
    endloop
  endfacet
  facet normal 0.751119 -0.433474 -0.497916
    outer loop
      vertex -37.5286 16.8992 25.1499
      vertex -36.5558 16.2757 27.1602
      vertex -37.6365 16.7568 25.1111
    endloop
  endfacet
  facet normal 0.751032 -0.433566 -0.497968
    outer loop
      vertex -40.4764 18.0213 19.7267
      vertex -33.1136 22.062 27.3131
      vertex -32.8937 22.0299 27.6727
    endloop
  endfacet
  facet normal 0.75102 -0.43365 -0.497912
    outer loop
      vertex -33.1136 22.062 27.3131
      vertex -40.4764 18.0213 19.7267
      vertex -33.4041 22.1044 26.838
    endloop
  endfacet
  facet normal 0.75103 -0.433611 -0.497931
    outer loop
      vertex -40.4764 18.0213 19.7267
      vertex -38.4992 17.5087 23.1553
      vertex -38.8022 17.2758 22.9011
    endloop
  endfacet
  facet normal -0.946344 -0.0994305 -0.307484
    outer loop
      vertex 46.4035 9.86336 10.0837
      vertex 44.9419 8.57092 15
      vertex 44.841 9.53125 15
    endloop
  endfacet
  facet normal -0.946331 -0.0994704 -0.307512
    outer loop
      vertex 44.9419 8.57092 15
      vertex 45.2639 5.50751 15
      vertex 44.6355 8.43183 15.9879
    endloop
  endfacet
  facet normal -0.946337 -0.099471 -0.307493
    outer loop
      vertex 46.4035 9.86336 10.0837
      vertex 45.2639 5.50751 15
      vertex 44.9419 8.57092 15
    endloop
  endfacet
  facet normal -0.946356 -0.0994199 -0.307452
    outer loop
      vertex 46.4035 9.86336 10.0837
      vertex 45.3491 4.69651 15
      vertex 45.2639 5.50751 15
    endloop
  endfacet
  facet normal -0.946337 -0.0994658 -0.307496
    outer loop
      vertex 45.3491 4.69651 15
      vertex 46.4035 9.86336 10.0837
      vertex 47.4402 0 10.0837
    endloop
  endfacet
  facet normal -0.946355 -0.099435 -0.307449
    outer loop
      vertex 44.7282 9.50728 15.3547
      vertex 44.4984 9.06991 16.2035
      vertex 44.4306 9.44402 16.2912
    endloop
  endfacet
  facet normal -0.946338 -0.099504 -0.307479
    outer loop
      vertex 44.8889 8.80307 15.088
      vertex 44.4984 9.06991 16.2035
      vertex 44.7282 9.50728 15.3547
    endloop
  endfacet
  facet normal -0.946329 -0.0994802 -0.307513
    outer loop
      vertex 44.6355 8.43183 15.9879
      vertex 44.8889 8.80307 15.088
      vertex 44.9419 8.57092 15
    endloop
  endfacet
  facet normal -0.94634 -0.099434 -0.307497
    outer loop
      vertex 44.8889 8.80307 15.088
      vertex 44.6355 8.43183 15.9879
      vertex 44.4984 9.06991 16.2035
    endloop
  endfacet
  facet normal -0.904978 -0.29405 -0.307489
    outer loop
      vertex 46.4035 9.86336 10.0837
      vertex 43.3387 14.1547 15
      vertex 43.3387 19.2957 10.0837
    endloop
  endfacet
  facet normal -0.904978 -0.294055 -0.307485
    outer loop
      vertex 43.3387 14.1547 15
      vertex 46.4035 9.86336 10.0837
      vertex 44.841 9.53125 15
    endloop
  endfacet
  facet normal -0.904999 -0.294075 -0.307403
    outer loop
      vertex 44.7282 9.50728 15.3547
      vertex 44.1201 10.2607 16.4242
      vertex 43.5165 12.3087 16.242
    endloop
  endfacet
  facet normal -0.904989 -0.294219 -0.307296
    outer loop
      vertex 44.1201 10.2607 16.4242
      vertex 44.7282 9.50728 15.3547
      vertex 44.1781 10.1082 16.3994
    endloop
  endfacet
  facet normal -0.905016 -0.293972 -0.307453
    outer loop
      vertex 44.1781 10.1082 16.3994
      vertex 44.7282 9.50728 15.3547
      vertex 44.4306 9.44402 16.2912
    endloop
  endfacet
  facet normal -0.905019 -0.294076 -0.307344
    outer loop
      vertex 44.1201 10.2607 16.4242
      vertex 43.4018 12.3168 16.572
      vertex 43.5165 12.3087 16.242
    endloop
  endfacet
  facet normal -0.904932 -0.294024 -0.307649
    outer loop
      vertex 44.1201 10.2607 16.4242
      vertex 43.3387 12.3212 16.7534
      vertex 43.4018 12.3168 16.572
    endloop
  endfacet
  facet normal -0.904965 -0.294057 -0.307521
    outer loop
      vertex 43.6448 10.078 17.9976
      vertex 43.3387 12.3212 16.7534
      vertex 44.1201 10.2607 16.4242
    endloop
  endfacet
  facet normal -0.905003 -0.29402 -0.307445
    outer loop
      vertex 43.5751 10.0512 18.2284
      vertex 43.3387 12.3212 16.7534
      vertex 43.6448 10.078 17.9976
    endloop
  endfacet
  facet normal -0.904986 -0.294038 -0.307477
    outer loop
      vertex 43.3387 12.3212 16.7534
      vertex 43.5751 10.0512 18.2284
      vertex 43.3387 9.57738 19.3773
    endloop
  endfacet
  facet normal -0.862592 0.0907019 -0.497703
    outer loop
      vertex 41.4602 -3.91825 23.9442
      vertex 41.9158 -1.16354 23.6566
      vertex 42.18 -0.582458 23.3046
    endloop
  endfacet
  facet normal -0.862459 0.0906551 -0.497941
    outer loop
      vertex 41.9158 -1.16354 23.6566
      vertex 41.4602 -3.91825 23.9442
      vertex 39.3284 -6.85236 27.1024
    endloop
  endfacet
  facet normal 0.561023 0.182301 -0.807477
    outer loop
      vertex -29.6471 -13.1998 36.0425
      vertex -29.8485 -7.3631 37.2203
      vertex -22.1535 -9.86336 42.0022
    endloop
  endfacet
  facet normal 0.56104 0.182299 -0.807466
    outer loop
      vertex -29.8485 -7.3631 37.2203
      vertex -29.6471 -13.1998 36.0425
      vertex -31.3571 -7.93715 36.0425
    endloop
  endfacet
  facet normal 0.740878 -0.0778371 -0.667114
    outer loop
      vertex -38.1704 4.15545 29.2075
      vertex -36.8478 6.04908 30.4554
      vertex -36.0608 4.96593 31.4558
    endloop
  endfacet
  facet normal 0.740983 -0.0779987 -0.666979
    outer loop
      vertex -36.8478 6.04908 30.4554
      vertex -38.1704 4.15545 29.2075
      vertex -38.4446 4.05007 28.9152
    endloop
  endfacet
  facet normal -0.989133 -0.103964 -0.103958
    outer loop
      vertex 48.5 0 0
      vertex 47.4402 0 10.0837
      vertex 46.4035 9.86336 10.0837
    endloop
  endfacet
  facet normal 0.122853 -0.169092 -0.977914
    outer loop
      vertex -2.53481 4.39043 48.2343
      vertex -3.39224 3.76747 48.2343
      vertex -7.49366 12.9794 46.1262
    endloop
  endfacet
  facet normal 0.861333 -0.49729 -0.103962
    outer loop
      vertex -39.2373 28.5076 0
      vertex -38.3799 27.8846 10.0837
      vertex -43.3387 19.2957 10.0837
    endloop
  endfacet
  facet normal -0.346737 -0.477257 -0.807465
    outer loop
      vertex 21.7152 24.1172 36.0425
      vertex 15.4518 25.8869 37.6861
      vertex 18.8755 26.1803 36.0425
    endloop
  endfacet
  facet normal -0.346734 -0.477231 -0.807481
    outer loop
      vertex 12.125 21.0011 42.0022
      vertex 15.4518 25.8869 37.6861
      vertex 21.7152 24.1172 36.0425
    endloop
  endfacet
  facet normal -0.346801 -0.477184 -0.80748
    outer loop
      vertex 15.4518 25.8869 37.6861
      vertex 12.125 21.0011 42.0022
      vertex 15.0194 25.8969 37.8659
    endloop
  endfacet
  facet normal -0.346264 -0.477526 -0.807509
    outer loop
      vertex 15.0194 25.8969 37.8659
      vertex 12.125 21.0011 42.0022
      vertex 14.9525 25.8984 37.8937
    endloop
  endfacet
  facet normal -0.708975 0.230494 -0.666504
    outer loop
      vertex 34.8826 -13.7975 30.2758
      vertex 34.5126 -14.6629 30.3701
      vertex 34.7286 -14.0147 30.3645
    endloop
  endfacet
  facet normal -0.708485 0.230217 -0.66712
    outer loop
      vertex 35.8451 -15.9593 28.5076
      vertex 34.5126 -14.6629 30.3701
      vertex 34.8826 -13.7975 30.2758
    endloop
  endfacet
  facet normal -0.708512 0.230172 -0.667107
    outer loop
      vertex 34.5126 -14.6629 30.3701
      vertex 35.8451 -15.9593 28.5076
      vertex 34.3086 -15.2752 30.3755
    endloop
  endfacet
  facet normal -0.708492 0.230207 -0.667116
    outer loop
      vertex 32.5815 -8.62908 34.5033
      vertex 31.3195 -8.05261 36.0425
      vertex 32.1178 -7.58775 35.3551
    endloop
  endfacet
  facet normal -0.708496 0.230198 -0.667115
    outer loop
      vertex 31.3195 -8.05261 36.0425
      vertex 32.5815 -8.62908 34.5033
      vertex 30.2922 -11.2144 36.0425
    endloop
  endfacet
  facet normal -0.387031 -0.869287 -0.307486
    outer loop
      vertex 23.7201 41.0844 10.0837
      vertex 18.4803 41.6783 15
      vertex 14.6598 45.1183 10.0837
    endloop
  endfacet
  facet normal -0.38703 -0.869287 -0.307486
    outer loop
      vertex 18.4803 41.6783 15
      vertex 23.7201 41.0844 10.0837
      vertex 22.9214 39.701 15
    endloop
  endfacet
  facet normal -0.64444 0.580281 -0.497966
    outer loop
      vertex 28.4071 -27.7856 27.3225
      vertex 31.7437 -23.0631 28.5076
      vertex 31.0602 -26.2787 25.645
    endloop
  endfacet
  facet normal -0.644469 0.58029 -0.497919
    outer loop
      vertex 27.627 -28.2287 27.8158
      vertex 31.7437 -23.0631 28.5076
      vertex 28.4071 -27.7856 27.3225
    endloop
  endfacet
  facet normal -0.644481 0.580296 -0.497896
    outer loop
      vertex 31.7437 -23.0631 28.5076
      vertex 27.627 -28.2287 27.8158
      vertex 26.6373 -28.7343 28.5076
    endloop
  endfacet
  facet normal -0.644455 0.580294 -0.497933
    outer loop
      vertex 30.0067 -31.2348 21.2328
      vertex 29.6471 -32.9265 19.7267
      vertex 28.8952 -32.0913 21.6732
    endloop
  endfacet
  facet normal -0.739116 -0.665507 -0.103963
    outer loop
      vertex 39.2373 28.5076 0
      vertex 38.3799 27.8846 10.0837
      vertex 32.4528 36.0425 0
    endloop
  endfacet
  facet normal 0.303008 0.680563 -0.667098
    outer loop
      vertex -15.6833 -32.7018 31.5996
      vertex -16.2264 -28.105 36.0425
      vertex -10.9305 -30.4629 36.0425
    endloop
  endfacet
  facet normal 0.303002 0.680564 -0.6671
    outer loop
      vertex -16.2264 -28.105 36.0425
      vertex -15.6833 -32.7018 31.5996
      vertex -19.6187 -33.9805 28.5076
    endloop
  endfacet
  facet normal 0.303006 0.680463 -0.667201
    outer loop
      vertex -10.0285 -30.8645 36.0425
      vertex -10.6308 -30.7321 35.904
      vertex -10.6171 -30.6024 36.0425
    endloop
  endfacet
  facet normal 0.303005 0.680563 -0.6671
    outer loop
      vertex -10.6308 -30.7321 35.904
      vertex -10.0285 -30.8645 36.0425
      vertex -10.667 -31.0719 35.5409
    endloop
  endfacet
  facet normal -0.437863 0.60272 -0.667087
    outer loop
      vertex 26.0675 -28.9509 28.8186
      vertex 21.1841 -27.1593 33.6427
      vertex 23.8183 -26.4529 32.5519
    endloop
  endfacet
  facet normal -0.437887 0.602689 -0.667099
    outer loop
      vertex 20.3628 -30.4797 31.182
      vertex 21.1841 -27.1593 33.6427
      vertex 26.0675 -28.9509 28.8186
    endloop
  endfacet
  facet normal -0.437952 0.602679 -0.667065
    outer loop
      vertex 21.1841 -27.1593 33.6427
      vertex 20.3628 -30.4797 31.182
      vertex 21.0671 -27.1664 33.7131
    endloop
  endfacet
  facet normal -0.0849564 0.399671 -0.912713
    outer loop
      vertex 1.5666 -14.9052 46.1262
      vertex 5.94507 -18.297 44.2334
      vertex 6.17893 -21.2535 42.917
    endloop
  endfacet
  facet normal -0.0849502 0.399678 -0.912711
    outer loop
      vertex 5.94507 -18.297 44.2334
      vertex 1.5666 -14.9052 46.1262
      vertex 4.63134 -14.2538 46.1262
    endloop
  endfacet
  facet normal 0.945901 0.307347 -0.103964
    outer loop
      vertex -46.4035 -9.86336 10.0837
      vertex -43.3387 -19.2957 10.0837
      vertex -47.4402 -10.0837 0
    endloop
  endfacet
  facet normal 0.740887 0.0778586 -0.667101
    outer loop
      vertex -36.0665 -4.97379 31.4485
      vertex -33.2763 -7.0731 34.3023
      vertex -38.3799 -8.1579 28.5076
    endloop
  endfacet
  facet normal -0.945901 -0.307347 -0.103964
    outer loop
      vertex 47.4402 10.0837 0
      vertex 46.4035 9.86336 10.0837
      vertex 43.3387 19.2957 10.0837
    endloop
  endfacet
  facet normal -0.197839 0.930759 -0.307487
    outer loop
      vertex 4.95885 -47.1803 10.0837
      vertex 9.54701 -44.5809 15
      vertex 14.6598 -45.1183 10.0837
    endloop
  endfacet
  facet normal -0.197832 0.930758 -0.307493
    outer loop
      vertex 9.54701 -44.5809 15
      vertex 4.95885 -47.1803 10.0837
      vertex 4.79187 -45.5916 15
    endloop
  endfacet
  facet normal -0.197913 0.930722 -0.307551
    outer loop
      vertex 4.63134 -44.0642 19.7267
      vertex 6.27554 -44.237 18.1457
      vertex 5.9166 -44.2859 18.2287
    endloop
  endfacet
  facet normal -0.197864 0.930745 -0.307512
    outer loop
      vertex 4.63134 -44.0642 19.7267
      vertex 5.9166 -44.2859 18.2287
      vertex 4.72471 -44.9527 16.9774
    endloop
  endfacet
  facet normal -0.989133 0.103964 -0.103958
    outer loop
      vertex 47.4402 0 10.0837
      vertex 48.5 0 0
      vertex 46.4035 -9.86336 10.0837
    endloop
  endfacet
  facet normal -0.824075 0.475762 -0.307492
    outer loop
      vertex 41.8794 -18.6459 15
      vertex 43.3387 -19.2957 10.0837
      vertex 39.5183 -22.7356 15
    endloop
  endfacet
  facet normal -0.824072 0.475783 -0.307468
    outer loop
      vertex 40.7434 -19.6581 16.4784
      vertex 41.1969 -18.342 17.2995
      vertex 41.6862 -18.5599 15.6509
    endloop
  endfacet
  facet normal -0.824115 0.475754 -0.307397
    outer loop
      vertex 40.3937 -20.0655 16.7854
      vertex 41.1969 -18.342 17.2995
      vertex 40.7434 -19.6581 16.4784
    endloop
  endfacet
  facet normal -0.824071 0.475782 -0.30747
    outer loop
      vertex 36.7548 -25.2239 18.5561
      vertex 40.3937 -20.0655 16.7854
      vertex 37.9794 -24.0536 17.0849
    endloop
  endfacet
  facet normal -0.824 0.476115 -0.307146
    outer loop
      vertex 36.7548 -25.2239 18.5561
      vertex 37.9794 -24.0536 17.0849
      vertex 37.8894 -24.2022 17.096
    endloop
  endfacet
  facet normal -0.824066 0.475765 -0.30751
    outer loop
      vertex 40.3937 -20.0655 16.7854
      vertex 36.7548 -25.2239 18.5561
      vertex 41.1969 -18.342 17.2995
    endloop
  endfacet
  facet normal -0.751216 -0.433302 -0.497919
    outer loop
      vertex 34.6685 25.0812 22.3388
      vertex 33.4424 24.2973 24.8708
      vertex 34.6419 25.1688 22.3027
    endloop
  endfacet
  facet normal -0.751014 -0.433643 -0.497927
    outer loop
      vertex 34.5355 23.7373 23.7098
      vertex 33.4424 24.2973 24.8708
      vertex 34.6685 25.0812 22.3388
    endloop
  endfacet
  facet normal -0.751054 -0.433393 -0.498085
    outer loop
      vertex 33.4424 24.2973 24.8708
      vertex 34.5355 23.7373 23.7098
      vertex 34.5213 23.594 23.8559
    endloop
  endfacet
  facet normal 0.740883 -0.0778691 -0.667104
    outer loop
      vertex -33.9524 6.16624 33.6573
      vertex -35.6301 7.5734 31.6298
      vertex -33.3562 7.09008 34.2116
    endloop
  endfacet
  facet normal 0.7409 -0.0778304 -0.667091
    outer loop
      vertex -34.2872 5.64732 33.346
      vertex -35.6301 7.5734 31.6298
      vertex -33.9524 6.16624 33.6573
    endloop
  endfacet
  facet normal 0.74088 -0.0778608 -0.66711
    outer loop
      vertex -36.0608 4.96593 31.4558
      vertex -35.6301 7.5734 31.6298
      vertex -34.2872 5.64732 33.346
    endloop
  endfacet
  facet normal 0.740865 -0.0778574 -0.667126
    outer loop
      vertex -35.6301 7.5734 31.6298
      vertex -36.0608 4.96593 31.4558
      vertex -36.8478 6.04908 30.4554
    endloop
  endfacet
  facet normal 0.904981 -0.294046 -0.307484
    outer loop
      vertex -41.6173 16.7645 17.5707
      vertex -41.71 18.5705 15.5708
      vertex -40.4764 18.0213 19.7267
    endloop
  endfacet
  facet normal 0.904966 -0.294069 -0.307505
    outer loop
      vertex -42.313 16.4875 15.7882
      vertex -41.71 18.5705 15.5708
      vertex -41.6173 16.7645 17.5707
    endloop
  endfacet
  facet normal 0.904976 -0.294091 -0.307455
    outer loop
      vertex -40.4764 18.0213 19.7267
      vertex -41.6533 16.4968 17.7208
      vertex -41.6173 16.7645 17.5707
    endloop
  endfacet
  facet normal 0.904979 -0.294042 -0.307494
    outer loop
      vertex -40.4764 18.0213 19.7267
      vertex -41.9351 14.3997 18.8968
      vertex -41.6533 16.4968 17.7208
    endloop
  endfacet
  facet normal 0.904974 -0.294036 -0.307513
    outer loop
      vertex -41.9346 13.5333 19.7267
      vertex -41.9351 14.3997 18.8968
      vertex -40.4764 18.0213 19.7267
    endloop
  endfacet
  facet normal 0.904984 -0.294022 -0.307499
    outer loop
      vertex -41.9346 13.5333 19.7267
      vertex -43.115 12.9783 16.7834
      vertex -41.9351 14.3997 18.8968
    endloop
  endfacet
  facet normal 0.90498 -0.294041 -0.307493
    outer loop
      vertex -43.3387 11.341 17.6907
      vertex -43.115 12.9783 16.7834
      vertex -41.9346 13.5333 19.7267
    endloop
  endfacet
  facet normal 0.904937 -0.294083 -0.30758
    outer loop
      vertex -43.115 12.9783 16.7834
      vertex -43.3387 11.341 17.6907
      vertex -43.2628 12.617 16.694
    endloop
  endfacet
  facet normal 0.905049 -0.293938 -0.307386
    outer loop
      vertex -43.2628 12.617 16.694
      vertex -43.3387 11.341 17.6907
      vertex -43.3387 12.4313 16.6481
    endloop
  endfacet
  facet normal 0.904963 -0.294094 -0.30749
    outer loop
      vertex -42.2256 17.5806 15
      vertex -43.3387 19.2957 10.0837
      vertex -41.8794 18.6459 15
    endloop
  endfacet
  facet normal 0.904976 -0.294069 -0.307475
    outer loop
      vertex -41.71 18.5705 15.5708
      vertex -42.313 16.4875 15.7882
      vertex -42.2256 17.5806 15
    endloop
  endfacet
  facet normal 0.905017 -0.29402 -0.307403
    outer loop
      vertex -42.4089 16.4493 15.5424
      vertex -42.2256 17.5806 15
      vertex -42.313 16.4875 15.7882
    endloop
  endfacet
  facet normal 0.904982 -0.29405 -0.307477
    outer loop
      vertex -42.9803 15.2579 15
      vertex -42.2256 17.5806 15
      vertex -42.4089 16.4493 15.5424
    endloop
  endfacet
  facet normal 0.904981 -0.29405 -0.307479
    outer loop
      vertex -42.2256 17.5806 15
      vertex -42.9803 15.2579 15
      vertex -43.3387 19.2957 10.0837
    endloop
  endfacet
  facet normal 0.905004 -0.294011 -0.307449
    outer loop
      vertex -43.3387 19.2957 10.0837
      vertex -42.9803 15.2579 15
      vertex -43.3387 14.1547 15
    endloop
  endfacet
  facet normal 0.989133 0.103964 -0.103958
    outer loop
      vertex -47.4402 0 10.0837
      vertex -46.4035 -9.86336 10.0837
      vertex -48.5 0 0
    endloop
  endfacet
  facet normal 0.739121 -0.665503 -0.103956
    outer loop
      vertex -32.4528 36.0425 0
      vertex -31.7437 35.2549 10.0837
      vertex -38.3799 27.8846 10.0837
    endloop
  endfacet
  facet normal -0.709104 -0.228616 -0.667013
    outer loop
      vertex 35.8451 15.9593 28.5076
      vertex 34.09 15.1682 30.6446
      vertex 34.0723 15.17 30.6628
    endloop
  endfacet
  facet normal -0.708511 -0.23018 -0.667105
    outer loop
      vertex 34.09 15.1682 30.6446
      vertex 35.8451 15.9593 28.5076
      vertex 35.4332 15.0341 29.2643
    endloop
  endfacet
  facet normal -0.553617 -0.498476 -0.667105
    outer loop
      vertex 26.2549 19.0753 36.0425
      vertex 25.741 23.7918 32.9447
      vertex 26.2549 24.215 32.202
    endloop
  endfacet
  facet normal -0.553633 -0.498472 -0.667096
    outer loop
      vertex 26.2549 19.0753 36.0425
      vertex 25.5225 23.9499 33.0079
      vertex 25.741 23.7918 32.9447
    endloop
  endfacet
  facet normal -0.553618 -0.498475 -0.667105
    outer loop
      vertex 21.7152 24.1172 36.0425
      vertex 25.5225 23.9499 33.0079
      vertex 26.2549 19.0753 36.0425
    endloop
  endfacet
  facet normal -0.553611 -0.498497 -0.667095
    outer loop
      vertex 25.5225 23.9499 33.0079
      vertex 21.7152 24.1172 36.0425
      vertex 23.1258 25.6838 33.7012
    endloop
  endfacet
  facet normal 0.1803 -0.848266 -0.497933
    outer loop
      vertex -4.63134 44.0642 19.7267
      vertex -7.80848 40.2269 25.1134
      vertex -6.99595 43.5616 19.7267
    endloop
  endfacet
  facet normal 0.180293 -0.848265 -0.497936
    outer loop
      vertex -7.80848 40.2269 25.1134
      vertex -4.63134 44.0642 19.7267
      vertex -4.10142 39.0224 28.5076
    endloop
  endfacet
  facet normal -0.437871 -0.602695 -0.667104
    outer loop
      vertex 21.2785 26.1717 34.473
      vertex 21.7152 24.1172 36.0425
      vertex 18.8755 26.1803 36.0425
    endloop
  endfacet
  facet normal -0.553226 -0.498961 -0.667067
    outer loop
      vertex 28.0827 20.5836 33.3985
      vertex 30.8791 22.435 29.6945
      vertex 28.2225 20.5048 33.3415
    endloop
  endfacet
  facet normal -0.553612 -0.498471 -0.667114
    outer loop
      vertex 27.0223 24.8468 31.093
      vertex 30.8791 22.435 29.6945
      vertex 28.0827 20.5836 33.3985
    endloop
  endfacet
  facet normal -0.553615 -0.49848 -0.667104
    outer loop
      vertex 30.8791 22.435 29.6945
      vertex 27.0223 24.8468 31.093
      vertex 30.9677 23.925 28.5076
    endloop
  endfacet
  facet normal -0.553614 -0.498484 -0.667102
    outer loop
      vertex 27.0223 24.8468 31.093
      vertex 26.9214 28.4188 28.5076
      vertex 30.9677 23.925 28.5076
    endloop
  endfacet
  facet normal -0.553621 -0.498481 -0.667098
    outer loop
      vertex 26.6413 28.2093 28.8966
      vertex 26.9214 28.4188 28.5076
      vertex 27.0223 24.8468 31.093
    endloop
  endfacet
  facet normal -0.553453 -0.498684 -0.667086
    outer loop
      vertex 26.9214 28.4188 28.5076
      vertex 26.6413 28.2093 28.8966
      vertex 26.6124 28.4641 28.7301
    endloop
  endfacet
  facet normal -0.553274 -0.498519 -0.667358
    outer loop
      vertex 28.0827 20.5836 33.3985
      vertex 26.9371 24.7767 31.216
      vertex 27.0223 24.8468 31.093
    endloop
  endfacet
  facet normal -0.553496 -0.498627 -0.667093
    outer loop
      vertex 26.2549 19.0753 36.0425
      vertex 28.0975 20.554 33.4084
      vertex 28.1488 20.4513 33.4426
    endloop
  endfacet
  facet normal -0.552761 -0.499485 -0.667061
    outer loop
      vertex 26.2549 19.0753 36.0425
      vertex 28.0827 20.5836 33.3985
      vertex 28.0975 20.554 33.4084
    endloop
  endfacet
  facet normal -0.553645 -0.498465 -0.66709
    outer loop
      vertex 26.2549 24.215 32.202
      vertex 28.0827 20.5836 33.3985
      vertex 26.2549 19.0753 36.0425
    endloop
  endfacet
  facet normal -0.553683 -0.498472 -0.667053
    outer loop
      vertex 28.0827 20.5836 33.3985
      vertex 26.2549 24.215 32.202
      vertex 26.9371 24.7767 31.216
    endloop
  endfacet
  facet normal 0.510872 -0.29495 -0.807474
    outer loop
      vertex -26.9684 14.1272 37.3985
      vertex -26.2549 19.0753 36.0425
      vertex -23.5816 13.0709 39.9271
    endloop
  endfacet
  facet normal 0.510764 -0.294953 -0.807541
    outer loop
      vertex -27.2465 14.214 37.1909
      vertex -26.2549 19.0753 36.0425
      vertex -26.9684 14.1272 37.3985
    endloop
  endfacet
  facet normal 0.510878 -0.294911 -0.807484
    outer loop
      vertex -29.6471 13.1998 36.0425
      vertex -27.2465 14.214 37.1909
      vertex -28.7071 12.7812 36.7901
    endloop
  endfacet
  facet normal 0.510887 -0.294959 -0.807461
    outer loop
      vertex -27.2465 14.214 37.1909
      vertex -29.6471 13.1998 36.0425
      vertex -26.2549 19.0753 36.0425
    endloop
  endfacet
  facet normal -0.155324 0.139855 -0.977914
    outer loop
      vertex 4.10142 -2.97985 48.2343
      vertex 12.125 -8.80933 46.1262
      vertex 3.39224 -3.76747 48.2343
    endloop
  endfacet
  facet normal -0.509532 0.701771 -0.49789
    outer loop
      vertex 22.0452 -35.8493 23.3905
      vertex 23.3182 -36.4953 21.1772
      vertex 23.0942 -36.6131 21.2404
    endloop
  endfacet
  facet normal -0.509764 0.701597 -0.497897
    outer loop
      vertex 26.8339 -33.2222 22.1899
      vertex 25.2483 -35.4797 20.6322
      vertex 23.3182 -36.4953 21.1772
    endloop
  endfacet
  facet normal -0.509722 0.701598 -0.49794
    outer loop
      vertex 26.8339 -33.2222 22.1899
      vertex 25.9595 -35.0833 20.4627
      vertex 25.2483 -35.4797 20.6322
    endloop
  endfacet
  facet normal -0.509744 0.701572 -0.497953
    outer loop
      vertex 29.0484 -33.3615 19.7267
      vertex 26.8339 -33.2222 22.1899
      vertex 29.6471 -32.9265 19.7267
    endloop
  endfacet
  facet normal -0.509726 0.701597 -0.497938
    outer loop
      vertex 26.8339 -33.2222 22.1899
      vertex 29.0484 -33.3615 19.7267
      vertex 25.9595 -35.0833 20.4627
    endloop
  endfacet
  facet normal -0.509747 0.701585 -0.497932
    outer loop
      vertex 22.1535 -38.3709 19.7267
      vertex 21.3094 -36.147 23.7243
      vertex 22.0452 -35.8493 23.3905
    endloop
  endfacet
  facet normal -0.509734 0.701582 -0.49795
    outer loop
      vertex 23.3182 -36.4953 21.1772
      vertex 22.0452 -35.8493 23.3905
      vertex 26.8339 -33.2222 22.1899
    endloop
  endfacet
  facet normal -0.509753 0.701582 -0.49793
    outer loop
      vertex 22.1535 -38.3709 19.7267
      vertex 22.0452 -35.8493 23.3905
      vertex 23.0942 -36.6131 21.2404
    endloop
  endfacet
  facet normal -0.509807 0.701547 -0.497924
    outer loop
      vertex 21.3094 -36.147 23.7243
      vertex 22.1535 -38.3709 19.7267
      vertex 20.9528 -36.2913 23.8861
    endloop
  endfacet
  facet normal -0.509731 0.701586 -0.497948
    outer loop
      vertex 22.1535 -38.3709 19.7267
      vertex 23.0942 -36.6131 21.2404
      vertex 25.0362 -36.2765 19.7267
    endloop
  endfacet
  facet normal 0.645185 0.372426 -0.66711
    outer loop
      vertex -29.6471 -13.1998 36.0425
      vertex -29.3022 -13.7973 36.0425
      vertex -30.3259 -13.502 35.2173
    endloop
  endfacet
  facet normal 0.438304 0.394843 -0.807458
    outer loop
      vertex -19.6187 -14.2538 42.0022
      vertex -19.5333 -14.3486 42.0022
      vertex -19.7551 -14.3529 41.8797
    endloop
  endfacet
  facet normal 0.438359 0.394494 -0.807599
    outer loop
      vertex -16.3595 -17.8734 42.0022
      vertex -16.2264 -18.0213 42.0022
      vertex -16.3779 -18.0372 41.9122
    endloop
  endfacet
  facet normal 0.154885 0.72869 -0.6671
    outer loop
      vertex -5.16002 -37.5653 29.8534
      vertex -10.9448 -33.6845 32.7494
      vertex -10.0285 -30.8645 36.0425
    endloop
  endfacet
  facet normal 0.154883 0.728688 -0.667102
    outer loop
      vertex -10.9448 -33.6845 32.7494
      vertex -5.16002 -37.5653 29.8534
      vertex -11.205 -36.2505 29.8861
    endloop
  endfacet
  facet normal 0.15488 0.728676 -0.667116
    outer loop
      vertex -6.14851 -38.5873 28.5076
      vertex -11.205 -36.2505 29.8861
      vertex -5.16002 -37.5653 29.8534
    endloop
  endfacet
  facet normal 0.154896 0.728695 -0.667091
    outer loop
      vertex -12.125 -37.3169 28.5076
      vertex -11.205 -36.2505 29.8861
      vertex -6.14851 -38.5873 28.5076
    endloop
  endfacet
  facet normal 0.155097 0.728598 -0.66715
    outer loop
      vertex -11.205 -36.2505 29.8861
      vertex -12.125 -37.3169 28.5076
      vertex -11.687 -36.5854 29.4083
    endloop
  endfacet
  facet normal 0.154476 0.728833 -0.667038
    outer loop
      vertex -11.687 -36.5854 29.4083
      vertex -12.125 -37.3169 28.5076
      vertex -11.9458 -36.7653 29.1518
    endloop
  endfacet
  facet normal 0.302995 0.680573 -0.667094
    outer loop
      vertex -15.6833 -32.7018 31.5996
      vertex -18.9909 -34.26 28.5076
      vertex -19.6187 -33.9805 28.5076
    endloop
  endfacet
  facet normal 0.303006 0.680562 -0.6671
    outer loop
      vertex -10.667 -31.0719 35.5409
      vertex -10.0285 -30.8645 36.0425
      vertex -10.9448 -33.6845 32.7494
    endloop
  endfacet
  facet normal 0.302913 0.680639 -0.667064
    outer loop
      vertex -11.9458 -36.7653 29.1518
      vertex -12.125 -37.3169 28.5076
      vertex -12.5344 -37.1347 28.5076
    endloop
  endfacet
  facet normal 0.824073 0.475778 -0.307472
    outer loop
      vertex -37.0822 -24.1921 19.2751
      vertex -38.7358 -21.7377 18.6411
      vertex -38.0822 -22.1682 19.7267
    endloop
  endfacet
  facet normal 0.824014 0.475947 -0.307369
    outer loop
      vertex -38.0822 -22.1682 19.7267
      vertex -38.7358 -21.7377 18.6411
      vertex -38.6486 -21.6917 18.9461
    endloop
  endfacet
  facet normal 0.824077 0.475757 -0.307492
    outer loop
      vertex -40.4518 -21.1187 15
      vertex -43.3387 -19.2957 10.0837
      vertex -41.8794 -18.6459 15
    endloop
  endfacet
  facet normal 0.824064 0.475839 -0.307401
    outer loop
      vertex -38.0123 -24.0916 16.9378
      vertex -40.4518 -21.1187 15
      vertex -39.5293 -21.8923 16.2755
    endloop
  endfacet
  facet normal 0.824031 0.475746 -0.307634
    outer loop
      vertex -38.0123 -24.0916 16.9378
      vertex -39.5293 -21.8923 16.2755
      vertex -39.3356 -22.0547 16.5432
    endloop
  endfacet
  facet normal 0.824064 0.475794 -0.307471
    outer loop
      vertex -40.4518 -21.1187 15
      vertex -38.0123 -24.0916 16.9378
      vertex -43.3387 -19.2957 10.0837
    endloop
  endfacet
  facet normal 0.824063 0.47578 -0.307496
    outer loop
      vertex -38.7358 -21.7377 18.6411
      vertex -38.0057 -24.0923 16.9545
      vertex -39.3356 -22.0547 16.5432
    endloop
  endfacet
  facet normal 0.824371 0.476316 -0.305834
    outer loop
      vertex -39.3356 -22.0547 16.5432
      vertex -38.0057 -24.0923 16.9545
      vertex -38.0123 -24.0916 16.9378
    endloop
  endfacet
  facet normal 0.824071 0.475774 -0.307484
    outer loop
      vertex -38.7358 -21.7377 18.6411
      vertex -37.0822 -24.1921 19.2751
      vertex -38.0057 -24.0923 16.9545
    endloop
  endfacet
  facet normal 0.824024 0.475782 -0.307597
    outer loop
      vertex -38.0822 -22.1682 19.7267
      vertex -36.7935 -24.5385 19.5127
      vertex -37.0822 -24.1921 19.2751
    endloop
  endfacet
  facet normal 0.824094 0.4758 -0.307382
    outer loop
      vertex -36.7935 -24.5385 19.5127
      vertex -38.0822 -22.1682 19.7267
      vertex -36.5336 -24.8504 19.7267
    endloop
  endfacet
  facet normal -0.584602 0.804633 -0.103957
    outer loop
      vertex 31.7437 -35.2549 10.0837
      vertex 32.4528 -36.0425 0
      vertex 24.25 -42.0022 0
    endloop
  endfacet
  facet normal 0.34674 0.477232 -0.807478
    outer loop
      vertex -16.2264 -28.105 36.0425
      vertex -17.3522 -22.6995 38.7538
      vertex -12.125 -21.0011 42.0022
    endloop
  endfacet
  facet normal 0.346736 0.477232 -0.80748
    outer loop
      vertex -17.3522 -22.6995 38.7538
      vertex -16.2264 -28.105 36.0425
      vertex -19.2636 -25.8983 36.0425
    endloop
  endfacet
  facet normal -0.861333 0.49729 -0.103962
    outer loop
      vertex 43.3387 -19.2957 10.0837
      vertex 39.2373 -28.5076 0
      vertex 38.3799 -27.8846 10.0837
    endloop
  endfacet
  facet normal -0.739121 0.665503 -0.103956
    outer loop
      vertex 38.3799 -27.8846 10.0837
      vertex 32.4528 -36.0425 0
      vertex 31.7437 -35.2549 10.0837
    endloop
  endfacet
  facet normal -0.946339 0.0994797 -0.307484
    outer loop
      vertex 45.8428 0 15
      vertex 47.4402 0 10.0837
      vertex 45.3491 -4.69651 15
    endloop
  endfacet
  facet normal -0.946367 0.099467 -0.307403
    outer loop
      vertex 43.7597 -8.22295 18.7511
      vertex 44.359 -4.00628 18.2705
      vertex 44.5062 -3.27733 18.0532
    endloop
  endfacet
  facet normal -0.946422 0.100343 -0.306948
    outer loop
      vertex 43.3723 -8.89251 19.7267
      vertex 43.7597 -8.22295 18.7511
      vertex 43.7497 -8.28882 18.7604
    endloop
  endfacet
  facet normal -0.946329 0.0994477 -0.307525
    outer loop
      vertex 43.7597 -8.22295 18.7511
      vertex 43.3723 -8.89251 19.7267
      vertex 44.359 -4.00628 18.2705
    endloop
  endfacet
  facet normal -0.946353 0.0995475 -0.307418
    outer loop
      vertex 43.3723 -8.89251 19.7267
      vertex 43.7497 -8.28882 18.7604
      vertex 43.3387 -9.21193 19.7267
    endloop
  endfacet
  facet normal -0.198792 -0.0645922 -0.977911
    outer loop
      vertex 4.63134 2.062 48.2343
      vertex 6.94214 2.19909 47.7555
      vertex 4.95885 1.05404 48.2343
    endloop
  endfacet
  facet normal -0.198798 -0.0645106 -0.977915
    outer loop
      vertex 6.94214 2.19909 47.7555
      vertex 4.63134 2.062 48.2343
      vertex 7.02799 3.12906 47.6767
    endloop
  endfacet
  facet normal 0.739116 -0.665507 -0.103963
    outer loop
      vertex -32.4528 36.0425 0
      vertex -38.3799 27.8846 10.0837
      vertex -39.2373 28.5076 0
    endloop
  endfacet
  facet normal 0.739121 0.665503 -0.103956
    outer loop
      vertex -31.7437 -35.2549 10.0837
      vertex -32.4528 -36.0425 0
      vertex -38.3799 -27.8846 10.0837
    endloop
  endfacet
  facet normal 0.50973 0.7016 -0.497928
    outer loop
      vertex -22.1535 -38.3709 19.7267
      vertex -23.7263 -37.0613 19.9619
      vertex -21.7698 -37.7064 21.0558
    endloop
  endfacet
  facet normal 0.509733 0.701603 -0.497922
    outer loop
      vertex -23.7263 -37.0613 19.9619
      vertex -22.1535 -38.3709 19.7267
      vertex -24.3091 -36.8048 19.7267
    endloop
  endfacet
  facet normal 0.509745 0.701577 -0.497946
    outer loop
      vertex -19.6187 -33.9805 28.5076
      vertex -19.8586 -34.396 27.6766
      vertex -22.0612 -33.7238 26.3689
    endloop
  endfacet
  facet normal 0.0434536 -0.204443 -0.977914
    outer loop
      vertex -1.5666 14.9052 46.1262
      vertex -1.5666 4.8215 48.2343
      vertex -4.63134 14.2538 46.1262
    endloop
  endfacet
  facet normal -0.0849579 -0.399671 -0.912713
    outer loop
      vertex 2.53481 24.1172 42.0022
      vertex 7.49366 23.0631 42.0022
      vertex 1.5666 14.9052 46.1262
    endloop
  endfacet
  facet normal -0.945902 -0.307342 -0.103968
    outer loop
      vertex 44.307 19.7267 0
      vertex 47.4402 10.0837 0
      vertex 43.3387 19.2957 10.0837
    endloop
  endfacet
  facet normal -0.862494 -0.0906365 -0.497885
    outer loop
      vertex 39.4899 1.6624 27.7675
      vertex 39.4737 3.45738 27.4688
      vertex 39.6642 3.44636 27.1408
    endloop
  endfacet
  facet normal -0.862467 -0.0906437 -0.49793
    outer loop
      vertex 39.4899 1.6624 27.7675
      vertex 38.8703 3.49228 28.5076
      vertex 39.4737 3.45738 27.4688
    endloop
  endfacet
  facet normal -0.862608 -0.0903117 -0.497745
    outer loop
      vertex 39.1238 1.08019 28.5076
      vertex 39.4899 1.6624 27.7675
      vertex 39.4747 1.50721 27.822
    endloop
  endfacet
  facet normal -0.862465 -0.0906413 -0.497934
    outer loop
      vertex 39.4899 1.6624 27.7675
      vertex 39.1238 1.08019 28.5076
      vertex 38.8703 3.49228 28.5076
    endloop
  endfacet
  facet normal 0.584602 -0.804633 -0.103957
    outer loop
      vertex -24.25 42.0022 0
      vertex -31.7437 35.2549 10.0837
      vertex -32.4528 36.0425 0
    endloop
  endfacet
  facet normal -0.707141 -0.636717 -0.307478
    outer loop
      vertex 38.3799 27.8846 10.0837
      vertex 37.0876 26.9457 15
      vertex 33.9277 30.4551 15
    endloop
  endfacet
  facet normal -0.404532 -0.908596 -0.103957
    outer loop
      vertex 24.25 42.0022 0
      vertex 23.7201 41.0844 10.0837
      vertex 14.6598 45.1183 10.0837
    endloop
  endfacet
  facet normal -0.904978 -0.294049 -0.307489
    outer loop
      vertex 43.3387 19.2957 10.0837
      vertex 43.3387 14.1547 15
      vertex 41.8794 18.6459 15
    endloop
  endfacet
  facet normal -0.905016 -0.294029 -0.307397
    outer loop
      vertex 43.2668 9.43325 19.7267
      vertex 42.3536 12.6197 19.3674
      vertex 42.4913 12.3807 19.1906
    endloop
  endfacet
  facet normal -0.904984 -0.294041 -0.307479
    outer loop
      vertex 43.3387 9.57738 19.3773
      vertex 42.4913 12.3807 19.1906
      vertex 43.3387 12.3212 16.7534
    endloop
  endfacet
  facet normal -0.904952 -0.294037 -0.307578
    outer loop
      vertex 43.2718 9.44331 19.7023
      vertex 42.4913 12.3807 19.1906
      vertex 43.3387 9.57738 19.3773
    endloop
  endfacet
  facet normal -0.905269 -0.29397 -0.306708
    outer loop
      vertex 43.2668 9.43325 19.7267
      vertex 42.4913 12.3807 19.1906
      vertex 43.2718 9.44331 19.7023
    endloop
  endfacet
  facet normal -0.904994 -0.29403 -0.30746
    outer loop
      vertex 42.3536 12.6197 19.3674
      vertex 43.2668 9.43325 19.7267
      vertex 42.0736 13.1058 19.7267
    endloop
  endfacet
  facet normal -0.989133 -0.103958 -0.103964
    outer loop
      vertex 47.4402 10.0837 0
      vertex 48.5 0 0
      vertex 46.4035 9.86336 10.0837
    endloop
  endfacet
  facet normal -0.86133 -0.497294 -0.103966
    outer loop
      vertex 44.307 19.7267 0
      vertex 43.3387 19.2957 10.0837
      vertex 39.2373 28.5076 0
    endloop
  endfacet
  facet normal -0.861333 -0.49729 -0.103962
    outer loop
      vertex 39.2373 28.5076 0
      vertex 43.3387 19.2957 10.0837
      vertex 38.3799 27.8846 10.0837
    endloop
  endfacet
  facet normal 0.406354 0.0427185 -0.912717
    outer loop
      vertex -14.6598 -3.11604 46.1262
      vertex -15.2053 -1.96305 45.9373
      vertex -14.9676 -0.188134 46.1262
    endloop
  endfacet
  facet normal 0.406321 0.0427003 -0.912732
    outer loop
      vertex -14.6598 -3.11604 46.1262
      vertex -16.2416 -2.33648 45.4585
      vertex -15.2053 -1.96305 45.9373
    endloop
  endfacet
  facet normal 0.406341 0.0427504 -0.912721
    outer loop
      vertex -16.2416 -2.33648 45.4585
      vertex -14.6598 -3.11604 46.1262
      vertex -16.6292 -2.47614 45.2794
    endloop
  endfacet
  facet normal -0.155326 -0.139857 -0.977913
    outer loop
      vertex 3.39224 3.76747 48.2343
      vertex 7.21209 5.23989 47.417
      vertex 4.10142 2.97985 48.2343
    endloop
  endfacet
  facet normal -0.155331 -0.139844 -0.977914
    outer loop
      vertex 7.21209 5.23989 47.417
      vertex 3.39224 3.76747 48.2343
      vertex 7.27582 6.00965 47.2968
    endloop
  endfacet
  facet normal -0.739116 0.665507 -0.103963
    outer loop
      vertex 38.3799 -27.8846 10.0837
      vertex 39.2373 -28.5076 0
      vertex 32.4528 -36.0425 0
    endloop
  endfacet
  facet normal -0.303632 0.273409 -0.912719
    outer loop
      vertex 14.1554 -15.7211 43.3803
      vertex 12.125 -8.80933 46.1262
      vertex 15.286 -15.909 42.9479
    endloop
  endfacet
  facet normal -0.303652 0.273401 -0.912714
    outer loop
      vertex 12.125 -8.80933 46.1262
      vertex 14.1554 -15.7211 43.3803
      vertex 10.0285 -11.1378 46.1262
    endloop
  endfacet
  facet normal -0.155326 0.139852 -0.977914
    outer loop
      vertex 12.125 -8.80933 46.1262
      vertex 10.0285 -11.1378 46.1262
      vertex 3.39224 -3.76747 48.2343
    endloop
  endfacet
  facet normal 0.404532 0.908596 -0.103957
    outer loop
      vertex -23.7201 -41.0844 10.0837
      vertex -14.6598 -45.1183 10.0837
      vertex -24.25 -42.0022 0
    endloop
  endfacet
  facet normal 0.708509 0.230217 -0.667095
    outer loop
      vertex -29.6471 -13.1998 36.0425
      vertex -31.743 -8.09433 35.5784
      vertex -31.3571 -7.93715 36.0425
    endloop
  endfacet
  facet normal 0.708533 0.230181 -0.667082
    outer loop
      vertex -31.743 -8.09433 35.5784
      vertex -32.8117 -12.6611 32.8675
      vertex -34.0913 -12.0203 31.7295
    endloop
  endfacet
  facet normal 0.708494 0.230209 -0.667114
    outer loop
      vertex -31.743 -8.09433 35.5784
      vertex -29.6471 -13.1998 36.0425
      vertex -32.8117 -12.6611 32.8675
    endloop
  endfacet
  facet normal 0.708492 0.230225 -0.667109
    outer loop
      vertex -32.8117 -12.6611 32.8675
      vertex -29.6471 -13.1998 36.0425
      vertex -30.3259 -13.502 35.2173
    endloop
  endfacet
  facet normal 0.7085 0.230221 -0.667103
    outer loop
      vertex -32.2061 -7.78591 35.193
      vertex -31.743 -8.09433 35.5784
      vertex -34.0913 -12.0203 31.7295
    endloop
  endfacet
  facet normal 0.510891 0.294924 -0.807471
    outer loop
      vertex -26.0311 -14.3481 37.9108
      vertex -22.1535 -9.86336 42.0022
      vertex -24.1509 -14.3495 39.0999
    endloop
  endfacet
  facet normal 0.510821 0.295 -0.807488
    outer loop
      vertex -26.5533 -14.3477 37.5806
      vertex -22.1535 -9.86336 42.0022
      vertex -26.0311 -14.3481 37.9108
    endloop
  endfacet
  facet normal 0.510867 0.294892 -0.807498
    outer loop
      vertex -29.6471 -13.1998 36.0425
      vertex -26.5533 -14.3477 37.5806
      vertex -29.3022 -13.7973 36.0425
    endloop
  endfacet
  facet normal 0.510873 0.294938 -0.807478
    outer loop
      vertex -26.5533 -14.3477 37.5806
      vertex -29.6471 -13.1998 36.0425
      vertex -22.1535 -9.86336 42.0022
    endloop
  endfacet
  facet normal 0.406349 0.042783 -0.912716
    outer loop
      vertex -23.7201 -5.04186 42.0022
      vertex -16.6292 -2.47614 45.2794
      vertex -14.6598 -3.11604 46.1262
    endloop
  endfacet
  facet normal 0.406108 0.0435399 -0.912787
    outer loop
      vertex -16.6292 -2.47614 45.2794
      vertex -23.7201 -5.04186 42.0022
      vertex -23.7212 -5.0316 42.0022
    endloop
  endfacet
  facet normal 0.586362 0.0628653 -0.807606
    outer loop
      vertex -23.7212 -5.0316 42.0022
      vertex -23.7201 -5.04186 42.0022
      vertex -23.7842 -5.05548 41.9546
    endloop
  endfacet
  facet normal 0.989133 0.103958 -0.103964
    outer loop
      vertex -46.4035 -9.86336 10.0837
      vertex -47.4402 -10.0837 0
      vertex -48.5 0 0
    endloop
  endfacet
  facet normal 0.946333 0.0994407 -0.307514
    outer loop
      vertex -44.5457 -6.501 16.8889
      vertex -45.1064 -6.38356 15.2014
      vertex -47.4402 0 10.0837
    endloop
  endfacet
  facet normal 0.946332 0.0994514 -0.307513
    outer loop
      vertex -44.8283 -6.76332 15.9344
      vertex -45.1064 -6.38356 15.2014
      vertex -44.5457 -6.501 16.8889
    endloop
  endfacet
  facet normal 0.946358 0.0999091 -0.307286
    outer loop
      vertex -45.1064 -6.38356 15.2014
      vertex -44.8283 -6.76332 15.9344
      vertex -45.0804 -6.44499 15.2615
    endloop
  endfacet
  facet normal 0.946347 0.0996448 -0.307407
    outer loop
      vertex -45.0804 -6.44499 15.2615
      vertex -44.8283 -6.76332 15.9344
      vertex -44.9126 -6.84163 15.6495
    endloop
  endfacet
  facet normal 0.946344 0.0994827 -0.307467
    outer loop
      vertex -45.1316 -6.7663 15
      vertex -47.4402 0 10.0837
      vertex -45.1064 -6.38356 15.2014
    endloop
  endfacet
  facet normal 0.94634 0.0994617 -0.307485
    outer loop
      vertex -46.4035 -9.86336 10.0837
      vertex -45.1316 -6.7663 15
      vertex -44.841 -9.53125 15
    endloop
  endfacet
  facet normal 0.946339 0.0994661 -0.307488
    outer loop
      vertex -45.1316 -6.7663 15
      vertex -46.4035 -9.86336 10.0837
      vertex -47.4402 0 10.0837
    endloop
  endfacet
  facet normal 0.946322 0.0993786 -0.307568
    outer loop
      vertex -43.3387 -9.21193 19.7267
      vertex -43.4377 -9.23297 19.4153
      vertex -43.5757 -8.67961 19.1695
    endloop
  endfacet
  facet normal 0.904978 0.294055 -0.307485
    outer loop
      vertex -43.3387 -14.1547 15
      vertex -46.4035 -9.86336 10.0837
      vertex -44.841 -9.53125 15
    endloop
  endfacet
  facet normal 0.904978 0.29405 -0.307489
    outer loop
      vertex -46.4035 -9.86336 10.0837
      vertex -43.3387 -14.1547 15
      vertex -43.3387 -19.2957 10.0837
    endloop
  endfacet
  facet normal 0.904928 0.294122 -0.307567
    outer loop
      vertex -43.3387 -9.21193 19.7267
      vertex -43.3387 -9.45328 19.4959
      vertex -43.4377 -9.23297 19.4153
    endloop
  endfacet
  facet normal 0.904989 0.293944 -0.307559
    outer loop
      vertex -43.3387 -10.2192 18.7635
      vertex -43.6331 -10.3518 17.7705
      vertex -43.7338 -10.1532 17.664
    endloop
  endfacet
  facet normal 0.904919 0.29415 -0.307566
    outer loop
      vertex -43.6331 -10.3518 17.7705
      vertex -43.3387 -10.2192 18.7635
      vertex -43.3387 -10.9322 18.0816
    endloop
  endfacet
  facet normal 0.904978 0.294049 -0.307489
    outer loop
      vertex -43.3387 -14.1547 15
      vertex -41.8794 -18.6459 15
      vertex -43.3387 -19.2957 10.0837
    endloop
  endfacet
  facet normal 0.904974 0.294054 -0.307496
    outer loop
      vertex -43.3387 -9.21193 19.7267
      vertex -43.0555 -10.0835 19.7267
      vertex -43.3387 -9.45328 19.4959
    endloop
  endfacet
  facet normal 0.905022 0.294015 -0.307392
    outer loop
      vertex -42.8566 -11.883 18.5915
      vertex -43.3387 -10.2192 18.7635
      vertex -43.0585 -10.266 19.5437
    endloop
  endfacet
  facet normal 0.904898 0.294085 -0.30769
    outer loop
      vertex -42.6143 -12.1575 19.0422
      vertex -43.0585 -10.266 19.5437
      vertex -42.9927 -10.277 19.7267
    endloop
  endfacet
  facet normal 0.905011 0.294015 -0.307425
    outer loop
      vertex -43.3387 -10.2192 18.7635
      vertex -42.8566 -11.883 18.5915
      vertex -43.3387 -10.9322 18.0816
    endloop
  endfacet
  facet normal 0.904995 0.294043 -0.307445
    outer loop
      vertex -43.0585 -10.266 19.5437
      vertex -42.6143 -12.1575 19.0422
      vertex -42.8566 -11.883 18.5915
    endloop
  endfacet
  facet normal 0.904954 0.294049 -0.30756
    outer loop
      vertex -42.6143 -12.1575 19.0422
      vertex -42.9927 -10.277 19.7267
      vertex -42.2462 -12.5744 19.7267
    endloop
  endfacet
  facet normal -0.82477 0.267909 -0.497976
    outer loop
      vertex 43.3387 -9.21193 19.7267
      vertex 42.9243 -10.0321 19.9718
      vertex 43.2912 -9.20184 19.8108
    endloop
  endfacet
  facet normal -0.824598 0.267968 -0.498229
    outer loop
      vertex 42.0336 -13.2287 19.7267
      vertex 42.8755 -10.0854 20.0239
      vertex 42.9243 -10.0321 19.9718
    endloop
  endfacet
  facet normal -0.824779 0.267987 -0.497919
    outer loop
      vertex 42.8755 -10.0854 20.0239
      vertex 42.0336 -13.2287 19.7267
      vertex 42.4596 -10.5399 20.4682
    endloop
  endfacet
  facet normal -0.82485 0.268004 -0.497792
    outer loop
      vertex 42.0336 -13.2287 19.7267
      vertex 42.9243 -10.0321 19.9718
      vertex 43.3387 -9.21193 19.7267
    endloop
  endfacet
  facet normal -0.824806 0.26798 -0.497877
    outer loop
      vertex 42.4596 -10.5399 20.4682
      vertex 42.0336 -13.2287 19.7267
      vertex 41.9511 -11.4774 20.806
    endloop
  endfacet
  facet normal -0.824775 0.268004 -0.497915
    outer loop
      vertex 42.0336 -13.2287 19.7267
      vertex 39.8922 -15.2726 22.1737
      vertex 41.9511 -11.4774 20.806
    endloop
  endfacet
  facet normal -0.824775 0.268001 -0.497918
    outer loop
      vertex 39.8922 -15.2726 22.1737
      vertex 42.0336 -13.2287 19.7267
      vertex 40.2061 -16.7497 20.8587
    endloop
  endfacet
  facet normal -0.824823 0.267773 -0.49796
    outer loop
      vertex 40.3132 -8.56883 25.0842
      vertex 38.6134 -8.38372 27.9993
      vertex 38.7083 -8.22771 27.926
    endloop
  endfacet
  facet normal -0.824768 0.26798 -0.49794
    outer loop
      vertex 38.9027 -10.6174 26.318
      vertex 38.6134 -8.38372 27.9993
      vertex 40.3132 -8.56883 25.0842
    endloop
  endfacet
  facet normal -0.824735 0.268013 -0.497978
    outer loop
      vertex 38.6134 -8.38372 27.9993
      vertex 38.9027 -10.6174 26.318
      vertex 38.4759 -8.6097 28.1054
    endloop
  endfacet
  facet normal -0.824071 0.475777 -0.307478
    outer loop
      vertex 38.3799 -27.8846 10.0837
      vertex 39.5183 -22.7356 15
      vertex 43.3387 -19.2957 10.0837
    endloop
  endfacet
  facet normal -0.82407 0.475778 -0.30748
    outer loop
      vertex 39.5183 -22.7356 15
      vertex 38.3799 -27.8846 10.0837
      vertex 37.5411 -26.1602 15
    endloop
  endfacet
  facet normal -0.82406 0.475794 -0.307483
    outer loop
      vertex 37.5411 -26.1602 15
      vertex 38.3799 -27.8846 10.0837
      vertex 36.9942 -26.8778 15.3553
    endloop
  endfacet
  facet normal -0.824087 0.475762 -0.30746
    outer loop
      vertex 37.6321 -24.6272 17.128
      vertex 36.7548 -25.2239 18.5561
      vertex 37.8894 -24.2022 17.096
    endloop
  endfacet
  facet normal -0.824082 0.475775 -0.307452
    outer loop
      vertex 36.4524 -26.4843 17.4162
      vertex 36.7548 -25.2239 18.5561
      vertex 37.6321 -24.6272 17.128
    endloop
  endfacet
  facet normal -0.824044 0.47581 -0.3075
    outer loop
      vertex 36.7548 -25.2239 18.5561
      vertex 36.4524 -26.4843 17.4162
      vertex 36.1044 -26.2314 18.7401
    endloop
  endfacet
  facet normal 0.559301 0.769828 -0.307486
    outer loop
      vertex -22.9214 -39.701 15
      vertex -23.7201 -41.0844 10.0837
      vertex -26.7419 -36.9253 15
    endloop
  endfacet
  facet normal 0.559301 0.769829 -0.307483
    outer loop
      vertex -22.3275 -38.6723 18.6556
      vertex -24.3091 -36.8048 19.7267
      vertex -22.1535 -38.3709 19.7267
    endloop
  endfacet
  facet normal 0.559259 0.769829 -0.30756
    outer loop
      vertex -24.3091 -36.8048 19.7267
      vertex -22.3275 -38.6723 18.6556
      vertex -24.5402 -36.6803 19.6181
    endloop
  endfacet
  facet normal 0.559304 0.769833 -0.307467
    outer loop
      vertex -27.6792 -35.6351 16.525
      vertex -24.5402 -36.6803 19.6181
      vertex -22.3275 -38.6723 18.6556
    endloop
  endfacet
  facet normal 0.559297 0.769842 -0.307457
    outer loop
      vertex -24.5402 -36.6803 19.6181
      vertex -27.6792 -35.6351 16.525
      vertex -28.4507 -34.5733 17.7802
    endloop
  endfacet
  facet normal -0.404531 0.908597 -0.103956
    outer loop
      vertex 24.25 -42.0022 0
      vertex 14.9873 -46.1262 0
      vertex 14.6598 -45.1183 10.0837
    endloop
  endfacet
  facet normal -0.206788 0.972847 -0.103959
    outer loop
      vertex 14.9873 -46.1262 0
      vertex 5.06963 -48.2343 0
      vertex 4.95885 -47.1803 10.0837
    endloop
  endfacet
  facet normal -0.824778 0.267963 -0.497932
    outer loop
      vertex 38.9027 -10.6174 26.318
      vertex 37.9548 -9.46625 28.5076
      vertex 38.4759 -8.6097 28.1054
    endloop
  endfacet
  facet normal -0.824761 0.267996 -0.497943
    outer loop
      vertex 37.9027 -12.0697 27.1927
      vertex 37.9548 -9.46625 28.5076
      vertex 38.9027 -10.6174 26.318
    endloop
  endfacet
  facet normal -0.824758 0.267998 -0.497947
    outer loop
      vertex 37.6414 -12.4491 27.4213
      vertex 37.9548 -9.46625 28.5076
      vertex 37.9027 -12.0697 27.1927
    endloop
  endfacet
  facet normal -0.824786 0.267987 -0.497907
    outer loop
      vertex 37.6414 -12.4491 27.4213
      vertex 35.8451 -15.9593 28.5076
      vertex 37.9548 -9.46625 28.5076
    endloop
  endfacet
  facet normal -0.824768 0.267965 -0.497948
    outer loop
      vertex 35.8451 -15.9593 28.5076
      vertex 37.6414 -12.4491 27.4213
      vertex 36.2438 -16.1368 27.7517
    endloop
  endfacet
  facet normal -0.824779 0.267997 -0.497913
    outer loop
      vertex 40.2061 -16.7497 20.8587
      vertex 38.8048 -17.277 22.8961
      vertex 39.8922 -15.2726 22.1737
    endloop
  endfacet
  facet normal -0.824794 0.267874 -0.497955
    outer loop
      vertex 39.8012 -17.53 21.1096
      vertex 38.8048 -17.277 22.8961
      vertex 40.2061 -16.7497 20.8587
    endloop
  endfacet
  facet normal -0.82471 0.268146 -0.497947
    outer loop
      vertex 38.8048 -17.277 22.8961
      vertex 39.8012 -17.53 21.1096
      vertex 39.7208 -17.6848 21.1594
    endloop
  endfacet
  facet normal -0.708499 0.230203 -0.66711
    outer loop
      vertex 37.9548 -9.46625 28.5076
      vertex 35.8451 -15.9593 28.5076
      vertex 34.8826 -13.7975 30.2758
    endloop
  endfacet
  facet normal -0.708509 0.230221 -0.667093
    outer loop
      vertex 32.5815 -8.62908 34.5033
      vertex 33.0751 -7.03033 34.5308
      vertex 33.8511 -7.19527 33.6497
    endloop
  endfacet
  facet normal -0.708486 0.230214 -0.667121
    outer loop
      vertex 33.0751 -7.03033 34.5308
      vertex 32.5815 -8.62908 34.5033
      vertex 32.1178 -7.58775 35.3551
    endloop
  endfacet
  facet normal -0.740875 -0.0778627 -0.667115
    outer loop
      vertex 39.1238 1.08019 28.5076
      vertex 36.3132 3.54821 31.3409
      vertex 38.8703 3.49228 28.5076
    endloop
  endfacet
  facet normal -0.740874 -0.0778605 -0.667116
    outer loop
      vertex 37.9197 0 29.9709
      vertex 36.3132 3.54821 31.3409
      vertex 39.1238 1.08019 28.5076
    endloop
  endfacet
  facet normal -0.740991 -0.0779683 -0.666973
    outer loop
      vertex 36.3132 3.54821 31.3409
      vertex 37.9197 0 29.9709
      vertex 36.0769 3.36449 31.6249
    endloop
  endfacet
  facet normal -0.740889 -0.0778507 -0.6671
    outer loop
      vertex 36.0769 3.36449 31.6249
      vertex 37.9197 0 29.9709
      vertex 33.3668 1.25799 34.8806
    endloop
  endfacet
  facet normal -0.740889 -0.0778474 -0.6671
    outer loop
      vertex 33.3668 1.25799 34.8806
      vertex 37.9197 0 29.9709
      vertex 32.4528 0 36.0425
    endloop
  endfacet
  facet normal -0.740372 -0.0778199 -0.667678
    outer loop
      vertex 32.4472 0.543183 35.9854
      vertex 32.4528 0 36.0425
      vertex 32.3963 0.537536 36.0425
    endloop
  endfacet
  facet normal -0.740945 -0.0777598 -0.667049
    outer loop
      vertex 32.4528 0 36.0425
      vertex 32.4472 0.543183 35.9854
      vertex 33.3668 1.25799 34.8806
    endloop
  endfacet
  facet normal 0.207864 0.0218519 -0.977914
    outer loop
      vertex -14.9676 -0.188134 46.1262
      vertex -5.06963 0 48.2343
      vertex -14.6598 -3.11604 46.1262
    endloop
  endfacet
  facet normal 0.207866 0.0217511 -0.977915
    outer loop
      vertex -5.06963 0 48.2343
      vertex -14.9676 -0.188134 46.1262
      vertex -14.9393 0 46.1364
    endloop
  endfacet
  facet normal -0.155339 -0.139831 -0.977915
    outer loop
      vertex 7.46463 8.29031 46.9407
      vertex 7.27582 6.00965 47.2968
      vertex 3.39224 3.76747 48.2343
    endloop
  endfacet
  facet normal 0.240166 0.330573 -0.912711
    outer loop
      vertex -10.0285 -11.1378 46.1262
      vertex -7.49366 -12.9794 46.1262
      vertex -16.2264 -18.0213 42.0022
    endloop
  endfacet
  facet normal 0.303657 -0.273406 -0.912711
    outer loop
      vertex -10.0285 11.1378 46.1262
      vertex -12.125 8.80933 46.1262
      vertex -16.2264 18.0213 42.0022
    endloop
  endfacet
  facet normal 0.945901 -0.307347 -0.103964
    outer loop
      vertex -43.3387 19.2957 10.0837
      vertex -46.4035 9.86336 10.0837
      vertex -47.4402 10.0837 0
    endloop
  endfacet
  facet normal 0.989133 -0.103964 -0.103958
    outer loop
      vertex -46.4035 9.86336 10.0837
      vertex -47.4402 0 10.0837
      vertex -48.5 0 0
    endloop
  endfacet
  facet normal 0.584601 0.804633 -0.103957
    outer loop
      vertex -23.7201 -41.0844 10.0837
      vertex -24.25 -42.0022 0
      vertex -31.7437 -35.2549 10.0837
    endloop
  endfacet
  facet normal 0.197832 0.930762 -0.30748
    outer loop
      vertex -14.1662 -43.5991 15
      vertex -9.54701 -44.5809 15
      vertex -14.6598 -45.1183 10.0837
    endloop
  endfacet
  facet normal 0.197834 0.930755 -0.307502
    outer loop
      vertex -7.03263 -44.0125 18.3383
      vertex -6.94654 -43.5721 19.7267
      vertex -4.63134 -44.0642 19.7267
    endloop
  endfacet
  facet normal 0.197841 0.930765 -0.307465
    outer loop
      vertex -11.3051 -43.1851 18.0939
      vertex -13.7771 -42.4017 18.8748
      vertex -7.4109 -43.5616 19.4599
    endloop
  endfacet
  facet normal 0.197723 0.930778 -0.307503
    outer loop
      vertex -6.94654 -43.5721 19.7267
      vertex -7.03263 -44.0125 18.3383
      vertex -7.4109 -43.5616 19.4599
    endloop
  endfacet
  facet normal 0.197839 0.930768 -0.30746
    outer loop
      vertex -7.4109 -43.5616 19.4599
      vertex -7.03263 -44.0125 18.3383
      vertex -11.3051 -43.1851 18.0939
    endloop
  endfacet
  facet normal 0.197771 0.930805 -0.307391
    outer loop
      vertex -4.63134 -44.0642 19.7267
      vertex -7.3566 -44.0931 17.8858
      vertex -7.03263 -44.0125 18.3383
    endloop
  endfacet
  facet normal 0.197827 0.930765 -0.307474
    outer loop
      vertex -7.3566 -44.0931 17.8858
      vertex -4.63134 -44.0642 19.7267
      vertex -9.14773 -44.5389 15.3839
    endloop
  endfacet
  facet normal 0.197799 0.930739 -0.307571
    outer loop
      vertex -11.8665 -43.0764 18.0618
      vertex -13.7771 -42.4017 18.8748
      vertex -11.3051 -43.1851 18.0939
    endloop
  endfacet
  facet normal 0.197774 0.930728 -0.307621
    outer loop
      vertex -13.7771 -42.4017 18.8748
      vertex -11.8665 -43.0764 18.0618
      vertex -13.8033 -42.4821 18.6147
    endloop
  endfacet
  facet normal -0.946339 -0.0994797 -0.307484
    outer loop
      vertex 47.4402 0 10.0837
      vertex 45.8428 0 15
      vertex 45.3491 4.69651 15
    endloop
  endfacet
  facet normal -0.946399 -0.0994433 -0.307311
    outer loop
      vertex 43.9226 3.65703 19.7267
      vertex 43.7924 6.18109 19.3109
      vertex 43.8487 6.15704 19.1453
    endloop
  endfacet
  facet normal -0.946342 -0.0994794 -0.307473
    outer loop
      vertex 43.9226 3.65703 19.7267
      vertex 43.8487 6.15704 19.1453
      vertex 44.6086 3.69358 17.6035
    endloop
  endfacet
  facet normal -0.946372 -0.0994551 -0.30739
    outer loop
      vertex 43.7924 6.18109 19.3109
      vertex 43.9226 3.65703 19.7267
      vertex 43.651 6.24146 19.7267
    endloop
  endfacet
  facet normal -0.946342 -0.0994809 -0.307473
    outer loop
      vertex 43.9226 3.65703 19.7267
      vertex 44.6086 3.69358 17.6035
      vertex 44.7044 3.3831 17.4091
    endloop
  endfacet
  facet normal -0.862474 -0.0905136 -0.497942
    outer loop
      vertex 42.3686 9.00572 21.4446
      vertex 41.5154 8.7109 22.976
      vertex 41.4876 8.81846 23.0046
    endloop
  endfacet
  facet normal -0.862456 -0.090626 -0.497953
    outer loop
      vertex 43.0145 6.71118 20.7435
      vertex 41.5154 8.7109 22.976
      vertex 42.3686 9.00572 21.4446
    endloop
  endfacet
  facet normal -0.862373 -0.0907017 -0.498082
    outer loop
      vertex 42.7661 3.87912 21.6893
      vertex 43.0145 6.71118 20.7435
      vertex 43.1134 6.36009 20.6362
    endloop
  endfacet
  facet normal -0.862462 -0.0906462 -0.497939
    outer loop
      vertex 43.0145 6.71118 20.7435
      vertex 42.7661 3.87912 21.6893
      vertex 41.5154 8.7109 22.976
    endloop
  endfacet
  facet normal -0.862447 -0.0906484 -0.497964
    outer loop
      vertex 43.0531 3.82401 21.2023
      vertex 43.1134 6.36009 20.6362
      vertex 43.651 6.24146 19.7267
    endloop
  endfacet
  facet normal -0.862431 -0.0906549 -0.497991
    outer loop
      vertex 43.1134 6.36009 20.6362
      vertex 43.0531 3.82401 21.2023
      vertex 42.7661 3.87912 21.6893
    endloop
  endfacet
  facet normal -0.862457 -0.0906364 -0.497948
    outer loop
      vertex 43.0531 3.82401 21.2023
      vertex 43.651 6.24146 19.7267
      vertex 43.9226 3.65703 19.7267
    endloop
  endfacet
  facet normal -0.708488 -0.230204 -0.667121
    outer loop
      vertex 35.8451 15.9593 28.5076
      vertex 36.1696 14.9606 28.5076
      vertex 35.4332 15.0341 29.2643
    endloop
  endfacet
  facet normal 0.824779 -0.267971 -0.497926
    outer loop
      vertex -38.8022 17.2758 22.9011
      vertex -40.0529 16.029 21.5004
      vertex -40.4764 18.0213 19.7267
    endloop
  endfacet
  facet normal 0.82662 -0.262756 -0.497653
    outer loop
      vertex -36.565 16.271 27.1474
      vertex -37.6365 16.7568 25.1111
      vertex -36.5558 16.2757 27.1602
    endloop
  endfacet
  facet normal 0.824771 -0.267991 -0.497929
    outer loop
      vertex -36.565 16.271 27.1474
      vertex -39.4887 13.3745 23.8635
      vertex -37.6365 16.7568 25.1111
    endloop
  endfacet
  facet normal 0.824769 -0.267971 -0.497944
    outer loop
      vertex -39.4887 13.3745 23.8635
      vertex -36.565 16.271 27.1474
      vertex -39.15 11.7811 25.282
    endloop
  endfacet
  facet normal 0.824698 -0.267926 -0.498085
    outer loop
      vertex -38.0694 9.64412 28.2221
      vertex -37.5528 10.7035 28.5076
      vertex -37.8128 9.9032 28.5076
    endloop
  endfacet
  facet normal 0.824969 -0.268223 -0.497476
    outer loop
      vertex -37.5528 10.7035 28.5076
      vertex -38.0694 9.64412 28.2221
      vertex -38.2394 9.47235 28.0328
    endloop
  endfacet
  facet normal 0.38703 -0.869287 -0.307486
    outer loop
      vertex -23.7201 41.0844 10.0837
      vertex -18.4803 41.6783 15
      vertex -22.9214 39.701 15
    endloop
  endfacet
  facet normal 0.387031 -0.869287 -0.307486
    outer loop
      vertex -18.4803 41.6783 15
      vertex -23.7201 41.0844 10.0837
      vertex -14.6598 45.1183 10.0837
    endloop
  endfacet
  facet normal 0.824753 -0.268001 -0.497954
    outer loop
      vertex -40.6413 15.4425 20.8415
      vertex -40.4764 18.0213 19.7267
      vertex -40.0529 16.029 21.5004
    endloop
  endfacet
  facet normal 0.824763 -0.267996 -0.497941
    outer loop
      vertex -40.8578 15.2266 20.5991
      vertex -40.4764 18.0213 19.7267
      vertex -40.6413 15.4425 20.8415
    endloop
  endfacet
  facet normal 0.824805 -0.268005 -0.497865
    outer loop
      vertex -41.9346 13.5333 19.7267
      vertex -40.8578 15.2266 20.5991
      vertex -41.1935 14.4409 20.4659
    endloop
  endfacet
  facet normal 0.824846 -0.268164 -0.497712
    outer loop
      vertex -41.9346 13.5333 19.7267
      vertex -41.1935 14.4409 20.4659
      vertex -41.2326 14.3494 20.4504
    endloop
  endfacet
  facet normal 0.824796 -0.267985 -0.497892
    outer loop
      vertex -40.8578 15.2266 20.5991
      vertex -41.9346 13.5333 19.7267
      vertex -40.4764 18.0213 19.7267
    endloop
  endfacet
  facet normal 0.824753 -0.267989 -0.497961
    outer loop
      vertex -39.15 11.7811 25.282
      vertex -40.261 11.9643 23.3433
      vertex -39.4887 13.3745 23.8635
    endloop
  endfacet
  facet normal 0.824769 -0.267934 -0.497964
    outer loop
      vertex -39.15 11.7811 25.282
      vertex -40.5623 11.5232 23.0816
      vertex -40.261 11.9643 23.3433
    endloop
  endfacet
  facet normal 0.824756 -0.268003 -0.497948
    outer loop
      vertex -40.3996 9.61092 24.3803
      vertex -40.5623 11.5232 23.0816
      vertex -39.15 11.7811 25.282
    endloop
  endfacet
  facet normal 0.824723 -0.267788 -0.498118
    outer loop
      vertex -41.2183 8.76121 23.4816
      vertex -40.3996 9.61092 24.3803
      vertex -40.7356 9.0272 24.1378
    endloop
  endfacet
  facet normal 0.824757 -0.268002 -0.497946
    outer loop
      vertex -40.3996 9.61092 24.3803
      vertex -41.2183 8.76121 23.4816
      vertex -40.5623 11.5232 23.0816
    endloop
  endfacet
  facet normal 0.824765 -0.268002 -0.497934
    outer loop
      vertex -40.5623 11.5232 23.0816
      vertex -41.2183 8.76121 23.4816
      vertex -42.2928 8.9896 21.5789
    endloop
  endfacet
  facet normal -0.197825 -0.930762 -0.307486
    outer loop
      vertex 4.63134 44.0642 19.7267
      vertex 5.67109 44.9738 16.3044
      vertex 5.74059 44.1808 18.6601
    endloop
  endfacet
  facet normal -0.197843 -0.930757 -0.30749
    outer loop
      vertex 4.95885 47.1803 10.0837
      vertex 5.67109 44.9738 16.3044
      vertex 4.63134 44.0642 19.7267
    endloop
  endfacet
  facet normal -0.197829 -0.930759 -0.307492
    outer loop
      vertex 4.95885 47.1803 10.0837
      vertex 5.9466 45.0461 15.9083
      vertex 5.67109 44.9738 16.3044
    endloop
  endfacet
  facet normal -0.197833 -0.930758 -0.307492
    outer loop
      vertex 4.95885 47.1803 10.0837
      vertex 6.57832 45.2119 15
      vertex 5.9466 45.0461 15.9083
    endloop
  endfacet
  facet normal -0.197834 -0.930758 -0.307491
    outer loop
      vertex 4.95885 47.1803 10.0837
      vertex 9.54701 44.5809 15
      vertex 6.57832 45.2119 15
    endloop
  endfacet
  facet normal -0.197839 -0.930759 -0.307487
    outer loop
      vertex 9.54701 44.5809 15
      vertex 4.95885 47.1803 10.0837
      vertex 14.6598 45.1183 10.0837
    endloop
  endfacet
  facet normal -0.404531 -0.908597 -0.103956
    outer loop
      vertex 14.9873 46.1262 0
      vertex 24.25 42.0022 0
      vertex 14.6598 45.1183 10.0837
    endloop
  endfacet
  facet normal -0.64439 -0.580256 -0.498062
    outer loop
      vertex 29.5061 27.6571 26.05
      vertex 31.1664 25.4024 26.5287
      vertex 30.8201 25.5705 26.7809
    endloop
  endfacet
  facet normal -0.645076 -0.580509 -0.496877
    outer loop
      vertex 29.5061 27.6571 26.05
      vertex 31.2556 25.359 26.4636
      vertex 31.1664 25.4024 26.5287
    endloop
  endfacet
  facet normal -0.644483 -0.58025 -0.497947
    outer loop
      vertex 31.2556 25.359 26.4636
      vertex 29.5061 27.6571 26.05
      vertex 30.8501 27.2668 24.7653
    endloop
  endfacet
  facet normal -0.64431 -0.580246 -0.498176
    outer loop
      vertex 30.8201 25.5705 26.7809
      vertex 29.2884 27.7212 26.2569
      vertex 29.5061 27.6571 26.05
    endloop
  endfacet
  facet normal -0.644471 -0.580295 -0.497911
    outer loop
      vertex 30.8201 25.5705 26.7809
      vertex 26.9214 28.4188 28.5076
      vertex 29.2884 27.7212 26.2569
    endloop
  endfacet
  facet normal -0.64447 -0.580293 -0.497914
    outer loop
      vertex 26.9214 28.4188 28.5076
      vertex 30.8201 25.5705 26.7809
      vertex 30.9677 23.925 28.5076
    endloop
  endfacet
  facet normal -0.645166 -0.372496 -0.667089
    outer loop
      vertex 32.3648 20.4365 29.3735
      vertex 33.4342 20.135 28.5076
      vertex 35.8451 15.9593 28.5076
    endloop
  endfacet
  facet normal -0.645173 -0.372418 -0.667125
    outer loop
      vertex 33.4342 20.135 28.5076
      vertex 32.3648 20.4365 29.3735
      vertex 32.4977 20.4472 29.239
    endloop
  endfacet
  facet normal -0.645153 -0.372481 -0.66711
    outer loop
      vertex 35.8451 15.9593 28.5076
      vertex 30.6064 20.2938 31.1537
      vertex 32.3648 20.4365 29.3735
    endloop
  endfacet
  facet normal -0.645163 -0.372511 -0.667083
    outer loop
      vertex 35.8451 15.9593 28.5076
      vertex 28.7433 20.1428 33.0399
      vertex 30.6064 20.2938 31.1537
    endloop
  endfacet
  facet normal -0.645159 -0.372484 -0.667102
    outer loop
      vertex 26.2549 19.0753 36.0425
      vertex 28.7433 20.1428 33.0399
      vertex 35.8451 15.9593 28.5076
    endloop
  endfacet
  facet normal -0.645205 -0.372394 -0.667108
    outer loop
      vertex 28.7433 20.1428 33.0399
      vertex 26.2549 19.0753 36.0425
      vertex 28.3093 20.1076 33.4793
    endloop
  endfacet
  facet normal -0.645079 -0.372607 -0.667111
    outer loop
      vertex 28.2787 20.1052 33.5103
      vertex 26.2549 19.0753 36.0425
      vertex 28.1488 20.4513 33.4426
    endloop
  endfacet
  facet normal -0.646983 -0.369111 -0.667211
    outer loop
      vertex 28.3093 20.1076 33.4793
      vertex 26.2549 19.0753 36.0425
      vertex 28.2787 20.1052 33.5103
    endloop
  endfacet
  facet normal -0.645198 -0.372405 -0.667109
    outer loop
      vertex 28.7433 20.1428 33.0399
      vertex 30.6639 20.7452 30.8461
      vertex 30.6064 20.2938 31.1537
    endloop
  endfacet
  facet normal -0.645208 -0.372383 -0.667112
    outer loop
      vertex 30.6639 20.7452 30.8461
      vertex 28.7433 20.1428 33.0399
      vertex 28.701 20.1722 33.0644
    endloop
  endfacet
  facet normal -0.64519 -0.372424 -0.667106
    outer loop
      vertex 28.2225 20.5048 33.3415
      vertex 30.6639 20.7452 30.8461
      vertex 28.701 20.1722 33.0644
    endloop
  endfacet
  facet normal -0.645177 -0.372462 -0.667097
    outer loop
      vertex 30.6639 20.7452 30.8461
      vertex 28.2225 20.5048 33.3415
      vertex 30.8791 22.435 29.6945
    endloop
  endfacet
  facet normal -0.824719 -0.268041 -0.497988
    outer loop
      vertex 40.6138 14.9641 21.1445
      vertex 40.3497 13.4222 22.4118
      vertex 40.0075 13.9103 22.7158
    endloop
  endfacet
  facet normal -0.824761 -0.268012 -0.497935
    outer loop
      vertex 42.0736 13.1058 19.7267
      vertex 40.3497 13.4222 22.4118
      vertex 40.9428 14.6226 20.7833
    endloop
  endfacet
  facet normal -0.824891 -0.268005 -0.497723
    outer loop
      vertex 43.1995 9.35625 19.8797
      vertex 42.0736 13.1058 19.7267
      vertex 43.2668 9.43325 19.7267
    endloop
  endfacet
  facet normal -0.824767 -0.267976 -0.497944
    outer loop
      vertex 42.0736 13.1058 19.7267
      vertex 43.1995 9.35625 19.8797
      vertex 40.3497 13.4222 22.4118
    endloop
  endfacet
  facet normal -0.82479 -0.267966 -0.497912
    outer loop
      vertex 40.3497 13.4222 22.4118
      vertex 40.6138 14.9641 21.1445
      vertex 40.9428 14.6226 20.7833
    endloop
  endfacet
  facet normal -0.824769 -0.267957 -0.497951
    outer loop
      vertex 40.0075 13.9103 22.7158
      vertex 39.9689 15.6334 21.8525
      vertex 40.6138 14.9641 21.1445
    endloop
  endfacet
  facet normal -0.824804 -0.267935 -0.497904
    outer loop
      vertex 40.0075 13.9103 22.7158
      vertex 39.2833 12.408 24.7239
      vertex 39.9689 15.6334 21.8525
    endloop
  endfacet
  facet normal -0.824773 -0.267984 -0.49793
    outer loop
      vertex 41.7895 10.2447 21.7369
      vertex 39.2833 12.408 24.7239
      vertex 40.0075 13.9103 22.7158
    endloop
  endfacet
  facet normal -0.824664 -0.268168 -0.498012
    outer loop
      vertex 41.3115 9.22725 23.0763
      vertex 41.7895 10.2447 21.7369
      vertex 41.9772 9.85877 21.6339
    endloop
  endfacet
  facet normal -0.824774 -0.267997 -0.497921
    outer loop
      vertex 41.7895 10.2447 21.7369
      vertex 41.3115 9.22725 23.0763
      vertex 39.2833 12.408 24.7239
    endloop
  endfacet
  facet normal -0.824776 -0.267925 -0.497957
    outer loop
      vertex 42.3686 9.00572 21.4446
      vertex 41.3115 9.22725 23.0763
      vertex 41.9772 9.85877 21.6339
    endloop
  endfacet
  facet normal -0.82477 -0.267959 -0.497949
    outer loop
      vertex 41.3115 9.22725 23.0763
      vertex 42.3686 9.00572 21.4446
      vertex 41.4876 8.81846 23.0046
    endloop
  endfacet
  facet normal -0.644436 -0.580287 -0.497965
    outer loop
      vertex 33.2105 27.9483 20.9162
      vertex 34.5333 25.3981 22.1761
      vertex 32.6851 26.7339 23.0113
    endloop
  endfacet
  facet normal -0.644433 -0.580287 -0.497969
    outer loop
      vertex 34.5333 25.3981 22.1761
      vertex 33.2105 27.9483 20.9162
      vertex 33.2652 28.0748 20.698
    endloop
  endfacet
  facet normal -0.64447 -0.580373 -0.497822
    outer loop
      vertex 34.6419 25.1688 22.3027
      vertex 32.4185 26.8113 23.2662
      vertex 32.6851 26.7339 23.0113
    endloop
  endfacet
  facet normal -0.644426 -0.580204 -0.498074
    outer loop
      vertex 34.6419 25.1688 22.3027
      vertex 32.6851 26.7339 23.0113
      vertex 34.5333 25.3981 22.1761
    endloop
  endfacet
  facet normal -0.644457 -0.580289 -0.497935
    outer loop
      vertex 32.4185 26.8113 23.2662
      vertex 34.6419 25.1688 22.3027
      vertex 33.4424 24.2973 24.8708
    endloop
  endfacet
  facet normal -0.64446 -0.580288 -0.497932
    outer loop
      vertex 32.4185 26.8113 23.2662
      vertex 33.4424 24.2973 24.8708
      vertex 30.8501 27.2668 24.7653
    endloop
  endfacet
  facet normal -0.644438 -0.580271 -0.497981
    outer loop
      vertex 30.8501 27.2668 24.7653
      vertex 33.4424 24.2973 24.8708
      vertex 31.2556 25.359 26.4636
    endloop
  endfacet
  facet normal 0.207865 0.0218467 -0.977913
    outer loop
      vertex -5.06963 0 48.2343
      vertex -4.95885 -1.05404 48.2343
      vertex -14.6598 -3.11604 46.1262
    endloop
  endfacet
  facet normal 0.0850126 0.190939 -0.977914
    outer loop
      vertex -1.5666 -4.8215 48.2343
      vertex -4.63134 -14.2538 46.1262
      vertex -7.49366 -12.9794 46.1262
    endloop
  endfacet
  facet normal 0 -0.408601 -0.912713
    outer loop
      vertex -1.5666 14.9052 46.1262
      vertex 2.53481 24.1172 42.0022
      vertex 1.5666 14.9052 46.1262
    endloop
  endfacet
  facet normal -0 -0.408601 -0.912713
    outer loop
      vertex 2.53481 24.1172 42.0022
      vertex -1.5666 14.9052 46.1262
      vertex -2.53481 24.1172 42.0022
    endloop
  endfacet
  facet normal 0.510883 0.294956 -0.807465
    outer loop
      vertex -19.7551 -14.3529 41.8797
      vertex -22.1535 -9.86336 42.0022
      vertex -19.6187 -14.2538 42.0022
    endloop
  endfacet
  facet normal 0.510861 0.294945 -0.807483
    outer loop
      vertex -22.1535 -9.86336 42.0022
      vertex -19.7551 -14.3529 41.8797
      vertex -24.1509 -14.3495 39.0999
    endloop
  endfacet
  facet normal -0.166159 0.373269 -0.912722
    outer loop
      vertex 7.49366 -12.9794 46.1262
      vertex 8.48672 -14.6994 45.242
      vertex 7.49366 -14.5035 45.5029
    endloop
  endfacet
  facet normal -0.180986 -0.104538 -0.977914
    outer loop
      vertex 7.21209 5.23989 47.417
      vertex 7.09995 3.95414 47.5752
      vertex 4.10142 2.97985 48.2343
    endloop
  endfacet
  facet normal -0.561037 0.182268 -0.807475
    outer loop
      vertex 24.8271 -8.99466 40.3408
      vertex 23.7201 -5.04186 42.0022
      vertex 27.1954 -5.78056 39.4208
    endloop
  endfacet
  facet normal -0.561009 0.182283 -0.807491
    outer loop
      vertex 23.7201 -5.04186 42.0022
      vertex 24.8271 -8.99466 40.3408
      vertex 22.1535 -9.86336 42.0022
    endloop
  endfacet
  facet normal 0.644541 0.580231 -0.497894
    outer loop
      vertex -28.6202 -31.786 22.3849
      vertex -29.0969 -28.8544 25.1842
      vertex -28.3537 -29.4089 25.5001
    endloop
  endfacet
  facet normal 0.644431 0.580288 -0.497971
    outer loop
      vertex -29.0969 -28.8544 25.1842
      vertex -28.6202 -31.786 22.3849
      vertex -30.7795 -27.5993 24.4693
    endloop
  endfacet
  facet normal 0.644417 0.58032 -0.497951
    outer loop
      vertex -28.6202 -31.786 22.3849
      vertex -28.3537 -29.4089 25.5001
      vertex -26.8563 -29.8269 26.9508
    endloop
  endfacet
  facet normal 0.644437 0.580287 -0.497963
    outer loop
      vertex -30.7795 -27.5993 24.4693
      vertex -28.6202 -31.786 22.3849
      vertex -29.9659 -31.4271 21.0616
    endloop
  endfacet
  facet normal 0.751021 0.433611 -0.497944
    outer loop
      vertex -36.1235 -23.2913 21.7029
      vertex -36.5336 -24.8504 19.7267
      vertex -38.0822 -22.1682 19.7267
    endloop
  endfacet
  facet normal 0.751087 0.433579 -0.497873
    outer loop
      vertex -35.5414 -25.8223 20.3769
      vertex -36.1235 -23.2913 21.7029
      vertex -35.7895 -23.4828 22.04
    endloop
  endfacet
  facet normal 0.751034 0.433611 -0.497926
    outer loop
      vertex -35.5414 -25.8223 20.3769
      vertex -35.7895 -23.4828 22.04
      vertex -34.3358 -24.9464 22.9581
    endloop
  endfacet
  facet normal 0.751032 0.4336 -0.497937
    outer loop
      vertex -36.1235 -23.2913 21.7029
      vertex -35.5414 -25.8223 20.3769
      vertex -36.5336 -24.8504 19.7267
    endloop
  endfacet
  facet normal 0.303852 0.273255 -0.912692
    outer loop
      vertex -12.125 -8.80933 46.1262
      vertex -15.8078 -14.5096 43.1935
      vertex -15.738 -14.0842 43.3441
    endloop
  endfacet
  facet normal 0.303587 0.273442 -0.912724
    outer loop
      vertex -16.2264 -18.0213 42.0022
      vertex -15.8078 -14.5096 43.1935
      vertex -12.125 -8.80933 46.1262
    endloop
  endfacet
  facet normal 0.303798 0.273398 -0.912667
    outer loop
      vertex -15.8078 -14.5096 43.1935
      vertex -16.2264 -18.0213 42.0022
      vertex -16.3595 -17.8734 42.0022
    endloop
  endfacet
  facet normal 0.303639 0.273532 -0.912679
    outer loop
      vertex -19.6187 -14.2538 42.0022
      vertex -15.738 -14.0842 43.3441
      vertex -19.5333 -14.3486 42.0022
    endloop
  endfacet
  facet normal 0.303657 0.2734 -0.912713
    outer loop
      vertex -15.738 -14.0842 43.3441
      vertex -19.6187 -14.2538 42.0022
      vertex -12.125 -8.80933 46.1262
    endloop
  endfacet
  facet normal 0.388604 0.126263 -0.912713
    outer loop
      vertex -14.6598 -3.11604 46.1262
      vertex -13.6916 -6.09589 46.1262
      vertex -23.7201 -5.04186 42.0022
    endloop
  endfacet
  facet normal 0.239942 0.53884 -0.807514
    outer loop
      vertex -10.0285 -30.8645 36.0425
      vertex -10.6171 -30.6024 36.0425
      vertex -10.5659 -30.2456 36.2958
    endloop
  endfacet
  facet normal 0.240043 0.538899 -0.807445
    outer loop
      vertex -10.5659 -30.2456 36.2958
      vertex -12.125 -21.0011 42.0022
      vertex -10.0285 -30.8645 36.0425
    endloop
  endfacet
  facet normal 0.239897 0.538815 -0.807544
    outer loop
      vertex -16.2264 -28.105 36.0425
      vertex -10.5659 -30.2456 36.2958
      vertex -10.9305 -30.4629 36.0425
    endloop
  endfacet
  facet normal 0.239927 0.5389 -0.807479
    outer loop
      vertex -10.5659 -30.2456 36.2958
      vertex -16.2264 -28.105 36.0425
      vertex -12.125 -21.0011 42.0022
    endloop
  endfacet
  facet normal 0 0.744974 -0.667093
    outer loop
      vertex 3.39224 -32.2751 36.0425
      vertex -1.29533 -34.8559 33.1604
      vertex -3.39224 -32.2751 36.0425
    endloop
  endfacet
  facet normal 6.44815e-06 0.744969 -0.667099
    outer loop
      vertex 4.10142 -39.0224 28.5076
      vertex -1.29533 -34.8559 33.1604
      vertex 3.39224 -32.2751 36.0425
    endloop
  endfacet
  facet normal -1.1152e-05 0.744959 -0.66711
    outer loop
      vertex -1.29533 -34.8559 33.1604
      vertex 4.10142 -39.0224 28.5076
      vertex -1.42699 -35.1687 32.8111
    endloop
  endfacet
  facet normal 0 0.744966 -0.667102
    outer loop
      vertex -3.00571 -39.0224 28.5076
      vertex -1.42699 -35.1687 32.8111
      vertex 4.10142 -39.0224 28.5076
    endloop
  endfacet
  facet normal -5.38674e-05 0.744976 -0.667091
    outer loop
      vertex -1.42699 -35.1687 32.8111
      vertex -3.00571 -39.0224 28.5076
      vertex -3.03685 -38.9933 28.5401
    endloop
  endfacet
  facet normal -5.75394e-06 0.744972 -0.667096
    outer loop
      vertex -3.39224 -32.2751 36.0425
      vertex -1.29533 -34.8559 33.1604
      vertex -3.83405 -36.4785 31.3484
    endloop
  endfacet
  facet normal 0.824769 0.267981 -0.497939
    outer loop
      vertex -39.7277 -14.499 22.8625
      vertex -40.691 -8.64914 24.4152
      vertex -38.3799 -8.1579 28.5076
    endloop
  endfacet
  facet normal 0.824814 0.267938 -0.497886
    outer loop
      vertex -42.4989 -9.14154 21.1557
      vertex -42.9529 -10.278 19.792
      vertex -43.0555 -10.0835 19.7267
    endloop
  endfacet
  facet normal 0.824778 0.267978 -0.497925
    outer loop
      vertex -41.4787 -9.95266 22.409
      vertex -42.2462 -12.5744 19.7267
      vertex -42.9529 -10.278 19.792
    endloop
  endfacet
  facet normal 0.824769 0.267981 -0.497939
    outer loop
      vertex -40.691 -8.64914 24.4152
      vertex -39.7277 -14.499 22.8625
      vertex -41.3635 -10.0442 22.5505
    endloop
  endfacet
  facet normal 0.82477 0.267981 -0.497936
    outer loop
      vertex -41.3635 -10.0442 22.5505
      vertex -39.7277 -14.499 22.8625
      vertex -42.2462 -12.5744 19.7267
    endloop
  endfacet
  facet normal 0.824684 0.268363 -0.497873
    outer loop
      vertex -42.4989 -9.14154 21.1557
      vertex -43.3387 -9.21193 19.7267
      vertex -42.5505 -9.04438 21.1226
    endloop
  endfacet
  facet normal 0.82477 0.268002 -0.497924
    outer loop
      vertex -42.9529 -10.278 19.792
      vertex -42.4989 -9.14154 21.1557
      vertex -41.4787 -9.95266 22.409
    endloop
  endfacet
  facet normal 0.824704 0.268072 -0.497997
    outer loop
      vertex -42.2462 -12.5744 19.7267
      vertex -41.4787 -9.95266 22.409
      vertex -41.3635 -10.0442 22.5505
    endloop
  endfacet
  facet normal 0.82478 0.267997 -0.497911
    outer loop
      vertex -42.4989 -9.14154 21.1557
      vertex -43.0555 -10.0835 19.7267
      vertex -43.3387 -9.21193 19.7267
    endloop
  endfacet
  facet normal 0.824499 0.267907 -0.498425
    outer loop
      vertex -42.9927 -10.277 19.7267
      vertex -42.9529 -10.278 19.792
      vertex -42.2462 -12.5744 19.7267
    endloop
  endfacet
  facet normal 0.740886 0.0778649 -0.667102
    outer loop
      vertex -38.3799 -8.1579 28.5076
      vertex -38.9237 -2.70091 28.5406
      vertex -38.4288 -3.19643 29.0324
    endloop
  endfacet
  facet normal 0.740952 0.077871 -0.667028
    outer loop
      vertex -38.9237 -2.70091 28.5406
      vertex -38.3799 -8.1579 28.5076
      vertex -38.9569 -2.66768 28.5076
    endloop
  endfacet
  facet normal 0.740883 0.0778652 -0.667105
    outer loop
      vertex -38.3799 -8.1579 28.5076
      vertex -38.4288 -3.19643 29.0324
      vertex -36.0665 -4.97379 31.4485
    endloop
  endfacet
  facet normal 0.989133 -0.103958 -0.103964
    outer loop
      vertex -47.4402 10.0837 0
      vertex -46.4035 9.86336 10.0837
      vertex -48.5 0 0
    endloop
  endfacet
  facet normal -0.904984 0.294044 -0.307475
    outer loop
      vertex 42.1809 -17.7181 15
      vertex 41.7948 -17.4915 16.3531
      vertex 42.748 -15.8828 15.086
    endloop
  endfacet
  facet normal -0.904985 0.294044 -0.307475
    outer loop
      vertex 42.1809 -17.7181 15
      vertex 42.748 -15.8828 15.086
      vertex 42.8127 -15.7736 15
    endloop
  endfacet
  facet normal -0.904973 0.294076 -0.307478
    outer loop
      vertex 41.6862 -18.5599 15.6509
      vertex 41.7948 -17.4915 16.3531
      vertex 42.1809 -17.7181 15
    endloop
  endfacet
  facet normal -0.904984 0.29404 -0.307479
    outer loop
      vertex 43.3387 -19.2957 10.0837
      vertex 42.8127 -15.7736 15
      vertex 43.3387 -14.1547 15
    endloop
  endfacet
  facet normal -0.904983 0.294044 -0.307482
    outer loop
      vertex 42.8127 -15.7736 15
      vertex 43.3387 -19.2957 10.0837
      vertex 42.1809 -17.7181 15
    endloop
  endfacet
  facet normal -0.904968 0.29408 -0.30749
    outer loop
      vertex 42.1809 -17.7181 15
      vertex 43.3387 -19.2957 10.0837
      vertex 41.8794 -18.6459 15
    endloop
  endfacet
  facet normal -0.904575 0.294523 -0.30822
    outer loop
      vertex 41.7948 -17.4915 16.3531
      vertex 41.6862 -18.5599 15.6509
      vertex 41.771 -17.5354 16.381
    endloop
  endfacet
  facet normal -0.905049 0.293957 -0.30737
    outer loop
      vertex 41.771 -17.5354 16.381
      vertex 41.6862 -18.5599 15.6509
      vertex 41.6083 -17.8363 16.5723
    endloop
  endfacet
  facet normal -0.904975 0.294085 -0.307464
    outer loop
      vertex 41.6083 -17.8363 16.5723
      vertex 41.6862 -18.5599 15.6509
      vertex 41.1969 -18.342 17.2995
    endloop
  endfacet
  facet normal -0.90503 0.294077 -0.30731
    outer loop
      vertex 43.3387 -13.2431 15.8717
      vertex 43.0989 -13.7212 16.1204
      vertex 43.3387 -13.1386 15.9717
    endloop
  endfacet
  facet normal -0.905034 0.294094 -0.307281
    outer loop
      vertex 41.9014 -17.0582 16.4536
      vertex 43.0989 -13.7212 16.1204
      vertex 43.3387 -13.2431 15.8717
    endloop
  endfacet
  facet normal -0.904983 0.293979 -0.307542
    outer loop
      vertex 41.1969 -18.342 17.2995
      vertex 41.9014 -17.0582 16.4536
      vertex 41.6083 -17.8363 16.5723
    endloop
  endfacet
  facet normal -0.904996 0.294067 -0.30742
    outer loop
      vertex 41.9014 -17.0582 16.4536
      vertex 41.1969 -18.342 17.2995
      vertex 43.0989 -13.7212 16.1204
    endloop
  endfacet
  facet normal -0.905066 0.293913 -0.307362
    outer loop
      vertex 43.2217 -10.6849 18.6627
      vertex 43.3387 -9.21193 19.7267
      vertex 43.3387 -10.4637 18.5297
    endloop
  endfacet
  facet normal -0.904947 0.294057 -0.307574
    outer loop
      vertex 42.853 -11.3814 19.0816
      vertex 43.3387 -9.21193 19.7267
      vertex 43.2217 -10.6849 18.6627
    endloop
  endfacet
  facet normal -0.904981 0.29404 -0.30749
    outer loop
      vertex 43.3387 -9.21193 19.7267
      vertex 42.853 -11.3814 19.0816
      vertex 42.0336 -13.2287 19.7267
    endloop
  endfacet
  facet normal -0.904978 0.294055 -0.307485
    outer loop
      vertex 46.4035 -9.86336 10.0837
      vertex 43.3387 -14.1547 15
      vertex 44.841 -9.53125 15
    endloop
  endfacet
  facet normal -0.904978 0.29405 -0.307489
    outer loop
      vertex 43.3387 -14.1547 15
      vertex 46.4035 -9.86336 10.0837
      vertex 43.3387 -19.2957 10.0837
    endloop
  endfacet
  facet normal -0.904985 0.294032 -0.307486
    outer loop
      vertex 43.3387 -9.21193 19.7267
      vertex 43.9342 -9.33851 17.853
      vertex 43.3387 -10.4637 18.5297
    endloop
  endfacet
  facet normal -0.904987 0.294139 -0.307376
    outer loop
      vertex 43.3387 -13.1386 15.9717
      vertex 43.8035 -12.0096 15.6836
      vertex 43.3387 -13.2431 15.8717
    endloop
  endfacet
  facet normal 0.387024 0.869292 -0.30748
    outer loop
      vertex -14.1662 -43.5991 15
      vertex -14.6598 -45.1183 10.0837
      vertex -15.7178 -42.9083 15
    endloop
  endfacet
  facet normal 0.387029 0.869258 -0.30757
    outer loop
      vertex -17.231 -40.5626 19.7267
      vertex -20.9434 -39.1562 19.03
      vertex -22.1535 -38.3709 19.7267
    endloop
  endfacet
  facet normal 0.387024 0.869301 -0.307454
    outer loop
      vertex -19.0723 -40.6555 17.1462
      vertex -20.9434 -39.1562 19.03
      vertex -17.231 -40.5626 19.7267
    endloop
  endfacet
  facet normal 0.387052 0.869299 -0.307425
    outer loop
      vertex -20.8894 -39.5091 18.1001
      vertex -20.9434 -39.1562 19.03
      vertex -19.0723 -40.6555 17.1462
    endloop
  endfacet
  facet normal 0.387031 0.869296 -0.307459
    outer loop
      vertex -19.0723 -40.6555 17.1462
      vertex -17.231 -40.5626 19.7267
      vertex -17.2168 -41.0464 18.3767
    endloop
  endfacet
  facet normal 0.387088 0.869233 -0.307565
    outer loop
      vertex -19.0723 -40.6555 17.1462
      vertex -17.2168 -41.0464 18.3767
      vertex -17.2144 -41.1297 18.1443
    endloop
  endfacet
  facet normal 0.386837 0.869337 -0.30759
    outer loop
      vertex -20.9788 -39.1708 18.9438
      vertex -20.8894 -39.5091 18.1001
      vertex -21.1749 -39.2521 18.4674
    endloop
  endfacet
  facet normal 0.389311 0.86845 -0.306972
    outer loop
      vertex -20.9434 -39.1562 19.03
      vertex -20.8894 -39.5091 18.1001
      vertex -20.9788 -39.1708 18.9438
    endloop
  endfacet
  facet normal 0.387026 0.869293 -0.307476
    outer loop
      vertex -18.1595 -41.6743 15.415
      vertex -17.2144 -41.1297 18.1443
      vertex -15.0853 -42.4853 16.9917
    endloop
  endfacet
  facet normal 0.387107 0.869208 -0.307612
    outer loop
      vertex -17.2144 -41.1297 18.1443
      vertex -18.9487 -40.7935 16.9118
      vertex -19.0723 -40.6555 17.1462
    endloop
  endfacet
  facet normal 0.38697 0.869304 -0.307513
    outer loop
      vertex -15.7178 -42.9083 15
      vertex -15.0853 -42.4853 16.9917
      vertex -14.8018 -42.6658 16.8382
    endloop
  endfacet
  facet normal 0.387027 0.869292 -0.307476
    outer loop
      vertex -17.2144 -41.1297 18.1443
      vertex -18.1595 -41.6743 15.415
      vertex -18.9487 -40.7935 16.9118
    endloop
  endfacet
  facet normal 0.386975 0.869209 -0.307777
    outer loop
      vertex -15.7178 -42.9083 15
      vertex -18.5446 -41.5503 15.281
      vertex -18.1595 -41.6743 15.415
    endloop
  endfacet
  facet normal 0.387045 0.869265 -0.307529
    outer loop
      vertex -15.0853 -42.4853 16.9917
      vertex -15.7178 -42.9083 15
      vertex -18.1595 -41.6743 15.415
    endloop
  endfacet
  facet normal 0.387042 0.869286 -0.307473
    outer loop
      vertex -14.6598 -45.1183 10.0837
      vertex -18.5446 -41.5503 15.281
      vertex -15.7178 -42.9083 15
    endloop
  endfacet
  facet normal 0.387142 0.869272 -0.307389
    outer loop
      vertex -18.5446 -41.5503 15.281
      vertex -14.6598 -45.1183 10.0837
      vertex -18.6659 -41.5112 15.2388
    endloop
  endfacet
  facet normal 0.387105 0.869267 -0.307449
    outer loop
      vertex -22.1535 -38.3709 19.7267
      vertex -20.9434 -39.1562 19.03
      vertex -21.4959 -38.963 18.8806
    endloop
  endfacet
  facet normal 0.387024 0.869267 -0.307552
    outer loop
      vertex -13.7771 -42.4017 18.8748
      vertex -14.1551 -42.2996 18.6877
      vertex -14.4441 -42.1497 18.7477
    endloop
  endfacet
  facet normal 0.387066 0.869205 -0.307671
    outer loop
      vertex -14.1551 -42.2996 18.6877
      vertex -13.7771 -42.4017 18.8748
      vertex -13.8033 -42.4821 18.6147
    endloop
  endfacet
  facet normal 0.387039 0.869286 -0.307479
    outer loop
      vertex -14.6598 -45.1183 10.0837
      vertex -19.3522 -41.2901 15
      vertex -18.6659 -41.5112 15.2388
    endloop
  endfacet
  facet normal 0.387031 0.869286 -0.307487
    outer loop
      vertex -23.7201 -41.0844 10.0837
      vertex -19.3522 -41.2901 15
      vertex -14.6598 -45.1183 10.0837
    endloop
  endfacet
  facet normal 0.387029 0.869288 -0.307486
    outer loop
      vertex -19.3522 -41.2901 15
      vertex -23.7201 -41.0844 10.0837
      vertex -22.9214 -39.701 15
    endloop
  endfacet
  facet normal 0.387063 0.869273 -0.307486
    outer loop
      vertex -22.1535 -38.3709 19.7267
      vertex -21.4959 -38.963 18.8806
      vertex -22.3275 -38.6723 18.6556
    endloop
  endfacet
  facet normal 0.387101 0.869282 -0.307411
    outer loop
      vertex -21.1749 -39.2521 18.4674
      vertex -20.9804 -39.4517 18.1479
      vertex -21.2484 -39.2826 18.2886
    endloop
  endfacet
  facet normal 0.386749 0.869348 -0.307666
    outer loop
      vertex -20.9804 -39.4517 18.1479
      vertex -21.1749 -39.2521 18.4674
      vertex -20.8894 -39.5091 18.1001
    endloop
  endfacet
  facet normal 0.206788 0.972847 -0.103959
    outer loop
      vertex -4.95885 -47.1803 10.0837
      vertex -5.06963 -48.2343 0
      vertex -14.9873 -46.1262 0
    endloop
  endfacet
  facet normal -0.584601 0.804633 -0.103957
    outer loop
      vertex 31.7437 -35.2549 10.0837
      vertex 24.25 -42.0022 0
      vertex 23.7201 -41.0844 10.0837
    endloop
  endfacet
  facet normal 0 0.95155 -0.307493
    outer loop
      vertex 4.95885 -47.1803 10.0837
      vertex 1.1623 -45.5916 15
      vertex 4.79187 -45.5916 15
    endloop
  endfacet
  facet normal 0 0.95155 -0.307493
    outer loop
      vertex -4.95885 -47.1803 10.0837
      vertex 1.1623 -45.5916 15
      vertex 4.95885 -47.1803 10.0837
    endloop
  endfacet
  facet normal 0 0.95155 -0.307493
    outer loop
      vertex 1.1623 -45.5916 15
      vertex -4.95885 -47.1803 10.0837
      vertex -1.62313 -45.5916 15
    endloop
  endfacet
  facet normal 0 0.95155 -0.307493
    outer loop
      vertex -1.62313 -45.5916 15
      vertex -4.95885 -47.1803 10.0837
      vertex -4.79187 -45.5916 15
    endloop
  endfacet
  facet normal 0 0.951544 -0.307513
    outer loop
      vertex 4.72471 -44.9527 16.9774
      vertex 2.25069 -44.0642 19.7267
      vertex 4.63134 -44.0642 19.7267
    endloop
  endfacet
  facet normal 6.34236e-05 0.95156 -0.307462
    outer loop
      vertex 4.141 -45.1622 16.3289
      vertex 2.25069 -44.0642 19.7267
      vertex 4.72471 -44.9527 16.9774
    endloop
  endfacet
  facet normal -7.35446e-05 0.951538 -0.307531
    outer loop
      vertex 3.90266 -45.2478 16.0641
      vertex 2.25069 -44.0642 19.7267
      vertex 4.141 -45.1622 16.3289
    endloop
  endfacet
  facet normal 1.36613e-05 0.95155 -0.307495
    outer loop
      vertex 3.90266 -45.2478 16.0641
      vertex 0.55448 -45.3753 15.6694
      vertex 2.25069 -44.0642 19.7267
    endloop
  endfacet
  facet normal 9.62997e-06 0.95156 -0.307464
    outer loop
      vertex 1.1623 -45.5916 15
      vertex 0.55448 -45.3753 15.6694
      vertex 3.90266 -45.2478 16.0641
    endloop
  endfacet
  facet normal 2.46485e-05 0.951564 -0.307452
    outer loop
      vertex 0.55448 -45.3753 15.6694
      vertex 1.1623 -45.5916 15
      vertex -0.118204 -45.4421 15.4626
    endloop
  endfacet
  facet normal 0 0.951544 -0.307514
    outer loop
      vertex -0.118204 -45.4421 15.4626
      vertex 1.1623 -45.5916 15
      vertex -1.62313 -45.5916 15
    endloop
  endfacet
  facet normal 0 0.951545 -0.307508
    outer loop
      vertex -3.09287 -44.2899 19.0283
      vertex -4.63134 -44.0642 19.7267
      vertex -1.814 -44.0642 19.7267
    endloop
  endfacet
  facet normal -4.68648e-06 0.951542 -0.307518
    outer loop
      vertex -3.70655 -44.3982 18.6932
      vertex -4.63134 -44.0642 19.7267
      vertex -3.09287 -44.2899 19.0283
    endloop
  endfacet
  facet normal 1.27419e-05 0.951547 -0.307504
    outer loop
      vertex -4.63134 -44.0642 19.7267
      vertex -3.70655 -44.3982 18.6932
      vertex -4.72739 -44.9781 16.8987
    endloop
  endfacet
  facet normal -0.509733 0.701591 -0.497938
    outer loop
      vertex 28.8952 -32.0913 21.6732
      vertex 29.6471 -32.9265 19.7267
      vertex 26.8339 -33.2222 22.1899
    endloop
  endfacet
  facet normal -0.707148 0.636707 -0.307484
    outer loop
      vertex 35.349 -28.8766 15
      vertex 36.9942 -26.8778 15.3553
      vertex 38.3799 -27.8846 10.0837
    endloop
  endfacet
  facet normal -0.707166 0.636712 -0.307432
    outer loop
      vertex 36.9942 -26.8778 15.3553
      vertex 35.349 -28.8766 15
      vertex 36.5791 -27.2539 15.5312
    endloop
  endfacet
  facet normal -0.707082 0.636712 -0.307625
    outer loop
      vertex 36.5791 -27.2539 15.5312
      vertex 35.349 -28.8766 15
      vertex 36.3463 -27.3943 15.7757
    endloop
  endfacet
  facet normal -0.707157 0.636692 -0.307491
    outer loop
      vertex 36.3463 -27.3943 15.7757
      vertex 35.349 -28.8766 15
      vertex 34.6602 -28.4117 17.5467
    endloop
  endfacet
  facet normal -0.707141 0.636718 -0.307477
    outer loop
      vertex 35.349 -28.8766 15
      vertex 38.3799 -27.8846 10.0837
      vertex 33.9277 -30.4551 15
    endloop
  endfacet
  facet normal -0.707164 0.636678 -0.307507
    outer loop
      vertex 36.4524 -26.4843 17.4162
      vertex 35.8543 -26.4975 18.7643
      vertex 36.1044 -26.2314 18.7401
    endloop
  endfacet
  facet normal -0.707131 0.636722 -0.307492
    outer loop
      vertex 35.0654 -27.9759 17.5172
      vertex 35.8543 -26.4975 18.7643
      vertex 36.4524 -26.4843 17.4162
    endloop
  endfacet
  facet normal -0.707123 0.636725 -0.307502
    outer loop
      vertex 35.8543 -26.4975 18.7643
      vertex 35.0654 -27.9759 17.5172
      vertex 34.7302 -27.4906 19.2929
    endloop
  endfacet
  facet normal -0.707158 0.636689 -0.307498
    outer loop
      vertex 34.6602 -28.4117 17.5467
      vertex 34.7302 -27.4906 19.2929
      vertex 35.0654 -27.9759 17.5172
    endloop
  endfacet
  facet normal -0.70716 0.636687 -0.307497
    outer loop
      vertex 34.7302 -27.4906 19.2929
      vertex 34.6602 -28.4117 17.5467
      vertex 33.8077 -28.3057 19.7267
    endloop
  endfacet
  facet normal -0.707152 0.636699 -0.307491
    outer loop
      vertex 33.0518 -30.5867 16.742
      vertex 34.6602 -28.4117 17.5467
      vertex 35.349 -28.8766 15
    endloop
  endfacet
  facet normal -0.707121 0.636701 -0.307557
    outer loop
      vertex 32.6391 -30.8939 17.0549
      vertex 34.6602 -28.4117 17.5467
      vertex 33.0518 -30.5867 16.742
    endloop
  endfacet
  facet normal -0.70715 0.636708 -0.307475
    outer loop
      vertex 31.4327 -31.4698 18.6369
      vertex 34.6602 -28.4117 17.5467
      vertex 32.6391 -30.8939 17.0549
    endloop
  endfacet
  facet normal -0.707149 0.636701 -0.307493
    outer loop
      vertex 34.6602 -28.4117 17.5467
      vertex 31.4327 -31.4698 18.6369
      vertex 33.8077 -28.3057 19.7267
    endloop
  endfacet
  facet normal -0.707068 0.636703 -0.307677
    outer loop
      vertex 31.2625 -31.551 18.86
      vertex 33.8077 -28.3057 19.7267
      vertex 31.4327 -31.4698 18.6369
    endloop
  endfacet
  facet normal -0.707148 0.636612 -0.307681
    outer loop
      vertex 29.6471 -32.9265 19.7267
      vertex 31.2625 -31.551 18.86
      vertex 29.8839 -32.7898 19.4653
    endloop
  endfacet
  facet normal -0.707136 0.63671 -0.307503
    outer loop
      vertex 31.2625 -31.551 18.86
      vertex 29.6471 -32.9265 19.7267
      vertex 33.8077 -28.3057 19.7267
    endloop
  endfacet
  facet normal 0.122853 0.169092 -0.977914
    outer loop
      vertex -3.39224 -3.76747 48.2343
      vertex -2.53481 -4.39043 48.2343
      vertex -7.49366 -12.9794 46.1262
    endloop
  endfacet
  facet normal -0.645113 -0.372572 -0.667097
    outer loop
      vertex 33.6837 15.1981 31.0229
      vertex 35.8451 15.9593 28.5076
      vertex 34.0723 15.17 30.6628
    endloop
  endfacet
  facet normal -0.645162 -0.372492 -0.667095
    outer loop
      vertex 26.2549 19.0753 36.0425
      vertex 33.6837 15.1981 31.0229
      vertex 28.1636 15.7694 36.0425
    endloop
  endfacet
  facet normal -0.64516 -0.372473 -0.667107
    outer loop
      vertex 33.6837 15.1981 31.0229
      vertex 26.2549 19.0753 36.0425
      vertex 35.8451 15.9593 28.5076
    endloop
  endfacet
  facet normal -0.740876 0.077858 -0.667114
    outer loop
      vertex 32.4528 0 36.0425
      vertex 34.2644 -2.49334 33.7396
      vertex 32.0681 -3.6607 36.0425
    endloop
  endfacet
  facet normal -0.741069 0.0781453 -0.666866
    outer loop
      vertex 33.8511 -7.19527 33.6497
      vertex 34.5508 -6.06835 33.0042
      vertex 34.8175 -5.89447 32.7282
    endloop
  endfacet
  facet normal -0.740888 0.0779016 -0.667096
    outer loop
      vertex 34.5508 -6.06835 33.0042
      vertex 33.8511 -7.19527 33.6497
      vertex 33.0751 -7.03033 34.5308
    endloop
  endfacet
  facet normal -0.74089 0.0778382 -0.667101
    outer loop
      vertex 36.2448 -1.35808 31.6726
      vertex 32.4528 0 36.0425
      vertex 37.9197 0 29.9709
    endloop
  endfacet
  facet normal -0.740917 0.0777123 -0.667085
    outer loop
      vertex 35.9489 -1.598 31.9733
      vertex 32.4528 0 36.0425
      vertex 36.2448 -1.35808 31.6726
    endloop
  endfacet
  facet normal -0.740882 0.0778487 -0.667109
    outer loop
      vertex 32.4528 0 36.0425
      vertex 35.9489 -1.598 31.9733
      vertex 34.2644 -2.49334 33.7396
    endloop
  endfacet
  facet normal 0.43841 -0.394631 -0.807504
    outer loop
      vertex -26.2549 19.0753 36.0425
      vertex -21.5549 18.8785 38.6904
      vertex -21.1989 18.5439 39.0472
    endloop
  endfacet
  facet normal 0.438387 -0.394725 -0.807471
    outer loop
      vertex -21.5549 18.8785 38.6904
      vertex -26.2549 19.0753 36.0425
      vertex -24.1964 21.3615 36.0425
    endloop
  endfacet
  facet normal 0.438368 -0.394728 -0.80748
    outer loop
      vertex -16.6659 18.5094 41.525
      vertex -16.2264 18.0213 42.0022
      vertex -21.134 18.5371 39.0858
    endloop
  endfacet
  facet normal 0.0850126 -0.190939 -0.977914
    outer loop
      vertex -4.63134 14.2538 46.1262
      vertex -1.5666 4.8215 48.2343
      vertex -7.49366 12.9794 46.1262
    endloop
  endfacet
  facet normal 0.303657 0.273406 -0.912711
    outer loop
      vertex -12.125 -8.80933 46.1262
      vertex -10.0285 -11.1378 46.1262
      vertex -16.2264 -18.0213 42.0022
    endloop
  endfacet
  facet normal 0.86133 -0.497294 -0.103966
    outer loop
      vertex -39.2373 28.5076 0
      vertex -43.3387 19.2957 10.0837
      vertex -44.307 19.7267 0
    endloop
  endfacet
  facet normal 0.861333 0.49729 -0.103962
    outer loop
      vertex -38.3799 -27.8846 10.0837
      vertex -39.2373 -28.5076 0
      vertex -43.3387 -19.2957 10.0837
    endloop
  endfacet
  facet normal 0.945902 0.307342 -0.103968
    outer loop
      vertex -43.3387 -19.2957 10.0837
      vertex -44.307 -19.7267 0
      vertex -47.4402 -10.0837 0
    endloop
  endfacet
  facet normal 0.584601 -0.804633 -0.103957
    outer loop
      vertex -24.25 42.0022 0
      vertex -23.7201 41.0844 10.0837
      vertex -31.7437 35.2549 10.0837
    endloop
  endfacet
  facet normal 0.206788 -0.972847 -0.103959
    outer loop
      vertex -5.06963 48.2343 0
      vertex -4.95885 47.1803 10.0837
      vertex -14.9873 46.1262 0
    endloop
  endfacet
  facet normal 0.404532 -0.908596 -0.103957
    outer loop
      vertex -14.6598 45.1183 10.0837
      vertex -23.7201 41.0844 10.0837
      vertex -24.25 42.0022 0
    endloop
  endfacet
  facet normal 0.824075 -0.475762 -0.307492
    outer loop
      vertex -39.5183 22.7356 15
      vertex -41.8794 18.6459 15
      vertex -43.3387 19.2957 10.0837
    endloop
  endfacet
  facet normal 0.824065 -0.475785 -0.307483
    outer loop
      vertex -39.9701 19.1754 19.2978
      vertex -40.4764 18.0213 19.7267
      vertex -41.71 18.5705 15.5708
    endloop
  endfacet
  facet normal 0.823989 -0.475755 -0.307734
    outer loop
      vertex -40.4764 18.0213 19.7267
      vertex -39.9916 18.916 19.6416
      vertex -39.9179 18.9886 19.7267
    endloop
  endfacet
  facet normal 0.824066 -0.475773 -0.307498
    outer loop
      vertex -39.9701 19.1754 19.2978
      vertex -40.3833 20.2743 16.4902
      vertex -39.8189 20.9991 16.8813
    endloop
  endfacet
  facet normal 0.824083 -0.475778 -0.307444
    outer loop
      vertex -40.4764 18.0213 19.7267
      vertex -39.9701 19.1754 19.2978
      vertex -39.9916 18.916 19.6416
    endloop
  endfacet
  facet normal 0.824077 -0.475757 -0.307493
    outer loop
      vertex -39.9701 19.1754 19.2978
      vertex -41.71 18.5705 15.5708
      vertex -40.3833 20.2743 16.4902
    endloop
  endfacet
  facet normal 0.751026 -0.433604 -0.497944
    outer loop
      vertex -40.4764 18.0213 19.7267
      vertex -35.3206 22.3843 23.7037
      vertex -33.4041 22.1044 26.838
    endloop
  endfacet
  facet normal 0.751028 -0.433629 -0.49792
    outer loop
      vertex -35.3206 22.3843 23.7037
      vertex -40.4764 18.0213 19.7267
      vertex -39.9179 18.9886 19.7267
    endloop
  endfacet
  facet normal 0.862485 0.0906651 -0.497895
    outer loop
      vertex -42.6966 -8.62425 20.946
      vertex -43.3387 -9.21193 19.7267
      vertex -43.7055 -5.72261 19.7267
    endloop
  endfacet
  facet normal 0.862491 0.0906452 -0.497889
    outer loop
      vertex -43.3387 -9.21193 19.7267
      vertex -42.6966 -8.62425 20.946
      vertex -42.5505 -9.04438 21.1226
    endloop
  endfacet
  facet normal 0.862491 0.0907219 -0.497873
    outer loop
      vertex -43.3233 -1.35394 21.1841
      vertex -44.2157 -0.867987 19.7267
      vertex -44.307 0 19.7267
    endloop
  endfacet
  facet normal 0.862428 0.0905652 -0.498012
    outer loop
      vertex -38.3799 -8.1579 28.5076
      vertex -39.5151 -6.67883 26.8107
      vertex -39.4878 -6.63306 26.8663
    endloop
  endfacet
  facet normal 0.862459 0.090671 -0.49794
    outer loop
      vertex -39.5151 -6.67883 26.8107
      vertex -38.3799 -8.1579 28.5076
      vertex -40.691 -8.64914 24.4152
    endloop
  endfacet
  facet normal -0.239929 -0.53889 -0.807485
    outer loop
      vertex 7.49366 23.0631 42.0022
      vertex 11.11 25.7764 39.1169
      vertex 12.125 21.0011 42.0022
    endloop
  endfacet
  facet normal -0.239945 -0.538874 -0.80749
    outer loop
      vertex 11.11 25.7764 39.1169
      vertex 7.49366 23.0631 42.0022
      vertex 8.34672 25.6886 39.9966
    endloop
  endfacet
  facet normal 0.553649 -0.498465 -0.667087
    outer loop
      vertex -26.8548 23.2984 32.389
      vertex -26.2549 23.321 32.87
      vertex -26.2549 19.0753 36.0425
    endloop
  endfacet
  facet normal 0.55343 -0.499115 -0.666783
    outer loop
      vertex -26.2549 23.321 32.87
      vertex -26.8548 23.2984 32.389
      vertex -26.3255 23.3882 32.7611
    endloop
  endfacet
  facet normal 0.553617 -0.498482 -0.667101
    outer loop
      vertex -26.8548 23.2984 32.389
      vertex -26.2549 19.0753 36.0425
      vertex -31.0805 22.5813 29.418
    endloop
  endfacet
  facet normal -0.559301 -0.769828 -0.307486
    outer loop
      vertex 23.7201 41.0844 10.0837
      vertex 26.7419 36.9253 15
      vertex 22.9214 39.701 15
    endloop
  endfacet
  facet normal -0.584601 -0.804633 -0.103957
    outer loop
      vertex 24.25 42.0022 0
      vertex 31.7437 35.2549 10.0837
      vertex 23.7201 41.0844 10.0837
    endloop
  endfacet
  facet normal -0.824075 -0.475762 -0.307492
    outer loop
      vertex 43.3387 19.2957 10.0837
      vertex 41.8794 18.6459 15
      vertex 39.5183 22.7356 15
    endloop
  endfacet
  facet normal -0.824071 -0.475777 -0.307478
    outer loop
      vertex 38.3799 27.8846 10.0837
      vertex 39.5183 22.7356 15
      vertex 37.0876 26.9457 15
    endloop
  endfacet
  facet normal -0.824071 -0.475777 -0.307478
    outer loop
      vertex 39.5183 22.7356 15
      vertex 38.3799 27.8846 10.0837
      vertex 43.3387 19.2957 10.0837
    endloop
  endfacet
  facet normal -0.438364 -0.394763 -0.807464
    outer loop
      vertex 26.2549 19.0753 36.0425
      vertex 24.7859 18.008 37.3618
      vertex 23.6376 18.8002 37.5979
    endloop
  endfacet
  facet normal -0.510894 -0.294936 -0.807465
    outer loop
      vertex 26.2549 19.0753 36.0425
      vertex 25.5196 17.4237 37.111
      vertex 24.7859 18.008 37.3618
    endloop
  endfacet
  facet normal 0.166196 -0.373278 -0.912712
    outer loop
      vertex -7.49366 23.0631 42.0022
      vertex -4.63134 14.2538 46.1262
      vertex -7.49366 12.9794 46.1262
    endloop
  endfacet
  facet normal -0.122853 0.169092 -0.977914
    outer loop
      vertex 3.39224 -3.76747 48.2343
      vertex 7.49366 -12.9794 46.1262
      vertex 2.53481 -4.39043 48.2343
    endloop
  endfacet
  facet normal 0.198777 -0.064593 -0.977914
    outer loop
      vertex -4.95885 1.05404 48.2343
      vertex -14.1615 4.64983 46.1262
      vertex -13.6916 6.09589 46.1262
    endloop
  endfacet
  facet normal 0.198776 -0.0645961 -0.977914
    outer loop
      vertex -14.1615 4.64983 46.1262
      vertex -4.95885 1.05404 48.2343
      vertex -14.4395 3.06921 46.1741
    endloop
  endfacet
  facet normal 0.0850112 -0.19094 -0.977914
    outer loop
      vertex -1.5666 4.8215 48.2343
      vertex -2.53481 4.39043 48.2343
      vertex -7.49366 12.9794 46.1262
    endloop
  endfacet
  facet normal -0.0849498 -0.399676 -0.912712
    outer loop
      vertex 7.49366 23.0631 42.0022
      vertex 4.63134 14.2538 46.1262
      vertex 1.5666 14.9052 46.1262
    endloop
  endfacet
  facet normal 0.0434536 0.204443 -0.977914
    outer loop
      vertex -1.5666 -4.8215 48.2343
      vertex -1.5666 -14.9052 46.1262
      vertex -4.63134 -14.2538 46.1262
    endloop
  endfacet
  facet normal 0.35386 0.2043 -0.912713
    outer loop
      vertex -12.125 -8.80933 46.1262
      vertex -19.6187 -14.2538 42.0022
      vertex -22.1535 -9.86336 42.0022
    endloop
  endfacet
  facet normal 0.122648 0.577005 -0.80748
    outer loop
      vertex -7.49366 -23.0631 42.0022
      vertex -3.39224 -32.2751 36.0425
      vertex -10.0285 -30.8645 36.0425
    endloop
  endfacet
  facet normal -0.0850126 -0.190939 -0.977914
    outer loop
      vertex 4.63134 14.2538 46.1262
      vertex 7.49366 12.9794 46.1262
      vertex 1.5666 4.8215 48.2343
    endloop
  endfacet
  facet normal -0.180995 -0.104497 -0.977917
    outer loop
      vertex 4.10142 2.97985 48.2343
      vertex 7.02799 3.12906 47.6767
      vertex 4.63134 2.062 48.2343
    endloop
  endfacet
  facet normal -0.180994 -0.104516 -0.977915
    outer loop
      vertex 7.02799 3.12906 47.6767
      vertex 4.10142 2.97985 48.2343
      vertex 7.09995 3.95414 47.5752
    endloop
  endfacet
  facet normal -0.0849622 0.399678 -0.912709
    outer loop
      vertex 2.53481 -24.1172 42.0022
      vertex 6.17893 -21.2535 42.917
      vertex 6.34144 -23.308 42.0022
    endloop
  endfacet
  facet normal -0.0849558 0.399671 -0.912713
    outer loop
      vertex 6.17893 -21.2535 42.917
      vertex 2.53481 -24.1172 42.0022
      vertex 1.5666 -14.9052 46.1262
    endloop
  endfacet
  facet normal -0.154877 0.728656 -0.667138
    outer loop
      vertex 4.48533 -38.494 28.9956
      vertex 6.36111 -38.5421 28.5076
      vertex 4.10142 -39.0224 28.5076
    endloop
  endfacet
  facet normal -0.154977 0.728698 -0.66707
    outer loop
      vertex 10.0285 -30.8645 36.0425
      vertex 9.41878 -32.3902 34.5175
      vertex 8.89792 -32.4206 34.6053
    endloop
  endfacet
  facet normal -0.154915 0.728693 -0.66709
    outer loop
      vertex 9.41878 -32.3902 34.5175
      vertex 10.0285 -30.8645 36.0425
      vertex 10.5037 -32.3269 34.3347
    endloop
  endfacet
  facet normal -0.561014 0.182323 -0.807478
    outer loop
      vertex 24.8271 -8.99466 40.3408
      vertex 23.6846 -10.5451 40.7845
      vertex 22.1535 -9.86336 42.0022
    endloop
  endfacet
  facet normal -0.561243 0.182174 -0.807353
    outer loop
      vertex 29.4648 -8.94303 37.1302
      vertex 30.2922 -11.2144 36.0425
      vertex 30.2286 -11.2765 36.0727
    endloop
  endfacet
  facet normal -0.561047 0.18229 -0.807463
    outer loop
      vertex 30.2922 -11.2144 36.0425
      vertex 29.875 -8.73555 36.892
      vertex 31.3195 -8.05261 36.0425
    endloop
  endfacet
  facet normal -0.56097 0.182333 -0.807507
    outer loop
      vertex 29.4648 -8.94303 37.1302
      vertex 30.2286 -11.2765 36.0727
      vertex 29.8568 -11.6396 36.249
    endloop
  endfacet
  facet normal -0.561075 0.18228 -0.807446
    outer loop
      vertex 30.2922 -11.2144 36.0425
      vertex 29.4648 -8.94303 37.1302
      vertex 29.875 -8.73555 36.892
    endloop
  endfacet
  facet normal -0.561063 0.182301 -0.807449
    outer loop
      vertex 28.231 -12.5693 37.1688
      vertex 29.4648 -8.94303 37.1302
      vertex 29.8568 -11.6396 36.249
    endloop
  endfacet
  facet normal -0.561028 0.182288 -0.807477
    outer loop
      vertex 29.4648 -8.94303 37.1302
      vertex 28.231 -12.5693 37.1688
      vertex 25.0741 -11.1637 39.6795
    endloop
  endfacet
  facet normal -0.35386 0.204301 -0.912713
    outer loop
      vertex 13.6916 -6.09589 46.1262
      vertex 22.1535 -9.86336 42.0022
      vertex 12.125 -8.80933 46.1262
    endloop
  endfacet
  facet normal -0.406359 0.0427083 -0.912715
    outer loop
      vertex 24.096 -1.46526 42.0022
      vertex 23.7201 -5.04186 42.0022
      vertex 21.9625 -4.66827 42.8022
    endloop
  endfacet
  facet normal 0.707013 0.636974 -0.30724
    outer loop
      vertex -31.6858 -32.9404 15.0094
      vertex -30.3463 -33.595 16.7347
      vertex -31.6852 -32.9456 15
    endloop
  endfacet
  facet normal 0.707133 0.636718 -0.307495
    outer loop
      vertex -31.7437 -35.2549 10.0837
      vertex -33.9277 -30.4551 15
      vertex -31.6852 -32.9456 15
    endloop
  endfacet
  facet normal 0.706485 0.637426 -0.307518
    outer loop
      vertex -31.7437 -35.2549 10.0837
      vertex -30.3463 -33.595 16.7347
      vertex -30.2787 -33.628 16.8216
    endloop
  endfacet
  facet normal 0.707144 0.636711 -0.307484
    outer loop
      vertex -33.9277 -30.4551 15
      vertex -31.7437 -35.2549 10.0837
      vertex -38.3799 -27.8846 10.0837
    endloop
  endfacet
  facet normal 0.707177 0.636678 -0.307477
    outer loop
      vertex -30.3463 -33.595 16.7347
      vertex -31.7437 -35.2549 10.0837
      vertex -31.6852 -32.9456 15
    endloop
  endfacet
  facet normal -0.180325 0.848246 -0.497957
    outer loop
      vertex 8.86159 -40.1867 24.8006
      vertex 6.36111 -38.5421 28.5076
      vertex 11.7947 -38.3717 26.8302
    endloop
  endfacet
  facet normal -0.180211 0.848287 -0.497929
    outer loop
      vertex 12.9112 -39.7365 24.101
      vertex 11.7947 -38.3717 26.8302
      vertex 12.3901 -38.3531 26.6464
    endloop
  endfacet
  facet normal -0.180272 0.848272 -0.497932
    outer loop
      vertex 6.36111 -38.5421 28.5076
      vertex 8.86159 -40.1867 24.8006
      vertex 8.14147 -40.3351 24.8085
    endloop
  endfacet
  facet normal -0.180353 0.848251 -0.497939
    outer loop
      vertex 12.9112 -39.7365 24.101
      vertex 12.3901 -38.3531 26.6464
      vertex 12.4596 -38.3466 26.6323
    endloop
  endfacet
  facet normal -0.180299 0.848262 -0.49794
    outer loop
      vertex 6.36111 -38.5421 28.5076
      vertex 8.14147 -40.3351 24.8085
      vertex 4.10142 -39.0224 28.5076
    endloop
  endfacet
  facet normal -0.180321 0.848245 -0.497961
    outer loop
      vertex 11.7947 -38.3717 26.8302
      vertex 9.75937 -40.0869 24.6455
      vertex 8.86159 -40.1867 24.8006
    endloop
  endfacet
  facet normal -0.180328 0.848246 -0.497956
    outer loop
      vertex 11.7947 -38.3717 26.8302
      vertex 12.9112 -39.7365 24.101
      vertex 9.75937 -40.0869 24.6455
    endloop
  endfacet
  facet normal -0.122658 0.577 -0.807481
    outer loop
      vertex 10.0285 -30.8645 36.0425
      vertex 6.51834 -26.4484 39.7313
      vertex 8.69427 -26.7582 39.1794
    endloop
  endfacet
  facet normal -0.122812 0.577046 -0.807425
    outer loop
      vertex 6.48834 -25.9158 40.1164
      vertex 3.39224 -32.2751 36.0425
      vertex 6.4586 -25.3879 40.4982
    endloop
  endfacet
  facet normal -0.122551 0.576976 -0.807515
    outer loop
      vertex 6.51834 -26.4484 39.7313
      vertex 3.39224 -32.2751 36.0425
      vertex 6.48834 -25.9158 40.1164
    endloop
  endfacet
  facet normal -0.122648 0.577005 -0.807479
    outer loop
      vertex 3.39224 -32.2751 36.0425
      vertex 6.51834 -26.4484 39.7313
      vertex 10.0285 -30.8645 36.0425
    endloop
  endfacet
  facet normal -0.0850126 0.190939 -0.977914
    outer loop
      vertex 7.49366 -12.9794 46.1262
      vertex 4.63134 -14.2538 46.1262
      vertex 1.5666 -4.8215 48.2343
    endloop
  endfacet
  facet normal 0.166194 0.373278 -0.912712
    outer loop
      vertex -7.49366 -12.9794 46.1262
      vertex -7.49366 -23.0631 42.0022
      vertex -12.125 -21.0011 42.0022
    endloop
  endfacet
  facet normal 0.824767 0.267987 -0.497939
    outer loop
      vertex -39.4343 -14.2777 23.4675
      vertex -38.3799 -8.1579 28.5076
      vertex -37.5156 -10.8179 28.5076
    endloop
  endfacet
  facet normal 0.824712 0.268045 -0.497998
    outer loop
      vertex -39.4343 -14.2777 23.4675
      vertex -39.7277 -14.499 22.8625
      vertex -38.3799 -8.1579 28.5076
    endloop
  endfacet
  facet normal 0.824765 0.267918 -0.497978
    outer loop
      vertex -39.7277 -14.499 22.8625
      vertex -39.4343 -14.2777 23.4675
      vertex -39.6078 -14.5906 23.0118
    endloop
  endfacet
  facet normal 0.708532 0.230192 -0.667079
    outer loop
      vertex -34.0913 -12.0203 31.7295
      vertex -33.2763 -7.0731 34.3023
      vertex -32.2739 -7.74075 35.1366
    endloop
  endfacet
  facet normal 0.708403 0.23032 -0.667171
    outer loop
      vertex -34.0913 -12.0203 31.7295
      vertex -32.2739 -7.74075 35.1366
      vertex -32.2061 -7.78591 35.193
    endloop
  endfacet
  facet normal 0.708511 0.230187 -0.667103
    outer loop
      vertex -33.2763 -7.0731 34.3023
      vertex -36.938 -10.5949 29.1981
      vertex -38.3799 -8.1579 28.5076
    endloop
  endfacet
  facet normal 0.708573 0.230249 -0.667016
    outer loop
      vertex -38.3799 -8.1579 28.5076
      vertex -36.938 -10.5949 29.1981
      vertex -37.2337 -10.4468 28.9351
    endloop
  endfacet
  facet normal 0.708495 0.230215 -0.667111
    outer loop
      vertex -33.2763 -7.0731 34.3023
      vertex -34.0913 -12.0203 31.7295
      vertex -36.938 -10.5949 29.1981
    endloop
  endfacet
  facet normal 0.708535 0.23022 -0.667066
    outer loop
      vertex -38.3799 -8.1579 28.5076
      vertex -37.2337 -10.4468 28.9351
      vertex -37.5156 -10.8179 28.5076
    endloop
  endfacet
  facet normal 0.946341 -0.0994544 -0.307485
    outer loop
      vertex -45.3491 4.69651 15
      vertex -46.4035 9.86336 10.0837
      vertex -44.841 9.53125 15
    endloop
  endfacet
  facet normal 0.946337 -0.0994658 -0.307496
    outer loop
      vertex -46.4035 9.86336 10.0837
      vertex -45.3491 4.69651 15
      vertex -47.4402 0 10.0837
    endloop
  endfacet
  facet normal 0.946334 -0.0994777 -0.3075
    outer loop
      vertex -44.4683 9.45203 16.1727
      vertex -44.2386 9.4032 16.8954
      vertex -44.7058 7.05853 16.2161
    endloop
  endfacet
  facet normal 0.904978 -0.29405 -0.307489
    outer loop
      vertex -43.3387 14.1547 15
      vertex -46.4035 9.86336 10.0837
      vertex -43.3387 19.2957 10.0837
    endloop
  endfacet
  facet normal 0.904978 -0.294055 -0.307485
    outer loop
      vertex -46.4035 9.86336 10.0837
      vertex -43.3387 14.1547 15
      vertex -44.841 9.53125 15
    endloop
  endfacet
  facet normal 0.904933 -0.294109 -0.307565
    outer loop
      vertex -43.4338 11.1926 17.5528
      vertex -43.3387 12.4313 16.6481
      vertex -43.3387 11.341 17.6907
    endloop
  endfacet
  facet normal 0.904968 -0.294067 -0.307503
    outer loop
      vertex -43.6754 10.8154 17.2025
      vertex -43.3387 12.4313 16.6481
      vertex -43.4338 11.1926 17.5528
    endloop
  endfacet
  facet normal 0.90499 -0.294053 -0.30745
    outer loop
      vertex -43.6754 10.8154 17.2025
      vertex -44.2473 10.2097 16.0984
      vertex -43.3387 12.4313 16.6481
    endloop
  endfacet
  facet normal 0.904989 -0.294061 -0.307445
    outer loop
      vertex -44.2386 9.4032 16.8954
      vertex -44.2473 10.2097 16.0984
      vertex -43.6754 10.8154 17.2025
    endloop
  endfacet
  facet normal 0.904926 -0.294157 -0.307541
    outer loop
      vertex -44.2473 10.2097 16.0984
      vertex -44.2386 9.4032 16.8954
      vertex -44.3629 9.81351 16.1372
    endloop
  endfacet
  facet normal 0.904968 -0.294069 -0.3075
    outer loop
      vertex -44.3629 9.81351 16.1372
      vertex -44.2386 9.4032 16.8954
      vertex -44.4683 9.45203 16.1727
    endloop
  endfacet
  facet normal -0.946337 0.0994658 -0.307496
    outer loop
      vertex 46.4035 -9.86336 10.0837
      vertex 45.3491 -4.69651 15
      vertex 47.4402 0 10.0837
    endloop
  endfacet
  facet normal -0.946341 0.0994544 -0.307485
    outer loop
      vertex 45.3491 -4.69651 15
      vertex 46.4035 -9.86336 10.0837
      vertex 44.841 -9.53125 15
    endloop
  endfacet
  facet normal -0.946324 0.0994464 -0.30754
    outer loop
      vertex 43.9342 -9.33851 17.853
      vertex 44.8456 -6.34728 16.0158
      vertex 45.0075 -5.99449 15.6317
    endloop
  endfacet
  facet normal -0.946342 0.0994455 -0.307485
    outer loop
      vertex 43.5733 -9.12002 19.0344
      vertex 43.9342 -9.33851 17.853
      vertex 43.3387 -9.21193 19.7267
    endloop
  endfacet
  facet normal -0.946337 0.0994811 -0.30749
    outer loop
      vertex 44.8456 -6.34728 16.0158
      vertex 43.9342 -9.33851 17.853
      vertex 43.5733 -9.12002 19.0344
    endloop
  endfacet
  facet normal -0.946321 0.0991923 -0.307632
    outer loop
      vertex 43.3387 -9.21193 19.7267
      vertex 43.6602 -8.882 18.8441
      vertex 43.5832 -9.09309 19.0129
    endloop
  endfacet
  facet normal -0.946153 0.102739 -0.306984
    outer loop
      vertex 43.3387 -9.21193 19.7267
      vertex 43.5832 -9.09309 19.0129
      vertex 43.5733 -9.12002 19.0344
    endloop
  endfacet
  facet normal -0.946324 0.0993849 -0.307561
    outer loop
      vertex 43.6602 -8.882 18.8441
      vertex 43.3387 -9.21193 19.7267
      vertex 43.7497 -8.28882 18.7604
    endloop
  endfacet
  facet normal 0.352675 0.792231 -0.497987
    outer loop
      vertex -14.7565 -40.6728 21.3043
      vertex -16.9438 -38.5389 23.15
      vertex -16.2156 -38.6645 23.4659
    endloop
  endfacet
  facet normal 0.352724 0.792239 -0.497939
    outer loop
      vertex -16.4757 -40.3633 20.5789
      vertex -16.9438 -38.5389 23.15
      vertex -14.7565 -40.6728 21.3043
    endloop
  endfacet
  facet normal 0.352742 0.792235 -0.497933
    outer loop
      vertex -17.191 -40.2345 20.2771
      vertex -16.9438 -38.5389 23.15
      vertex -16.4757 -40.3633 20.5789
    endloop
  endfacet
  facet normal 0.352737 0.792237 -0.497933
    outer loop
      vertex -16.9438 -38.5389 23.15
      vertex -17.191 -40.2345 20.2771
      vertex -21.7698 -37.7064 21.0558
    endloop
  endfacet
  facet normal 0.352749 0.792249 -0.497905
    outer loop
      vertex -17.231 -40.5626 19.7267
      vertex -21.7698 -37.7064 21.0558
      vertex -17.191 -40.2345 20.2771
    endloop
  endfacet
  facet normal 0.352739 0.792242 -0.497924
    outer loop
      vertex -21.7698 -37.7064 21.0558
      vertex -17.231 -40.5626 19.7267
      vertex -22.1535 -38.3709 19.7267
    endloop
  endfacet
  facet normal 0.35284 0.792221 -0.497886
    outer loop
      vertex -19.5631 -34.4445 27.8087
      vertex -19.6187 -33.9805 28.5076
      vertex -19.335 -34.371 28.0873
    endloop
  endfacet
  facet normal 0.352634 0.792278 -0.49794
    outer loop
      vertex -19.6187 -33.9805 28.5076
      vertex -19.5631 -34.4445 27.8087
      vertex -19.8586 -34.396 27.6766
    endloop
  endfacet
  facet normal 0.352789 0.792419 -0.497605
    outer loop
      vertex -19.0688 -34.2851 28.4124
      vertex -19.6187 -33.9805 28.5076
      vertex -18.9909 -34.26 28.5076
    endloop
  endfacet
  facet normal 0.352604 0.792224 -0.498048
    outer loop
      vertex -19.6187 -33.9805 28.5076
      vertex -19.0688 -34.2851 28.4124
      vertex -19.335 -34.371 28.0873
    endloop
  endfacet
  facet normal 0.352601 0.792288 -0.497948
    outer loop
      vertex -13.3005 -40.9349 21.9186
      vertex -12.5344 -37.1347 28.5076
      vertex -12.125 -37.3169 28.5076
    endloop
  endfacet
  facet normal 0.352726 0.79224 -0.497935
    outer loop
      vertex -12.5344 -37.1347 28.5076
      vertex -13.3005 -40.9349 21.9186
      vertex -16.12 -38.681 23.5074
    endloop
  endfacet
  facet normal 0.352707 0.792234 -0.49796
    outer loop
      vertex -14.7565 -40.6728 21.3043
      vertex -16.12 -38.681 23.5074
      vertex -13.3005 -40.9349 21.9186
    endloop
  endfacet
  facet normal 0.352856 0.792228 -0.497862
    outer loop
      vertex -16.12 -38.681 23.5074
      vertex -14.7565 -40.6728 21.3043
      vertex -16.2156 -38.6645 23.4659
    endloop
  endfacet
  facet normal -0.206785 0.972848 -0.103955
    outer loop
      vertex 14.6598 -45.1183 10.0837
      vertex 14.9873 -46.1262 0
      vertex 4.95885 -47.1803 10.0837
    endloop
  endfacet
  facet normal -0.510885 0.294911 -0.80748
    outer loop
      vertex 23.6846 -10.5451 40.7845
      vertex 22.8844 -11.505 40.9402
      vertex 22.1535 -9.86336 42.0022
    endloop
  endfacet
  facet normal -0.510867 0.294949 -0.807478
    outer loop
      vertex 24.2602 -14.5952 38.941
      vertex 25.0741 -11.1637 39.6795
      vertex 28.231 -12.5693 37.1688
    endloop
  endfacet
  facet normal -0.510833 0.294946 -0.8075
    outer loop
      vertex 25.0741 -11.1637 39.6795
      vertex 24.2602 -14.5952 38.941
      vertex 23.1286 -12.0536 40.5852
    endloop
  endfacet
  facet normal -0.645142 0.372504 -0.667108
    outer loop
      vertex 34.3086 -15.2752 30.3755
      vertex 35.8451 -15.9593 28.5076
      vertex 33.6532 -16.6714 30.2297
    endloop
  endfacet
  facet normal -0.438389 -0.39468 -0.807491
    outer loop
      vertex 22.4342 19.6305 37.8454
      vertex 26.2549 19.0753 36.0425
      vertex 23.6376 18.8002 37.5979
    endloop
  endfacet
  facet normal -0.438307 -0.394725 -0.807515
    outer loop
      vertex 21.7152 24.1172 36.0425
      vertex 22.4342 19.6305 37.8454
      vertex 22.0956 19.8641 37.915
    endloop
  endfacet
  facet normal -0.438386 -0.394721 -0.807473
    outer loop
      vertex 22.4342 19.6305 37.8454
      vertex 21.7152 24.1172 36.0425
      vertex 26.2549 19.0753 36.0425
    endloop
  endfacet
  facet normal -0.438384 -0.394715 -0.807477
    outer loop
      vertex 21.7152 24.1172 36.0425
      vertex 22.0956 19.8641 37.915
      vertex 16.6503 18.492 41.542
    endloop
  endfacet
  facet normal -0.346724 -0.477232 -0.807485
    outer loop
      vertex 12.125 21.0011 42.0022
      vertex 16.6503 18.492 41.542
      vertex 15.8702 18.2801 42.0022
    endloop
  endfacet
  facet normal -0.346728 -0.477242 -0.807478
    outer loop
      vertex 16.6503 18.492 41.542
      vertex 12.125 21.0011 42.0022
      vertex 21.7152 24.1172 36.0425
    endloop
  endfacet
  facet normal -0.207868 0.021847 -0.977913
    outer loop
      vertex 6.67684 -0.522215 47.881
      vertex 4.95885 -1.05404 48.2343
      vertex 5.06963 0 48.2343
    endloop
  endfacet
  facet normal -0.207888 0.021637 -0.977913
    outer loop
      vertex 4.95885 -1.05404 48.2343
      vertex 6.61467 -1.12184 47.8808
      vertex 7.7547 -1.64831 47.6268
    endloop
  endfacet
  facet normal -0.207878 0.0218792 -0.97791
    outer loop
      vertex 4.95885 -1.05404 48.2343
      vertex 6.67684 -0.522215 47.881
      vertex 6.61467 -1.12184 47.8808
    endloop
  endfacet
  facet normal -0.180231 -0.848325 -0.497857
    outer loop
      vertex 4.10142 39.0224 28.5076
      vertex 5.80328 39.6885 26.7565
      vertex 5.81866 39.5803 26.9353
    endloop
  endfacet
  facet normal -0.180362 -0.848241 -0.497952
    outer loop
      vertex 4.10142 39.0224 28.5076
      vertex 5.79765 40.4343 25.4881
      vertex 5.80328 39.6885 26.7565
    endloop
  endfacet
  facet normal -0.180314 -0.848262 -0.497935
    outer loop
      vertex 4.63134 44.0642 19.7267
      vertex 5.79765 40.4343 25.4881
      vertex 4.10142 39.0224 28.5076
    endloop
  endfacet
  facet normal -0.180256 -0.848266 -0.497949
    outer loop
      vertex 5.79765 40.4343 25.4881
      vertex 4.63134 44.0642 19.7267
      vertex 5.77205 43.8218 19.7267
    endloop
  endfacet
  facet normal -0.387039 -0.869286 -0.307479
    outer loop
      vertex 14.6598 45.1183 10.0837
      vertex 18.4803 41.6783 15
      vertex 14.1662 43.5991 15
    endloop
  endfacet
  facet normal 0.302851 -0.680652 -0.667078
    outer loop
      vertex -10.1307 31.1791 35.6751
      vertex -10.0285 30.8645 36.0425
      vertex -10.1935 30.9181 35.9129
    endloop
  endfacet
  facet normal 0.0849579 0.399671 -0.912713
    outer loop
      vertex -1.5666 -14.9052 46.1262
      vertex -2.53481 -24.1172 42.0022
      vertex -7.49366 -23.0631 42.0022
    endloop
  endfacet
  facet normal 0 0.408601 -0.912713
    outer loop
      vertex 2.53481 -24.1172 42.0022
      vertex -1.5666 -14.9052 46.1262
      vertex 1.5666 -14.9052 46.1262
    endloop
  endfacet
  facet normal 0 0.408601 -0.912713
    outer loop
      vertex -1.5666 -14.9052 46.1262
      vertex 2.53481 -24.1172 42.0022
      vertex -2.53481 -24.1172 42.0022
    endloop
  endfacet
  facet normal 0.945902 -0.307342 -0.103968
    outer loop
      vertex -44.307 19.7267 0
      vertex -43.3387 19.2957 10.0837
      vertex -47.4402 10.0837 0
    endloop
  endfacet
  facet normal 0 -0.994582 -0.103959
    outer loop
      vertex -5.06963 48.2343 0
      vertex 4.95885 47.1803 10.0837
      vertex -4.95885 47.1803 10.0837
    endloop
  endfacet
  facet normal 0 -0.994582 -0.103959
    outer loop
      vertex 4.95885 47.1803 10.0837
      vertex -5.06963 48.2343 0
      vertex 5.06963 48.2343 0
    endloop
  endfacet
  facet normal 0 -0.951551 -0.30749
    outer loop
      vertex -4.95885 47.1803 10.0837
      vertex 4.63134 44.0642 19.7267
      vertex -4.63134 44.0642 19.7267
    endloop
  endfacet
  facet normal 0 -0.951551 -0.30749
    outer loop
      vertex 4.63134 44.0642 19.7267
      vertex -4.95885 47.1803 10.0837
      vertex 4.95885 47.1803 10.0837
    endloop
  endfacet
  facet normal 0.206785 -0.972848 -0.103955
    outer loop
      vertex -4.95885 47.1803 10.0837
      vertex -14.6598 45.1183 10.0837
      vertex -14.9873 46.1262 0
    endloop
  endfacet
  facet normal 0.559301 -0.769828 -0.307486
    outer loop
      vertex -23.7201 41.0844 10.0837
      vertex -22.9214 39.701 15
      vertex -26.7419 36.9253 15
    endloop
  endfacet
  facet normal 0.824071 -0.475777 -0.307478
    outer loop
      vertex -39.5183 22.7356 15
      vertex -38.3799 27.8846 10.0837
      vertex -37.0876 26.9457 15
    endloop
  endfacet
  facet normal 0.824071 -0.475777 -0.307478
    outer loop
      vertex -38.3799 27.8846 10.0837
      vertex -39.5183 22.7356 15
      vertex -43.3387 19.2957 10.0837
    endloop
  endfacet
  facet normal 0.64515 -0.372475 -0.667116
    outer loop
      vertex -29.6471 13.1998 36.0425
      vertex -28.7806 16.9002 34.8144
      vertex -26.2549 19.0753 36.0425
    endloop
  endfacet
  facet normal 0.645309 -0.372464 -0.666968
    outer loop
      vertex -29.6471 13.1998 36.0425
      vertex -28.9682 16.782 34.6989
      vertex -28.7806 16.9002 34.8144
    endloop
  endfacet
  facet normal 0.64515 -0.372486 -0.66711
    outer loop
      vertex -29.6471 13.1998 36.0425
      vertex -31.6359 15.1021 33.057
      vertex -28.9682 16.782 34.6989
    endloop
  endfacet
  facet normal 0.645211 -0.372404 -0.667097
    outer loop
      vertex -29.6471 13.1998 36.0425
      vertex -31.9714 14.9726 32.8048
      vertex -31.6359 15.1021 33.057
    endloop
  endfacet
  facet normal 0.645186 -0.372442 -0.6671
    outer loop
      vertex -31.9714 14.9726 32.8048
      vertex -29.6471 13.1998 36.0425
      vertex -32.8594 14.6299 32.1373
    endloop
  endfacet
  facet normal 0.645158 -0.372495 -0.667097
    outer loop
      vertex -26.2549 19.0753 36.0425
      vertex -28.7806 16.9002 34.8144
      vertex -29.3731 18.0621 33.5926
    endloop
  endfacet
  facet normal 0.645153 -0.372569 -0.66706
    outer loop
      vertex -29.45 18.2129 33.434
      vertex -26.2549 19.0753 36.0425
      vertex -29.3731 18.0621 33.5926
    endloop
  endfacet
  facet normal 0.645195 -0.372168 -0.667244
    outer loop
      vertex -29.4949 18.3009 33.3415
      vertex -26.2549 19.0753 36.0425
      vertex -29.45 18.2129 33.434
    endloop
  endfacet
  facet normal 0.645154 -0.372493 -0.667102
    outer loop
      vertex -29.4949 18.3009 33.3415
      vertex -31.0805 22.5813 29.418
      vertex -26.2549 19.0753 36.0425
    endloop
  endfacet
  facet normal 0.645169 -0.37248 -0.667094
    outer loop
      vertex -29.4949 18.3009 33.3415
      vertex -32.1716 22.3219 28.5076
      vertex -31.0805 22.5813 29.418
    endloop
  endfacet
  facet normal 0.645165 -0.372485 -0.667096
    outer loop
      vertex -32.1716 22.3219 28.5076
      vertex -29.4949 18.3009 33.3415
      vertex -35.3876 16.7516 28.5076
    endloop
  endfacet
  facet normal 0.708502 -0.230201 -0.667108
    outer loop
      vertex -30.4033 10.8724 36.0425
      vertex -32.7369 12.0791 33.1477
      vertex -29.6471 13.1998 36.0425
    endloop
  endfacet
  facet normal 0.708562 -0.230053 -0.667095
    outer loop
      vertex -32.7369 12.0791 33.1477
      vertex -30.4033 10.8724 36.0425
      vertex -32.7965 11.9196 33.1394
    endloop
  endfacet
  facet normal 0.708486 -0.230256 -0.667105
    outer loop
      vertex -30.4033 10.8724 36.0425
      vertex -33.3669 10.3931 33.0605
      vertex -32.7965 11.9196 33.1394
    endloop
  endfacet
  facet normal 0.70849 -0.230215 -0.667115
    outer loop
      vertex -33.3669 10.3931 33.0605
      vertex -30.4033 10.8724 36.0425
      vertex -32.4265 8.28097 34.7881
    endloop
  endfacet
  facet normal 0.708502 -0.230221 -0.6671
    outer loop
      vertex -32.7369 12.0791 33.1477
      vertex -32.8594 14.6299 32.1373
      vertex -29.6471 13.1998 36.0425
    endloop
  endfacet
  facet normal 0.708506 -0.230219 -0.667097
    outer loop
      vertex -34.0486 11.9243 31.808
      vertex -32.8594 14.6299 32.1373
      vertex -32.7369 12.0791 33.1477
    endloop
  endfacet
  facet normal 0.708503 -0.230217 -0.6671
    outer loop
      vertex -32.8594 14.6299 32.1373
      vertex -34.0486 11.9243 31.808
      vertex -34.849 13.7221 30.3375
    endloop
  endfacet
  facet normal 0.708486 -0.230088 -0.667163
    outer loop
      vertex -34.849 13.7221 30.3375
      vertex -36.1234 12.9365 29.2551
      vertex -35.9389 13.2248 29.3516
    endloop
  endfacet
  facet normal 0.708503 -0.230218 -0.667101
    outer loop
      vertex -35.3045 11.7761 30.5253
      vertex -34.849 13.7221 30.3375
      vertex -34.0486 11.9243 31.808
    endloop
  endfacet
  facet normal 0.708382 -0.230203 -0.667234
    outer loop
      vertex -35.4864 11.7546 30.3396
      vertex -34.849 13.7221 30.3375
      vertex -35.3045 11.7761 30.5253
    endloop
  endfacet
  facet normal 0.708513 -0.230245 -0.667081
    outer loop
      vertex -34.849 13.7221 30.3375
      vertex -35.4864 11.7546 30.3396
      vertex -36.1234 12.9365 29.2551
    endloop
  endfacet
  facet normal 0.70852 -0.230237 -0.667076
    outer loop
      vertex -35.4864 11.7546 30.3396
      vertex -37.5528 10.7035 28.5076
      vertex -36.1234 12.9365 29.2551
    endloop
  endfacet
  facet normal 0.708514 -0.230181 -0.667102
    outer loop
      vertex -37.5528 10.7035 28.5076
      vertex -35.4864 11.7546 30.3396
      vertex -37.8128 9.9032 28.5076
    endloop
  endfacet
  facet normal 0.70856 -0.230143 -0.667065
    outer loop
      vertex -32.4265 8.28097 34.7881
      vertex -33.6392 9.66402 33.0228
      vertex -33.3669 10.3931 33.0605
    endloop
  endfacet
  facet normal 0.708475 -0.230275 -0.66711
    outer loop
      vertex -32.4265 8.28097 34.7881
      vertex -34.03 9.25371 32.7494
      vertex -33.6392 9.66402 33.0228
    endloop
  endfacet
  facet normal 0.708516 -0.230185 -0.667099
    outer loop
      vertex -33.3562 7.09008 34.2116
      vertex -34.03 9.25371 32.7494
      vertex -32.4265 8.28097 34.7881
    endloop
  endfacet
  facet normal 0.708508 -0.230191 -0.667105
    outer loop
      vertex -34.03 9.25371 32.7494
      vertex -33.3562 7.09008 34.2116
      vertex -35.6301 7.5734 31.6298
    endloop
  endfacet
  facet normal 0.207864 -0.0218466 -0.977914
    outer loop
      vertex -14.4433 3.0457 46.1738
      vertex -4.95885 1.05404 48.2343
      vertex -5.06963 0 48.2343
    endloop
  endfacet
  facet normal 0.208009 -0.0211427 -0.977898
    outer loop
      vertex -4.95885 1.05404 48.2343
      vertex -14.4433 3.0457 46.1738
      vertex -14.4395 3.06921 46.1741
    endloop
  endfacet
  facet normal 0.240166 -0.330573 -0.912711
    outer loop
      vertex -7.49366 12.9794 46.1262
      vertex -10.0285 11.1378 46.1262
      vertex -16.2264 18.0213 42.0022
    endloop
  endfacet
  facet normal 0.70714 -0.636714 -0.307488
    outer loop
      vertex -33.9277 30.4551 15
      vertex -31.7437 35.2549 10.0837
      vertex -30.6748 34.0678 15
    endloop
  endfacet
  facet normal 0.707144 -0.636711 -0.307484
    outer loop
      vertex -31.7437 35.2549 10.0837
      vertex -33.9277 30.4551 15
      vertex -38.3799 27.8846 10.0837
    endloop
  endfacet
  facet normal -0.739121 -0.665503 -0.103956
    outer loop
      vertex 32.4528 36.0425 0
      vertex 38.3799 27.8846 10.0837
      vertex 31.7437 35.2549 10.0837
    endloop
  endfacet
  facet normal -0.584602 -0.804633 -0.103957
    outer loop
      vertex 32.4528 36.0425 0
      vertex 31.7437 35.2549 10.0837
      vertex 24.25 42.0022 0
    endloop
  endfacet
  facet normal -0.751057 -0.433577 -0.49792
    outer loop
      vertex 35.8451 15.9593 28.5076
      vertex 36.6282 18.5526 25.0682
      vertex 36.9514 18.3925 24.7201
    endloop
  endfacet
  facet normal -0.75102 -0.433621 -0.497938
    outer loop
      vertex 35.8451 15.9593 28.5076
      vertex 36.9514 18.3925 24.7201
      vertex 38.5111 17.1463 23.4529
    endloop
  endfacet
  facet normal -0.751022 -0.433614 -0.49794
    outer loop
      vertex 36.6282 18.5526 25.0682
      vertex 35.8451 15.9593 28.5076
      vertex 33.4342 20.135 28.5076
    endloop
  endfacet
  facet normal -0.824764 -0.267981 -0.497946
    outer loop
      vertex 38.2354 14.0513 25.5752
      vertex 38.5111 17.1463 23.4529
      vertex 39.9689 15.6334 21.8525
    endloop
  endfacet
  facet normal -0.824767 -0.267988 -0.497938
    outer loop
      vertex 38.5111 17.1463 23.4529
      vertex 37.9194 14.547 25.8319
      vertex 35.8451 15.9593 28.5076
    endloop
  endfacet
  facet normal -0.824767 -0.267985 -0.49794
    outer loop
      vertex 35.8451 15.9593 28.5076
      vertex 37.9194 14.547 25.8319
      vertex 36.1696 14.9606 28.5076
    endloop
  endfacet
  facet normal -0.824798 -0.267951 -0.497906
    outer loop
      vertex 38.5111 17.1463 23.4529
      vertex 38.2354 14.0513 25.5752
      vertex 37.9194 14.547 25.8319
    endloop
  endfacet
  facet normal -0.824765 -0.267979 -0.497945
    outer loop
      vertex 38.2354 14.0513 25.5752
      vertex 39.9689 15.6334 21.8525
      vertex 39.2833 12.408 24.7239
    endloop
  endfacet
  facet normal -0.510521 -0.294755 -0.807767
    outer loop
      vertex 28.0597 15.7715 36.1074
      vertex 26.2549 19.0753 36.0425
      vertex 28.1636 15.7694 36.0425
    endloop
  endfacet
  facet normal -0.510857 -0.294933 -0.80749
    outer loop
      vertex 27.582 15.7814 36.406
      vertex 26.2549 19.0753 36.0425
      vertex 28.0597 15.7715 36.1074
    endloop
  endfacet
  facet normal -0.510885 -0.294942 -0.807469
    outer loop
      vertex 26.2549 19.0753 36.0425
      vertex 27.582 15.7814 36.406
      vertex 25.5196 17.4237 37.111
    endloop
  endfacet
  facet normal 0.155326 0.139852 -0.977914
    outer loop
      vertex -3.39224 -3.76747 48.2343
      vertex -10.0285 -11.1378 46.1262
      vertex -12.125 -8.80933 46.1262
    endloop
  endfacet
  facet normal 0.043457 0.204443 -0.977913
    outer loop
      vertex -1.5666 -4.8215 48.2343
      vertex -0.529921 -5.04186 48.2343
      vertex -1.5666 -14.9052 46.1262
    endloop
  endfacet
  facet normal -0.0850112 0.19094 -0.977914
    outer loop
      vertex 2.53481 -4.39043 48.2343
      vertex 7.49366 -12.9794 46.1262
      vertex 1.5666 -4.8215 48.2343
    endloop
  endfacet
  facet normal -0.0850112 -0.19094 -0.977914
    outer loop
      vertex 7.49366 12.9794 46.1262
      vertex 2.53481 4.39043 48.2343
      vertex 1.5666 4.8215 48.2343
    endloop
  endfacet
  facet normal -0.240206 -0.330482 -0.912733
    outer loop
      vertex 7.86431 13.6214 45.7962
      vertex 7.84073 13.1798 45.9623
      vertex 7.49366 12.9794 46.1262
    endloop
  endfacet
  facet normal -0.240174 -0.330577 -0.912708
    outer loop
      vertex 12.125 21.0011 42.0022
      vertex 15.8702 18.2801 42.0022
      vertex 9.32214 16.1464 44.4981
    endloop
  endfacet
  facet normal 0.35386 0.204301 -0.912713
    outer loop
      vertex -13.6916 -6.09589 46.1262
      vertex -12.125 -8.80933 46.1262
      vertex -22.1535 -9.86336 42.0022
    endloop
  endfacet
  facet normal 0.560944 0.182262 -0.807541
    outer loop
      vertex -22.1535 -9.86336 42.0022
      vertex -23.7842 -5.05548 41.9546
      vertex -23.7201 -5.04186 42.0022
    endloop
  endfacet
  facet normal 0.561022 0.182289 -0.807481
    outer loop
      vertex -23.7842 -5.05548 41.9546
      vertex -22.1535 -9.86336 42.0022
      vertex -29.8485 -7.3631 37.2203
    endloop
  endfacet
  facet normal 0.240169 0.330569 -0.912712
    outer loop
      vertex -7.49366 -12.9794 46.1262
      vertex -12.125 -21.0011 42.0022
      vertex -16.2264 -18.0213 42.0022
    endloop
  endfacet
  facet normal 0.346723 0.47723 -0.807487
    outer loop
      vertex -12.125 -21.0011 42.0022
      vertex -16.3975 -18.2112 41.8165
      vertex -16.2264 -18.0213 42.0022
    endloop
  endfacet
  facet normal 0.346723 0.47723 -0.807487
    outer loop
      vertex -12.125 -21.0011 42.0022
      vertex -16.7083 -21.6219 39.6673
      vertex -16.3975 -18.2112 41.8165
    endloop
  endfacet
  facet normal 0.346706 0.477276 -0.807466
    outer loop
      vertex -12.125 -21.0011 42.0022
      vertex -17.1001 -22.2776 39.1115
      vertex -16.7083 -21.6219 39.6673
    endloop
  endfacet
  facet normal 0.346637 0.47742 -0.807411
    outer loop
      vertex -17.1001 -22.2776 39.1115
      vertex -12.125 -21.0011 42.0022
      vertex -17.3522 -22.6995 38.7538
    endloop
  endfacet
  facet normal 0.122849 0.169094 -0.977914
    outer loop
      vertex -3.39224 -3.76747 48.2343
      vertex -7.49366 -12.9794 46.1262
      vertex -10.0285 -11.1378 46.1262
    endloop
  endfacet
  facet normal -0.043457 0.204443 -0.977913
    outer loop
      vertex 1.5666 -4.8215 48.2343
      vertex 1.5666 -14.9052 46.1262
      vertex 0.529921 -5.04186 48.2343
    endloop
  endfacet
  facet normal -0.0434536 -0.204443 -0.977914
    outer loop
      vertex 1.5666 14.9052 46.1262
      vertex 4.63134 14.2538 46.1262
      vertex 1.5666 4.8215 48.2343
    endloop
  endfacet
  facet normal 0.0850112 0.19094 -0.977914
    outer loop
      vertex -2.53481 -4.39043 48.2343
      vertex -1.5666 -4.8215 48.2343
      vertex -7.49366 -12.9794 46.1262
    endloop
  endfacet
  facet normal -0.043457 -0.204443 -0.977913
    outer loop
      vertex 1.5666 14.9052 46.1262
      vertex 1.5666 4.8215 48.2343
      vertex 0.529921 5.04186 48.2343
    endloop
  endfacet
  facet normal -0.122849 0.169094 -0.977914
    outer loop
      vertex 10.0285 -11.1378 46.1262
      vertex 7.49366 -12.9794 46.1262
      vertex 3.39224 -3.76747 48.2343
    endloop
  endfacet
  facet normal 0.043457 -0.204443 -0.977913
    outer loop
      vertex -1.5666 14.9052 46.1262
      vertex -0.529921 5.04186 48.2343
      vertex -1.5666 4.8215 48.2343
    endloop
  endfacet
  facet normal -0.122648 0.577007 -0.807478
    outer loop
      vertex 2.53481 -24.1172 42.0022
      vertex 6.4586 -25.3879 40.4982
      vertex 3.39224 -32.2751 36.0425
    endloop
  endfacet
  facet normal -0.122655 0.576994 -0.807486
    outer loop
      vertex 6.4586 -25.3879 40.4982
      vertex 2.53481 -24.1172 42.0022
      vertex 6.34144 -23.308 42.0022
    endloop
  endfacet
  facet normal -0.239934 0.538894 -0.807481
    outer loop
      vertex 10.8624 -26.9411 38.4131
      vertex 10.0285 -30.8645 36.0425
      vertex 8.69427 -26.7582 39.1794
    endloop
  endfacet
  facet normal -0.510875 0.294916 -0.807484
    outer loop
      vertex 24.2602 -14.5952 38.941
      vertex 21.9944 -12.5724 41.1133
      vertex 23.1286 -12.0536 40.5852
    endloop
  endfacet
  facet normal -0.510853 0.294945 -0.807488
    outer loop
      vertex 21.9944 -12.5724 41.1133
      vertex 24.2602 -14.5952 38.941
      vertex 21.8095 -15.8456 40.0347
    endloop
  endfacet
  facet normal -0.510832 0.294948 -0.8075
    outer loop
      vertex 22.2993 -12.2068 41.054
      vertex 22.1535 -9.86336 42.0022
      vertex 22.8844 -11.505 40.9402
    endloop
  endfacet
  facet normal -0.510752 0.29497 -0.807543
    outer loop
      vertex 21.9944 -12.5724 41.1133
      vertex 22.1535 -9.86336 42.0022
      vertex 22.2993 -12.2068 41.054
    endloop
  endfacet
  facet normal -0.510878 0.294953 -0.807469
    outer loop
      vertex 21.9944 -12.5724 41.1133
      vertex 19.6187 -14.2538 42.0022
      vertex 22.1535 -9.86336 42.0022
    endloop
  endfacet
  facet normal -0.510873 0.294942 -0.807476
    outer loop
      vertex 19.6187 -14.2538 42.0022
      vertex 21.9944 -12.5724 41.1133
      vertex 21.8095 -15.8456 40.0347
    endloop
  endfacet
  facet normal -0.35386 0.2043 -0.912713
    outer loop
      vertex 22.1535 -9.86336 42.0022
      vertex 19.6187 -14.2538 42.0022
      vertex 12.125 -8.80933 46.1262
    endloop
  endfacet
  facet normal -0.586663 0.0616519 -0.807481
    outer loop
      vertex 29.5279 -4.75228 37.8047
      vertex 32.4528 0 36.0425
      vertex 32.0681 -3.6607 36.0425
    endloop
  endfacet
  facet normal -0.586668 0.0616568 -0.807477
    outer loop
      vertex 29.5279 -4.75228 37.8047
      vertex 26.744 0 40.1902
      vertex 32.4528 0 36.0425
    endloop
  endfacet
  facet normal -0.586681 0.061645 -0.807468
    outer loop
      vertex 24.7226 -0.42552 41.6264
      vertex 26.744 0 40.1902
      vertex 29.5279 -4.75228 37.8047
    endloop
  endfacet
  facet normal -0.586665 0.06149 -0.807492
    outer loop
      vertex 26.744 0 40.1902
      vertex 24.7226 -0.42552 41.6264
      vertex 24.8724 -0.176879 41.5365
    endloop
  endfacet
  facet normal -0.586697 -0.0616673 -0.807455
    outer loop
      vertex 32.4528 0 36.0425
      vertex 32.057 0.505269 36.2915
      vertex 32.3963 0.537536 36.0425
    endloop
  endfacet
  facet normal -0.586669 -0.0616337 -0.807478
    outer loop
      vertex 32.057 0.505269 36.2915
      vertex 32.4528 0 36.0425
      vertex 26.744 0 40.1902
    endloop
  endfacet
  facet normal 0.438279 0.394762 -0.807511
    outer loop
      vertex -16.3779 -18.0372 41.9122
      vertex -16.2264 -18.0213 42.0022
      vertex -16.3975 -18.2112 41.8165
    endloop
  endfacet
  facet normal 0.644484 0.580268 -0.497926
    outer loop
      vertex -34.3358 -24.9464 22.9581
      vertex -33.6249 -27.1998 21.2522
      vertex -35.5414 -25.8223 20.3769
    endloop
  endfacet
  facet normal 0.644463 0.580275 -0.497944
    outer loop
      vertex -30.7795 -27.5993 24.4693
      vertex -33.6249 -27.1998 21.2522
      vertex -34.3358 -24.9464 22.9581
    endloop
  endfacet
  facet normal 0.644464 0.580273 -0.497945
    outer loop
      vertex -30.7795 -27.5993 24.4693
      vertex -30.6804 -29.0688 22.8851
      vertex -33.6249 -27.1998 21.2522
    endloop
  endfacet
  facet normal 0.644724 0.580181 -0.497716
    outer loop
      vertex -29.9659 -31.4271 21.0616
      vertex -30.8616 -29.1061 22.6069
      vertex -30.6804 -29.0688 22.8851
    endloop
  endfacet
  facet normal 0.644476 0.580247 -0.497959
    outer loop
      vertex -30.8616 -29.1061 22.6069
      vertex -29.9659 -31.4271 21.0616
      vertex -32.4 -29.4235 20.246
    endloop
  endfacet
  facet normal 0.644488 0.580288 -0.497896
    outer loop
      vertex -31.3232 -31.065 19.7267
      vertex -32.4 -29.4235 20.246
      vertex -29.9659 -31.4271 21.0616
    endloop
  endfacet
  facet normal 0.64438 0.580268 -0.498059
    outer loop
      vertex -32.4 -29.4235 20.246
      vertex -31.3232 -31.065 19.7267
      vertex -32.5662 -29.5439 19.8907
    endloop
  endfacet
  facet normal 0.644648 0.58043 -0.497524
    outer loop
      vertex -32.5662 -29.5439 19.8907
      vertex -31.3232 -31.065 19.7267
      vertex -32.6428 -29.5994 19.7267
    endloop
  endfacet
  facet normal 0.644449 0.580282 -0.497954
    outer loop
      vertex -29.9659 -31.4271 21.0616
      vertex -30.6804 -29.0688 22.8851
      vertex -30.7795 -27.5993 24.4693
    endloop
  endfacet
  facet normal -0.346743 0.477275 -0.807452
    outer loop
      vertex 17.1979 -27.3992 36.0425
      vertex 16.2264 -28.105 36.0425
      vertex 15.7947 -27.3572 36.6699
    endloop
  endfacet
  facet normal -0.645144 0.372476 -0.667122
    outer loop
      vertex 31.7437 -23.0631 28.5076
      vertex 33.6532 -16.6714 30.2297
      vertex 35.8451 -15.9593 28.5076
    endloop
  endfacet
  facet normal -0.645153 0.372476 -0.667112
    outer loop
      vertex 33.6532 -16.6714 30.2297
      vertex 31.7437 -23.0631 28.5076
      vertex 30.9305 -22.4723 29.6239
    endloop
  endfacet
  facet normal 0 0.589898 -0.807478
    outer loop
      vertex 3.39224 -32.2751 36.0425
      vertex -2.53481 -24.1172 42.0022
      vertex 2.53481 -24.1172 42.0022
    endloop
  endfacet
  facet normal 0 0.589898 -0.807478
    outer loop
      vertex -2.53481 -24.1172 42.0022
      vertex 3.39224 -32.2751 36.0425
      vertex -3.39224 -32.2751 36.0425
    endloop
  endfacet
  facet normal -0.15489 0.72869 -0.667098
    outer loop
      vertex 10.0285 -30.8645 36.0425
      vertex 7.83547 -32.4825 34.7843
      vertex 3.39224 -32.2751 36.0425
    endloop
  endfacet
  facet normal -0.154851 0.728665 -0.667134
    outer loop
      vertex 7.83547 -32.4825 34.7843
      vertex 10.0285 -30.8645 36.0425
      vertex 8.89792 -32.4206 34.6053
    endloop
  endfacet
  facet normal -0.154889 0.728693 -0.667095
    outer loop
      vertex 4.67878 -38.1123 29.3676
      vertex 3.39224 -32.2751 36.0425
      vertex 7.83547 -32.4825 34.7843
    endloop
  endfacet
  facet normal -0.153942 0.728469 -0.667558
    outer loop
      vertex 4.10142 -39.0224 28.5076
      vertex 4.67878 -38.1123 29.3676
      vertex 4.46507 -38.4935 29.0009
    endloop
  endfacet
  facet normal -0.154959 0.728678 -0.667096
    outer loop
      vertex 4.67878 -38.1123 29.3676
      vertex 4.10142 -39.0224 28.5076
      vertex 3.39224 -32.2751 36.0425
    endloop
  endfacet
  facet normal -0.156336 0.729027 -0.666392
    outer loop
      vertex 4.10142 -39.0224 28.5076
      vertex 4.46507 -38.4935 29.0009
      vertex 4.48533 -38.494 28.9956
    endloop
  endfacet
  facet normal 0.437879 0.602693 -0.667101
    outer loop
      vertex -20.774 -28.5452 32.6598
      vertex -16.2264 -28.105 36.0425
      vertex -19.6187 -33.9805 28.5076
    endloop
  endfacet
  facet normal 0.437884 0.602683 -0.667106
    outer loop
      vertex -16.2264 -28.105 36.0425
      vertex -20.774 -28.5452 32.6598
      vertex -19.2636 -25.8983 36.0425
    endloop
  endfacet
  facet normal 0.19878 0.0645883 -0.977914
    outer loop
      vertex -4.95885 -1.05404 48.2343
      vertex -4.63134 -2.062 48.2343
      vertex -13.6916 -6.09589 46.1262
    endloop
  endfacet
  facet normal 0.862467 -0.0906255 -0.497934
    outer loop
      vertex -41.0077 0 25.4412
      vertex -42.6979 1.89568 22.1686
      vertex -42.3599 2.18824 22.7008
    endloop
  endfacet
  facet normal 0.862458 -0.0906513 -0.497944
    outer loop
      vertex -42.6979 1.89568 22.1686
      vertex -41.0077 0 25.4412
      vertex -43.3223 1.35526 21.1855
    endloop
  endfacet
  facet normal 0.862457 -0.0906541 -0.497945
    outer loop
      vertex -43.3223 1.35526 21.1855
      vertex -41.0077 0 25.4412
      vertex -44.307 0 19.7267
    endloop
  endfacet
  facet normal 0.86246 0.0906207 -0.497946
    outer loop
      vertex -41.0077 0 25.4412
      vertex -43.3233 -1.35394 21.1841
      vertex -44.307 0 19.7267
    endloop
  endfacet
  facet normal 0.862444 0.0906956 -0.497961
    outer loop
      vertex -41.0077 0 25.4412
      vertex -42.7784 -1.65064 22.0738
      vertex -43.3233 -1.35394 21.1841
    endloop
  endfacet
  facet normal 0.862459 0.0906451 -0.497944
    outer loop
      vertex -41.0077 0 25.4412
      vertex -42.4981 -2.02743 22.4907
      vertex -42.7784 -1.65064 22.0738
    endloop
  endfacet
  facet normal 0.862457 0.0906494 -0.497946
    outer loop
      vertex -38.9569 -2.66768 28.5076
      vertex -42.4981 -2.02743 22.4907
      vertex -41.0077 0 25.4412
    endloop
  endfacet
  facet normal 0.862458 0.0906281 -0.497949
    outer loop
      vertex -38.9569 -2.66768 28.5076
      vertex -39.3028 -6.32309 27.2432
      vertex -42.4981 -2.02743 22.4907
    endloop
  endfacet
  facet normal 0.862466 0.0906888 -0.497923
    outer loop
      vertex -39.3028 -6.32309 27.2432
      vertex -38.3799 -8.1579 28.5076
      vertex -39.4878 -6.63306 26.8663
    endloop
  endfacet
  facet normal 0.862441 0.0906391 -0.497976
    outer loop
      vertex -38.3799 -8.1579 28.5076
      vertex -39.3028 -6.32309 27.2432
      vertex -38.9569 -2.66768 28.5076
    endloop
  endfacet
  facet normal -0.945902 0.307342 -0.103968
    outer loop
      vertex 47.4402 -10.0837 0
      vertex 44.307 -19.7267 0
      vertex 43.3387 -19.2957 10.0837
    endloop
  endfacet
  facet normal 0.437909 0.602688 -0.667085
    outer loop
      vertex -19.6187 -33.9805 28.5076
      vertex -21.7634 -30.2792 30.4437
      vertex -20.774 -28.5452 32.6598
    endloop
  endfacet
  facet normal 0.437822 0.602674 -0.667155
    outer loop
      vertex -19.6187 -33.9805 28.5076
      vertex -22.3535 -30.2539 30.0793
      vertex -21.7634 -30.2792 30.4437
    endloop
  endfacet
  facet normal 0.437885 0.602695 -0.667095
    outer loop
      vertex -22.3535 -30.2539 30.0793
      vertex -19.6187 -33.9805 28.5076
      vertex -24.8982 -30.1447 28.5076
    endloop
  endfacet
  facet normal 0.509737 0.70159 -0.497936
    outer loop
      vertex -22.0612 -33.7238 26.3689
      vertex -24.8982 -30.1447 28.5076
      vertex -19.6187 -33.9805 28.5076
    endloop
  endfacet
  facet normal 0.509747 0.701591 -0.497925
    outer loop
      vertex -24.8982 -30.1447 28.5076
      vertex -22.0612 -33.7238 26.3689
      vertex -26.8563 -29.8269 26.9508
    endloop
  endfacet
  facet normal 0.509733 0.701578 -0.497956
    outer loop
      vertex -27.5396 -32.0519 23.1165
      vertex -26.8563 -29.8269 26.9508
      vertex -22.0612 -33.7238 26.3689
    endloop
  endfacet
  facet normal 0.509735 0.701577 -0.497956
    outer loop
      vertex -28.2217 -31.8437 22.7116
      vertex -26.8563 -29.8269 26.9508
      vertex -27.5396 -32.0519 23.1165
    endloop
  endfacet
  facet normal 0.509811 0.701523 -0.497954
    outer loop
      vertex -26.8563 -29.8269 26.9508
      vertex -28.2217 -31.8437 22.7116
      vertex -28.6202 -31.786 22.3849
    endloop
  endfacet
  facet normal 0.404531 0.908597 -0.103956
    outer loop
      vertex -14.6598 -45.1183 10.0837
      vertex -14.9873 -46.1262 0
      vertex -24.25 -42.0022 0
    endloop
  endfacet
  facet normal 0 0.994582 -0.103959
    outer loop
      vertex 5.06963 -48.2343 0
      vertex -4.95885 -47.1803 10.0837
      vertex 4.95885 -47.1803 10.0837
    endloop
  endfacet
  facet normal 0 0.994582 -0.103959
    outer loop
      vertex -4.95885 -47.1803 10.0837
      vertex 5.06963 -48.2343 0
      vertex -5.06963 -48.2343 0
    endloop
  endfacet
  facet normal -0.387035 0.869285 -0.307486
    outer loop
      vertex 22.9214 -39.701 15
      vertex 23.7201 -41.0844 10.0837
      vertex 19.118 -41.3944 15
    endloop
  endfacet
  facet normal -0.387031 0.869288 -0.307483
    outer loop
      vertex 14.6598 -45.1183 10.0837
      vertex 19.118 -41.3944 15
      vertex 23.7201 -41.0844 10.0837
    endloop
  endfacet
  facet normal -0.387014 0.869289 -0.3075
    outer loop
      vertex 19.118 -41.3944 15
      vertex 14.6598 -45.1183 10.0837
      vertex 18.7171 -41.4651 15.3047
    endloop
  endfacet
  facet normal -0.386906 0.869302 -0.3076
    outer loop
      vertex 22.1535 -38.3709 19.7267
      vertex 22.243 -38.526 19.1758
      vertex 21.9462 -38.5575 19.4601
    endloop
  endfacet
  facet normal -0.387018 0.869315 -0.307423
    outer loop
      vertex 22.6691 -39.2641 16.5527
      vertex 20.35 -39.9948 17.406
      vertex 22.5934 -39.1329 17.019
    endloop
  endfacet
  facet normal -0.387024 0.869301 -0.307453
    outer loop
      vertex 20.35 -39.9948 17.406
      vertex 22.6691 -39.2641 16.5527
      vertex 19.7039 -40.5765 16.5746
    endloop
  endfacet
  facet normal -0.404532 0.908596 -0.103957
    outer loop
      vertex 23.7201 -41.0844 10.0837
      vertex 24.25 -42.0022 0
      vertex 14.6598 -45.1183 10.0837
    endloop
  endfacet
  facet normal 0 0.867331 -0.497732
    outer loop
      vertex 4.10142 -39.0224 28.5076
      vertex -2.80634 -39.1603 28.2673
      vertex -3.00571 -39.0224 28.5076
    endloop
  endfacet
  facet normal 9.61041e-06 0.867212 -0.49794
    outer loop
      vertex 4.10142 -39.0224 28.5076
      vertex -0.328122 -40.8749 25.2812
      vertex -2.80634 -39.1603 28.2673
    endloop
  endfacet
  facet normal 1.45614e-05 0.867209 -0.497945
    outer loop
      vertex 2.5181 -42.8446 21.8509
      vertex -0.328122 -40.8749 25.2812
      vertex 4.10142 -39.0224 28.5076
    endloop
  endfacet
  facet normal -9.73506e-05 0.867169 -0.498015
    outer loop
      vertex -0.328122 -40.8749 25.2812
      vertex 2.5181 -42.8446 21.8509
      vertex -0.468494 -41.0518 24.9732
    endloop
  endfacet
  facet normal 1.22307e-05 0.867214 -0.497936
    outer loop
      vertex -0.468494 -41.0518 24.9732
      vertex 2.5181 -42.8446 21.8509
      vertex -1.77571 -42.6991 22.1042
    endloop
  endfacet
  facet normal -0.000754209 0.867287 -0.497807
    outer loop
      vertex 4.10142 -39.0224 28.5076
      vertex 2.5634 -42.8759 21.7963
      vertex 2.5181 -42.8446 21.8509
    endloop
  endfacet
  facet normal 3.10178e-05 0.86721 -0.497943
    outer loop
      vertex 4.10142 -39.0224 28.5076
      vertex 2.96721 -43.1552 21.3099
      vertex 2.5634 -42.8759 21.7963
    endloop
  endfacet
  facet normal -2.13857e-05 0.867214 -0.497936
    outer loop
      vertex 4.63134 -44.0642 19.7267
      vertex 2.96721 -43.1552 21.3099
      vertex 4.10142 -39.0224 28.5076
    endloop
  endfacet
  facet normal -2.68018e-05 0.867211 -0.497941
    outer loop
      vertex 4.63134 -44.0642 19.7267
      vertex 2.65459 -43.5518 20.6192
      vertex 2.96721 -43.1552 21.3099
    endloop
  endfacet
  facet normal 0 0.867237 -0.497896
    outer loop
      vertex 2.65459 -43.5518 20.6192
      vertex 4.63134 -44.0642 19.7267
      vertex 2.25069 -44.0642 19.7267
    endloop
  endfacet
  facet normal 1.24266e-05 0.867215 -0.497933
    outer loop
      vertex -1.814 -44.0642 19.7267
      vertex -1.77571 -42.6991 22.1042
      vertex 2.5181 -42.8446 21.8509
    endloop
  endfacet
  facet normal -7.83167e-06 0.867216 -0.497933
    outer loop
      vertex -1.77571 -42.6991 22.1042
      vertex -1.814 -44.0642 19.7267
      vertex -2.39419 -42.8473 21.8461
    endloop
  endfacet
  facet normal -8.18041e-06 0.867215 -0.497933
    outer loop
      vertex -2.39419 -42.8473 21.8461
      vertex -1.814 -44.0642 19.7267
      vertex -4.55793 -43.3658 20.9431
    endloop
  endfacet
  facet normal 0 0.867223 -0.497919
    outer loop
      vertex -4.55793 -43.3658 20.9431
      vertex -1.814 -44.0642 19.7267
      vertex -4.63134 -44.0642 19.7267
    endloop
  endfacet
  facet normal -0.239939 -0.538891 -0.807481
    outer loop
      vertex 14.9525 25.8984 37.8937
      vertex 12.125 21.0011 42.0022
      vertex 11.11 25.7764 39.1169
    endloop
  endfacet
  facet normal -0.180315 -0.848266 -0.497927
    outer loop
      vertex 5.81866 39.5803 26.9353
      vertex 5.954 38.6286 28.5076
      vertex 4.10142 39.0224 28.5076
    endloop
  endfacet
  facet normal -0.122604 -0.577 -0.80749
    outer loop
      vertex 7.49366 23.0631 42.0022
      vertex 7.20082 25.586 40.2439
      vertex 8.34672 25.6886 39.9966
    endloop
  endfacet
  facet normal -0.122628 -0.577 -0.807486
    outer loop
      vertex 3.39224 32.2751 36.0425
      vertex 7.20082 25.586 40.2439
      vertex 7.49366 23.0631 42.0022
    endloop
  endfacet
  facet normal -0.122079 -0.57682 -0.807697
    outer loop
      vertex 7.20082 25.586 40.2439
      vertex 3.39224 32.2751 36.0425
      vertex 7.16253 25.7907 40.1035
    endloop
  endfacet
  facet normal -0.122644 -0.577006 -0.807479
    outer loop
      vertex 3.39224 32.2751 36.0425
      vertex 6.50529 30.1275 37.1043
      vertex 6.53302 29.1553 37.7948
    endloop
  endfacet
  facet normal -0.122662 -0.577024 -0.807463
    outer loop
      vertex 6.50529 30.1275 37.1043
      vertex 3.39224 32.2751 36.0425
      vertex 6.46266 31.6224 36.0425
    endloop
  endfacet
  facet normal -0.122657 -0.577014 -0.807471
    outer loop
      vertex 7.16253 25.7907 40.1035
      vertex 3.39224 32.2751 36.0425
      vertex 6.53302 29.1553 37.7948
    endloop
  endfacet
  facet normal 0.180305 -0.848257 -0.497946
    outer loop
      vertex -7.80848 40.2269 25.1134
      vertex -4.10142 39.0224 28.5076
      vertex -8.32048 38.1256 28.5076
    endloop
  endfacet
  facet normal 0.197839 -0.930759 -0.307487
    outer loop
      vertex -4.95885 47.1803 10.0837
      vertex -9.54701 44.5809 15
      vertex -14.6598 45.1183 10.0837
    endloop
  endfacet
  facet normal 0.197854 -0.930743 -0.307526
    outer loop
      vertex -6.53253 44.5773 16.9506
      vertex -4.63134 44.0642 19.7267
      vertex -6.6689 44.2784 17.7675
    endloop
  endfacet
  facet normal 0.197853 -0.930759 -0.307476
    outer loop
      vertex -4.95885 47.1803 10.0837
      vertex -6.53253 44.5773 16.9506
      vertex -7.55233 45.0049 15
    endloop
  endfacet
  facet normal 0.197798 -0.930766 -0.307491
    outer loop
      vertex -6.53253 44.5773 16.9506
      vertex -4.95885 47.1803 10.0837
      vertex -4.63134 44.0642 19.7267
    endloop
  endfacet
  facet normal 0.197847 -0.930759 -0.307479
    outer loop
      vertex -9.54701 44.5809 15
      vertex -4.95885 47.1803 10.0837
      vertex -7.55233 45.0049 15
    endloop
  endfacet
  facet normal 0.438372 -0.394715 -0.807484
    outer loop
      vertex -19.6187 14.2538 42.0022
      vertex -21.134 18.5371 39.0858
      vertex -16.2264 18.0213 42.0022
    endloop
  endfacet
  facet normal 0.438513 -0.394638 -0.807445
    outer loop
      vertex -19.6187 14.2538 42.0022
      vertex -21.1921 18.5374 39.0541
      vertex -21.134 18.5371 39.0858
    endloop
  endfacet
  facet normal 0.438391 -0.394705 -0.807478
    outer loop
      vertex -26.2549 19.0753 36.0425
      vertex -21.1921 18.5374 39.0541
      vertex -19.6187 14.2538 42.0022
    endloop
  endfacet
  facet normal 0.437272 -0.398422 -0.806259
    outer loop
      vertex -21.1921 18.5374 39.0541
      vertex -26.2549 19.0753 36.0425
      vertex -21.1989 18.5439 39.0472
    endloop
  endfacet
  facet normal 0.303709 -0.273326 -0.912718
    outer loop
      vertex -12.125 8.80933 46.1262
      vertex -13.1664 9.56592 45.5531
      vertex -13.0729 9.96434 45.4649
    endloop
  endfacet
  facet normal 0.303556 -0.273458 -0.912729
    outer loop
      vertex -13.0729 9.96434 45.4649
      vertex -16.2264 18.0213 42.0022
      vertex -12.125 8.80933 46.1262
    endloop
  endfacet
  facet normal 0.303661 -0.273408 -0.912709
    outer loop
      vertex -14.1669 10.2929 45.0025
      vertex -16.2264 18.0213 42.0022
      vertex -13.0729 9.96434 45.4649
    endloop
  endfacet
  facet normal 0.303652 -0.273412 -0.912711
    outer loop
      vertex -16.2264 18.0213 42.0022
      vertex -14.1669 10.2929 45.0025
      vertex -19.6187 14.2538 42.0022
    endloop
  endfacet
  facet normal 0.155324 -0.139855 -0.977914
    outer loop
      vertex -3.39224 3.76747 48.2343
      vertex -4.10142 2.97985 48.2343
      vertex -12.125 8.80933 46.1262
    endloop
  endfacet
  facet normal 0.353869 -0.204305 -0.912708
    outer loop
      vertex -13.6916 6.09589 46.1262
      vertex -13.2995 8.93277 45.6432
      vertex -12.125 8.80933 46.1262
    endloop
  endfacet
  facet normal 0.353693 -0.204293 -0.912779
    outer loop
      vertex -13.2995 8.93277 45.6432
      vertex -13.6916 6.09589 46.1262
      vertex -13.8786 6.17917 46.0351
    endloop
  endfacet
  facet normal 0.388524 -0.126076 -0.912773
    outer loop
      vertex -13.8786 6.17917 46.0351
      vertex -13.6916 6.09589 46.1262
      vertex -13.8981 6.07419 46.0413
    endloop
  endfacet
  facet normal 0.387039 -0.869286 -0.307479
    outer loop
      vertex -14.6598 45.1183 10.0837
      vertex -14.1662 43.5991 15
      vertex -18.4803 41.6783 15
    endloop
  endfacet
  facet normal -0.559311 -0.769824 -0.307477
    outer loop
      vertex 31.7437 35.2549 10.0837
      vertex 26.7419 36.9253 15
      vertex 23.7201 41.0844 10.0837
    endloop
  endfacet
  facet normal -0.559319 -0.769814 -0.307488
    outer loop
      vertex 26.7419 36.9253 15
      vertex 31.7437 35.2549 10.0837
      vertex 30.6748 34.0678 15
    endloop
  endfacet
  facet normal -0.70714 -0.636714 -0.307488
    outer loop
      vertex 31.7437 35.2549 10.0837
      vertex 33.9277 30.4551 15
      vertex 30.6748 34.0678 15
    endloop
  endfacet
  facet normal -0.707144 -0.636711 -0.307484
    outer loop
      vertex 33.9277 30.4551 15
      vertex 31.7437 35.2549 10.0837
      vertex 38.3799 27.8846 10.0837
    endloop
  endfacet
  facet normal 0.559319 -0.769814 -0.307488
    outer loop
      vertex -31.7437 35.2549 10.0837
      vertex -26.7419 36.9253 15
      vertex -30.6748 34.0678 15
    endloop
  endfacet
  facet normal 0.559311 -0.769824 -0.307477
    outer loop
      vertex -26.7419 36.9253 15
      vertex -31.7437 35.2549 10.0837
      vertex -23.7201 41.0844 10.0837
    endloop
  endfacet
  facet normal -0.122853 -0.169092 -0.977914
    outer loop
      vertex 7.49366 12.9794 46.1262
      vertex 3.39224 3.76747 48.2343
      vertex 2.53481 4.39043 48.2343
    endloop
  endfacet
  facet normal -0.122654 -0.577006 -0.807478
    outer loop
      vertex 3.39224 32.2751 36.0425
      vertex 7.49366 23.0631 42.0022
      vertex 2.53481 24.1172 42.0022
    endloop
  endfacet
  facet normal 0.303001 -0.680471 -0.667195
    outer loop
      vertex -10.1935 30.9181 35.9129
      vertex -10.0285 30.8645 36.0425
      vertex -10.2277 30.7758 36.0425
    endloop
  endfacet
  facet normal 0.122849 -0.169094 -0.977914
    outer loop
      vertex -7.49366 12.9794 46.1262
      vertex -3.39224 3.76747 48.2343
      vertex -10.0285 11.1378 46.1262
    endloop
  endfacet
  facet normal -0.240179 -0.330524 -0.912726
    outer loop
      vertex 7.84073 13.1798 45.9623
      vertex 7.81747 12.7441 46.1262
      vertex 7.49366 12.9794 46.1262
    endloop
  endfacet
  facet normal -0.12288 -0.169103 -0.977908
    outer loop
      vertex 7.46463 8.29031 46.9407
      vertex 7.49366 12.9794 46.1262
      vertex 7.81747 12.7441 46.1262
    endloop
  endfacet
  facet normal -0.122827 -0.169104 -0.977915
    outer loop
      vertex 7.49366 12.9794 46.1262
      vertex 7.46463 8.29031 46.9407
      vertex 3.39224 3.76747 48.2343
    endloop
  endfacet
  facet normal 0.181008 0.104505 -0.977914
    outer loop
      vertex -4.10142 -2.97985 48.2343
      vertex -12.125 -8.80933 46.1262
      vertex -13.6916 -6.09589 46.1262
    endloop
  endfacet
  facet normal 0.388604 0.126265 -0.912713
    outer loop
      vertex -13.6916 -6.09589 46.1262
      vertex -22.1535 -9.86336 42.0022
      vertex -23.7201 -5.04186 42.0022
    endloop
  endfacet
  facet normal 0.239932 0.538897 -0.80748
    outer loop
      vertex -7.49366 -23.0631 42.0022
      vertex -10.0285 -30.8645 36.0425
      vertex -12.125 -21.0011 42.0022
    endloop
  endfacet
  facet normal 0.12267 0.577009 -0.807473
    outer loop
      vertex -3.39224 -32.2751 36.0425
      vertex -5.30237 -26.9901 39.5289
      vertex -3.9693 -27.3821 39.4513
    endloop
  endfacet
  facet normal 0.122054 0.576899 -0.807645
    outer loop
      vertex -3.39224 -32.2751 36.0425
      vertex -5.38017 -26.9672 39.5335
      vertex -5.30237 -26.9901 39.5289
    endloop
  endfacet
  facet normal 0.122759 0.577031 -0.807444
    outer loop
      vertex -5.38017 -26.9672 39.5335
      vertex -3.39224 -32.2751 36.0425
      vertex -7.49366 -23.0631 42.0022
    endloop
  endfacet
  facet normal 0.122638 0.577008 -0.807478
    outer loop
      vertex -3.9693 -27.3821 39.4513
      vertex -2.53481 -24.1172 42.0022
      vertex -3.39224 -32.2751 36.0425
    endloop
  endfacet
  facet normal 0.12309 0.576846 -0.807525
    outer loop
      vertex -4.03023 -27.3488 39.4658
      vertex -2.53481 -24.1172 42.0022
      vertex -3.9693 -27.3821 39.4513
    endloop
  endfacet
  facet normal 0.122642 0.577013 -0.807474
    outer loop
      vertex -5.08106 -26.7756 39.7158
      vertex -2.53481 -24.1172 42.0022
      vertex -4.03023 -27.3488 39.4658
    endloop
  endfacet
  facet normal 0.122596 0.576983 -0.807503
    outer loop
      vertex -7.49366 -23.0631 42.0022
      vertex -5.08106 -26.7756 39.7158
      vertex -5.09751 -26.7861 39.7058
    endloop
  endfacet
  facet normal 0.122568 0.576972 -0.807515
    outer loop
      vertex -7.49366 -23.0631 42.0022
      vertex -5.09751 -26.7861 39.7058
      vertex -5.38017 -26.9672 39.5335
    endloop
  endfacet
  facet normal 0.122654 0.577005 -0.807478
    outer loop
      vertex -5.08106 -26.7756 39.7158
      vertex -7.49366 -23.0631 42.0022
      vertex -2.53481 -24.1172 42.0022
    endloop
  endfacet
  facet normal 0 0.20901 -0.977913
    outer loop
      vertex 1.5666 -14.9052 46.1262
      vertex -0.529921 -5.04186 48.2343
      vertex 0.529921 -5.04186 48.2343
    endloop
  endfacet
  facet normal 0 0.20901 -0.977913
    outer loop
      vertex -0.529921 -5.04186 48.2343
      vertex 1.5666 -14.9052 46.1262
      vertex -1.5666 -14.9052 46.1262
    endloop
  endfacet
  facet normal -0.166178 0.373285 -0.912712
    outer loop
      vertex 5.94507 -18.297 44.2334
      vertex 4.63134 -14.2538 46.1262
      vertex 5.60821 -14.1314 45.9984
    endloop
  endfacet
  facet normal -0.166256 0.373263 -0.912707
    outer loop
      vertex 6.38854 -14.2854 45.7934
      vertex 7.49366 -12.9794 46.1262
      vertex 7.49366 -14.5035 45.5029
    endloop
  endfacet
  facet normal -0.166143 0.373181 -0.912761
    outer loop
      vertex 5.60821 -14.1314 45.9984
      vertex 7.49366 -12.9794 46.1262
      vertex 6.38854 -14.2854 45.7934
    endloop
  endfacet
  facet normal -0.166175 0.37323 -0.912735
    outer loop
      vertex 7.49366 -12.9794 46.1262
      vertex 5.60821 -14.1314 45.9984
      vertex 4.63134 -14.2538 46.1262
    endloop
  endfacet
  facet normal -0.240145 0.330583 -0.912713
    outer loop
      vertex 11.3742 -15.2199 44.2936
      vertex 10.0285 -11.1378 46.1262
      vertex 14.1554 -15.7211 43.3803
    endloop
  endfacet
  facet normal -0.240168 0.330575 -0.91271
    outer loop
      vertex 10.0285 -11.1378 46.1262
      vertex 11.3742 -15.2199 44.2936
      vertex 7.49366 -12.9794 46.1262
    endloop
  endfacet
  facet normal -0.240206 0.330517 -0.912721
    outer loop
      vertex 11.3742 -15.2199 44.2936
      vertex 8.48672 -14.6994 45.242
      vertex 7.49366 -12.9794 46.1262
    endloop
  endfacet
  facet normal -0.19878 0.0645883 -0.977914
    outer loop
      vertex 4.95885 -1.05404 48.2343
      vertex 13.6916 -6.09589 46.1262
      vertex 4.63134 -2.062 48.2343
    endloop
  endfacet
  facet normal -0.198789 0.0645888 -0.977912
    outer loop
      vertex 13.6916 -6.09589 46.1262
      vertex 7.7547 -1.64831 47.6268
      vertex 14.1728 -4.61487 46.1262
    endloop
  endfacet
  facet normal -0.198747 0.0646465 -0.977916
    outer loop
      vertex 7.7547 -1.64831 47.6268
      vertex 13.6916 -6.09589 46.1262
      vertex 4.95885 -1.05404 48.2343
    endloop
  endfacet
  facet normal -0.207843 -0.021928 -0.977916
    outer loop
      vertex 6.78556 0.557541 47.8571
      vertex 6.73099 0 47.8812
      vertex 5.06963 0 48.2343
    endloop
  endfacet
  facet normal -0.586671 0.0616514 -0.807475
    outer loop
      vertex 24.096 -1.46526 42.0022
      vertex 27.8467 -5.47474 38.971
      vertex 27.2188 -5.74456 39.4066
    endloop
  endfacet
  facet normal -0.586669 0.0616626 -0.807476
    outer loop
      vertex 27.8467 -5.47474 38.971
      vertex 24.6539 -0.539453 41.6676
      vertex 29.5279 -4.75228 37.8047
    endloop
  endfacet
  facet normal -0.586491 0.0626954 -0.807525
    outer loop
      vertex 23.7201 -5.04186 42.0022
      vertex 27.2188 -5.74456 39.4066
      vertex 27.1954 -5.78056 39.4208
    endloop
  endfacet
  facet normal -0.586632 0.0617263 -0.807498
    outer loop
      vertex 29.5279 -4.75228 37.8047
      vertex 24.6539 -0.539453 41.6676
      vertex 24.7226 -0.42552 41.6264
    endloop
  endfacet
  facet normal -0.586649 0.0616823 -0.807489
    outer loop
      vertex 27.8467 -5.47474 38.971
      vertex 24.096 -1.46526 42.0022
      vertex 24.6539 -0.539453 41.6676
    endloop
  endfacet
  facet normal -0.586665 0.0616584 -0.807479
    outer loop
      vertex 27.2188 -5.74456 39.4066
      vertex 23.7201 -5.04186 42.0022
      vertex 24.096 -1.46526 42.0022
    endloop
  endfacet
  facet normal 0.824045 0.475815 -0.307489
    outer loop
      vertex -39.0207 -23.2159 15.5904
      vertex -38.4052 -23.8072 16.3249
      vertex -38.8331 -23.6683 15.3931
    endloop
  endfacet
  facet normal 0.824033 0.475876 -0.307429
    outer loop
      vertex -38.0123 -24.0916 16.9378
      vertex -38.4052 -23.8072 16.3249
      vertex -39.0207 -23.2159 15.5904
    endloop
  endfacet
  facet normal 0.824477 0.47451 -0.308347
    outer loop
      vertex -38.4052 -23.8072 16.3249
      vertex -38.0123 -24.0916 16.9378
      vertex -38.3693 -23.8417 16.3678
    endloop
  endfacet
  facet normal 0.824179 0.475402 -0.30777
    outer loop
      vertex -38.3693 -23.8417 16.3678
      vertex -38.0123 -24.0916 16.9378
      vertex -38.1215 -24.0798 16.6636
    endloop
  endfacet
  facet normal 0.824189 0.475276 -0.307937
    outer loop
      vertex -39.5152 -22.7409 15
      vertex -38.0123 -24.0916 16.9378
      vertex -39.0207 -23.2159 15.5904
    endloop
  endfacet
  facet normal 0.824653 0.473373 -0.309622
    outer loop
      vertex -38.0123 -24.0916 16.9378
      vertex -39.5152 -22.7409 15
      vertex -43.3387 -19.2957 10.0837
    endloop
  endfacet
  facet normal 0.824057 0.475788 -0.3075
    outer loop
      vertex -38.3799 -27.8846 10.0837
      vertex -39.5152 -22.7409 15
      vertex -38.4593 -24.5697 15
    endloop
  endfacet
  facet normal 0.824069 0.475758 -0.307514
    outer loop
      vertex -37.4346 -26.3446 15
      vertex -38.4593 -24.5697 15
      vertex -37.5972 -25.8865 15.273
    endloop
  endfacet
  facet normal 0.825374 0.474911 -0.305314
    outer loop
      vertex -37.4346 -26.3446 15
      vertex -37.5972 -25.8865 15.273
      vertex -37.4773 -26.1953 15.1168
    endloop
  endfacet
  facet normal 0.824078 0.475763 -0.307482
    outer loop
      vertex -38.4593 -24.5697 15
      vertex -37.4346 -26.3446 15
      vertex -38.3799 -27.8846 10.0837
    endloop
  endfacet
  facet normal 0.824098 0.475731 -0.307476
    outer loop
      vertex -38.3799 -27.8846 10.0837
      vertex -37.4346 -26.3446 15
      vertex -37.0876 -26.9457 15
    endloop
  endfacet
  facet normal 0.824069 0.475776 -0.307484
    outer loop
      vertex -39.5152 -22.7409 15
      vertex -38.3799 -27.8846 10.0837
      vertex -43.3387 -19.2957 10.0837
    endloop
  endfacet
  facet normal 0.824044 0.475817 -0.307488
    outer loop
      vertex -38.4052 -23.8072 16.3249
      vertex -38.4593 -24.5697 15
      vertex -38.8331 -23.6683 15.3931
    endloop
  endfacet
  facet normal 0.824078 0.475774 -0.307465
    outer loop
      vertex -38.4593 -24.5697 15
      vertex -38.4052 -23.8072 16.3249
      vertex -37.5972 -25.8865 15.273
    endloop
  endfacet
  facet normal 0.707141 0.636717 -0.307478
    outer loop
      vertex -37.0876 -26.9457 15
      vertex -33.9277 -30.4551 15
      vertex -38.3799 -27.8846 10.0837
    endloop
  endfacet
  facet normal 0.70723 0.63661 -0.307494
    outer loop
      vertex -32.6428 -29.5994 19.7267
      vertex -32.9296 -30.2773 17.6636
      vertex -33.3733 -30.0597 17.0936
    endloop
  endfacet
  facet normal 0.707143 0.636699 -0.307511
    outer loop
      vertex -32.9296 -30.2773 17.6636
      vertex -32.6428 -29.5994 19.7267
      vertex -31.3232 -31.065 19.7267
    endloop
  endfacet
  facet normal 0.946339 -0.0994797 -0.307484
    outer loop
      vertex -45.3491 4.69651 15
      vertex -45.8428 0 15
      vertex -47.4402 0 10.0837
    endloop
  endfacet
  facet normal 0.946348 -0.0995272 -0.307442
    outer loop
      vertex -44.2488 0.553391 19.7267
      vertex -44.307 0 19.7267
      vertex -44.6679 0 18.6158
    endloop
  endfacet
  facet normal 0.946363 0.0993607 -0.307448
    outer loop
      vertex -43.7055 -5.72261 19.7267
      vertex -44.0876 -6.62753 18.2581
      vertex -44.1993 -6.1794 18.0591
    endloop
  endfacet
  facet normal 0.946328 0.0994865 -0.307517
    outer loop
      vertex -43.7055 -5.72261 19.7267
      vertex -43.5757 -8.67961 19.1695
      vertex -44.0876 -6.62753 18.2581
    endloop
  endfacet
  facet normal 0.94634 0.09948 -0.307479
    outer loop
      vertex -43.5757 -8.67961 19.1695
      vertex -43.7055 -5.72261 19.7267
      vertex -43.3387 -9.21193 19.7267
    endloop
  endfacet
  facet normal 0.946339 0.0994774 -0.307484
    outer loop
      vertex -45.4889 -3.36669 15
      vertex -47.4402 0 10.0837
      vertex -45.8428 0 15
    endloop
  endfacet
  facet normal 0.946331 0.0994834 -0.307507
    outer loop
      vertex -44.5457 -6.501 16.8889
      vertex -45.0293 -3.80455 16.273
      vertex -44.9088 -3.91932 16.6067
    endloop
  endfacet
  facet normal 0.946349 0.0994388 -0.307466
    outer loop
      vertex -44.1993 -6.1794 18.0591
      vertex -44.0328 -4.43758 19.1349
      vertex -43.7055 -5.72261 19.7267
    endloop
  endfacet
  facet normal 0.946333 0.0994657 -0.307507
    outer loop
      vertex -44.0328 -4.43758 19.1349
      vertex -44.1993 -6.1794 18.0591
      vertex -44.9088 -3.91932 16.6067
    endloop
  endfacet
  facet normal 0.946341 0.0994882 -0.307476
    outer loop
      vertex -44.5457 -6.501 16.8889
      vertex -44.9088 -3.91932 16.6067
      vertex -44.1993 -6.1794 18.0591
    endloop
  endfacet
  facet normal 0.94635 0.0995015 -0.307443
    outer loop
      vertex -45.0293 -3.80455 16.273
      vertex -44.5457 -6.501 16.8889
      vertex -45.4889 -3.36669 15
    endloop
  endfacet
  facet normal 0.946339 0.0994709 -0.307488
    outer loop
      vertex -45.4889 -3.36669 15
      vertex -44.5457 -6.501 16.8889
      vertex -47.4402 0 10.0837
    endloop
  endfacet
  facet normal 0.946346 0.0995423 -0.307441
    outer loop
      vertex -44.2157 -0.867987 19.7267
      vertex -44.6679 0 18.6158
      vertex -44.307 0 19.7267
    endloop
  endfacet
  facet normal 0.946308 0.0994919 -0.307574
    outer loop
      vertex -44.6679 0 18.6158
      vertex -44.7004 -0.454466 18.3688
      vertex -44.854 -0.323453 17.9386
    endloop
  endfacet
  facet normal 0.946335 0.0994532 -0.307506
    outer loop
      vertex -44.6679 0 18.6158
      vertex -44.2157 -0.867987 19.7267
      vertex -44.7004 -0.454466 18.3688
    endloop
  endfacet
  facet normal -0.945901 0.307347 -0.103964
    outer loop
      vertex 46.4035 -9.86336 10.0837
      vertex 47.4402 -10.0837 0
      vertex 43.3387 -19.2957 10.0837
    endloop
  endfacet
  facet normal -0.989133 0.103958 -0.103964
    outer loop
      vertex 48.5 0 0
      vertex 47.4402 -10.0837 0
      vertex 46.4035 -9.86336 10.0837
    endloop
  endfacet
  facet normal 0.206785 0.972848 -0.103955
    outer loop
      vertex -14.6598 -45.1183 10.0837
      vertex -4.95885 -47.1803 10.0837
      vertex -14.9873 -46.1262 0
    endloop
  endfacet
  facet normal 0.197832 0.930758 -0.307493
    outer loop
      vertex -4.95885 -47.1803 10.0837
      vertex -9.54701 -44.5809 15
      vertex -4.79187 -45.5916 15
    endloop
  endfacet
  facet normal 0.197839 0.930759 -0.307487
    outer loop
      vertex -9.54701 -44.5809 15
      vertex -4.95885 -47.1803 10.0837
      vertex -14.6598 -45.1183 10.0837
    endloop
  endfacet
  facet normal 0.197854 0.930752 -0.307498
    outer loop
      vertex -9.14773 -44.5389 15.3839
      vertex -4.72739 -44.9781 16.8987
      vertex -4.99639 -45.0867 16.3969
    endloop
  endfacet
  facet normal 0.197806 0.930824 -0.307309
    outer loop
      vertex -8.8292 -44.67 15.192
      vertex -4.99639 -45.0867 16.3969
      vertex -5.16073 -45.153 16.0903
    endloop
  endfacet
  facet normal 0.197856 0.93075 -0.307502
    outer loop
      vertex -4.72739 -44.9781 16.8987
      vertex -9.14773 -44.5389 15.3839
      vertex -4.63134 -44.0642 19.7267
    endloop
  endfacet
  facet normal 0.197848 0.930764 -0.307465
    outer loop
      vertex -4.99639 -45.0867 16.3969
      vertex -8.8292 -44.67 15.192
      vertex -9.14773 -44.5389 15.3839
    endloop
  endfacet
  facet normal 0.197831 0.930759 -0.307491
    outer loop
      vertex -9.14773 -44.5389 15.3839
      vertex -8.8292 -44.67 15.192
      vertex -9.38201 -44.5972 15.0567
    endloop
  endfacet
  facet normal 0.739116 0.665507 -0.103963
    outer loop
      vertex -38.3799 -27.8846 10.0837
      vertex -32.4528 -36.0425 0
      vertex -39.2373 -28.5076 0
    endloop
  endfacet
  facet normal -0.644469 0.580268 -0.497945
    outer loop
      vertex 31.7437 -23.0631 28.5076
      vertex 33.9277 -24.6499 23.8318
      vertex 31.0602 -26.2787 25.645
    endloop
  endfacet
  facet normal -0.644471 0.580286 -0.497921
    outer loop
      vertex 30.0067 -31.2348 21.2328
      vertex 33.8077 -28.3057 19.7267
      vertex 29.6471 -32.9265 19.7267
    endloop
  endfacet
  facet normal -0.751014 0.433598 -0.497966
    outer loop
      vertex 35.9807 -22.8522 22.3007
      vertex 36.4947 -20.3201 23.7303
      vertex 38.7492 -19.0185 21.4635
    endloop
  endfacet
  facet normal -0.751208 0.433514 -0.497747
    outer loop
      vertex 36.4947 -20.3201 23.7303
      vertex 35.9807 -22.8522 22.3007
      vertex 36.2593 -20.6303 23.8154
    endloop
  endfacet
  facet normal -0.750958 0.433655 -0.498001
    outer loop
      vertex 35.9807 -22.8522 22.3007
      vertex 35.9504 -20.8253 24.1114
      vertex 36.2593 -20.6303 23.8154
    endloop
  endfacet
  facet normal -0.751032 0.433599 -0.497939
    outer loop
      vertex 35.6079 -23.3685 22.4134
      vertex 35.9504 -20.8253 24.1114
      vertex 35.9807 -22.8522 22.3007
    endloop
  endfacet
  facet normal -0.751034 0.433598 -0.497937
    outer loop
      vertex 35.9504 -20.8253 24.1114
      vertex 35.6079 -23.3685 22.4134
      vertex 33.9277 -24.6499 23.8318
    endloop
  endfacet
  facet normal -0.751036 0.433607 -0.497926
    outer loop
      vertex 32.3785 -23.0808 27.5347
      vertex 31.7437 -23.0631 28.5076
      vertex 32.6936 -22.5147 27.5524
    endloop
  endfacet
  facet normal -0.751028 0.433596 -0.497947
    outer loop
      vertex 35.9504 -20.8253 24.1114
      vertex 33.9277 -24.6499 23.8318
      vertex 32.3785 -23.0808 27.5347
    endloop
  endfacet
  facet normal -0.751059 0.43355 -0.49794
    outer loop
      vertex 32.3785 -23.0808 27.5347
      vertex 33.9277 -24.6499 23.8318
      vertex 31.7437 -23.0631 28.5076
    endloop
  endfacet
  facet normal -0.387113 0.869312 -0.307312
    outer loop
      vertex 19.6023 -40.3125 17.449
      vertex 18.091 -41.2904 16.5865
      vertex 17.0203 -41.7644 16.5944
    endloop
  endfacet
  facet normal -0.387033 0.86929 -0.307476
    outer loop
      vertex 20.2125 -40.0476 17.4297
      vertex 19.7039 -40.5765 16.5746
      vertex 18.091 -41.2904 16.5865
    endloop
  endfacet
  facet normal -0.386995 0.869305 -0.30748
    outer loop
      vertex 14.0438 -43.2224 16.2188
      vertex 14.4164 -42.4739 17.866
      vertex 15.1537 -42.2434 17.5897
    endloop
  endfacet
  facet normal -0.386842 0.869326 -0.307612
    outer loop
      vertex 19.7039 -40.5765 16.5746
      vertex 20.2125 -40.0476 17.4297
      vertex 20.35 -39.9948 17.406
    endloop
  endfacet
  facet normal -0.387106 0.869311 -0.307324
    outer loop
      vertex 20.2125 -40.0476 17.4297
      vertex 18.091 -41.2904 16.5865
      vertex 19.6023 -40.3125 17.449
    endloop
  endfacet
  facet normal -0.387034 0.869281 -0.307497
    outer loop
      vertex 19.6023 -40.3125 17.449
      vertex 17.0203 -41.7644 16.5944
      vertex 15.1537 -42.2434 17.5897
    endloop
  endfacet
  facet normal -0.387013 0.86931 -0.307443
    outer loop
      vertex 16.4632 -42.5763 15
      vertex 15.1537 -42.2434 17.5897
      vertex 17.0203 -41.7644 16.5944
    endloop
  endfacet
  facet normal -0.387055 0.869286 -0.307458
    outer loop
      vertex 14.4164 -42.4739 17.866
      vertex 14.0438 -43.2224 16.2188
      vertex 13.8574 -42.6487 18.0755
    endloop
  endfacet
  facet normal -0.387017 0.869309 -0.307441
    outer loop
      vertex 16.4632 -42.5763 15
      vertex 17.0203 -41.7644 16.5944
      vertex 18.7171 -41.4651 15.3047
    endloop
  endfacet
  facet normal -0.387028 0.869301 -0.30745
    outer loop
      vertex 15.1537 -42.2434 17.5897
      vertex 16.4632 -42.5763 15
      vertex 14.0438 -43.2224 16.2188
    endloop
  endfacet
  facet normal -0.387067 0.869273 -0.307478
    outer loop
      vertex 16.4632 -42.5763 15
      vertex 14.6598 -45.1183 10.0837
      vertex 14.1662 -43.5991 15
    endloop
  endfacet
  facet normal -0.386999 0.869291 -0.307513
    outer loop
      vertex 14.6598 -45.1183 10.0837
      vertex 16.4632 -42.5763 15
      vertex 18.7171 -41.4651 15.3047
    endloop
  endfacet
  facet normal -0.387194 0.869263 -0.307348
    outer loop
      vertex 22.1535 -38.3709 19.7267
      vertex 21.9462 -38.5575 19.4601
      vertex 21.6679 -38.5872 19.7267
    endloop
  endfacet
  facet normal 0.154823 0.728703 -0.6671
    outer loop
      vertex -4.20478 -36.6784 31.044
      vertex -3.39224 -32.2751 36.0425
      vertex -3.83405 -36.4785 31.3484
    endloop
  endfacet
  facet normal 0.15489 0.72869 -0.667099
    outer loop
      vertex -3.39224 -32.2751 36.0425
      vertex -4.20478 -36.6784 31.044
      vertex -10.0285 -30.8645 36.0425
    endloop
  endfacet
  facet normal 0.155119 0.728784 -0.666942
    outer loop
      vertex -4.40827 -36.7881 30.8768
      vertex -10.0285 -30.8645 36.0425
      vertex -4.20478 -36.6784 31.044
    endloop
  endfacet
  facet normal 0.154843 0.728679 -0.667121
    outer loop
      vertex -10.0285 -30.8645 36.0425
      vertex -4.40827 -36.7881 30.8768
      vertex -5.16002 -37.5653 29.8534
    endloop
  endfacet
  facet normal 0.180311 0.848259 -0.497941
    outer loop
      vertex -8.60157 -40.4846 24.3872
      vertex -12.125 -37.3169 28.5076
      vertex -6.14851 -38.5873 28.5076
    endloop
  endfacet
  facet normal 0.180318 0.84826 -0.497936
    outer loop
      vertex -10.2426 -41.0178 22.8846
      vertex -12.125 -37.3169 28.5076
      vertex -8.60157 -40.4846 24.3872
    endloop
  endfacet
  facet normal 0.180298 0.84826 -0.497943
    outer loop
      vertex -12.125 -37.3169 28.5076
      vertex -10.2426 -41.0178 22.8846
      vertex -13.3005 -40.9349 21.9186
    endloop
  endfacet
  facet normal 0.180302 0.848273 -0.49792
    outer loop
      vertex -4.55793 -43.3658 20.9431
      vertex -4.63134 -44.0642 19.7267
      vertex -6.94654 -43.5721 19.7267
    endloop
  endfacet
  facet normal 0.180283 0.848306 -0.49787
    outer loop
      vertex -10.2426 -41.0178 22.8846
      vertex -8.97986 -40.7772 23.7518
      vertex -9.32319 -41.0427 23.1751
    endloop
  endfacet
  facet normal 0.180385 0.848212 -0.497993
    outer loop
      vertex -8.97986 -40.7772 23.7518
      vertex -10.2426 -41.0178 22.8846
      vertex -8.60157 -40.4846 24.3872
    endloop
  endfacet
  facet normal -0.437924 -0.602665 -0.667096
    outer loop
      vertex 21.7152 24.1172 36.0425
      vertex 22.282 26.1681 33.8176
      vertex 23.1258 25.6838 33.7012
    endloop
  endfacet
  facet normal -0.437688 -0.602783 -0.667144
    outer loop
      vertex 22.282 26.1681 33.8176
      vertex 21.7152 24.1172 36.0425
      vertex 21.8993 26.1694 34.0675
    endloop
  endfacet
  facet normal -0.437952 -0.602682 -0.667063
    outer loop
      vertex 21.8993 26.1694 34.0675
      vertex 21.7152 24.1172 36.0425
      vertex 21.2785 26.1717 34.473
    endloop
  endfacet
  facet normal -0.166196 -0.373278 -0.912712
    outer loop
      vertex 7.49366 23.0631 42.0022
      vertex 7.49366 12.9794 46.1262
      vertex 4.63134 14.2538 46.1262
    endloop
  endfacet
  facet normal -0.166115 -0.373273 -0.912728
    outer loop
      vertex 7.49366 23.0631 42.0022
      vertex 9.32214 16.1464 44.4981
      vertex 8.78512 15.9631 44.6708
    endloop
  endfacet
  facet normal -0.166268 -0.373288 -0.912694
    outer loop
      vertex 7.49366 23.0631 42.0022
      vertex 8.78512 15.9631 44.6708
      vertex 7.96295 15.6826 44.9353
    endloop
  endfacet
  facet normal -0.16609 -0.373272 -0.912733
    outer loop
      vertex 7.49366 12.9794 46.1262
      vertex 7.96295 15.6826 44.9353
      vertex 7.86431 13.6214 45.7962
    endloop
  endfacet
  facet normal -0.166198 -0.373287 -0.912707
    outer loop
      vertex 9.32214 16.1464 44.4981
      vertex 7.49366 23.0631 42.0022
      vertex 12.125 21.0011 42.0022
    endloop
  endfacet
  facet normal -0.166008 -0.37329 -0.912741
    outer loop
      vertex 7.49366 23.0631 42.0022
      vertex 7.96295 15.6826 44.9353
      vertex 7.49366 12.9794 46.1262
    endloop
  endfacet
  facet normal 0.122648 -0.577005 -0.80748
    outer loop
      vertex -3.39224 32.2751 36.0425
      vertex -7.49366 23.0631 42.0022
      vertex -10.0285 30.8645 36.0425
    endloop
  endfacet
  facet normal 0.154903 -0.728692 -0.667093
    outer loop
      vertex -4.10142 39.0224 28.5076
      vertex -10.1307 31.1791 35.6751
      vertex -8.62822 36.7086 29.9839
    endloop
  endfacet
  facet normal 0.154896 -0.728683 -0.667104
    outer loop
      vertex -4.10142 39.0224 28.5076
      vertex -8.62822 36.7086 29.9839
      vertex -8.40035 37.5472 29.1208
    endloop
  endfacet
  facet normal 0.154936 -0.728701 -0.667076
    outer loop
      vertex -10.1307 31.1791 35.6751
      vertex -4.10142 39.0224 28.5076
      vertex -10.0285 30.8645 36.0425
    endloop
  endfacet
  facet normal 0.154883 -0.728659 -0.667133
    outer loop
      vertex -4.10142 39.0224 28.5076
      vertex -8.40035 37.5472 29.1208
      vertex -8.32048 38.1256 28.5076
    endloop
  endfacet
  facet normal 0.404531 -0.908597 -0.103956
    outer loop
      vertex -14.9873 46.1262 0
      vertex -14.6598 45.1183 10.0837
      vertex -24.25 42.0022 0
    endloop
  endfacet
  facet normal -0.197832 -0.930762 -0.30748
    outer loop
      vertex 14.6598 45.1183 10.0837
      vertex 14.1662 43.5991 15
      vertex 9.54701 44.5809 15
    endloop
  endfacet
  facet normal -0.19779 -0.930781 -0.307452
    outer loop
      vertex 5.74059 44.1808 18.6601
      vertex 5.77205 43.8218 19.7267
      vertex 4.63134 44.0642 19.7267
    endloop
  endfacet
  facet normal 0.346717 -0.47725 -0.807477
    outer loop
      vertex -15.6107 18.4686 42.0022
      vertex -16.2264 18.0213 42.0022
      vertex -16.6659 18.5094 41.525
    endloop
  endfacet
  facet normal 0.240173 -0.330567 -0.912711
    outer loop
      vertex -7.49366 12.9794 46.1262
      vertex -12.0739 18.1413 43.0514
      vertex -11.8603 20.5426 42.2379
    endloop
  endfacet
  facet normal 0.239988 -0.330726 -0.912703
    outer loop
      vertex -7.49366 12.9794 46.1262
      vertex -12.5953 18.1896 42.8968
      vertex -12.0739 18.1413 43.0514
    endloop
  endfacet
  facet normal 0.240188 -0.33054 -0.912718
    outer loop
      vertex -16.2264 18.0213 42.0022
      vertex -12.5953 18.1896 42.8968
      vertex -7.49366 12.9794 46.1262
    endloop
  endfacet
  facet normal 0.240185 -0.33061 -0.912693
    outer loop
      vertex -12.5953 18.1896 42.8968
      vertex -16.2264 18.0213 42.0022
      vertex -15.6107 18.4686 42.0022
    endloop
  endfacet
  facet normal 0.553617 -0.498478 -0.667104
    outer loop
      vertex -26.2549 23.321 32.87
      vertex -24.1964 21.3615 36.0425
      vertex -26.2549 19.0753 36.0425
    endloop
  endfacet
  facet normal 0.207866 -0.021843 -0.977913
    outer loop
      vertex -14.4433 3.0457 46.1738
      vertex -5.06963 0 48.2343
      vertex -14.9393 0 46.1364
    endloop
  endfacet
  facet normal -0.0434536 0.204443 -0.977914
    outer loop
      vertex 1.5666 -4.8215 48.2343
      vertex 4.63134 -14.2538 46.1262
      vertex 1.5666 -14.9052 46.1262
    endloop
  endfacet
  facet normal 0.707141 -0.636717 -0.307478
    outer loop
      vertex -33.9277 30.4551 15
      vertex -37.0876 26.9457 15
      vertex -38.3799 27.8846 10.0837
    endloop
  endfacet
  facet normal 0.15489 -0.728689 -0.667099
    outer loop
      vertex -4.10142 39.0224 28.5076
      vertex -3.39224 32.2751 36.0425
      vertex -10.0285 30.8645 36.0425
    endloop
  endfacet
  facet normal 0.197832 -0.930762 -0.30748
    outer loop
      vertex -9.54701 44.5809 15
      vertex -14.1662 43.5991 15
      vertex -14.6598 45.1183 10.0837
    endloop
  endfacet
  facet normal 0.197834 -0.93076 -0.307485
    outer loop
      vertex -6.7005 44.2091 17.9568
      vertex -4.63134 44.0642 19.7267
      vertex -6.99595 43.5616 19.7267
    endloop
  endfacet
  facet normal 0.197986 -0.930672 -0.307655
    outer loop
      vertex -4.63134 44.0642 19.7267
      vertex -6.7005 44.2091 17.9568
      vertex -6.6689 44.2784 17.7675
    endloop
  endfacet
  facet normal 0.0849498 -0.399676 -0.912712
    outer loop
      vertex -1.5666 14.9052 46.1262
      vertex -4.63134 14.2538 46.1262
      vertex -7.49366 23.0631 42.0022
    endloop
  endfacet
  facet normal 0.0849579 -0.399671 -0.912713
    outer loop
      vertex -2.53481 24.1172 42.0022
      vertex -1.5666 14.9052 46.1262
      vertex -7.49366 23.0631 42.0022
    endloop
  endfacet
  facet normal 0 -0.20901 -0.977913
    outer loop
      vertex -0.529921 5.04186 48.2343
      vertex 1.5666 14.9052 46.1262
      vertex 0.529921 5.04186 48.2343
    endloop
  endfacet
  facet normal -0 -0.20901 -0.977913
    outer loop
      vertex 1.5666 14.9052 46.1262
      vertex -0.529921 5.04186 48.2343
      vertex -1.5666 14.9052 46.1262
    endloop
  endfacet
  facet normal 0.181008 0.104505 -0.977914
    outer loop
      vertex -4.63134 -2.062 48.2343
      vertex -4.10142 -2.97985 48.2343
      vertex -13.6916 -6.09589 46.1262
    endloop
  endfacet
  facet normal 0.198781 0.0645869 -0.977913
    outer loop
      vertex -4.95885 -1.05404 48.2343
      vertex -13.6916 -6.09589 46.1262
      vertex -14.6598 -3.11604 46.1262
    endloop
  endfacet
  facet normal 0.0849498 0.399676 -0.912712
    outer loop
      vertex -4.63134 -14.2538 46.1262
      vertex -1.5666 -14.9052 46.1262
      vertex -7.49366 -23.0631 42.0022
    endloop
  endfacet
  facet normal 0.166196 0.373278 -0.912712
    outer loop
      vertex -7.49366 -12.9794 46.1262
      vertex -4.63134 -14.2538 46.1262
      vertex -7.49366 -23.0631 42.0022
    endloop
  endfacet
  facet normal 0 0 -1
    outer loop
      vertex 4.95885 -1.05404 48.2343
      vertex 4.95885 1.05404 48.2343
      vertex 5.06963 0 48.2343
    endloop
  endfacet
  facet normal 0 0 -1
    outer loop
      vertex 4.63134 -2.062 48.2343
      vertex 4.95885 1.05404 48.2343
      vertex 4.95885 -1.05404 48.2343
    endloop
  endfacet
  facet normal 0 0 -1
    outer loop
      vertex 4.63134 -2.062 48.2343
      vertex 4.63134 2.062 48.2343
      vertex 4.95885 1.05404 48.2343
    endloop
  endfacet
  facet normal 0 0 -1
    outer loop
      vertex 4.10142 -2.97985 48.2343
      vertex 4.63134 2.062 48.2343
      vertex 4.63134 -2.062 48.2343
    endloop
  endfacet
  facet normal 0 0 -1
    outer loop
      vertex 4.10142 -2.97985 48.2343
      vertex 4.10142 2.97985 48.2343
      vertex 4.63134 2.062 48.2343
    endloop
  endfacet
  facet normal 0 0 -1
    outer loop
      vertex 3.39224 -3.76747 48.2343
      vertex 4.10142 2.97985 48.2343
      vertex 4.10142 -2.97985 48.2343
    endloop
  endfacet
  facet normal 0 0 -1
    outer loop
      vertex 3.39224 -3.76747 48.2343
      vertex 3.39224 3.76747 48.2343
      vertex 4.10142 2.97985 48.2343
    endloop
  endfacet
  facet normal 0 0 -1
    outer loop
      vertex 2.53481 -4.39043 48.2343
      vertex 3.39224 3.76747 48.2343
      vertex 3.39224 -3.76747 48.2343
    endloop
  endfacet
  facet normal 0 0 -1
    outer loop
      vertex 2.53481 -4.39043 48.2343
      vertex 2.53481 4.39043 48.2343
      vertex 3.39224 3.76747 48.2343
    endloop
  endfacet
  facet normal 0 0 -1
    outer loop
      vertex 1.5666 -4.8215 48.2343
      vertex 2.53481 4.39043 48.2343
      vertex 2.53481 -4.39043 48.2343
    endloop
  endfacet
  facet normal 0 0 -1
    outer loop
      vertex 1.5666 -4.8215 48.2343
      vertex 1.5666 4.8215 48.2343
      vertex 2.53481 4.39043 48.2343
    endloop
  endfacet
  facet normal 0 0 -1
    outer loop
      vertex 0.529921 -5.04186 48.2343
      vertex 1.5666 4.8215 48.2343
      vertex 1.5666 -4.8215 48.2343
    endloop
  endfacet
  facet normal 0 0 -1
    outer loop
      vertex 0.529921 -5.04186 48.2343
      vertex 0.529921 5.04186 48.2343
      vertex 1.5666 4.8215 48.2343
    endloop
  endfacet
  facet normal 0 0 -1
    outer loop
      vertex -0.529921 -5.04186 48.2343
      vertex 0.529921 5.04186 48.2343
      vertex 0.529921 -5.04186 48.2343
    endloop
  endfacet
  facet normal 0 0 -1
    outer loop
      vertex -0.529921 -5.04186 48.2343
      vertex -0.529921 5.04186 48.2343
      vertex 0.529921 5.04186 48.2343
    endloop
  endfacet
  facet normal 0 0 -1
    outer loop
      vertex -1.5666 -4.8215 48.2343
      vertex -0.529921 5.04186 48.2343
      vertex -0.529921 -5.04186 48.2343
    endloop
  endfacet
  facet normal 0 0 -1
    outer loop
      vertex -1.5666 -4.8215 48.2343
      vertex -1.5666 4.8215 48.2343
      vertex -0.529921 5.04186 48.2343
    endloop
  endfacet
  facet normal 0 0 -1
    outer loop
      vertex -2.53481 -4.39043 48.2343
      vertex -1.5666 4.8215 48.2343
      vertex -1.5666 -4.8215 48.2343
    endloop
  endfacet
  facet normal 0 0 -1
    outer loop
      vertex -2.53481 -4.39043 48.2343
      vertex -2.53481 4.39043 48.2343
      vertex -1.5666 4.8215 48.2343
    endloop
  endfacet
  facet normal 0 0 -1
    outer loop
      vertex -3.39224 -3.76747 48.2343
      vertex -2.53481 4.39043 48.2343
      vertex -2.53481 -4.39043 48.2343
    endloop
  endfacet
  facet normal 0 0 -1
    outer loop
      vertex -3.39224 -3.76747 48.2343
      vertex -3.39224 3.76747 48.2343
      vertex -2.53481 4.39043 48.2343
    endloop
  endfacet
  facet normal 0 0 -1
    outer loop
      vertex -4.10142 -2.97985 48.2343
      vertex -3.39224 3.76747 48.2343
      vertex -3.39224 -3.76747 48.2343
    endloop
  endfacet
  facet normal 0 0 -1
    outer loop
      vertex -4.10142 -2.97985 48.2343
      vertex -4.10142 2.97985 48.2343
      vertex -3.39224 3.76747 48.2343
    endloop
  endfacet
  facet normal 0 0 -1
    outer loop
      vertex -4.63134 -2.062 48.2343
      vertex -4.10142 2.97985 48.2343
      vertex -4.10142 -2.97985 48.2343
    endloop
  endfacet
  facet normal 0 0 -1
    outer loop
      vertex -4.63134 -2.062 48.2343
      vertex -4.63134 2.062 48.2343
      vertex -4.10142 2.97985 48.2343
    endloop
  endfacet
  facet normal 0 0 -1
    outer loop
      vertex -4.95885 -1.05404 48.2343
      vertex -4.63134 2.062 48.2343
      vertex -4.63134 -2.062 48.2343
    endloop
  endfacet
  facet normal 0 0 -1
    outer loop
      vertex -4.95885 -1.05404 48.2343
      vertex -4.95885 1.05404 48.2343
      vertex -4.63134 2.062 48.2343
    endloop
  endfacet
  facet normal 0 -0 -1
    outer loop
      vertex -4.95885 1.05404 48.2343
      vertex -4.95885 -1.05404 48.2343
      vertex -5.06963 0 48.2343
    endloop
  endfacet
  facet normal -0.438435 0.394686 -0.807464
    outer loop
      vertex 19.6187 -14.2538 42.0022
      vertex 20.764 -16.3132 40.3737
      vertex 20.1576 -16.5844 40.5704
    endloop
  endfacet
  facet normal -0.438367 0.394734 -0.807477
    outer loop
      vertex 20.764 -16.3132 40.3737
      vertex 19.6187 -14.2538 42.0022
      vertex 21.8095 -15.8456 40.0347
    endloop
  endfacet
  facet normal -0.438362 0.394717 -0.807488
    outer loop
      vertex 19.6187 -14.2538 42.0022
      vertex 20.1576 -16.5844 40.5704
      vertex 17.7584 -16.3198 42.0022
    endloop
  endfacet
  facet normal -0.303675 0.27344 -0.912695
    outer loop
      vertex 15.286 -15.909 42.9479
      vertex 19.6187 -14.2538 42.0022
      vertex 17.7584 -16.3198 42.0022
    endloop
  endfacet
  facet normal -0.303661 0.273393 -0.912713
    outer loop
      vertex 19.6187 -14.2538 42.0022
      vertex 15.286 -15.909 42.9479
      vertex 12.125 -8.80933 46.1262
    endloop
  endfacet
  facet normal -0.207808 0.022039 -0.977921
    outer loop
      vertex 5.06963 0 48.2343
      vertex 6.69778 -0.320333 47.8811
      vertex 6.67684 -0.522215 47.881
    endloop
  endfacet
  facet normal -0.207843 0.0218531 -0.977918
    outer loop
      vertex 6.69778 -0.320333 47.8811
      vertex 5.06963 0 48.2343
      vertex 6.73099 0 47.8812
    endloop
  endfacet
  facet normal -0.198787 -0.0646014 -0.977911
    outer loop
      vertex 6.94214 2.19909 47.7555
      vertex 6.87401 1.46112 47.8181
      vertex 4.95885 1.05404 48.2343
    endloop
  endfacet
  facet normal -0.207869 -0.0218471 -0.977913
    outer loop
      vertex 4.95885 1.05404 48.2343
      vertex 6.78556 0.557541 47.8571
      vertex 5.06963 0 48.2343
    endloop
  endfacet
  facet normal -0.207872 -0.0218601 -0.977912
    outer loop
      vertex 6.78556 0.557541 47.8571
      vertex 4.95885 1.05404 48.2343
      vertex 6.87401 1.46112 47.8181
    endloop
  endfacet
  facet normal 0.86133 0.497294 -0.103966
    outer loop
      vertex -43.3387 -19.2957 10.0837
      vertex -39.2373 -28.5076 0
      vertex -44.307 -19.7267 0
    endloop
  endfacet
  facet normal -0.559301 0.769828 -0.307486
    outer loop
      vertex 26.7419 -36.9253 15
      vertex 23.7201 -41.0844 10.0837
      vertex 22.9214 -39.701 15
    endloop
  endfacet
  facet normal -0.559285 0.769756 -0.307694
    outer loop
      vertex 29.6471 -32.9265 19.7267
      vertex 29.561 -33.0451 19.5865
      vertex 29.0484 -33.3615 19.7267
    endloop
  endfacet
  facet normal -0.559309 0.769825 -0.307479
    outer loop
      vertex 22.8731 -38.3535 18.4613
      vertex 22.1535 -38.3709 19.7267
      vertex 25.0362 -36.2765 19.7267
    endloop
  endfacet
  facet normal -0.559488 0.769653 -0.307583
    outer loop
      vertex 22.1535 -38.3709 19.7267
      vertex 22.8731 -38.3535 18.4613
      vertex 22.243 -38.526 19.1758
    endloop
  endfacet
  facet normal -0.559266 0.769826 -0.307554
    outer loop
      vertex 25.0362 -36.2765 19.7267
      vertex 23.5568 -37.9896 18.1289
      vertex 22.8731 -38.3535 18.4613
    endloop
  endfacet
  facet normal -0.55931 0.769815 -0.307501
    outer loop
      vertex 27.5411 -35.4128 17.3328
      vertex 23.5568 -37.9896 18.1289
      vertex 25.0362 -36.2765 19.7267
    endloop
  endfacet
  facet normal -0.55924 0.769865 -0.307503
    outer loop
      vertex 27.4895 -35.8962 16.2164
      vertex 27.5411 -35.4128 17.3328
      vertex 27.9409 -35.275 16.9507
    endloop
  endfacet
  facet normal -0.559311 0.769822 -0.307481
    outer loop
      vertex 27.5411 -35.4128 17.3328
      vertex 27.4895 -35.8962 16.2164
      vertex 23.5568 -37.9896 18.1289
    endloop
  endfacet
  facet normal -0.559324 0.769842 -0.307408
    outer loop
      vertex 24.5437 -37.9375 16.4641
      vertex 22.6691 -39.2641 16.5527
      vertex 22.5934 -39.1329 17.019
    endloop
  endfacet
  facet normal -0.559298 0.769793 -0.307578
    outer loop
      vertex 22.6691 -39.2641 16.5527
      vertex 24.5437 -37.9375 16.4641
      vertex 25.1089 -37.5911 16.3033
    endloop
  endfacet
  facet normal -0.352717 0.792242 -0.49794
    outer loop
      vertex 18.1337 -38.3384 22.626
      vertex 17.297 -37.176 25.0681
      vertex 20.9528 -36.2913 23.8861
    endloop
  endfacet
  facet normal -0.352704 0.792248 -0.497939
    outer loop
      vertex 17.297 -37.176 25.0681
      vertex 18.1337 -38.3384 22.626
      vertex 16.0465 -38.8971 23.2155
    endloop
  endfacet
  facet normal -0.353201 0.792472 -0.497229
    outer loop
      vertex 20.9528 -36.2913 23.8861
      vertex 18.1575 -38.3458 22.5973
      vertex 18.1337 -38.3384 22.626
    endloop
  endfacet
  facet normal -0.352612 0.792202 -0.498078
    outer loop
      vertex 20.9528 -36.2913 23.8861
      vertex 18.3795 -38.4158 22.3288
      vertex 18.1575 -38.3458 22.5973
    endloop
  endfacet
  facet normal -0.352726 0.792238 -0.497939
    outer loop
      vertex 20.9528 -36.2913 23.8861
      vertex 18.9109 -38.4435 21.9083
      vertex 18.3795 -38.4158 22.3288
    endloop
  endfacet
  facet normal -0.35286 0.792182 -0.497933
    outer loop
      vertex 21.6679 -38.5872 19.7267
      vertex 20.9528 -36.2913 23.8861
      vertex 22.1535 -38.3709 19.7267
    endloop
  endfacet
  facet normal -0.352725 0.792238 -0.49794
    outer loop
      vertex 20.9528 -36.2913 23.8861
      vertex 21.6679 -38.5872 19.7267
      vertex 18.9109 -38.4435 21.9083
    endloop
  endfacet
  facet normal 0 -0.589898 -0.807478
    outer loop
      vertex -2.53481 24.1172 42.0022
      vertex 3.39224 32.2751 36.0425
      vertex 2.53481 24.1172 42.0022
    endloop
  endfacet
  facet normal -0 -0.589898 -0.807478
    outer loop
      vertex 3.39224 32.2751 36.0425
      vertex -2.53481 24.1172 42.0022
      vertex -3.39224 32.2751 36.0425
    endloop
  endfacet
  facet normal 0.239962 -0.5389 -0.807468
    outer loop
      vertex -10.2277 30.7758 36.0425
      vertex -10.0285 30.8645 36.0425
      vertex -10.8227 27.128 38.3002
    endloop
  endfacet
  facet normal 0.122654 -0.577006 -0.807478
    outer loop
      vertex -3.39224 32.2751 36.0425
      vertex -2.53481 24.1172 42.0022
      vertex -7.49366 23.0631 42.0022
    endloop
  endfacet
  facet normal -0.206785 -0.972848 -0.103955
    outer loop
      vertex 14.9873 46.1262 0
      vertex 14.6598 45.1183 10.0837
      vertex 4.95885 47.1803 10.0837
    endloop
  endfacet
  facet normal -0.206788 -0.972847 -0.103959
    outer loop
      vertex 5.06963 48.2343 0
      vertex 14.9873 46.1262 0
      vertex 4.95885 47.1803 10.0837
    endloop
  endfacet
  facet normal 0 -0.744969 -0.667099
    outer loop
      vertex -4.10142 39.0224 28.5076
      vertex 3.39224 32.2751 36.0425
      vertex -3.39224 32.2751 36.0425
    endloop
  endfacet
  facet normal 0 -0.744969 -0.667099
    outer loop
      vertex 3.39224 32.2751 36.0425
      vertex -4.10142 39.0224 28.5076
      vertex 4.10142 39.0224 28.5076
    endloop
  endfacet
  facet normal 0 -0.867214 -0.497935
    outer loop
      vertex -4.63134 44.0642 19.7267
      vertex 4.10142 39.0224 28.5076
      vertex -4.10142 39.0224 28.5076
    endloop
  endfacet
  facet normal 0 -0.867214 -0.497935
    outer loop
      vertex 4.10142 39.0224 28.5076
      vertex -4.63134 44.0642 19.7267
      vertex 4.63134 44.0642 19.7267
    endloop
  endfacet
  facet normal 0.19878 -0.0645883 -0.977914
    outer loop
      vertex -4.63134 2.062 48.2343
      vertex -4.95885 1.05404 48.2343
      vertex -13.6916 6.09589 46.1262
    endloop
  endfacet
  facet normal 0.181008 -0.104505 -0.977914
    outer loop
      vertex -4.10142 2.97985 48.2343
      vertex -4.63134 2.062 48.2343
      vertex -13.6916 6.09589 46.1262
    endloop
  endfacet
  facet normal 0.239925 -0.538899 -0.80748
    outer loop
      vertex -7.49366 23.0631 42.0022
      vertex -10.8227 27.128 38.3002
      vertex -10.0285 30.8645 36.0425
    endloop
  endfacet
  facet normal 0.239927 -0.538898 -0.80748
    outer loop
      vertex -10.8227 27.128 38.3002
      vertex -7.49366 23.0631 42.0022
      vertex -11.7983 21.1466 42.0022
    endloop
  endfacet
  facet normal 0.166197 -0.373278 -0.912712
    outer loop
      vertex -11.8603 20.5426 42.2379
      vertex -7.49366 23.0631 42.0022
      vertex -7.49366 12.9794 46.1262
    endloop
  endfacet
  facet normal 0.166171 -0.373235 -0.912734
    outer loop
      vertex -7.49366 23.0631 42.0022
      vertex -11.8603 20.5426 42.2379
      vertex -11.7983 21.1466 42.0022
    endloop
  endfacet
  facet normal -0.181008 0.104505 -0.977914
    outer loop
      vertex 4.63134 -2.062 48.2343
      vertex 13.6916 -6.09589 46.1262
      vertex 4.10142 -2.97985 48.2343
    endloop
  endfacet
  facet normal -0.181008 0.104505 -0.977914
    outer loop
      vertex 13.6916 -6.09589 46.1262
      vertex 12.125 -8.80933 46.1262
      vertex 4.10142 -2.97985 48.2343
    endloop
  endfacet
  facet normal -0.388611 0.126211 -0.912717
    outer loop
      vertex 21.9625 -4.66827 42.8022
      vertex 23.7201 -5.04186 42.0022
      vertex 21.5316 -5.27187 42.9022
    endloop
  endfacet
  facet normal -0.388598 0.12626 -0.912716
    outer loop
      vertex 14.1728 -4.61487 46.1262
      vertex 16.6523 -5.78471 44.9087
      vertex 13.6916 -6.09589 46.1262
    endloop
  endfacet
  facet normal -0.388613 0.126268 -0.912708
    outer loop
      vertex 22.1535 -9.86336 42.0022
      vertex 21.5316 -5.27187 42.9022
      vertex 23.7201 -5.04186 42.0022
    endloop
  endfacet
  facet normal -0.388603 0.12627 -0.912712
    outer loop
      vertex 22.1535 -9.86336 42.0022
      vertex 20.0284 -7.37756 43.2509
      vertex 21.5316 -5.27187 42.9022
    endloop
  endfacet
  facet normal -0.388685 0.126189 -0.912689
    outer loop
      vertex 22.1535 -9.86336 42.0022
      vertex 19.4499 -7.10463 43.535
      vertex 20.0284 -7.37756 43.2509
    endloop
  endfacet
  facet normal -0.388591 0.126294 -0.912714
    outer loop
      vertex 13.6916 -6.09589 46.1262
      vertex 19.4499 -7.10463 43.535
      vertex 22.1535 -9.86336 42.0022
    endloop
  endfacet
  facet normal -0.388598 0.126262 -0.912716
    outer loop
      vertex 19.4499 -7.10463 43.535
      vertex 13.6916 -6.09589 46.1262
      vertex 16.6523 -5.78471 44.9087
    endloop
  endfacet
  facet normal 0.584602 0.804633 -0.103957
    outer loop
      vertex -31.7437 -35.2549 10.0837
      vertex -24.25 -42.0022 0
      vertex -32.4528 -36.0425 0
    endloop
  endfacet
  facet normal -0.302991 0.680578 -0.667091
    outer loop
      vertex 13.1928 -31.8926 33.5564
      vertex 10.5037 -32.3269 34.3347
      vertex 10.0285 -30.8645 36.0425
    endloop
  endfacet
  facet normal -0.352724 0.792241 -0.497936
    outer loop
      vertex 17.297 -37.176 25.0681
      vertex 12.9112 -39.7365 24.101
      vertex 12.4596 -38.3466 26.6323
    endloop
  endfacet
  facet normal -0.352732 0.792248 -0.49792
    outer loop
      vertex 12.9112 -39.7365 24.101
      vertex 17.297 -37.176 25.0681
      vertex 16.0465 -38.8971 23.2155
    endloop
  endfacet
  facet normal -0.559319 0.769814 -0.307488
    outer loop
      vertex 31.7437 -35.2549 10.0837
      vertex 26.7419 -36.9253 15
      vertex 30.6748 -34.0678 15
    endloop
  endfacet
  facet normal -0.559311 0.769824 -0.307477
    outer loop
      vertex 26.7419 -36.9253 15
      vertex 31.7437 -35.2549 10.0837
      vertex 23.7201 -41.0844 10.0837
    endloop
  endfacet
  facet normal -0.559519 0.769672 -0.307479
    outer loop
      vertex 29.6471 -32.9265 19.7267
      vertex 29.685 -32.9685 19.5526
      vertex 29.561 -33.0451 19.5865
    endloop
  endfacet
  facet normal -0.559478 0.76978 -0.307284
    outer loop
      vertex 28.0232 -35.2466 16.872
      vertex 27.4895 -35.8962 16.2164
      vertex 27.9409 -35.275 16.9507
    endloop
  endfacet
  facet normal -0.559321 0.769825 -0.307457
    outer loop
      vertex 28.0232 -35.2466 16.872
      vertex 28.0801 -35.5818 15.9292
      vertex 27.4895 -35.8962 16.2164
    endloop
  endfacet
  facet normal -0.559261 0.769864 -0.307468
    outer loop
      vertex 28.0232 -35.2466 16.872
      vertex 28.6531 -35.2227 15.7861
      vertex 28.0801 -35.5818 15.9292
    endloop
  endfacet
  facet normal -0.559319 0.769808 -0.307502
    outer loop
      vertex 30.525 -33.9015 15.6888
      vertex 28.6531 -35.2227 15.7861
      vertex 28.0232 -35.2466 16.872
    endloop
  endfacet
  facet normal -0.559329 0.769826 -0.30744
    outer loop
      vertex 28.6531 -35.2227 15.7861
      vertex 30.525 -33.9015 15.6888
      vertex 30.6101 -33.9959 15.2976
    endloop
  endfacet
  facet normal -0.707144 0.636711 -0.307484
    outer loop
      vertex 31.7437 -35.2549 10.0837
      vertex 33.9277 -30.4551 15
      vertex 38.3799 -27.8846 10.0837
    endloop
  endfacet
  facet normal -0.707139 0.636714 -0.307489
    outer loop
      vertex 33.9277 -30.4551 15
      vertex 31.7437 -35.2549 10.0837
      vertex 31.596 -33.0447 15
    endloop
  endfacet
  facet normal -0.707111 0.63674 -0.3075
    outer loop
      vertex 31.3716 -33.2939 15
      vertex 31.596 -33.0447 15
      vertex 31.7437 -35.2549 10.0837
    endloop
  endfacet
  facet normal -0.707192 0.636813 -0.307161
    outer loop
      vertex 31.596 -33.0447 15
      vertex 31.3716 -33.2939 15
      vertex 31.4959 -33.1248 15.0644
    endloop
  endfacet
  facet normal -0.707151 0.636701 -0.307488
    outer loop
      vertex 31.3716 -33.2939 15
      vertex 31.7437 -35.2549 10.0837
      vertex 30.6748 -34.0678 15
    endloop
  endfacet
  facet normal -0.707104 0.63682 -0.307349
    outer loop
      vertex 31.3716 -33.2939 15
      vertex 30.525 -33.9015 15.6888
      vertex 31.4959 -33.1248 15.0644
    endloop
  endfacet
  facet normal -0.707137 0.636724 -0.307475
    outer loop
      vertex 30.525 -33.9015 15.6888
      vertex 31.3716 -33.2939 15
      vertex 30.6101 -33.9959 15.2976
    endloop
  endfacet
  facet normal -0.707075 0.636762 -0.307537
    outer loop
      vertex 29.8839 -32.7898 19.4653
      vertex 29.685 -32.9685 19.5526
      vertex 29.6471 -32.9265 19.7267
    endloop
  endfacet
  facet normal -0.154903 -0.728691 -0.667094
    outer loop
      vertex 3.39224 32.2751 36.0425
      vertex 6.12791 36.2331 31.0838
      vertex 6.46266 31.6224 36.0425
    endloop
  endfacet
  facet normal -0.154919 -0.728684 -0.667098
    outer loop
      vertex 6.12791 36.2331 31.0838
      vertex 3.39224 32.2751 36.0425
      vertex 4.10142 39.0224 28.5076
    endloop
  endfacet
  facet normal -0.154894 -0.728678 -0.667111
    outer loop
      vertex 5.954 38.6286 28.5076
      vertex 6.12791 36.2331 31.0838
      vertex 4.10142 39.0224 28.5076
    endloop
  endfacet
  facet normal 0.561028 -0.182285 -0.807478
    outer loop
      vertex -29.6471 13.1998 36.0425
      vertex -28.7071 12.7812 36.7901
      vertex -30.4033 10.8724 36.0425
    endloop
  endfacet
  facet normal 0.181008 -0.104505 -0.977914
    outer loop
      vertex -12.125 8.80933 46.1262
      vertex -4.10142 2.97985 48.2343
      vertex -13.6916 6.09589 46.1262
    endloop
  endfacet
  facet normal 0.35387 -0.204291 -0.912711
    outer loop
      vertex -19.6187 14.2538 42.0022
      vertex -14.1669 10.2929 45.0025
      vertex -20.7736 12.2533 42.0022
    endloop
  endfacet
  facet normal 0.353688 -0.20454 -0.912726
    outer loop
      vertex -12.125 8.80933 46.1262
      vertex -13.197 9.42019 45.5739
      vertex -13.1664 9.56592 45.5531
    endloop
  endfacet
  facet normal 0.353888 -0.204188 -0.912727
    outer loop
      vertex -13.197 9.42019 45.5739
      vertex -12.125 8.80933 46.1262
      vertex -13.2995 8.93277 45.6432
    endloop
  endfacet
  facet normal 0.510827 -0.294903 -0.80752
    outer loop
      vertex -21.639 12.4832 41.3708
      vertex -19.6187 14.2538 42.0022
      vertex -20.7736 12.2533 42.0022
    endloop
  endfacet
  facet normal 0.510868 -0.294967 -0.80747
    outer loop
      vertex -22.0311 12.5873 41.0847
      vertex -19.6187 14.2538 42.0022
      vertex -21.639 12.4832 41.3708
    endloop
  endfacet
  facet normal 0.510863 -0.294958 -0.807477
    outer loop
      vertex -23.5816 13.0709 39.9271
      vertex -19.6187 14.2538 42.0022
      vertex -22.0311 12.5873 41.0847
    endloop
  endfacet
  facet normal 0.510863 -0.294956 -0.807477
    outer loop
      vertex -19.6187 14.2538 42.0022
      vertex -23.5816 13.0709 39.9271
      vertex -26.2549 19.0753 36.0425
    endloop
  endfacet
  facet normal -0.180407 0.848217 -0.497977
    outer loop
      vertex 4.10142 -39.0224 28.5076
      vertex 6.48285 -40.6769 24.8267
      vertex 6.25497 -40.7239 24.8292
    endloop
  endfacet
  facet normal -0.180273 0.84828 -0.497918
    outer loop
      vertex 6.48285 -40.6769 24.8267
      vertex 4.10142 -39.0224 28.5076
      vertex 8.14147 -40.3351 24.8085
    endloop
  endfacet
  facet normal -0.180341 0.848263 -0.497922
    outer loop
      vertex 4.63134 -44.0642 19.7267
      vertex 6.25497 -40.7239 24.8292
      vertex 6.62889 -41.1707 23.9326
    endloop
  endfacet
  facet normal -0.179207 0.848209 -0.498423
    outer loop
      vertex 4.63134 -44.0642 19.7267
      vertex 6.62889 -41.1707 23.9326
      vertex 6.66475 -41.2136 23.8467
    endloop
  endfacet
  facet normal -0.180308 0.84827 -0.497922
    outer loop
      vertex 4.63134 -44.0642 19.7267
      vertex 6.66475 -41.2136 23.8467
      vertex 7.93154 -43.1801 20.0378
    endloop
  endfacet
  facet normal -0.180268 0.848181 -0.498088
    outer loop
      vertex 4.63134 -44.0642 19.7267
      vertex 7.93154 -43.1801 20.0378
      vertex 8.03501 -43.3408 19.7267
    endloop
  endfacet
  facet normal -0.1803 0.848264 -0.497936
    outer loop
      vertex 6.25497 -40.7239 24.8292
      vertex 4.63134 -44.0642 19.7267
      vertex 4.10142 -39.0224 28.5076
    endloop
  endfacet
  facet normal -0.197832 0.930762 -0.30748
    outer loop
      vertex 14.1662 -43.5991 15
      vertex 14.6598 -45.1183 10.0837
      vertex 9.54701 -44.5809 15
    endloop
  endfacet
  facet normal -0.1979 0.930781 -0.307379
    outer loop
      vertex 6.27554 -44.237 18.1457
      vertex 8.03501 -43.3408 19.7267
      vertex 8.05626 -43.3628 19.6464
    endloop
  endfacet
  facet normal -0.197822 0.930771 -0.307461
    outer loop
      vertex 8.03501 -43.3408 19.7267
      vertex 6.27554 -44.237 18.1457
      vertex 4.63134 -44.0642 19.7267
    endloop
  endfacet
  facet normal -0.197832 0.930769 -0.307461
    outer loop
      vertex 13.2733 -43.2841 16.5278
      vertex 8.05626 -43.3628 19.6464
      vertex 13.8574 -42.6487 18.0755
    endloop
  endfacet
  facet normal -0.197771 0.930762 -0.307521
    outer loop
      vertex 8.05626 -43.3628 19.6464
      vertex 6.85241 -44.1585 18.0123
      vertex 6.27554 -44.237 18.1457
    endloop
  endfacet
  facet normal -0.197839 0.930763 -0.307472
    outer loop
      vertex 8.05626 -43.3628 19.6464
      vertex 13.2733 -43.2841 16.5278
      vertex 6.85241 -44.1585 18.0123
    endloop
  endfacet
  facet normal -0.19777 0.930774 -0.307486
    outer loop
      vertex 13.8574 -42.6487 18.0755
      vertex 13.9232 -43.2321 16.2672
      vertex 13.2733 -43.2841 16.5278
    endloop
  endfacet
  facet normal -0.198252 0.930676 -0.307472
    outer loop
      vertex 13.9232 -43.2321 16.2672
      vertex 13.8574 -42.6487 18.0755
      vertex 14.0438 -43.2224 16.2188
    endloop
  endfacet
  facet normal -0.437838 0.602699 -0.667122
    outer loop
      vertex 20.3628 -30.4797 31.182
      vertex 20.437 -27.2043 34.0924
      vertex 21.0671 -27.1664 33.7131
    endloop
  endfacet
  facet normal -0.437883 0.60269 -0.667101
    outer loop
      vertex 17.1979 -27.3992 36.0425
      vertex 20.3628 -30.4797 31.182
      vertex 17.968 -31.1214 32.1742
    endloop
  endfacet
  facet normal -0.437893 0.602682 -0.667102
    outer loop
      vertex 20.3628 -30.4797 31.182
      vertex 17.1979 -27.3992 36.0425
      vertex 20.437 -27.2043 34.0924
    endloop
  endfacet
  facet normal -0.437864 0.602699 -0.667105
    outer loop
      vertex 17.1979 -27.3992 36.0425
      vertex 17.968 -31.1214 32.1742
      vertex 16.2264 -28.105 36.0425
    endloop
  endfacet
  facet normal -0.303006 0.680559 -0.667103
    outer loop
      vertex 16.2264 -28.105 36.0425
      vertex 13.1928 -31.8926 33.5564
      vertex 10.0285 -30.8645 36.0425
    endloop
  endfacet
  facet normal -0.303007 0.680559 -0.667103
    outer loop
      vertex 13.1928 -31.8926 33.5564
      vertex 16.2264 -28.105 36.0425
      vertex 17.968 -31.1214 32.1742
    endloop
  endfacet
  facet normal -0.552872 0.499377 -0.66705
    outer loop
      vertex 31.7437 -23.0631 28.5076
      vertex 30.9197 -22.4896 29.6199
      vertex 30.9305 -22.4723 29.6239
    endloop
  endfacet
  facet normal -0.553711 0.498334 -0.667133
    outer loop
      vertex 31.7437 -23.0631 28.5076
      vertex 30.7649 -22.6446 29.6326
      vertex 30.9197 -22.4896 29.6199
    endloop
  endfacet
  facet normal -0.55362 0.498472 -0.667106
    outer loop
      vertex 31.7437 -23.0631 28.5076
      vertex 28.8032 -24.6084 29.7932
      vertex 30.7649 -22.6446 29.6326
    endloop
  endfacet
  facet normal -0.553622 0.498487 -0.667093
    outer loop
      vertex 26.6373 -28.7343 28.5076
      vertex 28.8032 -24.6084 29.7932
      vertex 31.7437 -23.0631 28.5076
    endloop
  endfacet
  facet normal -0.55356 0.498473 -0.667155
    outer loop
      vertex 26.6373 -28.7343 28.5076
      vertex 28.3198 -24.7872 30.0607
      vertex 28.8032 -24.6084 29.7932
    endloop
  endfacet
  facet normal -0.553617 0.498482 -0.667101
    outer loop
      vertex 26.2549 -25.5513 31.2034
      vertex 26.6373 -28.7343 28.5076
      vertex 26.2549 -28.8797 28.7163
    endloop
  endfacet
  facet normal -0.553625 0.498478 -0.667098
    outer loop
      vertex 26.6373 -28.7343 28.5076
      vertex 26.2549 -25.5513 31.2034
      vertex 28.3198 -24.7872 30.0607
    endloop
  endfacet
  facet normal -0.553575 0.498499 -0.667124
    outer loop
      vertex 26.0675 -28.9509 28.8186
      vertex 26.2549 -25.5513 31.2034
      vertex 26.2549 -28.8797 28.7163
    endloop
  endfacet
  facet normal -0.553638 0.498477 -0.667088
    outer loop
      vertex 26.2549 -25.5513 31.2034
      vertex 26.0675 -28.9509 28.8186
      vertex 23.8183 -26.4529 32.5519
    endloop
  endfacet
  facet normal 0 0 -1
    outer loop
      vertex 48.5 0 0
      vertex 50 0 0
      vertex 48.9074 -10.3956 0
    endloop
  endfacet
  facet normal 0 0 -1
    outer loop
      vertex 50 0 0
      vertex 48.5 0 0
      vertex 48.9074 10.3956 0
    endloop
  endfacet
  facet normal 0 0 -1
    outer loop
      vertex 48.9074 -10.3956 0
      vertex 47.4402 -10.0837 0
      vertex 48.5 0 0
    endloop
  endfacet
  facet normal 0 0 -1
    outer loop
      vertex 45.6773 -20.3368 0
      vertex 47.4402 -10.0837 0
      vertex 48.9074 -10.3956 0
    endloop
  endfacet
  facet normal 0 0 -1
    outer loop
      vertex 45.6773 -20.3368 0
      vertex 44.307 -19.7267 0
      vertex 47.4402 -10.0837 0
    endloop
  endfacet
  facet normal 0 0 -1
    outer loop
      vertex 40.4509 -29.3893 0
      vertex 44.307 -19.7267 0
      vertex 45.6773 -20.3368 0
    endloop
  endfacet
  facet normal 0 0 -1
    outer loop
      vertex 40.4509 -29.3893 0
      vertex 39.2373 -28.5076 0
      vertex 44.307 -19.7267 0
    endloop
  endfacet
  facet normal 0 0 -1
    outer loop
      vertex 33.4565 -37.1572 0
      vertex 39.2373 -28.5076 0
      vertex 40.4509 -29.3893 0
    endloop
  endfacet
  facet normal 0 0 -1
    outer loop
      vertex 33.4565 -37.1572 0
      vertex 32.4528 -36.0425 0
      vertex 39.2373 -28.5076 0
    endloop
  endfacet
  facet normal 0 0 -1
    outer loop
      vertex 25 -43.3013 0
      vertex 32.4528 -36.0425 0
      vertex 33.4565 -37.1572 0
    endloop
  endfacet
  facet normal 0 0 -1
    outer loop
      vertex 25 -43.3013 0
      vertex 24.25 -42.0022 0
      vertex 32.4528 -36.0425 0
    endloop
  endfacet
  facet normal 0 0 -1
    outer loop
      vertex 15.4508 -47.5528 0
      vertex 24.25 -42.0022 0
      vertex 25 -43.3013 0
    endloop
  endfacet
  facet normal 0 0 -1
    outer loop
      vertex 15.4508 -47.5528 0
      vertex 14.9873 -46.1262 0
      vertex 24.25 -42.0022 0
    endloop
  endfacet
  facet normal 0 0 -1
    outer loop
      vertex 5.22642 -49.7261 0
      vertex 14.9873 -46.1262 0
      vertex 15.4508 -47.5528 0
    endloop
  endfacet
  facet normal 0 0 -1
    outer loop
      vertex 5.22642 -49.7261 0
      vertex 5.06963 -48.2343 0
      vertex 14.9873 -46.1262 0
    endloop
  endfacet
  facet normal 0 0 -1
    outer loop
      vertex 5.22642 -49.7261 0
      vertex -5.06963 -48.2343 0
      vertex 5.06963 -48.2343 0
    endloop
  endfacet
  facet normal 0 0 -1
    outer loop
      vertex -5.22642 -49.7261 0
      vertex -5.06963 -48.2343 0
      vertex 5.22642 -49.7261 0
    endloop
  endfacet
  facet normal 0 0 -1
    outer loop
      vertex -5.22642 -49.7261 0
      vertex -14.9873 -46.1262 0
      vertex -5.06963 -48.2343 0
    endloop
  endfacet
  facet normal 0 0 -1
    outer loop
      vertex -15.4508 -47.5528 0
      vertex -14.9873 -46.1262 0
      vertex -5.22642 -49.7261 0
    endloop
  endfacet
  facet normal 0 0 -1
    outer loop
      vertex -15.4508 -47.5528 0
      vertex -24.25 -42.0022 0
      vertex -14.9873 -46.1262 0
    endloop
  endfacet
  facet normal 0 0 -1
    outer loop
      vertex -25 -43.3013 0
      vertex -24.25 -42.0022 0
      vertex -15.4508 -47.5528 0
    endloop
  endfacet
  facet normal 0 0 -1
    outer loop
      vertex -25 -43.3013 0
      vertex -32.4528 -36.0425 0
      vertex -24.25 -42.0022 0
    endloop
  endfacet
  facet normal 0 0 -1
    outer loop
      vertex -33.4565 -37.1572 0
      vertex -32.4528 -36.0425 0
      vertex -25 -43.3013 0
    endloop
  endfacet
  facet normal 0 0 -1
    outer loop
      vertex -33.4565 -37.1572 0
      vertex -39.2373 -28.5076 0
      vertex -32.4528 -36.0425 0
    endloop
  endfacet
  facet normal 0 0 -1
    outer loop
      vertex -40.4509 -29.3893 0
      vertex -39.2373 -28.5076 0
      vertex -33.4565 -37.1572 0
    endloop
  endfacet
  facet normal 0 0 -1
    outer loop
      vertex -40.4509 -29.3893 0
      vertex -44.307 -19.7267 0
      vertex -39.2373 -28.5076 0
    endloop
  endfacet
  facet normal 0 0 -1
    outer loop
      vertex -45.6773 -20.3368 0
      vertex -44.307 -19.7267 0
      vertex -40.4509 -29.3893 0
    endloop
  endfacet
  facet normal 0 0 -1
    outer loop
      vertex -45.6773 -20.3368 0
      vertex -47.4402 -10.0837 0
      vertex -44.307 -19.7267 0
    endloop
  endfacet
  facet normal -0 0 -1
    outer loop
      vertex -47.4402 -10.0837 0
      vertex -48.9074 -10.3956 0
      vertex -48.5 0 0
    endloop
  endfacet
  facet normal 0 0 -1
    outer loop
      vertex -48.9074 -10.3956 0
      vertex -47.4402 -10.0837 0
      vertex -45.6773 -20.3368 0
    endloop
  endfacet
  facet normal 0 0 -1
    outer loop
      vertex 47.4402 10.0837 0
      vertex 48.9074 10.3956 0
      vertex 48.5 0 0
    endloop
  endfacet
  facet normal 0 0 -1
    outer loop
      vertex 47.4402 10.0837 0
      vertex 45.6773 20.3368 0
      vertex 48.9074 10.3956 0
    endloop
  endfacet
  facet normal 0 0 -1
    outer loop
      vertex 44.307 19.7267 0
      vertex 45.6773 20.3368 0
      vertex 47.4402 10.0837 0
    endloop
  endfacet
  facet normal 0 0 -1
    outer loop
      vertex 44.307 19.7267 0
      vertex 40.4509 29.3893 0
      vertex 45.6773 20.3368 0
    endloop
  endfacet
  facet normal 0 0 -1
    outer loop
      vertex 39.2373 28.5076 0
      vertex 40.4509 29.3893 0
      vertex 44.307 19.7267 0
    endloop
  endfacet
  facet normal 0 0 -1
    outer loop
      vertex 39.2373 28.5076 0
      vertex 33.4565 37.1572 0
      vertex 40.4509 29.3893 0
    endloop
  endfacet
  facet normal 0 0 -1
    outer loop
      vertex 32.4528 36.0425 0
      vertex 33.4565 37.1572 0
      vertex 39.2373 28.5076 0
    endloop
  endfacet
  facet normal 0 0 -1
    outer loop
      vertex 32.4528 36.0425 0
      vertex 25 43.3013 0
      vertex 33.4565 37.1572 0
    endloop
  endfacet
  facet normal 0 0 -1
    outer loop
      vertex 24.25 42.0022 0
      vertex 25 43.3013 0
      vertex 32.4528 36.0425 0
    endloop
  endfacet
  facet normal 0 0 -1
    outer loop
      vertex 24.25 42.0022 0
      vertex 15.4508 47.5528 0
      vertex 25 43.3013 0
    endloop
  endfacet
  facet normal 0 0 -1
    outer loop
      vertex 14.9873 46.1262 0
      vertex 15.4508 47.5528 0
      vertex 24.25 42.0022 0
    endloop
  endfacet
  facet normal 0 0 -1
    outer loop
      vertex 14.9873 46.1262 0
      vertex 5.22642 49.7261 0
      vertex 15.4508 47.5528 0
    endloop
  endfacet
  facet normal 0 0 -1
    outer loop
      vertex 5.06963 48.2343 0
      vertex 5.22642 49.7261 0
      vertex 14.9873 46.1262 0
    endloop
  endfacet
  facet normal 0 0 -1
    outer loop
      vertex -5.06963 48.2343 0
      vertex 5.22642 49.7261 0
      vertex 5.06963 48.2343 0
    endloop
  endfacet
  facet normal 0 0 -1
    outer loop
      vertex -5.06963 48.2343 0
      vertex -5.22642 49.7261 0
      vertex 5.22642 49.7261 0
    endloop
  endfacet
  facet normal 0 0 -1
    outer loop
      vertex -14.9873 46.1262 0
      vertex -5.22642 49.7261 0
      vertex -5.06963 48.2343 0
    endloop
  endfacet
  facet normal 0 0 -1
    outer loop
      vertex -14.9873 46.1262 0
      vertex -15.4508 47.5528 0
      vertex -5.22642 49.7261 0
    endloop
  endfacet
  facet normal 0 0 -1
    outer loop
      vertex -24.25 42.0022 0
      vertex -15.4508 47.5528 0
      vertex -14.9873 46.1262 0
    endloop
  endfacet
  facet normal 0 0 -1
    outer loop
      vertex -24.25 42.0022 0
      vertex -25 43.3013 0
      vertex -15.4508 47.5528 0
    endloop
  endfacet
  facet normal 0 0 -1
    outer loop
      vertex -32.4528 36.0425 0
      vertex -25 43.3013 0
      vertex -24.25 42.0022 0
    endloop
  endfacet
  facet normal 0 0 -1
    outer loop
      vertex -32.4528 36.0425 0
      vertex -33.4565 37.1572 0
      vertex -25 43.3013 0
    endloop
  endfacet
  facet normal 0 0 -1
    outer loop
      vertex -39.2373 28.5076 0
      vertex -33.4565 37.1572 0
      vertex -32.4528 36.0425 0
    endloop
  endfacet
  facet normal 0 0 -1
    outer loop
      vertex -39.2373 28.5076 0
      vertex -40.4509 29.3893 0
      vertex -33.4565 37.1572 0
    endloop
  endfacet
  facet normal 0 0 -1
    outer loop
      vertex -44.307 19.7267 0
      vertex -40.4509 29.3893 0
      vertex -39.2373 28.5076 0
    endloop
  endfacet
  facet normal 0 0 -1
    outer loop
      vertex -44.307 19.7267 0
      vertex -45.6773 20.3368 0
      vertex -40.4509 29.3893 0
    endloop
  endfacet
  facet normal 0 0 -1
    outer loop
      vertex -47.4402 10.0837 0
      vertex -45.6773 20.3368 0
      vertex -44.307 19.7267 0
    endloop
  endfacet
  facet normal 0 0 -1
    outer loop
      vertex -47.4402 10.0837 0
      vertex -48.9074 10.3956 0
      vertex -45.6773 20.3368 0
    endloop
  endfacet
  facet normal 0 0 -1
    outer loop
      vertex -48.5 0 0
      vertex -48.9074 10.3956 0
      vertex -47.4402 10.0837 0
    endloop
  endfacet
  facet normal 0 0 -1
    outer loop
      vertex -50 0 0
      vertex -48.5 0 0
      vertex -48.9074 -10.3956 0
    endloop
  endfacet
  facet normal 0 0 -1
    outer loop
      vertex -48.5 0 0
      vertex -50 0 0
      vertex -48.9074 10.3956 0
    endloop
  endfacet
  facet normal -0 0 1
    outer loop
      vertex -44.85 14.5516 15
      vertex -43.3387 14.1547 15
      vertex -42.9803 15.2579 15
    endloop
  endfacet
  facet normal 0 0 1
    outer loop
      vertex -43.3387 14.1547 15
      vertex -44.85 14.5516 15
      vertex -45.0085 14.0637 15
    endloop
  endfacet
  facet normal 0 0 1
    outer loop
      vertex -43.3387 14.1547 15
      vertex -45.0085 14.0637 15
      vertex -44.841 9.53125 15
    endloop
  endfacet
  facet normal -0 0 1
    outer loop
      vertex -46.3753 9.85737 15
      vertex -44.841 9.53125 15
      vertex -45.0085 14.0637 15
    endloop
  endfacet
  facet normal 0 0 1
    outer loop
      vertex -46.8376 5.45878 15
      vertex -44.841 9.53125 15
      vertex -46.3753 9.85737 15
    endloop
  endfacet
  facet normal 0 0 1
    outer loop
      vertex -44.841 9.53125 15
      vertex -46.8376 5.45878 15
      vertex -45.3491 4.69651 15
    endloop
  endfacet
  facet normal 0 0 1
    outer loop
      vertex -47.4113 0 15
      vertex -45.3491 4.69651 15
      vertex -46.8376 5.45878 15
    endloop
  endfacet
  facet normal 0 0 1
    outer loop
      vertex -45.3491 4.69651 15
      vertex -47.4113 0 15
      vertex -45.8428 0 15
    endloop
  endfacet
  facet normal 0 -0 1
    outer loop
      vertex -47.066 -3.28582 15
      vertex -45.8428 0 15
      vertex -47.4113 0 15
    endloop
  endfacet
  facet normal 0 0 1
    outer loop
      vertex -45.8428 0 15
      vertex -47.066 -3.28582 15
      vertex -45.4889 -3.36669 15
    endloop
  endfacet
  facet normal 0 0 1
    outer loop
      vertex -41.8794 -18.6459 15
      vertex -41.5273 -21.3312 15
      vertex -40.4518 -21.1187 15
    endloop
  endfacet
  facet normal 0 0 1
    outer loop
      vertex -41.8794 -18.6459 15
      vertex -42.2012 -21.2085 15
      vertex -41.5273 -21.3312 15
    endloop
  endfacet
  facet normal 0 0 1
    outer loop
      vertex -41.8794 -18.6459 15
      vertex -43.3124 -19.2839 15
      vertex -42.2012 -21.2085 15
    endloop
  endfacet
  facet normal 0 0 1
    outer loop
      vertex -43.3387 -14.1547 15
      vertex -43.3124 -19.2839 15
      vertex -41.8794 -18.6459 15
    endloop
  endfacet
  facet normal -0 0 1
    outer loop
      vertex -45.0085 -14.0637 15
      vertex -43.3387 -14.1547 15
      vertex -44.841 -9.53125 15
    endloop
  endfacet
  facet normal 0 0 1
    outer loop
      vertex -43.3387 -14.1547 15
      vertex -45.0085 -14.0637 15
      vertex -43.3124 -19.2839 15
    endloop
  endfacet
  facet normal -0 0 1
    outer loop
      vertex -46.572 -7.98514 15
      vertex -44.841 -9.53125 15
      vertex -45.1316 -6.7663 15
    endloop
  endfacet
  facet normal 0 0 1
    outer loop
      vertex -44.841 -9.53125 15
      vertex -46.3753 -9.85737 15
      vertex -45.0085 -14.0637 15
    endloop
  endfacet
  facet normal 0 0 1
    outer loop
      vertex -44.841 -9.53125 15
      vertex -46.572 -7.98514 15
      vertex -46.3753 -9.85737 15
    endloop
  endfacet
  facet normal 0 0 1
    outer loop
      vertex -8.06089 46.4916 15
      vertex -9.54701 44.5809 15
      vertex -7.55233 45.0049 15
    endloop
  endfacet
  facet normal -0 0 1
    outer loop
      vertex -10.3247 46.0104 15
      vertex -9.54701 44.5809 15
      vertex -8.06089 46.4916 15
    endloop
  endfacet
  facet normal 0 0 1
    outer loop
      vertex -10.3247 46.0104 15
      vertex -14.1662 43.5991 15
      vertex -9.54701 44.5809 15
    endloop
  endfacet
  facet normal -0 0 1
    outer loop
      vertex -14.6509 45.0908 15
      vertex -14.1662 43.5991 15
      vertex -10.3247 46.0104 15
    endloop
  endfacet
  facet normal 0 0 1
    outer loop
      vertex -18.6913 43.2919 15
      vertex -14.1662 43.5991 15
      vertex -14.6509 45.0908 15
    endloop
  endfacet
  facet normal 0 0 1
    outer loop
      vertex -14.1662 43.5991 15
      vertex -18.6913 43.2919 15
      vertex -18.4803 41.6783 15
    endloop
  endfacet
  facet normal 0 0 1
    outer loop
      vertex -23.7057 41.0594 15
      vertex -18.4803 41.6783 15
      vertex -18.6913 43.2919 15
    endloop
  endfacet
  facet normal 0 0 1
    outer loop
      vertex -18.4803 41.6783 15
      vertex -23.7057 41.0594 15
      vertex -22.9214 39.701 15
    endloop
  endfacet
  facet normal 0 0 1
    outer loop
      vertex -23.7057 41.0594 15
      vertex -26.7419 36.9253 15
      vertex -22.9214 39.701 15
    endloop
  endfacet
  facet normal -0 0 1
    outer loop
      vertex -28.1462 37.8331 15
      vertex -26.7419 36.9253 15
      vertex -23.7057 41.0594 15
    endloop
  endfacet
  facet normal 0 0 1
    outer loop
      vertex -28.1462 37.8331 15
      vertex -30.6748 34.0678 15
      vertex -26.7419 36.9253 15
    endloop
  endfacet
  facet normal -0 0 1
    outer loop
      vertex -31.7244 35.2335 15
      vertex -30.6748 34.0678 15
      vertex -28.1462 37.8331 15
    endloop
  endfacet
  facet normal 0 0 1
    outer loop
      vertex -34.6838 31.9467 15
      vertex -30.6748 34.0678 15
      vertex -31.7244 35.2335 15
    endloop
  endfacet
  facet normal 0 0 1
    outer loop
      vertex -30.6748 34.0678 15
      vertex -34.6838 31.9467 15
      vertex -33.9277 30.4551 15
    endloop
  endfacet
  facet normal 0 0 1
    outer loop
      vertex -38.3566 27.8677 15
      vertex -33.9277 30.4551 15
      vertex -34.6838 31.9467 15
    endloop
  endfacet
  facet normal 0 0 1
    outer loop
      vertex -33.9277 30.4551 15
      vertex -38.3566 27.8677 15
      vertex -37.0876 26.9457 15
    endloop
  endfacet
  facet normal 0 0 1
    outer loop
      vertex -40.568 24.0374 15
      vertex -37.0876 26.9457 15
      vertex -38.3566 27.8677 15
    endloop
  endfacet
  facet normal 0 0 1
    outer loop
      vertex -37.0876 26.9457 15
      vertex -40.568 24.0374 15
      vertex -39.5183 22.7356 15
    endloop
  endfacet
  facet normal 0 0 1
    outer loop
      vertex -43.3124 19.2839 15
      vertex -39.5183 22.7356 15
      vertex -40.568 24.0374 15
    endloop
  endfacet
  facet normal 0 0 1
    outer loop
      vertex -39.5183 22.7356 15
      vertex -43.3124 19.2839 15
      vertex -41.8794 18.6459 15
    endloop
  endfacet
  facet normal 0 0 1
    outer loop
      vertex -41.8794 18.6459 15
      vertex -43.3124 19.2839 15
      vertex -42.2256 17.5806 15
    endloop
  endfacet
  facet normal 0 0 1
    outer loop
      vertex -42.2256 17.5806 15
      vertex -43.3124 19.2839 15
      vertex -43.9923 17.1914 15
    endloop
  endfacet
  facet normal -0 0 1
    outer loop
      vertex -40.568 -24.0374 15
      vertex -38.4593 -24.5697 15
      vertex -39.5152 -22.7409 15
    endloop
  endfacet
  facet normal 0 0 1
    outer loop
      vertex -40.568 -24.0374 15
      vertex -39.5152 -22.7409 15
      vertex -40.1582 -22.8436 15
    endloop
  endfacet
  facet normal 0 0 1
    outer loop
      vertex -40.568 -24.0374 15
      vertex -40.1582 -22.8436 15
      vertex -40.5479 -22.9058 15
    endloop
  endfacet
  facet normal 0 0 1
    outer loop
      vertex -38.4593 -24.5697 15
      vertex -40.568 -24.0374 15
      vertex -39.1232 -26.5399 15
    endloop
  endfacet
  facet normal 0 -0 1
    outer loop
      vertex -40.568 -24.0374 15
      vertex -40.5479 -22.9058 15
      vertex -41.2962 -22.776 15
    endloop
  endfacet
  facet normal 0 0 1
    outer loop
      vertex -34.6838 -31.9467 15
      vertex -32.0857 -33.5062 15
      vertex -31.6852 -32.9456 15
    endloop
  endfacet
  facet normal -0 0 1
    outer loop
      vertex -34.6838 -31.9467 15
      vertex -31.6852 -32.9456 15
      vertex -33.9277 -30.4551 15
    endloop
  endfacet
  facet normal 0 0 1
    outer loop
      vertex -32.0857 -33.5062 15
      vertex -34.6838 -31.9467 15
      vertex -32.6139 -34.2455 15
    endloop
  endfacet
  facet normal -0 0 1
    outer loop
      vertex -38.3566 -27.8677 15
      vertex -33.9277 -30.4551 15
      vertex -37.0876 -26.9457 15
    endloop
  endfacet
  facet normal 0 0 1
    outer loop
      vertex -38.3793 -27.8283 15
      vertex -37.0876 -26.9457 15
      vertex -37.4346 -26.3446 15
    endloop
  endfacet
  facet normal 0 0 1
    outer loop
      vertex -33.9277 -30.4551 15
      vertex -38.3566 -27.8677 15
      vertex -34.6838 -31.9467 15
    endloop
  endfacet
  facet normal 0 0 1
    outer loop
      vertex -37.0876 -26.9457 15
      vertex -38.3793 -27.8283 15
      vertex -38.3566 -27.8677 15
    endloop
  endfacet
  facet normal 0 0 1
    outer loop
      vertex -22.9214 -39.701 15
      vertex -21.4731 -42.0534 15
      vertex -19.3522 -41.2901 15
    endloop
  endfacet
  facet normal 0 0 1
    outer loop
      vertex -22.9214 -39.701 15
      vertex -23.7057 -41.0594 15
      vertex -21.4731 -42.0534 15
    endloop
  endfacet
  facet normal 0 0 1
    outer loop
      vertex -26.7419 -36.9253 15
      vertex -23.7057 -41.0594 15
      vertex -22.9214 -39.701 15
    endloop
  endfacet
  facet normal 0 0 1
    outer loop
      vertex -26.7419 -36.9253 15
      vertex -28.1462 -37.8331 15
      vertex -23.7057 -41.0594 15
    endloop
  endfacet
  facet normal 0 0 1
    outer loop
      vertex -28.9648 -35.3102 15
      vertex -28.1462 -37.8331 15
      vertex -26.7419 -36.9253 15
    endloop
  endfacet
  facet normal 0 0 1
    outer loop
      vertex -28.1462 -37.8331 15
      vertex -28.9648 -35.3102 15
      vertex -30.0402 -36.4571 15
    endloop
  endfacet
  facet normal -0 0 1
    outer loop
      vertex -4.79187 -45.5916 15
      vertex -3.40647 -47.1516 15
      vertex -1.62313 -45.5916 15
    endloop
  endfacet
  facet normal 0 0 1
    outer loop
      vertex -4.79187 -45.5916 15
      vertex -4.95583 -47.1516 15
      vertex -3.40647 -47.1516 15
    endloop
  endfacet
  facet normal 0 0 1
    outer loop
      vertex -9.54701 -44.5809 15
      vertex -4.95583 -47.1516 15
      vertex -4.79187 -45.5916 15
    endloop
  endfacet
  facet normal 0 0 1
    outer loop
      vertex -9.54701 -44.5809 15
      vertex -10.3247 -46.0104 15
      vertex -4.95583 -47.1516 15
    endloop
  endfacet
  facet normal 0 0 1
    outer loop
      vertex -14.1662 -43.5991 15
      vertex -10.3247 -46.0104 15
      vertex -9.54701 -44.5809 15
    endloop
  endfacet
  facet normal 0 0 1
    outer loop
      vertex -14.1662 -43.5991 15
      vertex -14.6509 -45.0908 15
      vertex -10.3247 -46.0104 15
    endloop
  endfacet
  facet normal -0 0 1
    outer loop
      vertex -15.8956 -43.2373 15
      vertex -14.1662 -43.5991 15
      vertex -15.7178 -42.9083 15
    endloop
  endfacet
  facet normal 0 0 1
    outer loop
      vertex -16.2161 -44.394 15
      vertex -14.1662 -43.5991 15
      vertex -15.8956 -43.2373 15
    endloop
  endfacet
  facet normal 0 0 1
    outer loop
      vertex -14.1662 -43.5991 15
      vertex -16.2161 -44.394 15
      vertex -14.6509 -45.0908 15
    endloop
  endfacet
  facet normal 0 -0 1
    outer loop
      vertex -16.2161 -44.394 15
      vertex -15.8956 -43.2373 15
      vertex -16.2998 -43.9849 15
    endloop
  endfacet
  facet normal 0 0 1
    outer loop
      vertex 16.4632 -42.5763 15
      vertex 14.6509 -45.0908 15
      vertex 18.0225 -43.5897 15
    endloop
  endfacet
  facet normal -0 0 1
    outer loop
      vertex 14.1662 -43.5991 15
      vertex 14.6509 -45.0908 15
      vertex 16.4632 -42.5763 15
    endloop
  endfacet
  facet normal 0 0 1
    outer loop
      vertex 14.1662 -43.5991 15
      vertex 10.3247 -46.0104 15
      vertex 14.6509 -45.0908 15
    endloop
  endfacet
  facet normal -0 0 1
    outer loop
      vertex 9.54701 -44.5809 15
      vertex 10.3247 -46.0104 15
      vertex 14.1662 -43.5991 15
    endloop
  endfacet
  facet normal 0 0 1
    outer loop
      vertex 9.54701 -44.5809 15
      vertex 4.95583 -47.1516 15
      vertex 10.3247 -46.0104 15
    endloop
  endfacet
  facet normal -0 0 1
    outer loop
      vertex 4.79187 -45.5916 15
      vertex 4.95583 -47.1516 15
      vertex 9.54701 -44.5809 15
    endloop
  endfacet
  facet normal -0 0 1
    outer loop
      vertex 1.1623 -45.5916 15
      vertex 4.95583 -47.1516 15
      vertex 4.79187 -45.5916 15
    endloop
  endfacet
  facet normal 0 0 1
    outer loop
      vertex 4.95583 -47.1516 15
      vertex 1.1623 -45.5916 15
      vertex -0.175088 -47.1516 15
    endloop
  endfacet
  facet normal 0 0 1
    outer loop
      vertex 46.3145 4.64451 15
      vertex 45.3491 4.69651 15
      vertex 45.8428 0 15
    endloop
  endfacet
  facet normal -0 -0 1
    outer loop
      vertex 45.3491 4.69651 15
      vertex 46.3145 4.64451 15
      vertex 45.2639 5.50751 15
    endloop
  endfacet
  facet normal -0 0 1
    outer loop
      vertex 46.3145 4.64451 15
      vertex 47.4113 0 15
      vertex 46.8376 5.45878 15
    endloop
  endfacet
  facet normal -0 0 1
    outer loop
      vertex 45.3122 8.31966 15
      vertex 46.8376 5.45878 15
      vertex 46.3753 9.85737 15
    endloop
  endfacet
  facet normal 0 0 1
    outer loop
      vertex 47.4113 0 15
      vertex 46.3145 4.64451 15
      vertex 45.8428 0 15
    endloop
  endfacet
  facet normal 0 0 1
    outer loop
      vertex 45.3491 -4.69651 15
      vertex 47.4113 0 15
      vertex 45.8428 0 15
    endloop
  endfacet
  facet normal 0 0 1
    outer loop
      vertex 46.8376 5.45878 15
      vertex 46.175 5.15597 15
      vertex 46.3145 4.64451 15
    endloop
  endfacet
  facet normal 0 0 1
    outer loop
      vertex 46.8376 5.45878 15
      vertex 45.3122 8.31966 15
      vertex 46.175 5.15597 15
    endloop
  endfacet
  facet normal 0 0 1
    outer loop
      vertex 44.841 9.53125 15
      vertex 46.3753 9.85737 15
      vertex 45.0085 14.0637 15
    endloop
  endfacet
  facet normal 0 0 1
    outer loop
      vertex 46.3753 9.85737 15
      vertex 44.841 9.53125 15
      vertex 45.3122 8.31966 15
    endloop
  endfacet
  facet normal 0 0 1
    outer loop
      vertex 45.3122 8.31966 15
      vertex 44.841 9.53125 15
      vertex 44.9419 8.57092 15
    endloop
  endfacet
  facet normal 0 0 1
    outer loop
      vertex 45.0085 14.0637 15
      vertex 43.3387 14.1547 15
      vertex 44.841 9.53125 15
    endloop
  endfacet
  facet normal 0 0 1
    outer loop
      vertex 43.3124 19.2839 15
      vertex 43.3387 14.1547 15
      vertex 45.0085 14.0637 15
    endloop
  endfacet
  facet normal 0 0 1
    outer loop
      vertex 43.3124 19.2839 15
      vertex 41.8794 18.6459 15
      vertex 43.3387 14.1547 15
    endloop
  endfacet
  facet normal -0 0 1
    outer loop
      vertex 39.5183 22.7356 15
      vertex 43.3124 19.2839 15
      vertex 40.568 24.0374 15
    endloop
  endfacet
  facet normal 0 0 1
    outer loop
      vertex 43.3124 19.2839 15
      vertex 39.5183 22.7356 15
      vertex 41.8794 18.6459 15
    endloop
  endfacet
  facet normal -0 0 1
    outer loop
      vertex 37.0876 26.9457 15
      vertex 40.568 24.0374 15
      vertex 38.3566 27.8677 15
    endloop
  endfacet
  facet normal 0 0 1
    outer loop
      vertex 40.568 24.0374 15
      vertex 37.0876 26.9457 15
      vertex 39.5183 22.7356 15
    endloop
  endfacet
  facet normal -0 0 1
    outer loop
      vertex 33.9277 30.4551 15
      vertex 38.3566 27.8677 15
      vertex 34.6838 31.9467 15
    endloop
  endfacet
  facet normal 0 0 1
    outer loop
      vertex 38.3566 27.8677 15
      vertex 33.9277 30.4551 15
      vertex 37.0876 26.9457 15
    endloop
  endfacet
  facet normal -0 0 1
    outer loop
      vertex 30.6748 34.0678 15
      vertex 34.6838 31.9467 15
      vertex 31.7244 35.2335 15
    endloop
  endfacet
  facet normal 0 0 1
    outer loop
      vertex 34.6838 31.9467 15
      vertex 30.6748 34.0678 15
      vertex 33.9277 30.4551 15
    endloop
  endfacet
  facet normal 0 0 1
    outer loop
      vertex 28.1462 37.8331 15
      vertex 30.6748 34.0678 15
      vertex 31.7244 35.2335 15
    endloop
  endfacet
  facet normal 0 0 1
    outer loop
      vertex 28.1462 37.8331 15
      vertex 26.7419 36.9253 15
      vertex 30.6748 34.0678 15
    endloop
  endfacet
  facet normal 0 0 1
    outer loop
      vertex 23.7057 41.0594 15
      vertex 26.7419 36.9253 15
      vertex 28.1462 37.8331 15
    endloop
  endfacet
  facet normal 0 0 1
    outer loop
      vertex 23.7057 41.0594 15
      vertex 22.9214 39.701 15
      vertex 26.7419 36.9253 15
    endloop
  endfacet
  facet normal -0 0 1
    outer loop
      vertex 18.4803 41.6783 15
      vertex 23.7057 41.0594 15
      vertex 18.6913 43.2919 15
    endloop
  endfacet
  facet normal 0 0 1
    outer loop
      vertex 23.7057 41.0594 15
      vertex 18.4803 41.6783 15
      vertex 22.9214 39.701 15
    endloop
  endfacet
  facet normal -0 0 1
    outer loop
      vertex 14.1662 43.5991 15
      vertex 18.6913 43.2919 15
      vertex 14.6509 45.0908 15
    endloop
  endfacet
  facet normal 0 0 1
    outer loop
      vertex 18.6913 43.2919 15
      vertex 14.1662 43.5991 15
      vertex 18.4803 41.6783 15
    endloop
  endfacet
  facet normal 0 0 1
    outer loop
      vertex 10.3247 46.0104 15
      vertex 14.1662 43.5991 15
      vertex 14.6509 45.0908 15
    endloop
  endfacet
  facet normal 0 0 1
    outer loop
      vertex 10.3247 46.0104 15
      vertex 9.54701 44.5809 15
      vertex 14.1662 43.5991 15
    endloop
  endfacet
  facet normal 0 0 1
    outer loop
      vertex 7.1493 46.6854 15
      vertex 9.54701 44.5809 15
      vertex 10.3247 46.0104 15
    endloop
  endfacet
  facet normal 0 0 1
    outer loop
      vertex 9.54701 44.5809 15
      vertex 7.1493 46.6854 15
      vertex 6.57832 45.2119 15
    endloop
  endfacet
  facet normal 0 0 1
    outer loop
      vertex 47.4113 0 15
      vertex 45.3491 -4.69651 15
      vertex 46.8376 -5.45878 15
    endloop
  endfacet
  facet normal 0 0 1
    outer loop
      vertex 44.841 -9.53125 15
      vertex 46.8376 -5.45878 15
      vertex 45.3491 -4.69651 15
    endloop
  endfacet
  facet normal 0 0 1
    outer loop
      vertex 46.8376 -5.45878 15
      vertex 44.841 -9.53125 15
      vertex 46.3753 -9.85737 15
    endloop
  endfacet
  facet normal 0 0 1
    outer loop
      vertex 46.3753 -9.85737 15
      vertex 44.841 -9.53125 15
      vertex 45.0085 -14.0637 15
    endloop
  endfacet
  facet normal 0 0 1
    outer loop
      vertex 43.3387 -14.1547 15
      vertex 45.0085 -14.0637 15
      vertex 44.841 -9.53125 15
    endloop
  endfacet
  facet normal 0 0 1
    outer loop
      vertex 45.0085 -14.0637 15
      vertex 43.3387 -14.1547 15
      vertex 44.5411 -15.5024 15
    endloop
  endfacet
  facet normal 0 0 1
    outer loop
      vertex 43.3387 -14.1547 15
      vertex 43.1405 -15.7358 15
      vertex 44.5411 -15.5024 15
    endloop
  endfacet
  facet normal 0 -0 1
    outer loop
      vertex 43.1405 -15.7358 15
      vertex 43.3387 -14.1547 15
      vertex 42.8127 -15.7736 15
    endloop
  endfacet
  facet normal 0 0 1
    outer loop
      vertex 33.9277 -30.4551 15
      vertex 31.596 -33.0447 15
      vertex 32.3565 -33.1903 15
    endloop
  endfacet
  facet normal 0 0 1
    outer loop
      vertex 37.0563 -28.4761 15
      vertex 38.3566 -27.8677 15
      vertex 38.3604 -27.861 15
    endloop
  endfacet
  facet normal 0 0 1
    outer loop
      vertex 34.6838 -31.9467 15
      vertex 37.0563 -28.4761 15
      vertex 35.9515 -28.9971 15
    endloop
  endfacet
  facet normal -0 0 1
    outer loop
      vertex 37.0563 -28.4761 15
      vertex 34.6838 -31.9467 15
      vertex 38.3566 -27.8677 15
    endloop
  endfacet
  facet normal 0 0 1
    outer loop
      vertex 33.9277 -30.4551 15
      vertex 35.9515 -28.9971 15
      vertex 35.349 -28.8766 15
    endloop
  endfacet
  facet normal 0 0 1
    outer loop
      vertex 35.9515 -28.9971 15
      vertex 33.9277 -30.4551 15
      vertex 34.6838 -31.9467 15
    endloop
  endfacet
  facet normal 0 0 1
    outer loop
      vertex 32.3565 -33.1903 15
      vertex 34.6838 -31.9467 15
      vertex 33.9277 -30.4551 15
    endloop
  endfacet
  facet normal -0 0 1
    outer loop
      vertex 32.3565 -33.1903 15
      vertex 31.7244 -35.2335 15
      vertex 34.6838 -31.9467 15
    endloop
  endfacet
  facet normal -0 0 1
    outer loop
      vertex 31.3716 -33.2939 15
      vertex 31.7244 -35.2335 15
      vertex 32.3565 -33.1903 15
    endloop
  endfacet
  facet normal -0 0 1
    outer loop
      vertex 30.6748 -34.0678 15
      vertex 31.7244 -35.2335 15
      vertex 31.3716 -33.2939 15
    endloop
  endfacet
  facet normal 0 0 1
    outer loop
      vertex 30.6748 -34.0678 15
      vertex 28.1462 -37.8331 15
      vertex 31.7244 -35.2335 15
    endloop
  endfacet
  facet normal -0 0 1
    outer loop
      vertex 26.7419 -36.9253 15
      vertex 28.1462 -37.8331 15
      vertex 30.6748 -34.0678 15
    endloop
  endfacet
  facet normal 0 0 1
    outer loop
      vertex 26.7419 -36.9253 15
      vertex 23.7057 -41.0594 15
      vertex 28.1462 -37.8331 15
    endloop
  endfacet
  facet normal -0 0 1
    outer loop
      vertex 22.9214 -39.701 15
      vertex 23.7057 -41.0594 15
      vertex 26.7419 -36.9253 15
    endloop
  endfacet
  facet normal 0 0 1
    outer loop
      vertex 22.9214 -39.701 15
      vertex 21.4317 -42.0719 15
      vertex 23.7057 -41.0594 15
    endloop
  endfacet
  facet normal -0 0 1
    outer loop
      vertex 19.127 -41.4023 15
      vertex 21.4317 -42.0719 15
      vertex 22.9214 -39.701 15
    endloop
  endfacet
  facet normal 0 0 1
    outer loop
      vertex 21.4317 -42.0719 15
      vertex 19.127 -41.4023 15
      vertex 19.6973 -41.9072 15
    endloop
  endfacet
  facet normal 0 -0 1
    outer loop
      vertex 19.127 -41.4023 15
      vertex 22.9214 -39.701 15
      vertex 19.118 -41.3944 15
    endloop
  endfacet
  facet normal -0 0 1
    outer loop
      vertex 43.8087 -17.5734 15
      vertex 43.3124 -19.2839 15
      vertex 43.8806 -17.5352 15
    endloop
  endfacet
  facet normal -0 0 1
    outer loop
      vertex 42.1809 -17.7181 15
      vertex 43.3124 -19.2839 15
      vertex 43.8087 -17.5734 15
    endloop
  endfacet
  facet normal -0 0 1
    outer loop
      vertex 41.8794 -18.6459 15
      vertex 43.3124 -19.2839 15
      vertex 42.1809 -17.7181 15
    endloop
  endfacet
  facet normal 0 0 1
    outer loop
      vertex 39.5183 -22.7356 15
      vertex 43.3124 -19.2839 15
      vertex 41.8794 -18.6459 15
    endloop
  endfacet
  facet normal 0 0 1
    outer loop
      vertex 43.3124 -19.2839 15
      vertex 39.5183 -22.7356 15
      vertex 40.568 -24.0374 15
    endloop
  endfacet
  facet normal 0 0 1
    outer loop
      vertex 39.5183 -22.7356 15
      vertex 39.5043 -25.8798 15
      vertex 40.568 -24.0374 15
    endloop
  endfacet
  facet normal 0 -0 1
    outer loop
      vertex 39.5043 -25.8798 15
      vertex 39.5183 -22.7356 15
      vertex 37.5411 -26.1602 15
    endloop
  endfacet
  facet normal 0.805689 -0.312189 0.503391
    outer loop
      vertex 5.9466 45.0461 15.9083
      vertex 7.1493 46.6854 15
      vertex 6.11889 46.415 16.4815
    endloop
  endfacet
  facet normal 0.805696 -0.312207 0.503369
    outer loop
      vertex 7.1493 46.6854 15
      vertex 5.9466 45.0461 15.9083
      vertex 6.57832 45.2119 15
    endloop
  endfacet
  facet normal 0.805683 -0.312196 0.503398
    outer loop
      vertex 5.67109 44.9738 16.3044
      vertex 6.11889 46.415 16.4815
      vertex 5.8437 46.3427 16.8771
    endloop
  endfacet
  facet normal 0.805676 -0.312195 0.503409
    outer loop
      vertex 6.11889 46.415 16.4815
      vertex 5.67109 44.9738 16.3044
      vertex 5.9466 45.0461 15.9083
    endloop
  endfacet
  facet normal 0.993112 -0.0990276 -0.0626327
    outer loop
      vertex 5.77205 43.8218 19.7267
      vertex 5.91346 45.5467 19.2417
      vertex 5.94577 45.1781 20.3368
    endloop
  endfacet
  facet normal 0.993112 -0.0990208 -0.0626322
    outer loop
      vertex 5.91346 45.5467 19.2417
      vertex 5.74059 44.1808 18.6601
      vertex 5.8437 46.3427 16.8771
    endloop
  endfacet
  facet normal 0.993112 -0.0990218 -0.0626334
    outer loop
      vertex 5.8437 46.3427 16.8771
      vertex 5.74059 44.1808 18.6601
      vertex 5.67109 44.9738 16.3044
    endloop
  endfacet
  facet normal 0.993113 -0.0990249 -0.0626226
    outer loop
      vertex 5.91346 45.5467 19.2417
      vertex 5.77205 43.8218 19.7267
      vertex 5.74059 44.1808 18.6601
    endloop
  endfacet
  facet normal 0.993112 -0.0990264 -0.0626353
    outer loop
      vertex 5.97258 41.6292 26.3727
      vertex 5.77205 43.8218 19.7267
      vertex 5.94577 45.1781 20.3368
    endloop
  endfacet
  facet normal 0.993112 -0.0990206 -0.0626334
    outer loop
      vertex 5.77205 43.8218 19.7267
      vertex 5.97258 41.6292 26.3727
      vertex 5.79765 40.4343 25.4881
    endloop
  endfacet
  facet normal 0.993112 -0.0990229 -0.0626363
    outer loop
      vertex 5.80328 39.6885 26.7565
      vertex 5.97258 41.6292 26.3727
      vertex 5.97821 40.8848 27.6388
    endloop
  endfacet
  facet normal 0.993112 -0.0990219 -0.0626315
    outer loop
      vertex 5.97258 41.6292 26.3727
      vertex 5.80328 39.6885 26.7565
      vertex 5.79765 40.4343 25.4881
    endloop
  endfacet
  facet normal 0.991198 -0.0566986 -0.119632
    outer loop
      vertex 5.954 38.6286 28.5076
      vertex 5.99003 40.8017 27.7762
      vertex 6.12887 39.8253 29.3893
    endloop
  endfacet
  facet normal 0.991197 -0.0567016 -0.119641
    outer loop
      vertex 5.81866 39.5803 26.9353
      vertex 5.99003 40.8017 27.7762
      vertex 5.954 38.6286 28.5076
    endloop
  endfacet
  facet normal 0.9912 -0.0567355 -0.119594
    outer loop
      vertex 5.97821 40.8848 27.6388
      vertex 5.81866 39.5803 26.9353
      vertex 5.80328 39.6885 26.7565
    endloop
  endfacet
  facet normal 0.991201 -0.0567401 -0.119586
    outer loop
      vertex 5.99003 40.8017 27.7762
      vertex 5.81866 39.5803 26.9353
      vertex 5.97821 40.8848 27.6388
    endloop
  endfacet
  facet normal 0.991198 -0.0566962 -0.119635
    outer loop
      vertex 6.3073 37.3677 32.0323
      vertex 5.954 38.6286 28.5076
      vertex 6.12887 39.8253 29.3893
    endloop
  endfacet
  facet normal 0.991197 -0.0567025 -0.119637
    outer loop
      vertex 6.3073 37.3677 32.0323
      vertex 6.12791 36.2331 31.0838
      vertex 5.954 38.6286 28.5076
    endloop
  endfacet
  facet normal 0.991197 -0.0567045 -0.119639
    outer loop
      vertex 6.46266 31.6224 36.0425
      vertex 6.3073 37.3677 32.0323
      vertex 6.65327 32.6024 37.1572
    endloop
  endfacet
  facet normal 0.991197 -0.056703 -0.119637
    outer loop
      vertex 6.3073 37.3677 32.0323
      vertex 6.46266 31.6224 36.0425
      vertex 6.12791 36.2331 31.0838
    endloop
  endfacet
  facet normal 0.991197 -0.05671 -0.119634
    outer loop
      vertex 6.69924 30.9902 38.3023
      vertex 6.46266 31.6224 36.0425
      vertex 6.65327 32.6024 37.1572
    endloop
  endfacet
  facet normal 0.991197 -0.0567076 -0.119634
    outer loop
      vertex 6.46266 31.6224 36.0425
      vertex 6.69924 30.9902 38.3023
      vertex 6.50529 30.1275 37.1043
    endloop
  endfacet
  facet normal 0.991197 -0.0566979 -0.119641
    outer loop
      vertex 6.7269 30.0205 38.991
      vertex 6.50529 30.1275 37.1043
      vertex 6.69924 30.9902 38.3023
    endloop
  endfacet
  facet normal 0.991197 -0.0567024 -0.119641
    outer loop
      vertex 6.50529 30.1275 37.1043
      vertex 6.7269 30.0205 38.991
      vertex 6.53302 29.1553 37.7948
    endloop
  endfacet
  facet normal 0.979603 0.0496767 -0.194705
    outer loop
      vertex 6.95964 28.7766 39.8446
      vertex 6.53302 29.1553 37.7948
      vertex 6.7269 30.0205 38.991
    endloop
  endfacet
  facet normal 0.9796 0.0496794 -0.194721
    outer loop
      vertex 7.16253 25.7907 40.1035
      vertex 6.95964 28.7766 39.8446
      vertex 7.37634 26.5494 41.3727
    endloop
  endfacet
  facet normal 0.979603 0.0496811 -0.194704
    outer loop
      vertex 6.95964 28.7766 39.8446
      vertex 7.16253 25.7907 40.1035
      vertex 6.53302 29.1553 37.7948
    endloop
  endfacet
  facet normal 0.979609 0.0496372 -0.194686
    outer loop
      vertex 7.20082 25.586 40.2439
      vertex 7.37634 26.5494 41.3727
      vertex 7.41452 26.3454 41.5128
    endloop
  endfacet
  facet normal 0.979599 0.0496817 -0.194722
    outer loop
      vertex 7.37634 26.5494 41.3727
      vertex 7.20082 25.586 40.2439
      vertex 7.16253 25.7907 40.1035
    endloop
  endfacet
  facet normal -0.180812 0.85708 -0.482412
    outer loop
      vertex 8.34672 25.6886 39.9966
      vertex 8.59443 26.4509 41.2581
      vertex 11.4603 26.542 40.3458
    endloop
  endfacet
  facet normal -0.180849 0.857077 -0.482403
    outer loop
      vertex 7.20082 25.586 40.2439
      vertex 8.59443 26.4509 41.2581
      vertex 8.34672 25.6886 39.9966
    endloop
  endfacet
  facet normal -0.180781 0.857051 -0.482474
    outer loop
      vertex 8.59443 26.4509 41.2581
      vertex 7.20082 25.586 40.2439
      vertex 7.41452 26.3454 41.5128
    endloop
  endfacet
  facet normal -0.180811 0.857078 -0.482416
    outer loop
      vertex 11.4603 26.542 40.3458
      vertex 11.11 25.7764 39.1169
      vertex 8.34672 25.6886 39.9966
    endloop
  endfacet
  facet normal -0.180809 0.857057 -0.482453
    outer loop
      vertex 14.9525 25.8984 37.8937
      vertex 11.4603 26.542 40.3458
      vertex 15.3962 26.667 39.0928
    endloop
  endfacet
  facet normal -0.180777 0.857057 -0.482465
    outer loop
      vertex 14.9525 25.8984 37.8937
      vertex 15.3962 26.667 39.0928
      vertex 15.479 26.6651 39.0584
    endloop
  endfacet
  facet normal -0.180785 0.857079 -0.482424
    outer loop
      vertex 11.4603 26.542 40.3458
      vertex 14.9525 25.8984 37.8937
      vertex 11.11 25.7764 39.1169
    endloop
  endfacet
  facet normal -0.181194 0.857071 -0.482285
    outer loop
      vertex 14.9525 25.8984 37.8937
      vertex 15.479 26.6651 39.0584
      vertex 15.0194 25.8969 37.8659
    endloop
  endfacet
  facet normal -0.180837 0.857069 -0.482422
    outer loop
      vertex 15.9104 26.6552 38.8791
      vertex 15.0194 25.8969 37.8659
      vertex 15.479 26.6651 39.0584
    endloop
  endfacet
  facet normal -0.180792 0.85706 -0.482454
    outer loop
      vertex 15.0194 25.8969 37.8659
      vertex 15.9104 26.6552 38.8791
      vertex 15.4518 25.8869 37.6861
    endloop
  endfacet
  facet normal -0.284039 0.852111 -0.439578
    outer loop
      vertex 19.4971 26.9625 37.1572
      vertex 15.4518 25.8869 37.6861
      vertex 15.9104 26.6552 38.8791
    endloop
  endfacet
  facet normal -0.284039 0.852123 -0.439555
    outer loop
      vertex 19.4971 26.9625 37.1572
      vertex 18.8755 26.1803 36.0425
      vertex 15.4518 25.8869 37.6861
    endloop
  endfacet
  facet normal -0.284036 0.852126 -0.439551
    outer loop
      vertex 21.2785 26.1717 34.473
      vertex 19.4971 26.9625 37.1572
      vertex 22.5661 26.9515 35.1527
    endloop
  endfacet
  facet normal -0.284041 0.852123 -0.439554
    outer loop
      vertex 19.4971 26.9625 37.1572
      vertex 21.2785 26.1717 34.473
      vertex 18.8755 26.1803 36.0425
    endloop
  endfacet
  facet normal -0.283993 0.852108 -0.439612
    outer loop
      vertex 21.2785 26.1717 34.473
      vertex 22.5661 26.9515 35.1527
      vertex 21.8993 26.1694 34.0675
    endloop
  endfacet
  facet normal -0.284026 0.852108 -0.439592
    outer loop
      vertex 22.9479 26.9501 34.9033
      vertex 21.8993 26.1694 34.0675
      vertex 22.5661 26.9515 35.1527
    endloop
  endfacet
  facet normal -0.284103 0.852124 -0.439511
    outer loop
      vertex 21.8993 26.1694 34.0675
      vertex 22.9479 26.9501 34.9033
      vertex 22.282 26.1681 33.8176
    endloop
  endfacet
  facet normal 0.297051 0.679038 -0.671318
    outer loop
      vertex 25.5225 23.9499 33.0079
      vertex 23.817 26.4514 34.7835
      vertex 26.2923 24.6606 34.0674
    endloop
  endfacet
  facet normal 0.297093 0.67902 -0.671317
    outer loop
      vertex 23.817 26.4514 34.7835
      vertex 23.1258 25.6838 33.7012
      vertex 22.9479 26.9501 34.9033
    endloop
  endfacet
  facet normal 0.297117 0.679017 -0.67131
    outer loop
      vertex 22.9479 26.9501 34.9033
      vertex 23.1258 25.6838 33.7012
      vertex 22.282 26.1681 33.8176
    endloop
  endfacet
  facet normal 0.297062 0.67904 -0.671311
    outer loop
      vertex 23.817 26.4514 34.7835
      vertex 25.5225 23.9499 33.0079
      vertex 23.1258 25.6838 33.7012
    endloop
  endfacet
  facet normal 0.296935 0.679087 -0.67132
    outer loop
      vertex 25.741 23.7918 32.9447
      vertex 26.2923 24.6606 34.0674
      vertex 26.5103 24.5029 34.0043
    endloop
  endfacet
  facet normal 0.297117 0.678992 -0.671336
    outer loop
      vertex 26.2923 24.6606 34.0674
      vertex 25.741 23.7918 32.9447
      vertex 25.5225 23.9499 33.0079
    endloop
  endfacet
  facet normal -0.658301 0.752273 -0.0269066
    outer loop
      vertex 27.0669 24.9612 33.1999
      vertex 25.741 23.7918 32.9447
      vertex 26.5103 24.5029 34.0043
    endloop
  endfacet
  facet normal -0.658267 0.752303 -0.0269127
    outer loop
      vertex 26.2549 24.215 32.202
      vertex 27.0669 24.9612 33.1999
      vertex 27.7449 25.5194 32.2201
    endloop
  endfacet
  facet normal -0.658308 0.752269 -0.0268536
    outer loop
      vertex 27.0669 24.9612 33.1999
      vertex 26.2549 24.215 32.202
      vertex 25.741 23.7918 32.9447
    endloop
  endfacet
  facet normal -0.658268 0.752304 -0.0268773
    outer loop
      vertex 26.2549 24.215 32.202
      vertex 27.7449 25.5194 32.2201
      vertex 26.9371 24.7767 31.216
    endloop
  endfacet
  facet normal -0.658296 0.75228 -0.0268368
    outer loop
      vertex 27.8299 25.5894 32.0973
      vertex 26.9371 24.7767 31.216
      vertex 27.7449 25.5194 32.2201
    endloop
  endfacet
  facet normal -0.658154 0.752396 -0.0270875
    outer loop
      vertex 26.9371 24.7767 31.216
      vertex 27.8299 25.5894 32.0973
      vertex 27.0223 24.8468 31.093
    endloop
  endfacet
  facet normal -0.834598 0.231834 0.499699
    outer loop
      vertex 26.6413 28.2093 28.8966
      vertex 27.8299 25.5894 32.0973
      vertex 27.4366 29.0605 29.83
    endloop
  endfacet
  facet normal -0.834593 0.231842 0.499703
    outer loop
      vertex 27.8299 25.5894 32.0973
      vertex 26.6413 28.2093 28.8966
      vertex 27.0223 24.8468 31.093
    endloop
  endfacet
  facet normal -0.834607 0.232001 0.499607
    outer loop
      vertex 26.6124 28.4641 28.7301
      vertex 27.4366 29.0605 29.83
      vertex 27.4078 29.3148 29.6638
    endloop
  endfacet
  facet normal -0.834602 0.231856 0.499682
    outer loop
      vertex 27.4366 29.0605 29.83
      vertex 26.6124 28.4641 28.7301
      vertex 26.6413 28.2093 28.8966
    endloop
  endfacet
  facet normal -0.256779 0.813246 -0.522203
    outer loop
      vertex 26.9214 28.4188 28.5076
      vertex 27.4078 29.3148 29.6638
      vertex 27.789 29.2589 29.3893
    endloop
  endfacet
  facet normal -0.256792 0.813245 -0.522197
    outer loop
      vertex 27.4078 29.3148 29.6638
      vertex 26.9214 28.4188 28.5076
      vertex 26.6124 28.4641 28.7301
    endloop
  endfacet
  facet normal -0.256847 0.813246 -0.52217
    outer loop
      vertex 29.2884 27.7212 26.2569
      vertex 27.789 29.2589 29.3893
      vertex 30.1782 28.5548 27.1175
    endloop
  endfacet
  facet normal -0.256827 0.813255 -0.522165
    outer loop
      vertex 27.789 29.2589 29.3893
      vertex 29.2884 27.7212 26.2569
      vertex 26.9214 28.4188 28.5076
    endloop
  endfacet
  facet normal -0.25667 0.813232 -0.522277
    outer loop
      vertex 29.5061 27.6571 26.05
      vertex 30.1782 28.5548 27.1175
      vertex 30.3955 28.4907 26.9109
    endloop
  endfacet
  facet normal -0.256828 0.813242 -0.522186
    outer loop
      vertex 30.1782 28.5548 27.1175
      vertex 29.5061 27.6571 26.05
      vertex 29.2884 27.7212 26.2569
    endloop
  endfacet
  facet normal -0.260124 0.813966 -0.519419
    outer loop
      vertex 30.3955 28.4907 26.9109
      vertex 30.8501 27.2668 24.7653
      vertex 29.5061 27.6571 26.05
    endloop
  endfacet
  facet normal -0.260114 0.813969 -0.519418
    outer loop
      vertex 33.4041 27.617 24.0351
      vertex 30.8501 27.2668 24.7653
      vertex 30.3955 28.4907 26.9109
    endloop
  endfacet
  facet normal -0.260122 0.813939 -0.519462
    outer loop
      vertex 30.8501 27.2668 24.7653
      vertex 33.4041 27.617 24.0351
      vertex 32.4185 26.8113 23.2662
    endloop
  endfacet
  facet normal -0.260009 0.813955 -0.519493
    outer loop
      vertex 32.6851 26.7339 23.0113
      vertex 33.4041 27.617 24.0351
      vertex 33.6704 27.5397 23.7807
    endloop
  endfacet
  facet normal -0.26024 0.813974 -0.519347
    outer loop
      vertex 33.4041 27.617 24.0351
      vertex 32.6851 26.7339 23.0113
      vertex 32.4185 26.8113 23.2662
    endloop
  endfacet
  facet normal -0.71196 0.670127 0.209865
    outer loop
      vertex 33.2105 27.9483 20.9162
      vertex 33.8128 27.869 23.2127
      vertex 34.2133 28.7947 21.6155
    endloop
  endfacet
  facet normal -0.711981 0.670103 0.20987
    outer loop
      vertex 32.6851 26.7339 23.0113
      vertex 33.8128 27.869 23.2127
      vertex 33.2105 27.9483 20.9162
    endloop
  endfacet
  facet normal -0.711974 0.670075 0.209983
    outer loop
      vertex 33.8128 27.869 23.2127
      vertex 32.6851 26.7339 23.0113
      vertex 33.6704 27.5397 23.7807
    endloop
  endfacet
  facet normal -0.711986 0.670063 0.209979
    outer loop
      vertex 33.2105 27.9483 20.9162
      vertex 34.2679 28.921 21.3976
      vertex 33.2652 28.0748 20.698
    endloop
  endfacet
  facet normal -0.711986 0.670063 0.209979
    outer loop
      vertex 34.2679 28.921 21.3976
      vertex 33.2105 27.9483 20.9162
      vertex 34.2133 28.7947 21.6155
    endloop
  endfacet
  facet normal 0.634635 -0.120868 -0.763301
    outer loop
      vertex 34.5333 25.3981 22.1761
      vertex 34.9398 27.5028 22.1808
      vertex 35.5788 26.1538 22.9257
    endloop
  endfacet
  facet normal 0.634611 -0.120864 -0.763322
    outer loop
      vertex 33.2652 28.0748 20.698
      vertex 34.9398 27.5028 22.1808
      vertex 34.5333 25.3981 22.1761
    endloop
  endfacet
  facet normal 0.634604 -0.120889 -0.763324
    outer loop
      vertex 34.9398 27.5028 22.1808
      vertex 33.2652 28.0748 20.698
      vertex 34.2679 28.921 21.3976
    endloop
  endfacet
  facet normal 0.634811 -0.121838 -0.763001
    outer loop
      vertex 34.5333 25.3981 22.1761
      vertex 35.6861 25.9274 23.0507
      vertex 35.7135 25.8372 23.0879
    endloop
  endfacet
  facet normal 0.634907 -0.121623 -0.762956
    outer loop
      vertex 34.6419 25.1688 22.3027
      vertex 35.7135 25.8372 23.0879
      vertex 34.6685 25.0812 22.3388
    endloop
  endfacet
  facet normal 0.634659 -0.120838 -0.763286
    outer loop
      vertex 34.5333 25.3981 22.1761
      vertex 35.7135 25.8372 23.0879
      vertex 34.6419 25.1688 22.3027
    endloop
  endfacet
  facet normal 0.634579 -0.120721 -0.763372
    outer loop
      vertex 35.6861 25.9274 23.0507
      vertex 34.5333 25.3981 22.1761
      vertex 35.5788 26.1538 22.9257
    endloop
  endfacet
  facet normal 0.712521 -0.534374 -0.454707
    outer loop
      vertex 34.5355 23.7373 23.7098
      vertex 35.7135 25.8372 23.0879
      vertex 35.576 24.4482 24.5048
    endloop
  endfacet
  facet normal 0.712531 -0.534375 -0.45469
    outer loop
      vertex 35.7135 25.8372 23.0879
      vertex 34.5355 23.7373 23.7098
      vertex 34.6685 25.0812 22.3388
    endloop
  endfacet
  facet normal 0.712529 -0.534282 -0.454802
    outer loop
      vertex 34.5213 23.594 23.8559
      vertex 35.576 24.4482 24.5048
      vertex 35.5619 24.3052 24.6507
    endloop
  endfacet
  facet normal 0.71253 -0.534288 -0.454795
    outer loop
      vertex 35.576 24.4482 24.5048
      vertex 34.5213 23.594 23.8559
      vertex 34.5355 23.7373 23.7098
    endloop
  endfacet
  facet normal 0.0669006 -0.785449 0.6153
    outer loop
      vertex 31.2556 25.359 26.4636
      vertex 32.0947 26.1735 27.4121
      vertex 31.1664 25.4024 26.5287
    endloop
  endfacet
  facet normal 0.0668547 -0.785432 0.615326
    outer loop
      vertex 33.4424 24.2973 24.8708
      vertex 32.0947 26.1735 27.4121
      vertex 31.2556 25.359 26.4636
    endloop
  endfacet
  facet normal 0.0668351 -0.785439 0.61532
    outer loop
      vertex 32.0947 26.1735 27.4121
      vertex 33.4424 24.2973 24.8708
      vertex 34.4504 25.0297 25.6962
    endloop
  endfacet
  facet normal 0.0668267 -0.785434 0.615327
    outer loop
      vertex 34.5213 23.594 23.8559
      vertex 34.4504 25.0297 25.6962
      vertex 33.4424 24.2973 24.8708
    endloop
  endfacet
  facet normal 0.066826 -0.785434 0.615327
    outer loop
      vertex 34.4504 25.0297 25.6962
      vertex 34.5213 23.594 23.8559
      vertex 35.5619 24.3052 24.6507
    endloop
  endfacet
  facet normal 0.0668456 -0.785444 0.615312
    outer loop
      vertex 31.1664 25.4024 26.5287
      vertex 31.7491 26.3413 27.6639
      vertex 30.8201 25.5705 26.7809
    endloop
  endfacet
  facet normal 0.0669233 -0.785459 0.615285
    outer loop
      vertex 31.7491 26.3413 27.6639
      vertex 31.1664 25.4024 26.5287
      vertex 32.0947 26.1735 27.4121
    endloop
  endfacet
  facet normal 0.783686 -0.414858 -0.462308
    outer loop
      vertex 30.9677 23.925 28.5076
      vertex 31.7491 26.3413 27.6639
      vertex 31.8965 24.697 29.3893
    endloop
  endfacet
  facet normal 0.783664 -0.414863 -0.462342
    outer loop
      vertex 31.7491 26.3413 27.6639
      vertex 30.9677 23.925 28.5076
      vertex 30.8201 25.5705 26.7809
    endloop
  endfacet
  facet normal 0.78365 -0.414855 -0.462372
    outer loop
      vertex 30.8791 22.435 29.6945
      vertex 31.8965 24.697 29.3893
      vertex 31.8019 23.1054 30.657
    endloop
  endfacet
  facet normal 0.783686 -0.414862 -0.462305
    outer loop
      vertex 31.8965 24.697 29.3893
      vertex 30.8791 22.435 29.6945
      vertex 30.9677 23.925 28.5076
    endloop
  endfacet
  facet normal 0.783656 -0.414891 -0.46233
    outer loop
      vertex 30.6639 20.7452 30.8461
      vertex 31.8019 23.1054 30.657
      vertex 31.5785 21.3508 31.8529
    endloop
  endfacet
  facet normal 0.783647 -0.414889 -0.462346
    outer loop
      vertex 31.8019 23.1054 30.657
      vertex 30.6639 20.7452 30.8461
      vertex 30.8791 22.435 29.6945
    endloop
  endfacet
  facet normal 0.78365 -0.414843 -0.462382
    outer loop
      vertex 30.6064 20.2938 31.1537
      vertex 31.5785 21.3508 31.8529
      vertex 31.5211 20.9003 32.1598
    endloop
  endfacet
  facet normal 0.783657 -0.414878 -0.462339
    outer loop
      vertex 31.5785 21.3508 31.8529
      vertex 30.6064 20.2938 31.1537
      vertex 30.6639 20.7452 30.8461
    endloop
  endfacet
  facet normal -0.327916 0.910777 -0.250911
    outer loop
      vertex 33.3363 21.0476 30.3222
      vertex 30.6064 20.2938 31.1537
      vertex 31.5211 20.9003 32.1598
    endloop
  endfacet
  facet normal -0.32791 0.910786 -0.250887
    outer loop
      vertex 30.6064 20.2938 31.1537
      vertex 33.3363 21.0476 30.3222
      vertex 32.3648 20.4365 29.3735
    endloop
  endfacet
  facet normal -0.327781 0.910782 -0.251068
    outer loop
      vertex 32.4977 20.4472 29.239
      vertex 33.3363 21.0476 30.3222
      vertex 33.4689 21.0583 30.1879
    endloop
  endfacet
  facet normal -0.327587 0.910807 -0.251232
    outer loop
      vertex 33.3363 21.0476 30.3222
      vertex 32.4977 20.4472 29.239
      vertex 32.3648 20.4365 29.3735
    endloop
  endfacet
  facet normal -0.0822836 0.874151 -0.478634
    outer loop
      vertex 33.4342 20.135 28.5076
      vertex 33.4689 21.0583 30.1879
      vertex 34.4916 20.7173 29.3893
    endloop
  endfacet
  facet normal -0.0823924 0.874144 -0.478628
    outer loop
      vertex 33.4689 21.0583 30.1879
      vertex 33.4342 20.135 28.5076
      vertex 32.4977 20.4472 29.239
    endloop
  endfacet
  facet normal -0.082331 0.87417 -0.47859
    outer loop
      vertex 36.9537 19.4976 26.7379
      vertex 33.4342 20.135 28.5076
      vertex 34.4916 20.7173 29.3893
    endloop
  endfacet
  facet normal -0.0822797 0.874122 -0.478687
    outer loop
      vertex 36.6282 18.5526 25.0682
      vertex 36.9537 19.4976 26.7379
      vertex 37.7425 19.1067 25.8885
    endloop
  endfacet
  facet normal -0.0823789 0.874123 -0.478668
    outer loop
      vertex 36.9537 19.4976 26.7379
      vertex 36.6282 18.5526 25.0682
      vertex 33.4342 20.135 28.5076
    endloop
  endfacet
  facet normal -0.0824143 0.874182 -0.478554
    outer loop
      vertex 36.9514 18.3925 24.7201
      vertex 37.7425 19.1067 25.8885
      vertex 38.0653 18.9469 25.541
    endloop
  endfacet
  facet normal -0.0823995 0.874179 -0.478562
    outer loop
      vertex 37.7425 19.1067 25.8885
      vertex 36.9514 18.3925 24.7201
      vertex 36.6282 18.5526 25.0682
    endloop
  endfacet
  facet normal 0.0908904 0.763698 -0.639144
    outer loop
      vertex 38.5111 17.1463 23.4529
      vertex 38.0653 18.9469 25.541
      vertex 39.672 17.6631 24.2355
    endloop
  endfacet
  facet normal 0.0909184 0.763699 -0.639138
    outer loop
      vertex 38.0653 18.9469 25.541
      vertex 38.5111 17.1463 23.4529
      vertex 36.9514 18.3925 24.7201
    endloop
  endfacet
  facet normal 0.0908935 0.763695 -0.639146
    outer loop
      vertex 39.672 17.6631 24.2355
      vertex 39.9689 15.6334 21.8525
      vertex 38.5111 17.1463 23.4529
    endloop
  endfacet
  facet normal 0.0909069 0.763695 -0.639145
    outer loop
      vertex 41.8484 15.4044 21.8462
      vertex 39.9689 15.6334 21.8525
      vertex 39.672 17.6631 24.2355
    endloop
  endfacet
  facet normal 0.0909068 0.763694 -0.639145
    outer loop
      vertex 39.9689 15.6334 21.8525
      vertex 41.8484 15.4044 21.8462
      vertex 40.6138 14.9641 21.1445
    endloop
  endfacet
  facet normal 0.0908999 0.763681 -0.639162
    outer loop
      vertex 40.9428 14.6226 20.7833
      vertex 41.8484 15.4044 21.8462
      vertex 42.177 15.0634 21.4855
    endloop
  endfacet
  facet normal 0.0909382 0.763662 -0.63918
    outer loop
      vertex 41.8484 15.4044 21.8462
      vertex 40.9428 14.6226 20.7833
      vertex 40.6138 14.9641 21.1445
    endloop
  endfacet
  facet normal 0.18597 0.651235 -0.735737
    outer loop
      vertex 42.3536 12.6197 19.3674
      vertex 43.4062 13.4143 20.3368
      vertex 43.6471 12.9963 20.0277
    endloop
  endfacet
  facet normal 0.186145 0.651097 -0.735814
    outer loop
      vertex 42.0736 13.1058 19.7267
      vertex 43.4062 13.4143 20.3368
      vertex 42.3536 12.6197 19.3674
    endloop
  endfacet
  facet normal 0.186089 0.651196 -0.735741
    outer loop
      vertex 43.4062 13.4143 20.3368
      vertex 42.0736 13.1058 19.7267
      vertex 42.177 15.0634 21.4855
    endloop
  endfacet
  facet normal 0.186024 0.651206 -0.735749
    outer loop
      vertex 42.177 15.0634 21.4855
      vertex 42.0736 13.1058 19.7267
      vertex 40.9428 14.6226 20.7833
    endloop
  endfacet
  facet normal 0.186132 0.651101 -0.735814
    outer loop
      vertex 42.4913 12.3807 19.1906
      vertex 43.6471 12.9963 20.0277
      vertex 43.7847 12.7575 19.8512
    endloop
  endfacet
  facet normal 0.18591 0.651325 -0.735672
    outer loop
      vertex 43.6471 12.9963 20.0277
      vertex 42.4913 12.3807 19.1906
      vertex 42.3536 12.6197 19.3674
    endloop
  endfacet
  facet normal -0.229202 0.967881 -0.103311
    outer loop
      vertex 44.7265 12.6914 17.1425
      vertex 42.4913 12.3807 19.1906
      vertex 43.7847 12.7575 19.8512
    endloop
  endfacet
  facet normal -0.229214 0.967876 -0.103326
    outer loop
      vertex 44.7265 12.6914 17.1425
      vertex 43.3387 12.3212 16.7534
      vertex 42.4913 12.3807 19.1906
    endloop
  endfacet
  facet normal -0.229245 0.96788 -0.10322
    outer loop
      vertex 43.3387 12.3212 16.7534
      vertex 44.7265 12.6914 17.1425
      vertex 43.4018 12.3168 16.572
    endloop
  endfacet
  facet normal -0.229265 0.967881 -0.103175
    outer loop
      vertex 44.8411 12.6834 16.8128
      vertex 43.4018 12.3168 16.572
      vertex 44.7265 12.6914 17.1425
    endloop
  endfacet
  facet normal -0.229218 0.967865 -0.103427
    outer loop
      vertex 43.4018 12.3168 16.572
      vertex 44.8411 12.6834 16.8128
      vertex 43.5165 12.3087 16.242
    endloop
  endfacet
  facet normal 0.267395 0.394178 -0.879274
    outer loop
      vertex 44.8889 8.80307 15.088
      vertex 46.0897 9.79666 15.8986
      vertex 46.2591 9.05404 15.6172
    endloop
  endfacet
  facet normal 0.267511 0.394054 -0.879295
    outer loop
      vertex 44.7282 9.50728 15.3547
      vertex 46.0897 9.79666 15.8986
      vertex 44.8889 8.80307 15.088
    endloop
  endfacet
  facet normal 0.267479 0.394146 -0.879263
    outer loop
      vertex 46.0897 9.79666 15.8986
      vertex 44.7282 9.50728 15.3547
      vertex 44.8411 12.6834 16.8128
    endloop
  endfacet
  facet normal 0.267404 0.394157 -0.879281
    outer loop
      vertex 44.8411 12.6834 16.8128
      vertex 44.7282 9.50728 15.3547
      vertex 43.5165 12.3087 16.242
    endloop
  endfacet
  facet normal 0.267438 0.394145 -0.879276
    outer loop
      vertex 45.3122 8.31966 15
      vertex 46.2591 9.05404 15.6172
      vertex 46.3819 8.51607 15.4134
    endloop
  endfacet
  facet normal 0.267573 0.394341 -0.879147
    outer loop
      vertex 44.8889 8.80307 15.088
      vertex 45.3122 8.31966 15
      vertex 44.9419 8.57092 15
    endloop
  endfacet
  facet normal 0.267388 0.394201 -0.879266
    outer loop
      vertex 45.3122 8.31966 15
      vertex 44.8889 8.80307 15.088
      vertex 46.2591 9.05404 15.6172
    endloop
  endfacet
  facet normal 0.342844 0.101708 -0.93387
    outer loop
      vertex 46.175 5.15597 15
      vertex 46.7872 5.2216 15.2319
      vertex 46.7877 5.21716 15.2316
    endloop
  endfacet
  facet normal 0.343867 0.093778 -0.934324
    outer loop
      vertex 46.175 5.15597 15
      vertex 46.3819 8.51607 15.4134
      vertex 46.7872 5.2216 15.2319
    endloop
  endfacet
  facet normal 0.343864 0.0937783 -0.934325
    outer loop
      vertex 46.3819 8.51607 15.4134
      vertex 46.175 5.15597 15
      vertex 45.3122 8.31966 15
    endloop
  endfacet
  facet normal 0.343975 0.0936259 -0.934299
    outer loop
      vertex 46.3145 4.64451 15
      vertex 46.7877 5.21716 15.2316
      vertex 46.8515 4.69836 15.2031
    endloop
  endfacet
  facet normal 0.343816 0.0937752 -0.934343
    outer loop
      vertex 46.7877 5.21716 15.2316
      vertex 46.3145 4.64451 15
      vertex 46.175 5.15597 15
    endloop
  endfacet
  facet normal -0.297748 -0.36217 0.883278
    outer loop
      vertex 46.7633 5.10914 15.3418
      vertex 46.3145 4.64451 15
      vertex 46.8515 4.69836 15.2031
    endloop
  endfacet
  facet normal -0.297616 -0.36236 0.883244
    outer loop
      vertex 45.2639 5.50751 15
      vertex 46.7633 5.10914 15.3418
      vertex 45.9898 8.70865 16.5579
    endloop
  endfacet
  facet normal -0.297607 -0.362301 0.883271
    outer loop
      vertex 46.7633 5.10914 15.3418
      vertex 45.2639 5.50751 15
      vertex 46.3145 4.64451 15
    endloop
  endfacet
  facet normal -0.297673 -0.362342 0.883232
    outer loop
      vertex 45.2639 5.50751 15
      vertex 45.9898 8.70865 16.5579
      vertex 44.6355 8.43183 15.9879
    endloop
  endfacet
  facet normal -0.297682 -0.362315 0.88324
    outer loop
      vertex 45.8529 9.34598 16.7732
      vertex 44.6355 8.43183 15.9879
      vertex 45.9898 8.70865 16.5579
    endloop
  endfacet
  facet normal -0.297626 -0.362383 0.883231
    outer loop
      vertex 44.6355 8.43183 15.9879
      vertex 45.8529 9.34598 16.7732
      vertex 44.4984 9.06991 16.2035
    endloop
  endfacet
  facet normal -0.325595 -0.271391 0.905723
    outer loop
      vertex 44.4306 9.44402 16.2912
      vertex 45.783 9.73147 16.8635
      vertex 45.5209 10.4207 16.9758
    endloop
  endfacet
  facet normal -0.325645 -0.27122 0.905757
    outer loop
      vertex 45.783 9.73147 16.8635
      vertex 44.4306 9.44402 16.2912
      vertex 45.8529 9.34598 16.7732
    endloop
  endfacet
  facet normal -0.325642 -0.271338 0.905722
    outer loop
      vertex 45.8529 9.34598 16.7732
      vertex 44.4306 9.44402 16.2912
      vertex 44.4984 9.06991 16.2035
    endloop
  endfacet
  facet normal -0.325635 -0.271345 0.905723
    outer loop
      vertex 44.4306 9.44402 16.2912
      vertex 45.5209 10.4207 16.9758
      vertex 44.1781 10.1082 16.3994
    endloop
  endfacet
  facet normal -0.325653 -0.27129 0.905733
    outer loop
      vertex 45.463 10.573 17.0006
      vertex 44.1781 10.1082 16.3994
      vertex 45.5209 10.4207 16.9758
    endloop
  endfacet
  facet normal -0.325704 -0.27117 0.90575
    outer loop
      vertex 44.1781 10.1082 16.3994
      vertex 45.463 10.573 17.0006
      vertex 44.1201 10.2607 16.4242
    endloop
  endfacet
  facet normal 0.242329 -0.969395 -0.0393656
    outer loop
      vertex 43.6448 10.078 17.9976
      vertex 45.463 10.573 17.0006
      vertex 44.9711 10.3839 18.6292
    endloop
  endfacet
  facet normal 0.242333 -0.969395 -0.0393591
    outer loop
      vertex 45.463 10.573 17.0006
      vertex 43.6448 10.078 17.9976
      vertex 44.1201 10.2607 16.4242
    endloop
  endfacet
  facet normal 0.242373 -0.969378 -0.0395234
    outer loop
      vertex 43.5751 10.0512 18.2284
      vertex 44.9711 10.3839 18.6292
      vertex 44.9015 10.3571 18.8597
    endloop
  endfacet
  facet normal 0.242336 -0.969393 -0.0393801
    outer loop
      vertex 44.9711 10.3839 18.6292
      vertex 43.5751 10.0512 18.2284
      vertex 43.6448 10.078 17.9976
    endloop
  endfacet
  facet normal 0.346052 -0.890463 -0.295506
    outer loop
      vertex 43.2718 9.44331 19.7023
      vertex 44.5975 9.74794 20.3368
      vertex 44.5785 9.72622 20.38
    endloop
  endfacet
  facet normal 0.346225 -0.89024 -0.295975
    outer loop
      vertex 43.3387 9.57738 19.3773
      vertex 44.5975 9.74794 20.3368
      vertex 43.2718 9.44331 19.7023
    endloop
  endfacet
  facet normal 0.346178 -0.89028 -0.295907
    outer loop
      vertex 43.3387 9.57738 19.3773
      vertex 44.9015 10.3571 18.8597
      vertex 44.5975 9.74794 20.3368
    endloop
  endfacet
  facet normal 0.346168 -0.890276 -0.295932
    outer loop
      vertex 44.9015 10.3571 18.8597
      vertex 43.3387 9.57738 19.3773
      vertex 43.5751 10.0512 18.2284
    endloop
  endfacet
  facet normal 0.34641 -0.889998 -0.296486
    outer loop
      vertex 43.1995 9.35625 19.8797
      vertex 44.5106 9.64853 20.5342
      vertex 44.5017 9.63827 20.5546
    endloop
  endfacet
  facet normal 0.346239 -0.89021 -0.296049
    outer loop
      vertex 44.5106 9.64853 20.5342
      vertex 43.1995 9.35625 19.8797
      vertex 44.5785 9.72622 20.38
    endloop
  endfacet
  facet normal 0.346177 -0.890318 -0.295796
    outer loop
      vertex 43.2668 9.43325 19.7267
      vertex 44.5785 9.72622 20.38
      vertex 43.1995 9.35625 19.8797
    endloop
  endfacet
  facet normal 0.34628 -0.89019 -0.296062
    outer loop
      vertex 44.5785 9.72622 20.38
      vertex 43.2668 9.43325 19.7267
      vertex 43.2718 9.44331 19.7023
    endloop
  endfacet
  facet normal -0.244909 -0.630914 0.736184
    outer loop
      vertex 44.4668 9.68799 20.5856
      vertex 43.1995 9.35625 19.8797
      vertex 44.5017 9.63827 20.5546
    endloop
  endfacet
  facet normal -0.245178 -0.630482 0.736465
    outer loop
      vertex 41.555 13.8423 23.1727
      vertex 43.1995 9.35625 19.8797
      vertex 44.4668 9.68799 20.5856
    endloop
  endfacet
  facet normal -0.245176 -0.630482 0.736465
    outer loop
      vertex 43.1995 9.35625 19.8797
      vertex 41.555 13.8423 23.1727
      vertex 40.3497 13.4222 22.4118
    endloop
  endfacet
  facet normal -0.245167 -0.630494 0.736458
    outer loop
      vertex 41.2135 14.3296 23.4762
      vertex 40.3497 13.4222 22.4118
      vertex 41.555 13.8423 23.1727
    endloop
  endfacet
  facet normal -0.24512 -0.630526 0.736446
    outer loop
      vertex 40.3497 13.4222 22.4118
      vertex 41.2135 14.3296 23.4762
      vertex 40.0075 13.9103 22.7158
    endloop
  endfacet
  facet normal 0.381701 0.407133 -0.829787
    outer loop
      vertex 41.7895 10.2447 21.7369
      vertex 42.6939 11.2843 22.663
      vertex 43.0551 10.5413 22.4646
    endloop
  endfacet
  facet normal 0.381685 0.407148 -0.829788
    outer loop
      vertex 40.0075 13.9103 22.7158
      vertex 42.6939 11.2843 22.663
      vertex 41.7895 10.2447 21.7369
    endloop
  endfacet
  facet normal 0.38166 0.407123 -0.829811
    outer loop
      vertex 42.6939 11.2843 22.663
      vertex 40.0075 13.9103 22.7158
      vertex 41.2135 14.3296 23.4762
    endloop
  endfacet
  facet normal 0.381685 0.407144 -0.829789
    outer loop
      vertex 41.9772 9.85877 21.6339
      vertex 43.0551 10.5413 22.4646
      vertex 43.2425 10.1559 22.3617
    endloop
  endfacet
  facet normal 0.38171 0.40711 -0.829794
    outer loop
      vertex 43.0551 10.5413 22.4646
      vertex 41.9772 9.85877 21.6339
      vertex 41.7895 10.2447 21.7369
    endloop
  endfacet
  facet normal 0.396916 0.368616 -0.840583
    outer loop
      vertex 43.0145 6.71118 20.7435
      vertex 43.6457 9.27718 22.1668
      vertex 44.3143 6.90238 21.4411
    endloop
  endfacet
  facet normal 0.396991 0.368585 -0.840561
    outer loop
      vertex 43.6457 9.27718 22.1668
      vertex 43.0145 6.71118 20.7435
      vertex 42.3686 9.00572 21.4446
    endloop
  endfacet
  facet normal 0.396988 0.368594 -0.840559
    outer loop
      vertex 43.6457 9.27718 22.1668
      vertex 42.3686 9.00572 21.4446
      vertex 43.2425 10.1559 22.3617
    endloop
  endfacet
  facet normal 0.396924 0.368648 -0.840566
    outer loop
      vertex 43.2425 10.1559 22.3617
      vertex 42.3686 9.00572 21.4446
      vertex 41.9772 9.85877 21.6339
    endloop
  endfacet
  facet normal 0.397024 0.36846 -0.8406
    outer loop
      vertex 43.1134 6.36009 20.6362
      vertex 44.3143 6.90238 21.4411
      vertex 44.4129 6.5518 21.334
    endloop
  endfacet
  facet normal 0.396892 0.368694 -0.84056
    outer loop
      vertex 44.3143 6.90238 21.4411
      vertex 43.1134 6.36009 20.6362
      vertex 43.0145 6.71118 20.7435
    endloop
  endfacet
  facet normal -0.0579344 0.98497 -0.162717
    outer loop
      vertex 43.651 6.24146 19.7267
      vertex 44.4129 6.5518 21.334
      vertex 45.0023 6.42173 20.3368
    endloop
  endfacet
  facet normal -0.0579359 0.984971 -0.162714
    outer loop
      vertex 43.651 6.24146 19.7267
      vertex 45.0023 6.42173 20.3368
      vertex 45.1271 6.36846 19.9699
    endloop
  endfacet
  facet normal -0.0579332 0.98497 -0.162718
    outer loop
      vertex 44.4129 6.5518 21.334
      vertex 43.651 6.24146 19.7267
      vertex 43.1134 6.36009 20.6362
    endloop
  endfacet
  facet normal -0.0579366 0.984971 -0.16271
    outer loop
      vertex 43.651 6.24146 19.7267
      vertex 45.1271 6.36846 19.9699
      vertex 43.7924 6.18109 19.3109
    endloop
  endfacet
  facet normal -0.05794 0.984972 -0.162704
    outer loop
      vertex 45.1834 6.34445 19.8045
      vertex 43.7924 6.18109 19.3109
      vertex 45.1271 6.36846 19.9699
    endloop
  endfacet
  facet normal -0.0579265 0.984967 -0.16274
    outer loop
      vertex 43.7924 6.18109 19.3109
      vertex 45.1834 6.34445 19.8045
      vertex 43.8487 6.15704 19.1453
    endloop
  endfacet
  facet normal 0.297775 0.570779 -0.765207
    outer loop
      vertex 44.6086 3.69358 17.6035
      vertex 45.1834 6.34445 19.8045
      vertex 45.9695 3.79616 18.2096
    endloop
  endfacet
  facet normal 0.297786 0.570775 -0.765206
    outer loop
      vertex 45.1834 6.34445 19.8045
      vertex 44.6086 3.69358 17.6035
      vertex 43.8487 6.15704 19.1453
    endloop
  endfacet
  facet normal 0.297815 0.570783 -0.765188
    outer loop
      vertex 44.7044 3.3831 17.4091
      vertex 45.9695 3.79616 18.2096
      vertex 46.0651 3.48607 18.0155
    endloop
  endfacet
  facet normal 0.297724 0.570925 -0.765118
    outer loop
      vertex 45.9695 3.79616 18.2096
      vertex 44.7044 3.3831 17.4091
      vertex 44.6086 3.69358 17.6035
    endloop
  endfacet
  facet normal 0.0198349 -0.99209 0.123953
    outer loop
      vertex 43.9226 3.65703 19.7267
      vertex 44.3418 3.94102 21.9326
      vertex 43.0531 3.82401 21.2023
    endloop
  endfacet
  facet normal 0.0198465 -0.99209 0.123951
    outer loop
      vertex 44.3418 3.94102 21.9326
      vertex 43.9226 3.65703 19.7267
      vertex 45.282 3.76045 20.3368
    endloop
  endfacet
  facet normal 0.0198425 -0.992089 0.12396
    outer loop
      vertex 43.9226 3.65703 19.7267
      vertex 46.0651 3.48607 18.0155
      vertex 45.282 3.76045 20.3368
    endloop
  endfacet
  facet normal 0.0198361 -0.99209 0.123952
    outer loop
      vertex 46.0651 3.48607 18.0155
      vertex 43.9226 3.65703 19.7267
      vertex 44.7044 3.3831 17.4091
    endloop
  endfacet
  facet normal 0.0198406 -0.992089 0.123959
    outer loop
      vertex 43.0531 3.82401 21.2023
      vertex 44.0552 3.99605 22.4188
      vertex 42.7661 3.87912 21.6893
    endloop
  endfacet
  facet normal 0.0198233 -0.992087 0.123974
    outer loop
      vertex 44.0552 3.99605 22.4188
      vertex 43.0531 3.82401 21.2023
      vertex 44.3418 3.94102 21.9326
    endloop
  endfacet
  facet normal -0.440663 -0.335761 0.832515
    outer loop
      vertex 42.7625 8.99035 23.7488
      vertex 42.7661 3.87912 21.6893
      vertex 44.0552 3.99605 22.4188
    endloop
  endfacet
  facet normal -0.440655 -0.335762 0.832518
    outer loop
      vertex 42.7661 3.87912 21.6893
      vertex 42.7625 8.99035 23.7488
      vertex 41.5154 8.7109 22.976
    endloop
  endfacet
  facet normal -0.440714 -0.335741 0.832496
    outer loop
      vertex 41.4876 8.81846 23.0046
      vertex 42.7381 9.08427 23.7738
      vertex 42.5567 9.50538 23.8476
    endloop
  endfacet
  facet normal -0.440857 -0.335327 0.832587
    outer loop
      vertex 41.5154 8.7109 22.976
      vertex 42.7381 9.08427 23.7738
      vertex 41.4876 8.81846 23.0046
    endloop
  endfacet
  facet normal -0.440556 -0.336041 0.832458
    outer loop
      vertex 42.7381 9.08427 23.7738
      vertex 41.5154 8.7109 22.976
      vertex 42.7625 8.99035 23.7488
    endloop
  endfacet
  facet normal -0.440647 -0.335839 0.832492
    outer loop
      vertex 41.4876 8.81846 23.0046
      vertex 42.5567 9.50538 23.8476
      vertex 41.3115 9.22725 23.0763
    endloop
  endfacet
  facet normal -0.325667 -0.590253 0.738608
    outer loop
      vertex 39.2833 12.408 24.7239
      vertex 42.5567 9.50538 23.8476
      vertex 39.7081 13.9728 26.1617
    endloop
  endfacet
  facet normal -0.32561 -0.590297 0.738598
    outer loop
      vertex 38.2354 14.0513 25.5752
      vertex 39.7081 13.9728 26.1617
      vertex 39.3778 14.4907 26.43
    endloop
  endfacet
  facet normal -0.325667 -0.590254 0.738608
    outer loop
      vertex 42.5567 9.50538 23.8476
      vertex 39.2833 12.408 24.7239
      vertex 41.3115 9.22725 23.0763
    endloop
  endfacet
  facet normal -0.325616 -0.590273 0.738615
    outer loop
      vertex 39.7081 13.9728 26.1617
      vertex 38.2354 14.0513 25.5752
      vertex 39.2833 12.408 24.7239
    endloop
  endfacet
  facet normal -0.325627 -0.590274 0.738609
    outer loop
      vertex 39.0624 14.9854 26.6863
      vertex 38.2354 14.0513 25.5752
      vertex 39.3778 14.4907 26.43
    endloop
  endfacet
  facet normal -0.325768 -0.590172 0.738628
    outer loop
      vertex 38.2354 14.0513 25.5752
      vertex 39.0624 14.9854 26.6863
      vertex 37.9194 14.547 25.8319
    endloop
  endfacet
  facet normal 0.17113 -0.950627 0.258886
    outer loop
      vertex 35.4332 15.0341 29.2643
      vertex 35.0965 15.6227 31.6482
      vertex 34.09 15.1682 30.6446
    endloop
  endfacet
  facet normal 0.171215 -0.95061 0.258894
    outer loop
      vertex 35.0965 15.6227 31.6482
      vertex 35.4332 15.0341 29.2643
      vertex 36.5208 15.4806 30.1845
    endloop
  endfacet
  facet normal 0.171185 -0.950606 0.258927
    outer loop
      vertex 36.1696 14.9606 28.5076
      vertex 36.5208 15.4806 30.1845
      vertex 35.4332 15.0341 29.2643
    endloop
  endfacet
  facet normal 0.171119 -0.950614 0.258943
    outer loop
      vertex 36.5208 15.4806 30.1845
      vertex 36.1696 14.9606 28.5076
      vertex 37.2947 15.4033 29.3893
    endloop
  endfacet
  facet normal 0.171174 -0.950622 0.258878
    outer loop
      vertex 36.1696 14.9606 28.5076
      vertex 38.4129 15.139 27.6794
      vertex 37.2947 15.4033 29.3893
    endloop
  endfacet
  facet normal 0.171176 -0.950619 0.258886
    outer loop
      vertex 37.9194 14.547 25.8319
      vertex 38.4129 15.139 27.6794
      vertex 36.1696 14.9606 28.5076
    endloop
  endfacet
  facet normal 0.171074 -0.950629 0.258916
    outer loop
      vertex 38.4129 15.139 27.6794
      vertex 37.9194 14.547 25.8319
      vertex 39.0624 14.9854 26.6863
    endloop
  endfacet
  facet normal 0.17104 -0.950626 0.25895
    outer loop
      vertex 34.0723 15.17 30.6628
      vertex 35.0906 15.6233 31.6543
      vertex 34.6904 15.6523 32.0251
    endloop
  endfacet
  facet normal 0.171164 -0.95062 0.258891
    outer loop
      vertex 34.0723 15.17 30.6628
      vertex 34.6904 15.6523 32.0251
      vertex 33.6837 15.1981 31.0229
    endloop
  endfacet
  facet normal 0.171047 -0.950627 0.258943
    outer loop
      vertex 35.0906 15.6233 31.6543
      vertex 34.0723 15.17 30.6628
      vertex 35.0965 15.6227 31.6482
    endloop
  endfacet
  facet normal 0.170328 -0.95056 0.25966
    outer loop
      vertex 35.0965 15.6227 31.6482
      vertex 34.0723 15.17 30.6628
      vertex 34.09 15.1682 30.6446
    endloop
  endfacet
  facet normal 0.153292 -0.948823 0.27611
    outer loop
      vertex 28.1636 15.7694 36.0425
      vertex 28.8771 16.2399 37.2632
      vertex 28.0597 15.7715 36.1074
    endloop
  endfacet
  facet normal 0.153135 -0.948822 0.276201
    outer loop
      vertex 28.8771 16.2399 37.2632
      vertex 28.1636 15.7694 36.0425
      vertex 29.0466 16.2364 37.1572
    endloop
  endfacet
  facet normal 0.153033 -0.948815 0.276279
    outer loop
      vertex 28.1636 15.7694 36.0425
      vertex 34.6904 15.6523 32.0251
      vertex 29.0466 16.2364 37.1572
    endloop
  endfacet
  facet normal 0.153035 -0.948814 0.276283
    outer loop
      vertex 34.6904 15.6523 32.0251
      vertex 28.1636 15.7694 36.0425
      vertex 33.6837 15.1981 31.0229
    endloop
  endfacet
  facet normal 0.15305 -0.948805 0.276306
    outer loop
      vertex 28.0597 15.7715 36.1074
      vertex 28.4006 16.2498 37.561
      vertex 27.582 15.7814 36.406
    endloop
  endfacet
  facet normal 0.152982 -0.948811 0.276324
    outer loop
      vertex 28.4006 16.2498 37.561
      vertex 28.0597 15.7715 36.1074
      vertex 28.8771 16.2399 37.2632
    endloop
  endfacet
  facet normal -0.385128 -0.72744 0.567898
    outer loop
      vertex 23.6376 18.8002 37.5979
      vertex 25.5214 18.5424 38.5452
      vertex 23.089 20.2206 39.0453
    endloop
  endfacet
  facet normal -0.385108 -0.727443 0.567908
    outer loop
      vertex 23.6376 18.8002 37.5979
      vertex 23.089 20.2206 39.0453
      vertex 22.4342 19.6305 37.8454
    endloop
  endfacet
  facet normal -0.385116 -0.72747 0.567866
    outer loop
      vertex 25.5214 18.5424 38.5452
      vertex 23.6376 18.8002 37.5979
      vertex 24.7859 18.008 37.3618
    endloop
  endfacet
  facet normal -0.385181 -0.727422 0.567885
    outer loop
      vertex 25.5196 17.4237 37.111
      vertex 25.5214 18.5424 38.5452
      vertex 24.7859 18.008 37.3618
    endloop
  endfacet
  facet normal -0.385057 -0.727463 0.567916
    outer loop
      vertex 25.5214 18.5424 38.5452
      vertex 25.5196 17.4237 37.111
      vertex 26.2933 17.9278 38.2813
    endloop
  endfacet
  facet normal -0.38511 -0.727421 0.567934
    outer loop
      vertex 27.582 15.7814 36.406
      vertex 26.2933 17.9278 38.2813
      vertex 25.5196 17.4237 37.111
    endloop
  endfacet
  facet normal -0.385103 -0.727421 0.567939
    outer loop
      vertex 26.2933 17.9278 38.2813
      vertex 27.582 15.7814 36.406
      vertex 28.4006 16.2498 37.561
    endloop
  endfacet
  facet normal -0.385119 -0.727432 0.567913
    outer loop
      vertex 22.4342 19.6305 37.8454
      vertex 22.7514 20.4536 39.1148
      vertex 22.0956 19.8641 37.915
    endloop
  endfacet
  facet normal -0.385132 -0.727426 0.567913
    outer loop
      vertex 22.7514 20.4536 39.1148
      vertex 22.4342 19.6305 37.8454
      vertex 23.089 20.2206 39.0453
    endloop
  endfacet
  facet normal 0.38016 -0.895309 0.232164
    outer loop
      vertex 8.78512 15.9631 44.6708
      vertex 9.59735 16.6231 45.886
      vertex 9.01768 16.4253 46.0724
    endloop
  endfacet
  facet normal 0.380232 -0.895293 0.232108
    outer loop
      vertex 9.59735 16.6231 45.886
      vertex 8.78512 15.9631 44.6708
      vertex 9.32214 16.1464 44.4981
    endloop
  endfacet
  facet normal 0.380222 -0.895296 0.232111
    outer loop
      vertex 9.59735 16.6231 45.886
      vertex 9.32214 16.1464 44.4981
      vertex 11.5678 17.2652 45.1349
    endloop
  endfacet
  facet normal 0.380215 -0.895294 0.232133
    outer loop
      vertex 15.8702 18.2801 42.0022
      vertex 11.5678 17.2652 45.1349
      vertex 9.32214 16.1464 44.4981
    endloop
  endfacet
  facet normal 0.380187 -0.895318 0.232087
    outer loop
      vertex 11.5678 17.2652 45.1349
      vertex 15.8702 18.2801 42.0022
      vertex 16.3785 18.8327 43.3013
    endloop
  endfacet
  facet normal 0.380197 -0.895315 0.232081
    outer loop
      vertex 16.3785 18.8327 43.3013
      vertex 15.8702 18.2801 42.0022
      vertex 17.1444 19.0408 42.8494
    endloop
  endfacet
  facet normal 0.380149 -0.895316 0.232154
    outer loop
      vertex 16.6503 18.492 41.542
      vertex 17.1444 19.0408 42.8494
      vertex 15.8702 18.2801 42.0022
    endloop
  endfacet
  facet normal 0.380201 -0.895301 0.232128
    outer loop
      vertex 16.6503 18.492 41.542
      vertex 21.3759 20.107 40.0309
      vertex 17.1444 19.0408 42.8494
    endloop
  endfacet
  facet normal 0.380195 -0.895311 0.232099
    outer loop
      vertex 22.0956 19.8641 37.915
      vertex 21.3759 20.107 40.0309
      vertex 16.6503 18.492 41.542
    endloop
  endfacet
  facet normal 0.380181 -0.895318 0.232095
    outer loop
      vertex 21.3759 20.107 40.0309
      vertex 22.0956 19.8641 37.915
      vertex 22.7514 20.4536 39.1148
    endloop
  endfacet
  facet normal 0.380198 -0.895306 0.232114
    outer loop
      vertex 7.96295 15.6826 44.9353
      vertex 9.01768 16.4253 46.0724
      vertex 8.19804 16.1456 46.3361
    endloop
  endfacet
  facet normal 0.380145 -0.895314 0.232169
    outer loop
      vertex 9.01768 16.4253 46.0724
      vertex 7.96295 15.6826 44.9353
      vertex 8.78512 15.9631 44.6708
    endloop
  endfacet
  facet normal 0.986007 -0.102192 -0.131707
    outer loop
      vertex 7.86431 13.6214 45.7962
      vertex 8.19804 16.1456 46.3361
      vertex 8.09649 14.0235 47.2224
    endloop
  endfacet
  facet normal 0.986008 -0.102193 -0.1317
    outer loop
      vertex 8.19804 16.1456 46.3361
      vertex 7.86431 13.6214 45.7962
      vertex 7.96295 15.6826 44.9353
    endloop
  endfacet
  facet normal 0.986007 -0.102189 -0.131707
    outer loop
      vertex 8.09649 14.0235 47.2224
      vertex 7.84073 13.1798 45.9623
      vertex 7.86431 13.6214 45.7962
    endloop
  endfacet
  facet normal 0.986007 -0.102196 -0.131703
    outer loop
      vertex 8.0496 13.1453 47.5528
      vertex 7.84073 13.1798 45.9623
      vertex 8.09649 14.0235 47.2224
    endloop
  endfacet
  facet normal 0.986009 -0.102182 -0.131703
    outer loop
      vertex 8.0496 13.1453 47.5528
      vertex 7.81747 12.7441 46.1262
      vertex 7.84073 13.1798 45.9623
    endloop
  endfacet
  facet normal 0.986008 -0.102197 -0.131698
    outer loop
      vertex 7.7319 9.1351 48.2861
      vertex 7.81747 12.7441 46.1262
      vertex 8.0496 13.1453 47.5528
    endloop
  endfacet
  facet normal 0.986007 -0.102206 -0.131699
    outer loop
      vertex 7.46463 8.29031 46.9407
      vertex 7.7319 9.1351 48.2861
      vertex 7.6843 8.53428 48.396
    endloop
  endfacet
  facet normal 0.986007 -0.102199 -0.131703
    outer loop
      vertex 7.7319 9.1351 48.2861
      vertex 7.46463 8.29031 46.9407
      vertex 7.81747 12.7441 46.1262
    endloop
  endfacet
  facet normal 0.986008 -0.102188 -0.131702
    outer loop
      vertex 7.61839 7.73812 48.5203
      vertex 7.46463 8.29031 46.9407
      vertex 7.6843 8.53428 48.396
    endloop
  endfacet
  facet normal 0.986008 -0.102193 -0.131703
    outer loop
      vertex 7.61839 7.73812 48.5203
      vertex 7.27582 6.00965 47.2968
      vertex 7.46463 8.29031 46.9407
    endloop
  endfacet
  facet normal 0.986008 -0.102199 -0.131695
    outer loop
      vertex 7.42433 5.39409 48.8864
      vertex 7.27582 6.00965 47.2968
      vertex 7.61839 7.73812 48.5203
    endloop
  endfacet
  facet normal 0.986008 -0.102198 -0.131694
    outer loop
      vertex 7.42433 5.39409 48.8864
      vertex 7.21209 5.23989 47.417
      vertex 7.27582 6.00965 47.2968
    endloop
  endfacet
  facet normal 0.986008 -0.102198 -0.131697
    outer loop
      vertex 7.09995 3.95414 47.5752
      vertex 7.42433 5.39409 48.8864
      vertex 7.30911 4.07304 49.0489
    endloop
  endfacet
  facet normal 0.986008 -0.102201 -0.131694
    outer loop
      vertex 7.42433 5.39409 48.8864
      vertex 7.09995 3.95414 47.5752
      vertex 7.21209 5.23989 47.417
    endloop
  endfacet
  facet normal 0.986008 -0.102199 -0.131696
    outer loop
      vertex 7.02799 3.12906 47.6767
      vertex 7.30911 4.07304 49.0489
      vertex 7.23481 3.22115 49.1537
    endloop
  endfacet
  facet normal 0.986008 -0.102197 -0.131697
    outer loop
      vertex 7.30911 4.07304 49.0489
      vertex 7.02799 3.12906 47.6767
      vertex 7.09995 3.95414 47.5752
    endloop
  endfacet
  facet normal 0.986009 -0.102186 -0.131695
    outer loop
      vertex 6.94214 2.19909 47.7555
      vertex 7.23481 3.22115 49.1537
      vertex 7.14617 2.26094 49.2351
    endloop
  endfacet
  facet normal 0.986009 -0.102182 -0.131697
    outer loop
      vertex 7.23481 3.22115 49.1537
      vertex 6.94214 2.19909 47.7555
      vertex 7.02799 3.12906 47.6767
    endloop
  endfacet
  facet normal 0.986008 -0.102199 -0.131695
    outer loop
      vertex 6.87401 1.46112 47.8181
      vertex 7.14617 2.26094 49.2351
      vertex 7.0763 1.50411 49.2993
    endloop
  endfacet
  facet normal 0.986008 -0.1022 -0.131694
    outer loop
      vertex 7.14617 2.26094 49.2351
      vertex 6.87401 1.46112 47.8181
      vertex 6.94214 2.19909 47.7555
    endloop
  endfacet
  facet normal 0.986009 -0.102189 -0.131695
    outer loop
      vertex 7.01585 0.886553 49.3259
      vertex 6.87401 1.46112 47.8181
      vertex 7.0763 1.50411 49.2993
    endloop
  endfacet
  facet normal 0.986007 -0.102203 -0.1317
    outer loop
      vertex 7.01585 0.886553 49.3259
      vertex 6.78556 0.557541 47.8571
      vertex 6.87401 1.46112 47.8181
    endloop
  endfacet
  facet normal 0.986007 -0.102205 -0.1317
    outer loop
      vertex 6.92907 0 49.3642
      vertex 6.78556 0.557541 47.8571
      vertex 7.01585 0.886553 49.3259
    endloop
  endfacet
  facet normal 0.986008 -0.102199 -0.131698
    outer loop
      vertex 6.92907 0 49.3642
      vertex 6.73099 0 47.8812
      vertex 6.78556 0.557541 47.8571
    endloop
  endfacet
  facet normal 0.986009 -0.102182 -0.131698
    outer loop
      vertex 6.92907 0 49.3642
      vertex 6.69778 -0.320333 47.8811
      vertex 6.73099 0 47.8812
    endloop
  endfacet
  facet normal 0.986008 -0.102199 -0.131694
    outer loop
      vertex 6.69778 -0.320333 47.8811
      vertex 6.92907 0 49.3642
      vertex 6.89216 -0.355976 49.3641
    endloop
  endfacet
  facet normal 0.986007 -0.102207 -0.131695
    outer loop
      vertex 6.89216 -0.355976 49.3641
      vertex 6.67684 -0.522215 47.881
      vertex 6.69778 -0.320333 47.8811
    endloop
  endfacet
  facet normal 0.986009 -0.102183 -0.131698
    outer loop
      vertex 6.83518 -0.905543 49.3639
      vertex 6.67684 -0.522215 47.881
      vertex 6.89216 -0.355976 49.3641
    endloop
  endfacet
  facet normal 0.986009 -0.102187 -0.131699
    outer loop
      vertex 6.83518 -0.905543 49.3639
      vertex 6.61467 -1.12184 47.8808
      vertex 6.67684 -0.522215 47.881
    endloop
  endfacet
  facet normal 0.986009 -0.102184 -0.131699
    outer loop
      vertex 6.61467 -1.12184 47.8808
      vertex 6.83518 -0.905543 49.3639
      vertex 6.80933 -1.15485 49.3638
    endloop
  endfacet
  facet normal 0.412783 0.910198 -0.0339222
    outer loop
      vertex 7.9829 -1.69682 49.1023
      vertex 6.61467 -1.12184 47.8808
      vertex 6.80933 -1.15485 49.3638
    endloop
  endfacet
  facet normal 0.412777 0.9102 -0.0339153
    outer loop
      vertex 7.9829 -1.69682 49.1023
      vertex 7.7547 -1.64831 47.6268
      vertex 6.61467 -1.12184 47.8808
    endloop
  endfacet
  facet normal 0.41278 0.910199 -0.0339158
    outer loop
      vertex 14.6103 -4.76012 47.5528
      vertex 7.7547 -1.64831 47.6268
      vertex 7.9829 -1.69682 49.1023
    endloop
  endfacet
  facet normal 0.412778 0.9102 -0.0339154
    outer loop
      vertex 14.1728 -4.61487 46.1262
      vertex 14.6103 -4.76012 47.5528
      vertex 17.1623 -5.96415 46.2997
    endloop
  endfacet
  facet normal 0.41278 0.910199 -0.0339163
    outer loop
      vertex 14.6103 -4.76012 47.5528
      vertex 14.1728 -4.61487 46.1262
      vertex 7.7547 -1.64831 47.6268
    endloop
  endfacet
  facet normal 0.412778 0.9102 -0.0339257
    outer loop
      vertex 17.1623 -5.96415 46.2997
      vertex 16.6523 -5.78471 44.9087
      vertex 14.1728 -4.61487 46.1262
    endloop
  endfacet
  facet normal 0.412782 0.910198 -0.0339273
    outer loop
      vertex 20.0429 -7.32325 44.8852
      vertex 16.6523 -5.78471 44.9087
      vertex 17.1623 -5.96415 46.2997
    endloop
  endfacet
  facet normal 0.412782 0.910198 -0.0339152
    outer loop
      vertex 16.6523 -5.78471 44.9087
      vertex 20.0429 -7.32325 44.8852
      vertex 19.4499 -7.10463 43.535
    endloop
  endfacet
  facet normal 0.412765 0.910206 -0.0339065
    outer loop
      vertex 20.6197 -7.59537 44.602
      vertex 19.4499 -7.10463 43.535
      vertex 20.0429 -7.32325 44.8852
    endloop
  endfacet
  facet normal 0.41277 0.910204 -0.0339126
    outer loop
      vertex 19.4499 -7.10463 43.535
      vertex 20.6197 -7.59537 44.602
      vertex 20.0284 -7.37756 43.2509
    endloop
  endfacet
  facet normal -0.711525 0.574825 0.404115
    outer loop
      vertex 24.096 -1.46526 42.0022
      vertex 25.3927 -0.543668 42.9744
      vertex 24.6539 -0.539453 41.6676
    endloop
  endfacet
  facet normal -0.711513 0.574901 0.404028
    outer loop
      vertex 25.3927 -0.543668 42.9744
      vertex 24.096 -1.46526 42.0022
      vertex 24.8478 -1.44779 43.3013
    endloop
  endfacet
  facet normal -0.711536 0.574864 0.404041
    outer loop
      vertex 21.9625 -4.66827 42.8022
      vertex 24.8478 -1.44779 43.3013
      vertex 24.096 -1.46526 42.0022
    endloop
  endfacet
  facet normal -0.711528 0.574852 0.404071
    outer loop
      vertex 24.8478 -1.44779 43.3013
      vertex 21.9625 -4.66827 42.8022
      vertex 22.9343 -4.32058 44.0188
    endloop
  endfacet
  facet normal -0.711515 0.57488 0.404053
    outer loop
      vertex 21.9625 -4.66827 42.8022
      vertex 22.6109 -4.8061 44.1401
      vertex 22.9343 -4.32058 44.0188
    endloop
  endfacet
  facet normal -0.711516 0.57488 0.404053
    outer loop
      vertex 21.5316 -5.27187 42.9022
      vertex 22.6109 -4.8061 44.1401
      vertex 21.9625 -4.66827 42.8022
    endloop
  endfacet
  facet normal -0.711521 0.574867 0.404062
    outer loop
      vertex 21.5316 -5.27187 42.9022
      vertex 22.1591 -5.43896 44.2449
      vertex 22.6109 -4.8061 44.1401
    endloop
  endfacet
  facet normal -0.711529 0.574855 0.404064
    outer loop
      vertex 20.0284 -7.37756 43.2509
      vertex 22.1591 -5.43896 44.2449
      vertex 21.5316 -5.27187 42.9022
    endloop
  endfacet
  facet normal -0.711529 0.574853 0.404068
    outer loop
      vertex 22.1591 -5.43896 44.2449
      vertex 20.0284 -7.37756 43.2509
      vertex 20.6197 -7.59537 44.602
    endloop
  endfacet
  facet normal -0.711551 0.574801 0.404103
    outer loop
      vertex 24.7226 -0.42552 41.6264
      vertex 25.6106 -0.182128 42.8438
      vertex 24.8724 -0.176879 41.5365
    endloop
  endfacet
  facet normal -0.711425 0.575058 0.40396
    outer loop
      vertex 24.6539 -0.539453 41.6676
      vertex 25.6106 -0.182128 42.8438
      vertex 24.7226 -0.42552 41.6264
    endloop
  endfacet
  facet normal -0.711553 0.574764 0.404153
    outer loop
      vertex 25.6106 -0.182128 42.8438
      vertex 24.6539 -0.539453 41.6676
      vertex 25.467 -0.420446 42.9299
    endloop
  endfacet
  facet normal -0.711464 0.574924 0.404081
    outer loop
      vertex 25.467 -0.420446 42.9299
      vertex 24.6539 -0.539453 41.6676
      vertex 25.3927 -0.543668 42.9744
    endloop
  endfacet
  facet normal -0.0649624 0.997058 0.040686
    outer loop
      vertex 27.5377 0 41.4575
      vertex 24.8724 -0.176879 41.5365
      vertex 25.6106 -0.182128 42.8438
    endloop
  endfacet
  facet normal -0.0649625 0.997058 0.0406855
    outer loop
      vertex 27.5377 0 41.4575
      vertex 26.744 0 40.1902
      vertex 24.8724 -0.176879 41.5365
    endloop
  endfacet
  facet normal -0.0649644 0.997058 0.0406867
    outer loop
      vertex 33.0213 0.521488 37.4337
      vertex 26.744 0 40.1902
      vertex 27.5377 0 41.4575
    endloop
  endfacet
  facet normal -0.0649639 0.997058 0.0406877
    outer loop
      vertex 26.744 0 40.1902
      vertex 33.0213 0.521488 37.4337
      vertex 32.057 0.505269 36.2915
    endloop
  endfacet
  facet normal -0.0651018 0.997044 0.0408145
    outer loop
      vertex 32.3963 0.537536 36.0425
      vertex 33.398 0.557311 37.1572
      vertex 33.4169 0.559417 37.1359
    endloop
  endfacet
  facet normal -0.0649557 0.997059 0.0406829
    outer loop
      vertex 33.398 0.557311 37.1572
      vertex 32.3963 0.537536 36.0425
      vertex 33.0213 0.521488 37.4337
    endloop
  endfacet
  facet normal -0.0649614 0.997058 0.0406855
    outer loop
      vertex 33.0213 0.521488 37.4337
      vertex 32.3963 0.537536 36.0425
      vertex 32.057 0.505269 36.2915
    endloop
  endfacet
  facet normal -0.0649694 0.997057 0.0406907
    outer loop
      vertex 32.3963 0.537536 36.0425
      vertex 33.4169 0.559417 37.1359
      vertex 32.4472 0.543183 35.9854
    endloop
  endfacet
  facet normal -0.351967 0.891865 0.284071
    outer loop
      vertex 33.4169 0.559417 37.1359
      vertex 33.3668 1.25799 34.8806
      vertex 32.4472 0.543183 35.9854
    endloop
  endfacet
  facet normal -0.351973 0.891862 0.284071
    outer loop
      vertex 36.8585 3.23454 33.0014
      vertex 33.3668 1.25799 34.8806
      vertex 33.4169 0.559417 37.1359
    endloop
  endfacet
  facet normal -0.351974 0.891868 0.284054
    outer loop
      vertex 36.0769 3.36449 31.6249
      vertex 36.8585 3.23454 33.0014
      vertex 37.1626 3.47093 32.636
    endloop
  endfacet
  facet normal -0.351981 0.891864 0.284058
    outer loop
      vertex 36.8585 3.23454 33.0014
      vertex 36.0769 3.36449 31.6249
      vertex 33.3668 1.25799 34.8806
    endloop
  endfacet
  facet normal -0.351965 0.891874 0.284044
    outer loop
      vertex 37.3985 3.65425 32.3527
      vertex 36.0769 3.36449 31.6249
      vertex 37.1626 3.47093 32.636
    endloop
  endfacet
  facet normal -0.351981 0.891856 0.28408
    outer loop
      vertex 36.0769 3.36449 31.6249
      vertex 37.3985 3.65425 32.3527
      vertex 36.3132 3.54821 31.3409
    endloop
  endfacet
  facet normal -0.0429551 0.997365 -0.0584548
    outer loop
      vertex 38.8703 3.49228 28.5076
      vertex 37.3985 3.65425 32.3527
      vertex 40.0729 3.59575 29.3893
    endloop
  endfacet
  facet normal -0.042953 0.997366 -0.058454
    outer loop
      vertex 37.3985 3.65425 32.3527
      vertex 38.8703 3.49228 28.5076
      vertex 36.3132 3.54821 31.3409
    endloop
  endfacet
  facet normal -0.0429531 0.997365 -0.0584576
    outer loop
      vertex 40.6697 3.56124 28.362
      vertex 38.8703 3.49228 28.5076
      vertex 40.0729 3.59575 29.3893
    endloop
  endfacet
  facet normal -0.0429531 0.997365 -0.0584578
    outer loop
      vertex 38.8703 3.49228 28.5076
      vertex 40.6697 3.56124 28.362
      vertex 39.4737 3.45738 27.4688
    endloop
  endfacet
  facet normal -0.0429639 0.997366 -0.0584433
    outer loop
      vertex 40.8598 3.55025 28.0347
      vertex 39.4737 3.45738 27.4688
      vertex 40.6697 3.56124 28.362
    endloop
  endfacet
  facet normal -0.0429577 0.997365 -0.0584585
    outer loop
      vertex 39.4737 3.45738 27.4688
      vertex 40.8598 3.55025 28.0347
      vertex 39.6642 3.44636 27.1408
    endloop
  endfacet
  facet normal 0.585128 -0.319074 -0.745531
    outer loop
      vertex 40.6797 1.70753 28.682
      vertex 39.6642 3.44636 27.1408
      vertex 40.8598 3.55025 28.0347
    endloop
  endfacet
  facet normal 0.58513 -0.319072 -0.745531
    outer loop
      vertex 39.6642 3.44636 27.1408
      vertex 40.6797 1.70753 28.682
      vertex 39.4899 1.6624 27.7675
    endloop
  endfacet
  facet normal 0.585157 -0.318925 -0.745573
    outer loop
      vertex 40.6646 1.55265 28.7364
      vertex 39.4899 1.6624 27.7675
      vertex 40.6797 1.70753 28.682
    endloop
  endfacet
  facet normal 0.585102 -0.319124 -0.74553
    outer loop
      vertex 39.4899 1.6624 27.7675
      vertex 40.6646 1.55265 28.7364
      vertex 39.4747 1.50721 27.822
    endloop
  endfacet
  facet normal 0.322227 -0.868723 -0.376152
    outer loop
      vertex 37.9197 0 29.9709
      vertex 37.3185 -1.40637 32.7039
      vertex 36.2448 -1.35808 31.6726
    endloop
  endfacet
  facet normal 0.322219 -0.868725 -0.376155
    outer loop
      vertex 37.3185 -1.40637 32.7039
      vertex 37.9197 0 29.9709
      vertex 39.053 0 30.9417
    endloop
  endfacet
  facet normal 0.322225 -0.868719 -0.376162
    outer loop
      vertex 39.053 0 30.9417
      vertex 37.9197 0 29.9709
      vertex 39.7532 0.628164 30.0908
    endloop
  endfacet
  facet normal 0.322227 -0.86873 -0.376136
    outer loop
      vertex 39.1238 1.08019 28.5076
      vertex 39.7532 0.628164 30.0908
      vertex 37.9197 0 29.9709
    endloop
  endfacet
  facet normal 0.322229 -0.868729 -0.376136
    outer loop
      vertex 39.7532 0.628164 30.0908
      vertex 39.1238 1.08019 28.5076
      vertex 40.3304 1.14599 29.3893
    endloop
  endfacet
  facet normal 0.322234 -0.868724 -0.376144
    outer loop
      vertex 40.3304 1.14599 29.3893
      vertex 39.1238 1.08019 28.5076
      vertex 40.6646 1.55265 28.7364
    endloop
  endfacet
  facet normal 0.322235 -0.868721 -0.376151
    outer loop
      vertex 40.6646 1.55265 28.7364
      vertex 39.1238 1.08019 28.5076
      vertex 39.4747 1.50721 27.822
    endloop
  endfacet
  facet normal 0.322193 -0.868756 -0.376106
    outer loop
      vertex 36.2448 -1.35808 31.6726
      vertex 37.0232 -1.64575 33.0039
      vertex 35.9489 -1.598 31.9733
    endloop
  endfacet
  facet normal 0.322171 -0.868768 -0.376096
    outer loop
      vertex 37.0232 -1.64575 33.0039
      vertex 36.2448 -1.35808 31.6726
      vertex 37.3185 -1.40637 32.7039
    endloop
  endfacet
  facet normal 0.21652 -0.93843 -0.269198
    outer loop
      vertex 29.5279 -4.75228 37.8047
      vertex 28.6528 -5.64595 40.2162
      vertex 27.8467 -5.47474 38.971
    endloop
  endfacet
  facet normal 0.216505 -0.938432 -0.269204
    outer loop
      vertex 28.6528 -5.64595 40.2162
      vertex 29.5279 -4.75228 37.8047
      vertex 30.4248 -4.88449 38.9869
    endloop
  endfacet
  facet normal 0.216509 -0.93843 -0.269207
    outer loop
      vertex 32.0681 -3.6607 36.0425
      vertex 30.4248 -4.88449 38.9869
      vertex 29.5279 -4.75228 37.8047
    endloop
  endfacet
  facet normal 0.216525 -0.938429 -0.269198
    outer loop
      vertex 30.4248 -4.88449 38.9869
      vertex 32.0681 -3.6607 36.0425
      vertex 33.0623 -3.75107 37.1572
    endloop
  endfacet
  facet normal 0.216524 -0.93843 -0.269197
    outer loop
      vertex 34.2644 -2.49334 33.7396
      vertex 33.0623 -3.75107 37.1572
      vertex 32.0681 -3.6607 36.0425
    endloop
  endfacet
  facet normal 0.216528 -0.938429 -0.269196
    outer loop
      vertex 34.2644 -2.49334 33.7396
      vertex 37.0232 -1.64575 33.0039
      vertex 33.0623 -3.75107 37.1572
    endloop
  endfacet
  facet normal 0.216529 -0.93843 -0.26919
    outer loop
      vertex 37.0232 -1.64575 33.0039
      vertex 34.2644 -2.49334 33.7396
      vertex 35.9489 -1.598 31.9733
    endloop
  endfacet
  facet normal 0.216515 -0.938431 -0.2692
    outer loop
      vertex 27.2188 -5.74456 39.4066
      vertex 28.6528 -5.64595 40.2162
      vertex 28.0266 -5.91504 40.6506
    endloop
  endfacet
  facet normal 0.216512 -0.938434 -0.269193
    outer loop
      vertex 28.6528 -5.64595 40.2162
      vertex 27.2188 -5.74456 39.4066
      vertex 27.8467 -5.47474 38.971
    endloop
  endfacet
  facet normal 0.629069 -0.602595 -0.491071
    outer loop
      vertex 28.0266 -5.91504 40.6506
      vertex 27.1954 -5.78056 39.4208
      vertex 27.2188 -5.74456 39.4066
    endloop
  endfacet
  facet normal 0.628591 -0.603295 -0.490824
    outer loop
      vertex 28.0025 -5.95211 40.6653
      vertex 27.1954 -5.78056 39.4208
      vertex 28.0266 -5.91504 40.6506
    endloop
  endfacet
  facet normal 0.628427 -0.603526 -0.49075
    outer loop
      vertex 28.0025 -5.95211 40.6653
      vertex 24.8271 -8.99466 40.3408
      vertex 27.1954 -5.78056 39.4208
    endloop
  endfacet
  facet normal 0.628419 -0.603516 -0.490773
    outer loop
      vertex 25.5432 -9.28965 41.6205
      vertex 24.8271 -8.99466 40.3408
      vertex 28.0025 -5.95211 40.6653
    endloop
  endfacet
  facet normal 0.628416 -0.60352 -0.490772
    outer loop
      vertex 25.5432 -9.28965 41.6205
      vertex 23.6846 -10.5451 40.7845
      vertex 24.8271 -8.99466 40.3408
    endloop
  endfacet
  facet normal 0.628418 -0.603538 -0.490748
    outer loop
      vertex 24.3875 -10.858 42.0694
      vertex 23.6846 -10.5451 40.7845
      vertex 25.5432 -9.28965 41.6205
    endloop
  endfacet
  facet normal 0.628451 -0.603497 -0.490756
    outer loop
      vertex 24.3875 -10.858 42.0694
      vertex 22.8844 -11.505 40.9402
      vertex 23.6846 -10.5451 40.7845
    endloop
  endfacet
  facet normal 0.628445 -0.603519 -0.490736
    outer loop
      vertex 23.578 -11.829 42.2269
      vertex 22.8844 -11.505 40.9402
      vertex 24.3875 -10.858 42.0694
    endloop
  endfacet
  facet normal 0.628446 -0.603518 -0.490736
    outer loop
      vertex 23.578 -11.829 42.2269
      vertex 22.2993 -12.2068 41.054
      vertex 22.8844 -11.505 40.9402
    endloop
  endfacet
  facet normal 0.628425 -0.603571 -0.490697
    outer loop
      vertex 22.2993 -12.2068 41.054
      vertex 23.578 -11.829 42.2269
      vertex 22.9511 -12.5809 42.3489
    endloop
  endfacet
  facet normal 0.628372 -0.603634 -0.490688
    outer loop
      vertex 22.9511 -12.5809 42.3489
      vertex 21.9944 -12.5724 41.1133
      vertex 22.2993 -12.2068 41.054
    endloop
  endfacet
  facet normal 0.628435 -0.603529 -0.490736
    outer loop
      vertex 21.9944 -12.5724 41.1133
      vertex 22.9511 -12.5809 42.3489
      vertex 22.6471 -12.9455 42.408
    endloop
  endfacet
  facet normal -0.234586 0.896204 0.376548
    outer loop
      vertex 23.1286 -12.0536 40.5852
      vertex 22.6471 -12.9455 42.408
      vertex 23.8335 -12.4029 41.8557
    endloop
  endfacet
  facet normal -0.234628 0.896187 0.376562
    outer loop
      vertex 25.0741 -11.1637 39.6795
      vertex 23.8335 -12.4029 41.8557
      vertex 25.8182 -11.495 40.9316
    endloop
  endfacet
  facet normal -0.234614 0.8962 0.376539
    outer loop
      vertex 22.6471 -12.9455 42.408
      vertex 23.1286 -12.0536 40.5852
      vertex 21.9944 -12.5724 41.1133
    endloop
  endfacet
  facet normal -0.234625 0.896187 0.376564
    outer loop
      vertex 23.8335 -12.4029 41.8557
      vertex 25.0741 -11.1637 39.6795
      vertex 23.1286 -12.0536 40.5852
    endloop
  endfacet
  facet normal -0.23463 0.896188 0.376557
    outer loop
      vertex 29.4648 -8.94303 37.1302
      vertex 25.8182 -11.495 40.9316
      vertex 30.3524 -9.20175 38.299
    endloop
  endfacet
  facet normal -0.234626 0.896188 0.376561
    outer loop
      vertex 25.8182 -11.495 40.9316
      vertex 29.4648 -8.94303 37.1302
      vertex 25.0741 -11.1637 39.6795
    endloop
  endfacet
  facet normal -0.234603 0.896198 0.376551
    outer loop
      vertex 29.875 -8.73555 36.892
      vertex 30.3524 -9.20175 38.299
      vertex 30.7616 -8.9948 38.0614
    endloop
  endfacet
  facet normal -0.23463 0.896188 0.376557
    outer loop
      vertex 30.3524 -9.20175 38.299
      vertex 29.875 -8.73555 36.892
      vertex 29.4648 -8.94303 37.1302
    endloop
  endfacet
  facet normal -0.214645 0.906445 0.36371
    outer loop
      vertex 31.3195 -8.05261 36.0425
      vertex 30.7616 -8.9948 38.0614
      vertex 32.2992 -8.26789 37.1572
    endloop
  endfacet
  facet normal -0.214656 0.906441 0.363712
    outer loop
      vertex 32.1178 -7.58775 35.3551
      vertex 32.2992 -8.26789 37.1572
      vertex 33.1015 -7.80067 36.4663
    endloop
  endfacet
  facet normal -0.214663 0.906443 0.363704
    outer loop
      vertex 30.7616 -8.9948 38.0614
      vertex 31.3195 -8.05261 36.0425
      vertex 29.875 -8.73555 36.892
    endloop
  endfacet
  facet normal -0.214666 0.906445 0.363698
    outer loop
      vertex 33.0751 -7.03033 34.5308
      vertex 33.1015 -7.80067 36.4663
      vertex 34.0636 -7.24044 35.6379
    endloop
  endfacet
  facet normal -0.214648 0.906443 0.363712
    outer loop
      vertex 32.2992 -8.26789 37.1572
      vertex 32.1178 -7.58775 35.3551
      vertex 31.3195 -8.05261 36.0425
    endloop
  endfacet
  facet normal -0.214641 0.90645 0.3637
    outer loop
      vertex 33.1015 -7.80067 36.4663
      vertex 33.0751 -7.03033 34.5308
      vertex 32.1178 -7.58775 35.3551
    endloop
  endfacet
  facet normal -0.214663 0.906446 0.363696
    outer loop
      vertex 35.5919 -6.24412 34.0568
      vertex 33.0751 -7.03033 34.5308
      vertex 34.0636 -7.24044 35.6379
    endloop
  endfacet
  facet normal -0.214666 0.90645 0.363686
    outer loop
      vertex 33.0751 -7.03033 34.5308
      vertex 35.5919 -6.24412 34.0568
      vertex 34.5508 -6.06835 33.0042
    endloop
  endfacet
  facet normal -0.21464 0.906465 0.363663
    outer loop
      vertex 35.8581 -6.07064 33.7815
      vertex 34.5508 -6.06835 33.0042
      vertex 35.5919 -6.24412 34.0568
    endloop
  endfacet
  facet normal -0.214641 0.906464 0.363664
    outer loop
      vertex 34.5508 -6.06835 33.0042
      vertex 35.8581 -6.07064 33.7815
      vertex 34.8175 -5.89447 32.7282
    endloop
  endfacet
  facet normal 0.43539 -0.713115 -0.549457
    outer loop
      vertex 30.2922 -11.2144 36.0425
      vertex 31.1137 -11.6228 37.2235
      vertex 30.2286 -11.2765 36.0727
    endloop
  endfacet
  facet normal 0.435198 -0.713289 -0.549384
    outer loop
      vertex 31.1137 -11.6228 37.2235
      vertex 30.2922 -11.2144 36.0425
      vertex 31.2534 -11.4865 37.1572
    endloop
  endfacet
  facet normal 0.43556 -0.7129 -0.549601
    outer loop
      vertex 32.5815 -8.62908 34.5033
      vertex 31.2534 -11.4865 37.1572
      vertex 30.2922 -11.2144 36.0425
    endloop
  endfacet
  facet normal 0.435602 -0.712894 -0.549574
    outer loop
      vertex 31.2534 -11.4865 37.1572
      vertex 32.5815 -8.62908 34.5033
      vertex 33.5751 -8.86448 35.5962
    endloop
  endfacet
  facet normal 0.435602 -0.712895 -0.549574
    outer loop
      vertex 33.8511 -7.19527 33.6497
      vertex 33.5751 -8.86448 35.5962
      vertex 32.5815 -8.62908 34.5033
    endloop
  endfacet
  facet normal 0.435548 -0.712912 -0.549596
    outer loop
      vertex 33.5751 -8.86448 35.5962
      vertex 33.8511 -7.19527 33.6497
      vertex 34.8628 -7.41031 34.7304
    endloop
  endfacet
  facet normal 0.435565 -0.712892 -0.549608
    outer loop
      vertex 34.8628 -7.41031 34.7304
      vertex 33.8511 -7.19527 33.6497
      vertex 35.8581 -6.07064 33.7815
    endloop
  endfacet
  facet normal 0.435576 -0.712918 -0.549564
    outer loop
      vertex 35.8581 -6.07064 33.7815
      vertex 33.8511 -7.19527 33.6497
      vertex 34.8175 -5.89447 32.7282
    endloop
  endfacet
  facet normal 0.435612 -0.71289 -0.549573
    outer loop
      vertex 30.2286 -11.2765 36.0727
      vertex 30.7429 -11.985 37.3994
      vertex 29.8568 -11.6396 36.249
    endloop
  endfacet
  facet normal 0.435635 -0.712875 -0.549574
    outer loop
      vertex 30.7429 -11.985 37.3994
      vertex 30.2286 -11.2765 36.0727
      vertex 31.1137 -11.6228 37.2235
    endloop
  endfacet
  facet normal 0.241452 -0.862411 -0.444913
    outer loop
      vertex 21.8095 -15.8456 40.0347
      vertex 21.3606 -16.8061 41.6529
      vertex 20.764 -16.3132 40.3737
    endloop
  endfacet
  facet normal 0.241446 -0.862412 -0.444915
    outer loop
      vertex 21.3606 -16.8061 41.6529
      vertex 21.8095 -15.8456 40.0347
      vertex 22.4568 -16.3158 41.2974
    endloop
  endfacet
  facet normal 0.241459 -0.862406 -0.444919
    outer loop
      vertex 24.2602 -14.5952 38.941
      vertex 22.4568 -16.3158 41.2974
      vertex 21.8095 -15.8456 40.0347
    endloop
  endfacet
  facet normal 0.241423 -0.862403 -0.444945
    outer loop
      vertex 22.4568 -16.3158 41.2974
      vertex 24.2602 -14.5952 38.941
      vertex 24.9983 -15.0191 40.1631
    endloop
  endfacet
  facet normal 0.241418 -0.862406 -0.444942
    outer loop
      vertex 28.231 -12.5693 37.1688
      vertex 24.9983 -15.0191 40.1631
      vertex 24.2602 -14.5952 38.941
    endloop
  endfacet
  facet normal 0.241431 -0.862408 -0.44493
    outer loop
      vertex 24.9983 -15.0191 40.1631
      vertex 28.231 -12.5693 37.1688
      vertex 29.0688 -12.9423 38.3464
    endloop
  endfacet
  facet normal 0.241437 -0.862405 -0.444933
    outer loop
      vertex 29.8568 -11.6396 36.249
      vertex 29.0688 -12.9423 38.3464
      vertex 28.231 -12.5693 37.1688
    endloop
  endfacet
  facet normal 0.241466 -0.862403 -0.444921
    outer loop
      vertex 29.0688 -12.9423 38.3464
      vertex 29.8568 -11.6396 36.249
      vertex 30.7429 -11.985 37.3994
    endloop
  endfacet
  facet normal 0.241381 -0.862426 -0.444924
    outer loop
      vertex 20.764 -16.3132 40.3737
      vertex 20.7558 -17.0766 41.849
      vertex 20.1576 -16.5844 40.5704
    endloop
  endfacet
  facet normal 0.241458 -0.862409 -0.444915
    outer loop
      vertex 20.7558 -17.0766 41.849
      vertex 20.764 -16.3132 40.3737
      vertex 21.3606 -16.8061 41.6529
    endloop
  endfacet
  facet normal -0.249102 -0.937184 -0.244203
    outer loop
      vertex 6.38854 -14.2854 45.7934
      vertex 7.72542 -14.9337 46.9177
      vertex 6.55165 -14.7021 47.2262
    endloop
  endfacet
  facet normal -0.249127 -0.937188 -0.244162
    outer loop
      vertex 7.72542 -14.9337 46.9177
      vertex 7.49366 -14.5035 45.5029
      vertex 8.73727 -15.1334 46.6518
    endloop
  endfacet
  facet normal -0.249139 -0.937185 -0.244159
    outer loop
      vertex 7.72542 -14.9337 46.9177
      vertex 6.38854 -14.2854 45.7934
      vertex 7.49366 -14.5035 45.5029
    endloop
  endfacet
  facet normal -0.249047 -0.937187 -0.244247
    outer loop
      vertex 8.73727 -15.1334 46.6518
      vertex 7.49366 -14.5035 45.5029
      vertex 8.48672 -14.6994 45.242
    endloop
  endfacet
  facet normal -0.249133 -0.937169 -0.244227
    outer loop
      vertex 8.73727 -15.1334 46.6518
      vertex 8.48672 -14.6994 45.242
      vertex 11.2094 -15.579 45.8399
    endloop
  endfacet
  facet normal -0.249142 -0.937175 -0.244195
    outer loop
      vertex 11.3742 -15.2199 44.2936
      vertex 11.2094 -15.579 45.8399
      vertex 8.48672 -14.6994 45.242
    endloop
  endfacet
  facet normal -0.249081 -0.937192 -0.244192
    outer loop
      vertex 11.2094 -15.579 45.8399
      vertex 11.3742 -15.2199 44.2936
      vertex 14.5733 -16.1852 44.7352
    endloop
  endfacet
  facet normal -0.249081 -0.937191 -0.244195
    outer loop
      vertex 14.1554 -15.7211 43.3803
      vertex 14.5733 -16.1852 44.7352
      vertex 11.3742 -15.2199 44.2936
    endloop
  endfacet
  facet normal -0.249139 -0.937181 -0.244173
    outer loop
      vertex 15.286 -15.909 42.9479
      vertex 14.5733 -16.1852 44.7352
      vertex 14.1554 -15.7211 43.3803
    endloop
  endfacet
  facet normal -0.249121 -0.937188 -0.244167
    outer loop
      vertex 14.5733 -16.1852 44.7352
      vertex 15.286 -15.909 42.9479
      vertex 18.3224 -16.8082 43.3013
    endloop
  endfacet
  facet normal -0.249118 -0.937185 -0.244183
    outer loop
      vertex 17.7584 -16.3198 42.0022
      vertex 18.3224 -16.8082 43.3013
      vertex 15.286 -15.909 42.9479
    endloop
  endfacet
  facet normal -0.249087 -0.937189 -0.244198
    outer loop
      vertex 17.7584 -16.3198 42.0022
      vertex 20.7311 -17.0738 41.8637
      vertex 18.3224 -16.8082 43.3013
    endloop
  endfacet
  facet normal -0.249087 -0.937191 -0.244189
    outer loop
      vertex 20.1576 -16.5844 40.5704
      vertex 20.7311 -17.0738 41.8637
      vertex 17.7584 -16.3198 42.0022
    endloop
  endfacet
  facet normal -0.25098 -0.93693 -0.243251
    outer loop
      vertex 20.7311 -17.0738 41.8637
      vertex 20.1576 -16.5844 40.5704
      vertex 20.7558 -17.0766 41.849
    endloop
  endfacet
  facet normal -0.249107 -0.937182 -0.244203
    outer loop
      vertex 5.60821 -14.1314 45.9984
      vertex 6.55165 -14.7021 47.2262
      vertex 5.77378 -14.5486 47.4306
    endloop
  endfacet
  facet normal -0.249109 -0.937182 -0.244201
    outer loop
      vertex 6.55165 -14.7021 47.2262
      vertex 5.60821 -14.1314 45.9984
      vertex 6.38854 -14.2854 45.7934
    endloop
  endfacet
  facet normal 0.990112 0.114439 -0.0811261
    outer loop
      vertex 6.12058 -18.8372 45.6135
      vertex 5.60821 -14.1314 45.9984
      vertex 5.77378 -14.5486 47.4306
    endloop
  endfacet
  facet normal 0.990113 0.114439 -0.0811207
    outer loop
      vertex 5.60821 -14.1314 45.9984
      vertex 6.12058 -18.8372 45.6135
      vertex 5.94507 -18.297 44.2334
    endloop
  endfacet
  facet normal 0.990113 0.114439 -0.0811209
    outer loop
      vertex 6.36294 -21.9011 44.2493
      vertex 5.94507 -18.297 44.2334
      vertex 6.12058 -18.8372 45.6135
    endloop
  endfacet
  facet normal 0.990113 0.114439 -0.081123
    outer loop
      vertex 5.94507 -18.297 44.2334
      vertex 6.36294 -21.9011 44.2493
      vertex 6.17893 -21.2535 42.917
    endloop
  endfacet
  facet normal 0.990113 0.114439 -0.0811229
    outer loop
      vertex 6.36294 -21.9011 44.2493
      vertex 6.34144 -23.308 42.0022
      vertex 6.17893 -21.2535 42.917
    endloop
  endfacet
  facet normal 0.990113 0.114437 -0.081122
    outer loop
      vertex 6.53135 -24.0302 43.3013
      vertex 6.34144 -23.308 42.0022
      vertex 6.36294 -21.9011 44.2493
    endloop
  endfacet
  facet normal 0.990113 0.114434 -0.0811238
    outer loop
      vertex 6.53135 -24.0302 43.3013
      vertex 6.4586 -25.3879 40.4982
      vertex 6.34144 -23.308 42.0022
    endloop
  endfacet
  facet normal 0.990112 0.11444 -0.0811267
    outer loop
      vertex 6.68187 -26.7022 41.3691
      vertex 6.4586 -25.3879 40.4982
      vertex 6.53135 -24.0302 43.3013
    endloop
  endfacet
  facet normal 0.990112 0.114447 -0.0811171
    outer loop
      vertex 6.4586 -25.3879 40.4982
      vertex 6.68187 -26.7022 41.3691
      vertex 6.48834 -25.9158 40.1164
    endloop
  endfacet
  facet normal 0.990113 0.114432 -0.0811264
    outer loop
      vertex 6.71178 -27.2333 40.985
      vertex 6.48834 -25.9158 40.1164
      vertex 6.68187 -26.7022 41.3691
    endloop
  endfacet
  facet normal 0.990113 0.114431 -0.0811284
    outer loop
      vertex 6.48834 -25.9158 40.1164
      vertex 6.71178 -27.2333 40.985
      vertex 6.51834 -26.4484 39.7313
    endloop
  endfacet
  facet normal 0.243056 0.8386 0.487517
    outer loop
      vertex 8.95229 -27.5523 40.4167
      vertex 6.51834 -26.4484 39.7313
      vertex 6.71178 -27.2333 40.985
    endloop
  endfacet
  facet normal 0.243057 0.838596 0.487525
    outer loop
      vertex 8.69427 -26.7582 39.1794
      vertex 8.95229 -27.5523 40.4167
      vertex 11.2052 -27.7424 39.6205
    endloop
  endfacet
  facet normal 0.243052 0.838596 0.487527
    outer loop
      vertex 8.95229 -27.5523 40.4167
      vertex 8.69427 -26.7582 39.1794
      vertex 6.51834 -26.4484 39.7313
    endloop
  endfacet
  facet normal 0.243055 0.838593 0.487531
    outer loop
      vertex 11.2052 -27.7424 39.6205
      vertex 10.8624 -26.9411 38.4131
      vertex 8.69427 -26.7582 39.1794
    endloop
  endfacet
  facet normal 0.243058 0.838592 0.48753
    outer loop
      vertex 16.2634 -28.1691 37.8327
      vertex 10.8624 -26.9411 38.4131
      vertex 11.2052 -27.7424 39.6205
    endloop
  endfacet
  facet normal 0.243071 0.838588 0.487531
    outer loop
      vertex 17.1979 -27.3992 36.0425
      vertex 16.2634 -28.1691 37.8327
      vertex 17.7742 -28.2143 37.1572
    endloop
  endfacet
  facet normal 0.243057 0.838581 0.48755
    outer loop
      vertex 16.2634 -28.1691 37.8327
      vertex 15.7947 -27.3572 36.6699
      vertex 10.8624 -26.9411 38.4131
    endloop
  endfacet
  facet normal 0.243088 0.83858 0.487537
    outer loop
      vertex 16.2634 -28.1691 37.8327
      vertex 17.1979 -27.3992 36.0425
      vertex 15.7947 -27.3572 36.6699
    endloop
  endfacet
  facet normal 0.243058 0.838588 0.487538
    outer loop
      vertex 21.0719 -28.0159 35.1719
      vertex 17.1979 -27.3992 36.0425
      vertex 17.7742 -28.2143 37.1572
    endloop
  endfacet
  facet normal 0.243057 0.838594 0.487528
    outer loop
      vertex 17.1979 -27.3992 36.0425
      vertex 21.0719 -28.0159 35.1719
      vertex 20.437 -27.2043 34.0924
    endloop
  endfacet
  facet normal 0.242999 0.838603 0.487542
    outer loop
      vertex 21.0671 -27.1664 33.7131
      vertex 21.0719 -28.0159 35.1719
      vertex 21.8172 -27.971 34.7232
    endloop
  endfacet
  facet normal 0.243041 0.838594 0.487537
    outer loop
      vertex 21.0719 -28.0159 35.1719
      vertex 21.0671 -27.1664 33.7131
      vertex 20.437 -27.2043 34.0924
    endloop
  endfacet
  facet normal 0.242622 0.838566 0.487793
    outer loop
      vertex 21.0671 -27.1664 33.7131
      vertex 21.8172 -27.971 34.7232
      vertex 21.1841 -27.1593 33.6427
    endloop
  endfacet
  facet normal 0.0278264 0.807011 0.58988
    outer loop
      vertex 23.8183 -26.4529 32.5519
      vertex 21.8172 -27.971 34.7232
      vertex 24.5301 -27.2434 33.5998
    endloop
  endfacet
  facet normal 0.0278677 0.806992 0.589905
    outer loop
      vertex 21.8172 -27.971 34.7232
      vertex 23.8183 -26.4529 32.5519
      vertex 21.1841 -27.1593 33.6427
    endloop
  endfacet
  facet normal 0.0278608 0.807009 0.589882
    outer loop
      vertex 26.2549 -25.5513 31.2034
      vertex 24.5301 -27.2434 33.5998
      vertex 27.0669 -26.3048 32.1959
    endloop
  endfacet
  facet normal 0.0278416 0.807016 0.589873
    outer loop
      vertex 24.5301 -27.2434 33.5998
      vertex 26.2549 -25.5513 31.2034
      vertex 23.8183 -26.4529 32.5519
    endloop
  endfacet
  facet normal 0.0278573 0.806986 0.589914
    outer loop
      vertex 28.3198 -24.7872 30.0607
      vertex 27.0669 -26.3048 32.1959
      vertex 29.1816 -25.5223 31.0256
    endloop
  endfacet
  facet normal 0.0278248 0.806996 0.589902
    outer loop
      vertex 27.0669 -26.3048 32.1959
      vertex 28.3198 -24.7872 30.0607
      vertex 26.2549 -25.5513 31.2034
    endloop
  endfacet
  facet normal 0.0277735 0.806993 0.589907
    outer loop
      vertex 28.8032 -24.6084 29.7932
      vertex 29.1816 -25.5223 31.0256
      vertex 29.664 -25.3438 30.7587
    endloop
  endfacet
  facet normal 0.0279228 0.807012 0.589875
    outer loop
      vertex 29.1816 -25.5223 31.0256
      vertex 28.8032 -24.6084 29.7932
      vertex 28.3198 -24.7872 30.0607
    endloop
  endfacet
  facet normal -0.429843 0.491346 0.757506
    outer loop
      vertex 30.7649 -22.6446 29.6326
      vertex 29.664 -25.3438 30.7587
      vertex 31.6893 -23.3164 30.5929
    endloop
  endfacet
  facet normal -0.42986 0.491348 0.757494
    outer loop
      vertex 29.664 -25.3438 30.7587
      vertex 30.7649 -22.6446 29.6326
      vertex 28.8032 -24.6084 29.7932
    endloop
  endfacet
  facet normal -0.429776 0.491407 0.757504
    outer loop
      vertex 30.9197 -22.4896 29.6199
      vertex 31.6893 -23.3164 30.5929
      vertex 31.8438 -23.1617 30.5802
    endloop
  endfacet
  facet normal -0.429839 0.49135 0.757505
    outer loop
      vertex 31.6893 -23.3164 30.5929
      vertex 30.9197 -22.4896 29.6199
      vertex 30.7649 -22.6446 29.6326
    endloop
  endfacet
  facet normal -0.624394 0.214671 0.751031
    outer loop
      vertex 34.3086 -15.2752 30.3755
      vertex 35.3339 -15.7317 31.3584
      vertex 35.551 -15.0803 31.3527
    endloop
  endfacet
  facet normal -0.624395 0.214653 0.751036
    outer loop
      vertex 34.3086 -15.2752 30.3755
      vertex 35.551 -15.0803 31.3527
      vertex 34.5126 -14.6629 30.3701
    endloop
  endfacet
  facet normal -0.624393 0.214673 0.751032
    outer loop
      vertex 33.6532 -16.6714 30.2297
      vertex 35.3339 -15.7317 31.3584
      vertex 34.3086 -15.2752 30.3755
    endloop
  endfacet
  facet normal -0.624378 0.214608 0.751063
    outer loop
      vertex 35.3339 -15.7317 31.3584
      vertex 33.6532 -16.6714 30.2297
      vertex 34.6431 -17.2036 31.2047
    endloop
  endfacet
  facet normal -0.624373 0.214619 0.751064
    outer loop
      vertex 30.9305 -22.4723 29.6239
      vertex 34.6431 -17.2036 31.2047
      vertex 33.6532 -16.6714 30.2297
    endloop
  endfacet
  facet normal -0.624378 0.214624 0.751058
    outer loop
      vertex 34.6431 -17.2036 31.2047
      vertex 30.9305 -22.4723 29.6239
      vertex 31.8549 -23.1439 30.5843
    endloop
  endfacet
  facet normal -0.623779 0.215713 0.751244
    outer loop
      vertex 30.9197 -22.4896 29.6199
      vertex 31.8549 -23.1439 30.5843
      vertex 30.9305 -22.4723 29.6239
    endloop
  endfacet
  facet normal -0.623688 0.215883 0.751271
    outer loop
      vertex 31.8549 -23.1439 30.5843
      vertex 30.9197 -22.4896 29.6199
      vertex 31.8438 -23.1617 30.5802
    endloop
  endfacet
  facet normal -0.624397 0.214557 0.751062
    outer loop
      vertex 34.5126 -14.6629 30.3701
      vertex 35.7665 -14.4335 31.347
      vertex 34.7286 -14.0147 30.3645
    endloop
  endfacet
  facet normal -0.624395 0.214654 0.751036
    outer loop
      vertex 35.7665 -14.4335 31.347
      vertex 34.5126 -14.6629 30.3701
      vertex 35.551 -15.0803 31.3527
    endloop
  endfacet
  facet normal -0.422105 0.58284 0.694352
    outer loop
      vertex 38.4759 -8.6097 28.1054
      vertex 39.786 -8.62218 28.9123
      vertex 38.6134 -8.38372 27.9993
    endloop
  endfacet
  facet normal -0.422099 0.582855 0.694343
    outer loop
      vertex 39.786 -8.62218 28.9123
      vertex 38.4759 -8.6097 28.1054
      vertex 39.168 -9.63797 29.3893
    endloop
  endfacet
  facet normal -0.422121 0.58284 0.694343
    outer loop
      vertex 37.9548 -9.46625 28.5076
      vertex 39.168 -9.63797 29.3893
      vertex 38.4759 -8.6097 28.1054
    endloop
  endfacet
  facet normal -0.42211 0.582859 0.694333
    outer loop
      vertex 37.9548 -9.46625 28.5076
      vertex 35.9435 -14.1839 31.2451
      vertex 39.168 -9.63797 29.3893
    endloop
  endfacet
  facet normal -0.4221 0.582859 0.694339
    outer loop
      vertex 34.8826 -13.7975 30.2758
      vertex 35.9435 -14.1839 31.2451
      vertex 37.9548 -9.46625 28.5076
    endloop
  endfacet
  facet normal -0.422129 0.582819 0.694355
    outer loop
      vertex 35.9435 -14.1839 31.2451
      vertex 34.8826 -13.7975 30.2758
      vertex 35.7665 -14.4335 31.347
    endloop
  endfacet
  facet normal -0.422107 0.582842 0.69435
    outer loop
      vertex 35.7665 -14.4335 31.347
      vertex 34.8826 -13.7975 30.2758
      vertex 34.7286 -14.0147 30.3645
    endloop
  endfacet
  facet normal -0.422085 0.582857 0.69435
    outer loop
      vertex 38.8382 -7.93013 27.7552
      vertex 39.8751 -8.47572 28.8435
      vertex 40.0089 -8.16916 28.6675
    endloop
  endfacet
  facet normal -0.422037 0.582913 0.694332
    outer loop
      vertex 39.8751 -8.47572 28.8435
      vertex 38.8382 -7.93013 27.7552
      vertex 39.786 -8.62218 28.9123
    endloop
  endfacet
  facet normal -0.422142 0.582809 0.694356
    outer loop
      vertex 38.7083 -8.22771 27.926
      vertex 39.786 -8.62218 28.9123
      vertex 38.8382 -7.93013 27.7552
    endloop
  endfacet
  facet normal -0.422046 0.582941 0.694303
    outer loop
      vertex 39.786 -8.62218 28.9123
      vertex 38.7083 -8.22771 27.926
      vertex 38.6134 -8.38372 27.9993
    endloop
  endfacet
  facet normal -0.410898 0.601731 0.684896
    outer loop
      vertex 41.9158 -1.16354 23.6566
      vertex 40.4557 -7.18692 28.0726
      vertex 43.1876 -1.18015 24.4342
    endloop
  endfacet
  facet normal -0.410876 0.601733 0.684907
    outer loop
      vertex 39.3284 -6.85236 27.1024
      vertex 40.4557 -7.18692 28.0726
      vertex 41.9158 -1.16354 23.6566
    endloop
  endfacet
  facet normal -0.410883 0.601723 0.684912
    outer loop
      vertex 40.4557 -7.18692 28.0726
      vertex 39.3284 -6.85236 27.1024
      vertex 40.0089 -8.16916 28.6675
    endloop
  endfacet
  facet normal -0.410878 0.601727 0.684912
    outer loop
      vertex 40.0089 -8.16916 28.6675
      vertex 39.3284 -6.85236 27.1024
      vertex 38.8382 -7.93013 27.7552
    endloop
  endfacet
  facet normal -0.410868 0.601755 0.684893
    outer loop
      vertex 42.18 -0.582458 23.3046
      vertex 43.1876 -1.18015 24.4342
      vertex 43.4515 -0.600015 24.0828
    endloop
  endfacet
  facet normal -0.410904 0.601717 0.684905
    outer loop
      vertex 43.1876 -1.18015 24.4342
      vertex 42.18 -0.582458 23.3046
      vertex 41.9158 -1.16354 23.6566
    endloop
  endfacet
  facet normal 0.500545 -0.265976 -0.82384
    outer loop
      vertex 42.6952 -4.10447 24.7547
      vertex 42.18 -0.582458 23.3046
      vertex 43.4515 -0.600015 24.0828
    endloop
  endfacet
  facet normal 0.500557 -0.265971 -0.823834
    outer loop
      vertex 41.4602 -3.91825 23.9442
      vertex 42.6952 -4.10447 24.7547
      vertex 41.9358 -7.62352 25.4294
    endloop
  endfacet
  facet normal 0.500557 -0.265971 -0.823834
    outer loop
      vertex 42.6952 -4.10447 24.7547
      vertex 41.4602 -3.91825 23.9442
      vertex 42.18 -0.582458 23.3046
    endloop
  endfacet
  facet normal 0.500545 -0.265975 -0.82384
    outer loop
      vertex 41.4602 -3.91825 23.9442
      vertex 41.9358 -7.62352 25.4294
      vertex 40.7133 -7.37901 24.6077
    endloop
  endfacet
  facet normal 0.500527 -0.266035 -0.823831
    outer loop
      vertex 41.7865 -8.31535 25.5621
      vertex 40.7133 -7.37901 24.6077
      vertex 41.9358 -7.62352 25.4294
    endloop
  endfacet
  facet normal 0.500576 -0.265969 -0.823823
    outer loop
      vertex 40.7133 -7.37901 24.6077
      vertex 41.7865 -8.31535 25.5621
      vertex 40.5638 -8.07203 24.7406
    endloop
  endfacet
  facet normal 0.333979 -0.644359 -0.687939
    outer loop
      vertex 41.5283 -8.82712 25.9161
      vertex 40.5638 -8.07203 24.7406
      vertex 41.7865 -8.31535 25.5621
    endloop
  endfacet
  facet normal 0.33404 -0.644308 -0.687956
    outer loop
      vertex 41.5283 -8.82712 25.9161
      vertex 40.3132 -8.56883 25.0842
      vertex 40.5638 -8.07203 24.7406
    endloop
  endfacet
  facet normal 0.334021 -0.644311 -0.687963
    outer loop
      vertex 38.9027 -10.6174 26.318
      vertex 41.5283 -8.82712 25.9161
      vertex 39.0368 -12.4457 28.0954
    endloop
  endfacet
  facet normal 0.334031 -0.644323 -0.687947
    outer loop
      vertex 41.5283 -8.82712 25.9161
      vertex 38.9027 -10.6174 26.318
      vertex 40.3132 -8.56883 25.0842
    endloop
  endfacet
  facet normal 0.33398 -0.644323 -0.687972
    outer loop
      vertex 38.9027 -10.6174 26.318
      vertex 39.0368 -12.4457 28.0954
      vertex 37.9027 -12.0697 27.1927
    endloop
  endfacet
  facet normal 0.333991 -0.644309 -0.68798
    outer loop
      vertex 38.7761 -12.8244 28.3235
      vertex 37.9027 -12.0697 27.1927
      vertex 39.0368 -12.4457 28.0954
    endloop
  endfacet
  facet normal 0.333839 -0.644428 -0.687942
    outer loop
      vertex 37.9027 -12.0697 27.1927
      vertex 38.7761 -12.8244 28.3235
      vertex 37.6414 -12.4491 27.4213
    endloop
  endfacet
  facet normal 0.540557 -0.276098 -0.794713
    outer loop
      vertex 37.6325 -15.8417 28.5939
      vertex 37.6414 -12.4491 27.4213
      vertex 38.7761 -12.8244 28.3235
    endloop
  endfacet
  facet normal 0.540614 -0.276081 -0.79468
    outer loop
      vertex 36.2438 -16.1368 27.7517
      vertex 37.6325 -15.8417 28.5939
      vertex 37.3363 -16.6232 28.6639
    endloop
  endfacet
  facet normal 0.540613 -0.276084 -0.794679
    outer loop
      vertex 36.2438 -16.1368 27.7517
      vertex 37.3363 -16.6232 28.6639
      vertex 36.9537 -17.3105 28.6424
    endloop
  endfacet
  facet normal 0.540614 -0.276086 -0.794678
    outer loop
      vertex 37.6325 -15.8417 28.5939
      vertex 36.2438 -16.1368 27.7517
      vertex 37.6414 -12.4491 27.4213
    endloop
  endfacet
  facet normal 0.540638 -0.276119 -0.79465
    outer loop
      vertex 32.8331 -22.2641 27.5602
      vertex 36.9537 -17.3105 28.6424
      vertex 33.8082 -22.9614 28.4659
    endloop
  endfacet
  facet normal 0.540609 -0.276088 -0.794681
    outer loop
      vertex 36.9537 -17.3105 28.6424
      vertex 32.8331 -22.2641 27.5602
      vertex 36.2438 -16.1368 27.7517
    endloop
  endfacet
  facet normal 0.540644 -0.276072 -0.794662
    outer loop
      vertex 32.6936 -22.5147 27.5524
      vertex 33.8082 -22.9614 28.4659
      vertex 33.3545 -23.7765 28.4404
    endloop
  endfacet
  facet normal 0.540591 -0.276194 -0.794656
    outer loop
      vertex 33.8082 -22.9614 28.4659
      vertex 32.6936 -22.5147 27.5524
      vertex 32.8331 -22.2641 27.5602
    endloop
  endfacet
  facet normal 0.540635 -0.27608 -0.794666
    outer loop
      vertex 32.6936 -22.5147 27.5524
      vertex 33.3545 -23.7765 28.4404
      vertex 32.3785 -23.0808 27.5347
    endloop
  endfacet
  facet normal 0.0419505 0.813648 0.579842
    outer loop
      vertex 35.9504 -20.8253 24.1114
      vertex 33.3545 -23.7765 28.4404
      vertex 36.9537 -21.5038 24.9909
    endloop
  endfacet
  facet normal 0.0416054 0.813478 0.580105
    outer loop
      vertex 35.9504 -20.8253 24.1114
      vertex 36.9537 -21.5038 24.9909
      vertex 37.0439 -21.4468 24.9045
    endloop
  endfacet
  facet normal 0.0419169 0.813659 0.57983
    outer loop
      vertex 33.3545 -23.7765 28.4404
      vertex 35.9504 -20.8253 24.1114
      vertex 32.3785 -23.0808 27.5347
    endloop
  endfacet
  facet normal 0.0418974 0.813665 0.579822
    outer loop
      vertex 36.2593 -20.6303 23.8154
      vertex 37.0439 -21.4468 24.9045
      vertex 37.3522 -21.2521 24.609
    endloop
  endfacet
  facet normal 0.0419377 0.813677 0.579803
    outer loop
      vertex 37.0439 -21.4468 24.9045
      vertex 36.2593 -20.6303 23.8154
      vertex 35.9504 -20.8253 24.1114
    endloop
  endfacet
  facet normal -0.326108 0.472071 0.819025
    outer loop
      vertex 39.8922 -15.2726 22.1737
      vertex 43.2317 -11.7937 21.4982
      vertex 41.9511 -11.4774 20.806
    endloop
  endfacet
  facet normal -0.32612 0.472081 0.819015
    outer loop
      vertex 43.2317 -11.7937 21.4982
      vertex 39.8922 -15.2726 22.1737
      vertex 39.9745 -17.7978 23.662
    endloop
  endfacet
  facet normal -0.326089 0.472087 0.819023
    outer loop
      vertex 38.8048 -17.277 22.8961
      vertex 39.9745 -17.7978 23.662
      vertex 39.8922 -15.2726 22.1737
    endloop
  endfacet
  facet normal -0.326091 0.472085 0.819024
    outer loop
      vertex 38.8048 -17.277 22.8961
      vertex 37.3522 -21.2521 24.609
      vertex 39.9745 -17.7978 23.662
    endloop
  endfacet
  facet normal -0.32614 0.472093 0.819
    outer loop
      vertex 36.4947 -20.3201 23.7303
      vertex 37.3522 -21.2521 24.609
      vertex 38.8048 -17.277 22.8961
    endloop
  endfacet
  facet normal -0.326086 0.472138 0.818996
    outer loop
      vertex 37.3522 -21.2521 24.609
      vertex 36.4947 -20.3201 23.7303
      vertex 36.2593 -20.6303 23.8154
    endloop
  endfacet
  facet normal -0.326113 0.472028 0.819048
    outer loop
      vertex 42.4596 -10.5399 20.4682
      vertex 43.2317 -11.7937 21.4982
      vertex 43.7395 -10.8576 21.1609
    endloop
  endfacet
  facet normal -0.326134 0.472014 0.819048
    outer loop
      vertex 43.2317 -11.7937 21.4982
      vertex 42.4596 -10.5399 20.4682
      vertex 41.9511 -11.4774 20.806
    endloop
  endfacet
  facet normal -0.153943 0.759091 0.632521
    outer loop
      vertex 42.8755 -10.0854 20.0239
      vertex 43.7395 -10.8576 21.1609
      vertex 44.1694 -10.3877 20.7016
    endloop
  endfacet
  facet normal -0.153886 0.759121 0.632499
    outer loop
      vertex 43.7395 -10.8576 21.1609
      vertex 42.8755 -10.0854 20.0239
      vertex 42.4596 -10.5399 20.4682
    endloop
  endfacet
  facet normal -0.15392 0.759122 0.632488
    outer loop
      vertex 42.9243 -10.0321 19.9718
      vertex 44.1694 -10.3877 20.7016
      vertex 44.2181 -10.3345 20.6496
    endloop
  endfacet
  facet normal -0.153904 0.759141 0.63247
    outer loop
      vertex 44.1694 -10.3877 20.7016
      vertex 42.9243 -10.0321 19.9718
      vertex 42.8755 -10.0854 20.0239
    endloop
  endfacet
  facet normal -0.375101 0.333511 0.864911
    outer loop
      vertex 44.359 -4.00628 18.2705
      vertex 44.7377 -8.939 20.3368
      vertex 45.7139 -4.10508 18.8962
    endloop
  endfacet
  facet normal -0.375119 0.333457 0.864923
    outer loop
      vertex 44.7377 -8.939 20.3368
      vertex 43.3723 -8.89251 19.7267
      vertex 44.5962 -9.47921 20.4837
    endloop
  endfacet
  facet normal -0.37511 0.333508 0.864907
    outer loop
      vertex 44.7377 -8.939 20.3368
      vertex 44.359 -4.00628 18.2705
      vertex 43.3723 -8.89251 19.7267
    endloop
  endfacet
  facet normal -0.375097 0.333495 0.864918
    outer loop
      vertex 43.2912 -9.20184 19.8108
      vertex 44.5962 -9.47921 20.4837
      vertex 43.3723 -8.89251 19.7267
    endloop
  endfacet
  facet normal -0.374985 0.33383 0.864838
    outer loop
      vertex 44.5962 -9.47921 20.4837
      vertex 43.2912 -9.20184 19.8108
      vertex 44.5284 -9.63257 20.5135
    endloop
  endfacet
  facet normal -0.375122 0.333527 0.864895
    outer loop
      vertex 44.5284 -9.63257 20.5135
      vertex 43.2912 -9.20184 19.8108
      vertex 44.2181 -10.3345 20.6496
    endloop
  endfacet
  facet normal -0.375153 0.3335 0.864892
    outer loop
      vertex 44.2181 -10.3345 20.6496
      vertex 43.2912 -9.20184 19.8108
      vertex 42.9243 -10.0321 19.9718
    endloop
  endfacet
  facet normal -0.375101 0.333551 0.864895
    outer loop
      vertex 44.5062 -3.27733 18.0532
      vertex 45.7139 -4.10508 18.8962
      vertex 45.8609 -3.37709 18.6792
    endloop
  endfacet
  facet normal -0.375089 0.333568 0.864894
    outer loop
      vertex 45.7139 -4.10508 18.8962
      vertex 44.5062 -3.27733 18.0532
      vertex 44.359 -4.00628 18.2705
    endloop
  endfacet
  facet normal 0.400687 -0.187051 -0.896918
    outer loop
      vertex 45.0885 -8.49418 19.4013
      vertex 44.5062 -3.27733 18.0532
      vertex 45.8609 -3.37709 18.6792
    endloop
  endfacet
  facet normal 0.400693 -0.187049 -0.896916
    outer loop
      vertex 44.5062 -3.27733 18.0532
      vertex 45.0885 -8.49418 19.4013
      vertex 43.7597 -8.22295 18.7511
    endloop
  endfacet
  facet normal 0.400699 -0.187112 -0.8969
    outer loop
      vertex 43.6602 -8.882 18.8441
      vertex 45.0885 -8.49418 19.4013
      vertex 44.9891 -9.15235 19.4942
    endloop
  endfacet
  facet normal 0.400594 -0.187443 -0.896878
    outer loop
      vertex 45.0885 -8.49418 19.4013
      vertex 43.7497 -8.28882 18.7604
      vertex 43.7597 -8.22295 18.7511
    endloop
  endfacet
  facet normal 0.400683 -0.187016 -0.896927
    outer loop
      vertex 45.0885 -8.49418 19.4013
      vertex 43.6602 -8.882 18.8441
      vertex 43.7497 -8.28882 18.7604
    endloop
  endfacet
  facet normal 0.219291 -0.656857 -0.721423
    outer loop
      vertex 44.9094 -9.37072 19.6688
      vertex 43.6602 -8.882 18.8441
      vertex 44.9891 -9.15235 19.4942
    endloop
  endfacet
  facet normal 0.219279 -0.656871 -0.721413
    outer loop
      vertex 43.6602 -8.882 18.8441
      vertex 44.9094 -9.37072 19.6688
      vertex 43.5832 -9.09309 19.0129
    endloop
  endfacet
  facet normal 0.219404 -0.656654 -0.721573
    outer loop
      vertex 44.8996 -9.39762 19.6903
      vertex 43.5832 -9.09309 19.0129
      vertex 44.9094 -9.37072 19.6688
    endloop
  endfacet
  facet normal 0.219376 -0.6567 -0.72154
    outer loop
      vertex 43.5832 -9.09309 19.0129
      vertex 44.8996 -9.39762 19.6903
      vertex 43.5733 -9.12002 19.0344
    endloop
  endfacet
  facet normal -0.153875 0.75916 0.632455
    outer loop
      vertex 46.2157 -6.52934 16.5676
      vertex 43.5733 -9.12002 19.0344
      vertex 44.8996 -9.39762 19.6903
    endloop
  endfacet
  facet normal -0.153849 0.75915 0.632473
    outer loop
      vertex 43.5733 -9.12002 19.0344
      vertex 46.2157 -6.52934 16.5676
      vertex 44.8456 -6.34728 16.0158
    endloop
  endfacet
  facet normal -0.153809 0.759196 0.632427
    outer loop
      vertex 45.0075 -5.99449 15.6317
      vertex 46.2157 -6.52934 16.5676
      vertex 46.3774 -6.17695 16.1839
    endloop
  endfacet
  facet normal -0.153835 0.759174 0.632447
    outer loop
      vertex 46.2157 -6.52934 16.5676
      vertex 45.0075 -5.99449 15.6317
      vertex 44.8456 -6.34728 16.0158
    endloop
  endfacet
  facet normal 0.233454 -0.588912 -0.773745
    outer loop
      vertex 45.2715 -9.62276 18.4729
      vertex 45.0075 -5.99449 15.6317
      vertex 46.3774 -6.17695 16.1839
    endloop
  endfacet
  facet normal 0.23349 -0.588904 -0.773741
    outer loop
      vertex 43.9342 -9.33851 17.853
      vertex 45.2715 -9.62276 18.4729
      vertex 44.5255 -11.0323 19.3206
    endloop
  endfacet
  facet normal 0.233489 -0.588906 -0.77374
    outer loop
      vertex 45.2715 -9.62276 18.4729
      vertex 43.9342 -9.33851 17.853
      vertex 45.0075 -5.99449 15.6317
    endloop
  endfacet
  facet normal 0.233485 -0.588906 -0.773741
    outer loop
      vertex 44.5255 -11.0323 19.3206
      vertex 43.3387 -10.4637 18.5297
      vertex 43.9342 -9.33851 17.853
    endloop
  endfacet
  facet normal 0.233572 -0.5888 -0.773795
    outer loop
      vertex 43.3387 -10.4637 18.5297
      vertex 44.5255 -11.0323 19.3206
      vertex 43.2217 -10.6849 18.6627
    endloop
  endfacet
  facet normal 0.2335 -0.588927 -0.77372
    outer loop
      vertex 44.1574 -11.7278 19.7389
      vertex 43.2217 -10.6849 18.6627
      vertex 44.5255 -11.0323 19.3206
    endloop
  endfacet
  facet normal 0.233483 -0.588938 -0.773717
    outer loop
      vertex 43.2217 -10.6849 18.6627
      vertex 44.1574 -11.7278 19.7389
      vertex 42.853 -11.3814 19.0816
    endloop
  endfacet
  facet normal 0.311126 -0.433366 -0.84581
    outer loop
      vertex 43.3979 -13.44 20.3368
      vertex 42.853 -11.3814 19.0816
      vertex 44.1574 -11.7278 19.7389
    endloop
  endfacet
  facet normal 0.311118 -0.433369 -0.845811
    outer loop
      vertex 43.3979 -13.44 20.3368
      vertex 42.0336 -13.2287 19.7267
      vertex 42.853 -11.3814 19.0816
    endloop
  endfacet
  facet normal 0.311105 -0.433396 -0.845802
    outer loop
      vertex 40.2061 -16.7497 20.8587
      vertex 43.3979 -13.44 20.3368
      vertex 40.9883 -18.0826 21.8294
    endloop
  endfacet
  facet normal 0.311109 -0.433399 -0.8458
    outer loop
      vertex 43.3979 -13.44 20.3368
      vertex 40.2061 -16.7497 20.8587
      vertex 42.0336 -13.2287 19.7267
    endloop
  endfacet
  facet normal 0.311106 -0.433396 -0.845802
    outer loop
      vertex 40.2061 -16.7497 20.8587
      vertex 40.9883 -18.0826 21.8294
      vertex 39.8012 -17.53 21.1096
    endloop
  endfacet
  facet normal 0.311053 -0.433426 -0.845806
    outer loop
      vertex 39.7208 -17.6848 21.1594
      vertex 40.9181 -18.2179 21.8729
      vertex 40.4899 -18.7986 22.013
    endloop
  endfacet
  facet normal 0.310953 -0.433588 -0.84576
    outer loop
      vertex 39.8012 -17.53 21.1096
      vertex 40.9181 -18.2179 21.8729
      vertex 39.7208 -17.6848 21.1594
    endloop
  endfacet
  facet normal 0.311127 -0.433362 -0.845811
    outer loop
      vertex 40.9181 -18.2179 21.8729
      vertex 39.8012 -17.53 21.1096
      vertex 40.9883 -18.0826 21.8294
    endloop
  endfacet
  facet normal 0.311234 -0.433299 -0.845804
    outer loop
      vertex 39.7208 -17.6848 21.1594
      vertex 40.4899 -18.7986 22.013
      vertex 39.3052 -18.2486 21.2953
    endloop
  endfacet
  facet normal 0.321084 -0.417581 -0.850018
    outer loop
      vertex 40.4899 -18.7986 22.013
      vertex 38.7492 -19.0185 21.4635
      vertex 39.3052 -18.2486 21.2953
    endloop
  endfacet
  facet normal 0.321086 -0.417499 -0.850058
    outer loop
      vertex 37.0534 -23.5574 23.0522
      vertex 38.7492 -19.0185 21.4635
      vertex 40.4899 -18.7986 22.013
    endloop
  endfacet
  facet normal 0.321067 -0.417495 -0.850067
    outer loop
      vertex 38.7492 -19.0185 21.4635
      vertex 37.0534 -23.5574 23.0522
      vertex 35.9807 -22.8522 22.3007
    endloop
  endfacet
  facet normal 0.321164 -0.417384 -0.850085
    outer loop
      vertex 35.6079 -23.3685 22.4134
      vertex 36.9537 -23.6955 23.0824
      vertex 36.6812 -24.0728 23.1647
    endloop
  endfacet
  facet normal 0.320973 -0.417613 -0.850045
    outer loop
      vertex 36.9537 -23.6955 23.0824
      vertex 35.9807 -22.8522 22.3007
      vertex 37.0534 -23.5574 23.0522
    endloop
  endfacet
  facet normal 0.321141 -0.417439 -0.850066
    outer loop
      vertex 36.9537 -23.6955 23.0824
      vertex 35.6079 -23.3685 22.4134
      vertex 35.9807 -22.8522 22.3007
    endloop
  endfacet
  facet normal -0.0095884 -0.736302 -0.676585
    outer loop
      vertex 31.0602 -26.2787 25.645
      vertex 29.2384 -28.6374 28.2377
      vertex 28.4071 -27.7856 27.3225
    endloop
  endfacet
  facet normal -0.00958599 -0.736303 -0.676585
    outer loop
      vertex 31.0602 -26.2787 25.645
      vertex 34.9503 -25.3929 24.6259
      vertex 29.2384 -28.6374 28.2377
    endloop
  endfacet
  facet normal -0.00958465 -0.736305 -0.676582
    outer loop
      vertex 33.9277 -24.6499 23.8318
      vertex 34.9503 -25.3929 24.6259
      vertex 31.0602 -26.2787 25.645
    endloop
  endfacet
  facet normal -0.00960128 -0.736316 -0.67657
    outer loop
      vertex 35.6079 -23.3685 22.4134
      vertex 34.9503 -25.3929 24.6259
      vertex 33.9277 -24.6499 23.8318
    endloop
  endfacet
  facet normal -0.00958203 -0.736319 -0.676567
    outer loop
      vertex 34.9503 -25.3929 24.6259
      vertex 35.6079 -23.3685 22.4134
      vertex 36.6812 -24.0728 23.1647
    endloop
  endfacet
  facet normal -0.00960856 -0.73631 -0.676576
    outer loop
      vertex 28.4071 -27.7856 27.3225
      vertex 28.4597 -29.0796 28.73
      vertex 27.627 -28.2287 27.8158
    endloop
  endfacet
  facet normal -0.009608 -0.73631 -0.676576
    outer loop
      vertex 28.4597 -29.0796 28.73
      vertex 28.4071 -27.7856 27.3225
      vertex 29.2384 -28.6374 28.2377
    endloop
  endfacet
  facet normal -0.064755 -0.759243 -0.647578
    outer loop
      vertex 10.5037 -32.3269 34.3347
      vertex 10.8176 -33.293 35.436
      vertex 9.64915 -33.3612 35.6328
    endloop
  endfacet
  facet normal -0.0648184 -0.759218 -0.6476
    outer loop
      vertex 10.5037 -32.3269 34.3347
      vertex 9.64915 -33.3612 35.6328
      vertex 9.41878 -32.3902 34.5175
    endloop
  endfacet
  facet normal -0.0648029 -0.759247 -0.647568
    outer loop
      vertex 13.1928 -31.8926 33.5564
      vertex 10.8176 -33.293 35.436
      vertex 10.5037 -32.3269 34.3347
    endloop
  endfacet
  facet normal -0.0648711 -0.759198 -0.647618
    outer loop
      vertex 10.8176 -33.293 35.436
      vertex 13.1928 -31.8926 33.5564
      vertex 13.5279 -32.8553 34.6514
    endloop
  endfacet
  facet normal -0.0648462 -0.759196 -0.647624
    outer loop
      vertex 17.968 -31.1214 32.1742
      vertex 13.5279 -32.8553 34.6514
      vertex 13.1928 -31.8926 33.5564
    endloop
  endfacet
  facet normal -0.0648381 -0.759204 -0.647615
    outer loop
      vertex 13.5279 -32.8553 34.6514
      vertex 17.968 -31.1214 32.1742
      vertex 18.505 -32.0515 33.2108
    endloop
  endfacet
  facet normal -0.0648759 -0.759212 -0.647602
    outer loop
      vertex 20.3628 -30.4797 31.182
      vertex 18.505 -32.0515 33.2108
      vertex 17.968 -31.1214 32.1742
    endloop
  endfacet
  facet normal -0.064828 -0.759237 -0.647578
    outer loop
      vertex 20.3628 -30.4797 31.182
      vertex 26.2527 -29.9753 30.001
      vertex 18.505 -32.0515 33.2108
    endloop
  endfacet
  facet normal -0.0648357 -0.759212 -0.647606
    outer loop
      vertex 26.0675 -28.9509 28.8186
      vertex 26.2527 -29.9753 30.001
      vertex 20.3628 -30.4797 31.182
    endloop
  endfacet
  facet normal -0.0647383 -0.759209 -0.647619
    outer loop
      vertex 26.2527 -29.9753 30.001
      vertex 26.0675 -28.9509 28.8186
      vertex 26.8466 -29.8161 29.755
    endloop
  endfacet
  facet normal -0.0649794 -0.759293 -0.647496
    outer loop
      vertex 26.2549 -28.8797 28.7163
      vertex 26.8466 -29.8161 29.755
      vertex 26.0675 -28.9509 28.8186
    endloop
  endfacet
  facet normal -0.065071 -0.759314 -0.647463
    outer loop
      vertex 26.8466 -29.8161 29.755
      vertex 26.2549 -28.8797 28.7163
      vertex 27.0669 -29.7324 29.6347
    endloop
  endfacet
  facet normal -0.0647758 -0.759204 -0.647621
    outer loop
      vertex 26.6373 -28.7343 28.5076
      vertex 27.0669 -29.7324 29.6347
      vertex 26.2549 -28.8797 28.7163
    endloop
  endfacet
  facet normal -0.0647249 -0.759197 -0.647634
    outer loop
      vertex 27.0669 -29.7324 29.6347
      vertex 26.6373 -28.7343 28.5076
      vertex 27.5166 -29.5614 29.3893
    endloop
  endfacet
  facet normal -0.0648023 -0.75923 -0.647588
    outer loop
      vertex 27.627 -28.2287 27.8158
      vertex 27.5166 -29.5614 29.3893
      vertex 26.6373 -28.7343 28.5076
    endloop
  endfacet
  facet normal -0.0648497 -0.759226 -0.647588
    outer loop
      vertex 27.5166 -29.5614 29.3893
      vertex 27.627 -28.2287 27.8158
      vertex 28.4597 -29.0796 28.73
    endloop
  endfacet
  facet normal -0.0648779 -0.759197 -0.647619
    outer loop
      vertex 8.89792 -32.4206 34.6053
      vertex 8.06964 -33.4533 35.8989
      vertex 7.83547 -32.4825 34.7843
    endloop
  endfacet
  facet normal -0.0648111 -0.759222 -0.647596
    outer loop
      vertex 8.06964 -33.4533 35.8989
      vertex 8.89792 -32.4206 34.6053
      vertex 9.19915 -33.3874 35.7086
    endloop
  endfacet
  facet normal -0.0648501 -0.759226 -0.647589
    outer loop
      vertex 9.41878 -32.3902 34.5175
      vertex 9.19915 -33.3874 35.7086
      vertex 8.89792 -32.4206 34.6053
    endloop
  endfacet
  facet normal -0.0648795 -0.759221 -0.647591
    outer loop
      vertex 9.19915 -33.3874 35.7086
      vertex 9.41878 -32.3902 34.5175
      vertex 9.64915 -33.3612 35.6328
    endloop
  endfacet
  facet normal 0.919614 -0.179403 -0.349462
    outer loop
      vertex 8.06964 -33.4533 35.8989
      vertex 4.67878 -38.1123 29.3676
      vertex 7.83547 -32.4825 34.7843
    endloop
  endfacet
  facet normal 0.919615 -0.179416 -0.349454
    outer loop
      vertex 4.67878 -38.1123 29.3676
      vertex 8.06964 -33.4533 35.8989
      vertex 4.8118 -39.2635 30.3087
    endloop
  endfacet
  facet normal 0.91962 -0.179408 -0.349445
    outer loop
      vertex 4.8118 -39.2635 30.3087
      vertex 4.46507 -38.4935 29.0009
      vertex 4.67878 -38.1123 29.3676
    endloop
  endfacet
  facet normal 0.919619 -0.179411 -0.349447
    outer loop
      vertex 4.46507 -38.4935 29.0009
      vertex 4.8118 -39.2635 30.3087
      vertex 4.59851 -39.6439 29.9427
    endloop
  endfacet
  facet normal 0.209959 0.633797 0.744459
    outer loop
      vertex 11.7947 -38.3717 26.8302
      vertex 6.72569 -39.6984 29.3893
      vertex 12.1693 -39.5278 27.7088
    endloop
  endfacet
  facet normal 0.209936 0.633836 0.744432
    outer loop
      vertex 6.36111 -38.5421 28.5076
      vertex 6.72569 -39.6984 29.3893
      vertex 11.7947 -38.3717 26.8302
    endloop
  endfacet
  facet normal 0.209927 0.633835 0.744435
    outer loop
      vertex 6.36111 -38.5421 28.5076
      vertex 4.65256 -39.6453 29.9287
      vertex 6.72569 -39.6984 29.3893
    endloop
  endfacet
  facet normal 0.209924 0.633837 0.744434
    outer loop
      vertex 4.48533 -38.494 28.9956
      vertex 4.65256 -39.6453 29.9287
      vertex 6.36111 -38.5421 28.5076
    endloop
  endfacet
  facet normal 0.209281 0.633869 0.744588
    outer loop
      vertex 4.65256 -39.6453 29.9287
      vertex 4.48533 -38.494 28.9956
      vertex 4.59851 -39.6439 29.9427
    endloop
  endfacet
  facet normal 0.210364 0.633784 0.744355
    outer loop
      vertex 4.59851 -39.6439 29.9427
      vertex 4.48533 -38.494 28.9956
      vertex 4.46507 -38.4935 29.0009
    endloop
  endfacet
  facet normal 0.209899 0.633828 0.744449
    outer loop
      vertex 12.3901 -38.3531 26.6464
      vertex 12.1693 -39.5278 27.7088
      vertex 12.7636 -39.5092 27.5254
    endloop
  endfacet
  facet normal 0.21001 0.6338 0.744442
    outer loop
      vertex 12.1693 -39.5278 27.7088
      vertex 12.3901 -38.3531 26.6464
      vertex 11.7947 -38.3717 26.8302
    endloop
  endfacet
  facet normal 0.100309 0.622487 0.776176
    outer loop
      vertex 21.3094 -36.147 23.7243
      vertex 21.5843 -37.3852 24.6818
      vertex 21.9751 -37.2271 24.5045
    endloop
  endfacet
  facet normal 0.100284 0.622485 0.77618
    outer loop
      vertex 20.9528 -36.2913 23.8861
      vertex 21.5843 -37.3852 24.6818
      vertex 21.3094 -36.147 23.7243
    endloop
  endfacet
  facet normal 0.100323 0.622497 0.776166
    outer loop
      vertex 20.9528 -36.2913 23.8861
      vertex 17.8606 -38.2863 25.8858
      vertex 21.5843 -37.3852 24.6818
    endloop
  endfacet
  facet normal 0.100297 0.622521 0.77615
    outer loop
      vertex 17.297 -37.176 25.0681
      vertex 17.8606 -38.2863 25.8858
      vertex 20.9528 -36.2913 23.8861
    endloop
  endfacet
  facet normal 0.100312 0.622525 0.776144
    outer loop
      vertex 17.297 -37.176 25.0681
      vertex 12.8351 -39.5025 27.5108
      vertex 17.8606 -38.2863 25.8858
    endloop
  endfacet
  facet normal 0.100341 0.622493 0.776166
    outer loop
      vertex 12.4596 -38.3466 26.6323
      vertex 12.8351 -39.5025 27.5108
      vertex 17.297 -37.176 25.0681
    endloop
  endfacet
  facet normal 0.100169 0.622469 0.776208
    outer loop
      vertex 12.8351 -39.5025 27.5108
      vertex 12.4596 -38.3466 26.6323
      vertex 12.7636 -39.5092 27.5254
    endloop
  endfacet
  facet normal 0.0993036 0.622382 0.776389
    outer loop
      vertex 12.7636 -39.5092 27.5254
      vertex 12.4596 -38.3466 26.6323
      vertex 12.3901 -38.3531 26.6464
    endloop
  endfacet
  facet normal 0.100334 0.622469 0.776186
    outer loop
      vertex 22.0452 -35.8493 23.3905
      vertex 21.9751 -37.2271 24.5045
      vertex 22.7097 -36.9299 24.1712
    endloop
  endfacet
  facet normal 0.100274 0.622475 0.77619
    outer loop
      vertex 21.9751 -37.2271 24.5045
      vertex 22.0452 -35.8493 23.3905
      vertex 21.3094 -36.147 23.7243
    endloop
  endfacet
  facet normal -0.0907273 0.545984 0.832868
    outer loop
      vertex 34.7302 -27.4906 19.2929
      vertex 34.9788 -29.0417 20.3368
      vertex 35.8231 -28.2958 19.9398
    endloop
  endfacet
  facet normal -0.0907631 0.545979 0.832868
    outer loop
      vertex 33.8077 -28.3057 19.7267
      vertex 34.9788 -29.0417 20.3368
      vertex 34.7302 -27.4906 19.2929
    endloop
  endfacet
  facet normal -0.0907444 0.545999 0.832857
    outer loop
      vertex 30.0067 -31.2348 21.2328
      vertex 34.9788 -29.0417 20.3368
      vertex 33.8077 -28.3057 19.7267
    endloop
  endfacet
  facet normal -0.0907263 0.545967 0.83288
    outer loop
      vertex 30.0067 -31.2348 21.2328
      vertex 29.7662 -33.0587 22.4022
      vertex 34.9788 -29.0417 20.3368
    endloop
  endfacet
  facet normal -0.0907048 0.545966 0.832883
    outer loop
      vertex 28.8952 -32.0913 21.6732
      vertex 29.7662 -33.0587 22.4022
      vertex 30.0067 -31.2348 21.2328
    endloop
  endfacet
  facet normal -0.0907428 0.545941 0.832895
    outer loop
      vertex 26.8339 -33.2222 22.1899
      vertex 29.7662 -33.0587 22.4022
      vertex 28.8952 -32.0913 21.6732
    endloop
  endfacet
  facet normal -0.0907433 0.546012 0.832848
    outer loop
      vertex 26.8339 -33.2222 22.1899
      vertex 24.4284 -35.987 23.7404
      vertex 29.7662 -33.0587 22.4022
    endloop
  endfacet
  facet normal -0.0907313 0.546005 0.832854
    outer loop
      vertex 22.0452 -35.8493 23.3905
      vertex 24.4284 -35.987 23.7404
      vertex 26.8339 -33.2222 22.1899
    endloop
  endfacet
  facet normal -0.090741 0.545941 0.832895
    outer loop
      vertex 24.4284 -35.987 23.7404
      vertex 22.0452 -35.8493 23.3905
      vertex 22.7097 -36.9299 24.1712
    endloop
  endfacet
  facet normal -0.090775 0.546022 0.832838
    outer loop
      vertex 35.8543 -26.4975 18.7643
      vertex 36.6245 -27.5877 19.563
      vertex 36.9456 -27.304 19.412
    endloop
  endfacet
  facet normal -0.0908362 0.545989 0.832853
    outer loop
      vertex 35.8543 -26.4975 18.7643
      vertex 35.8231 -28.2958 19.9398
      vertex 36.6245 -27.5877 19.563
    endloop
  endfacet
  facet normal -0.0907172 0.545994 0.832863
    outer loop
      vertex 35.8231 -28.2958 19.9398
      vertex 35.8543 -26.4975 18.7643
      vertex 34.7302 -27.4906 19.2929
    endloop
  endfacet
  facet normal -0.27838 0.343495 0.896948
    outer loop
      vertex 43.0989 -13.7212 16.1204
      vertex 43.7008 -15.8637 17.1277
      vertex 44.433 -14.0848 16.6737
    endloop
  endfacet
  facet normal -0.278425 0.343479 0.89694
    outer loop
      vertex 41.1969 -18.342 17.2995
      vertex 43.7008 -15.8637 17.1277
      vertex 43.0989 -13.7212 16.1204
    endloop
  endfacet
  facet normal -0.278454 0.343506 0.896921
    outer loop
      vertex 43.7008 -15.8637 17.1277
      vertex 41.1969 -18.342 17.2995
      vertex 42.4508 -18.9003 17.9026
    endloop
  endfacet
  facet normal -0.278458 0.343498 0.896922
    outer loop
      vertex 42.4508 -18.9003 17.9026
      vertex 41.1969 -18.342 17.2995
      vertex 41.2716 -20.7273 18.2362
    endloop
  endfacet
  facet normal -0.27844 0.343501 0.896927
    outer loop
      vertex 36.7548 -25.2239 18.5561
      vertex 41.2716 -20.7273 18.2362
      vertex 41.1969 -18.342 17.2995
    endloop
  endfacet
  facet normal -0.278448 0.343508 0.896922
    outer loop
      vertex 41.2716 -20.7273 18.2362
      vertex 36.7548 -25.2239 18.5561
      vertex 37.2034 -27.0298 19.387
    endloop
  endfacet
  facet normal -0.278393 0.343526 0.896932
    outer loop
      vertex 36.1044 -26.2314 18.7401
      vertex 37.2034 -27.0298 19.387
      vertex 36.7548 -25.2239 18.5561
    endloop
  endfacet
  facet normal -0.278396 0.343522 0.896933
    outer loop
      vertex 37.2034 -27.0298 19.387
      vertex 36.1044 -26.2314 18.7401
      vertex 36.9456 -27.304 19.412
    endloop
  endfacet
  facet normal -0.278567 0.343387 0.896931
    outer loop
      vertex 36.9456 -27.304 19.412
      vertex 36.1044 -26.2314 18.7401
      vertex 35.8543 -26.4975 18.7643
    endloop
  endfacet
  facet normal -0.278462 0.343517 0.896914
    outer loop
      vertex 43.3387 -13.1386 15.9717
      vertex 45.1367 -12.3751 16.2375
      vertex 43.8035 -12.0096 15.6836
    endloop
  endfacet
  facet normal -0.278436 0.343443 0.89695
    outer loop
      vertex 45.1367 -12.3751 16.2375
      vertex 43.3387 -13.1386 15.9717
      vertex 44.433 -14.0848 16.6737
    endloop
  endfacet
  facet normal -0.278374 0.343511 0.896944
    outer loop
      vertex 44.433 -14.0848 16.6737
      vertex 43.3387 -13.1386 15.9717
      vertex 43.0989 -13.7212 16.1204
    endloop
  endfacet
  facet normal 0.310047 -0.256429 -0.915486
    outer loop
      vertex 43.3387 -13.2431 15.8717
      vertex 45.1367 -12.3751 16.2375
      vertex 43.9535 -15.5158 16.7165
    endloop
  endfacet
  facet normal 0.31005 -0.256436 -0.915483
    outer loop
      vertex 45.1367 -12.3751 16.2375
      vertex 43.3387 -13.2431 15.8717
      vertex 43.8035 -12.0096 15.6836
    endloop
  endfacet
  facet normal 0.310022 -0.256426 -0.915495
    outer loop
      vertex 41.9014 -17.0582 16.4536
      vertex 43.9535 -15.5158 16.7165
      vertex 43.1676 -17.602 17.0347
    endloop
  endfacet
  facet normal 0.310028 -0.256436 -0.915491
    outer loop
      vertex 43.9535 -15.5158 16.7165
      vertex 41.9014 -17.0582 16.4536
      vertex 43.3387 -13.2431 15.8717
    endloop
  endfacet
  facet normal 0.310013 -0.256382 -0.915511
    outer loop
      vertex 41.6083 -17.8363 16.5723
      vertex 43.1676 -17.602 17.0347
      vertex 42.8748 -18.3792 17.1532
    endloop
  endfacet
  facet normal 0.310016 -0.256439 -0.915494
    outer loop
      vertex 43.1676 -17.602 17.0347
      vertex 41.6083 -17.8363 16.5723
      vertex 41.9014 -17.0582 16.4536
    endloop
  endfacet
  facet normal -0.121824 0.578641 0.806432
    outer loop
      vertex 41.771 -17.5354 16.381
      vertex 42.8748 -18.3792 17.1532
      vertex 43.0432 -18.0678 16.9552
    endloop
  endfacet
  facet normal -0.121867 0.578604 0.806452
    outer loop
      vertex 42.8748 -18.3792 17.1532
      vertex 41.771 -17.5354 16.381
      vertex 41.6083 -17.8363 16.5723
    endloop
  endfacet
  facet normal -0.121972 0.578441 0.806553
    outer loop
      vertex 41.7948 -17.4915 16.3531
      vertex 43.0432 -18.0678 16.9552
      vertex 43.0669 -18.0239 16.9273
    endloop
  endfacet
  facet normal -0.121855 0.578596 0.80646
    outer loop
      vertex 43.0432 -18.0678 16.9552
      vertex 41.7948 -17.4915 16.3531
      vertex 41.771 -17.5354 16.381
    endloop
  endfacet
  facet normal -0.0742296 0.643853 0.76154
    outer loop
      vertex 42.748 -15.8828 15.086
      vertex 43.0669 -18.0239 16.9273
      vertex 44.0536 -16.3588 15.6157
    endloop
  endfacet
  facet normal -0.0742816 0.643846 0.761541
    outer loop
      vertex 43.0669 -18.0239 16.9273
      vertex 42.748 -15.8828 15.086
      vertex 41.7948 -17.4915 16.3531
    endloop
  endfacet
  facet normal -0.0743558 0.643729 0.761633
    outer loop
      vertex 43.1405 -15.7358 15
      vertex 44.0536 -16.3588 15.6157
      vertex 44.1949 -16.1204 15.428
    endloop
  endfacet
  facet normal -0.074237 0.64378 0.761601
    outer loop
      vertex 42.748 -15.8828 15.086
      vertex 43.1405 -15.7358 15
      vertex 42.8127 -15.7736 15
    endloop
  endfacet
  facet normal -0.0742561 0.643814 0.761571
    outer loop
      vertex 43.1405 -15.7358 15
      vertex 42.748 -15.8828 15.086
      vertex 44.0536 -16.3588 15.6157
    endloop
  endfacet
  facet normal -0.100643 0.603946 0.790645
    outer loop
      vertex 44.1949 -16.1204 15.428
      vertex 44.5411 -15.5024 15
      vertex 43.1405 -15.7358 15
    endloop
  endfacet
  facet normal 0.205211 -0.386249 -0.899278
    outer loop
      vertex 43.8806 -17.5352 15
      vertex 43.8557 -17.5922 15.0188
      vertex 43.8087 -17.5734 15
    endloop
  endfacet
  facet normal 0.0568282 -0.631346 -0.773416
    outer loop
      vertex 42.9551 -19.1248 16.2037
      vertex 43.8087 -17.5734 15
      vertex 43.8557 -17.5922 15.0188
    endloop
  endfacet
  facet normal 0.0561027 -0.631127 -0.773648
    outer loop
      vertex 42.9551 -19.1248 16.2037
      vertex 42.1809 -17.7181 15
      vertex 43.8087 -17.5734 15
    endloop
  endfacet
  facet normal 0.0560778 -0.63112 -0.773656
    outer loop
      vertex 41.6862 -18.5599 15.6509
      vertex 42.9551 -19.1248 16.2037
      vertex 41.9725 -20.2694 17.0662
    endloop
  endfacet
  facet normal 0.056061 -0.631142 -0.773639
    outer loop
      vertex 42.9551 -19.1248 16.2037
      vertex 41.6862 -18.5599 15.6509
      vertex 42.1809 -17.7181 15
    endloop
  endfacet
  facet normal 0.0561008 -0.631117 -0.773656
    outer loop
      vertex 41.6862 -18.5599 15.6509
      vertex 41.9725 -20.2694 17.0662
      vertex 40.7434 -19.6581 16.4784
    endloop
  endfacet
  facet normal 0.056103 -0.631114 -0.773658
    outer loop
      vertex 41.6232 -20.6763 17.3728
      vertex 40.7434 -19.6581 16.4784
      vertex 41.9725 -20.2694 17.0662
    endloop
  endfacet
  facet normal 0.0560791 -0.631127 -0.773649
    outer loop
      vertex 40.7434 -19.6581 16.4784
      vertex 41.6232 -20.6763 17.3728
      vertex 40.3937 -20.0655 16.7854
    endloop
  endfacet
  facet normal 0.310016 -0.256392 -0.915507
    outer loop
      vertex 41.098 -21.5438 17.4379
      vertex 40.3937 -20.0655 16.7854
      vertex 41.6232 -20.6763 17.3728
    endloop
  endfacet
  facet normal 0.309975 -0.256399 -0.915519
    outer loop
      vertex 37.9794 -24.0536 17.0849
      vertex 41.098 -21.5438 17.4379
      vertex 39.1244 -24.8039 17.6827
    endloop
  endfacet
  facet normal 0.309983 -0.25641 -0.915513
    outer loop
      vertex 41.098 -21.5438 17.4379
      vertex 37.9794 -24.0536 17.0849
      vertex 40.3937 -20.0655 16.7854
    endloop
  endfacet
  facet normal 0.30995 -0.256499 -0.915499
    outer loop
      vertex 37.8894 -24.2022 17.096
      vertex 39.1244 -24.8039 17.6827
      vertex 38.7776 -25.3768 17.7258
    endloop
  endfacet
  facet normal 0.310107 -0.256205 -0.915529
    outer loop
      vertex 39.1244 -24.8039 17.6827
      vertex 37.8894 -24.2022 17.096
      vertex 37.9794 -24.0536 17.0849
    endloop
  endfacet
  facet normal 0.309893 -0.256545 -0.915506
    outer loop
      vertex 37.8894 -24.2022 17.096
      vertex 38.7776 -25.3768 17.7258
      vertex 37.6321 -24.6272 17.128
    endloop
  endfacet
  facet normal 0.2703 -0.312971 -0.910487
    outer loop
      vertex 36.4524 -26.4843 17.4162
      vertex 38.7776 -25.3768 17.7258
      vertex 37.562 -27.2904 18.0227
    endloop
  endfacet
  facet normal 0.270316 -0.313009 -0.910469
    outer loop
      vertex 38.7776 -25.3768 17.7258
      vertex 36.4524 -26.4843 17.4162
      vertex 37.6321 -24.6272 17.128
    endloop
  endfacet
  facet normal 0.27026 -0.313021 -0.910482
    outer loop
      vertex 36.1199 -28.8412 18.1278
      vertex 36.4524 -26.4843 17.4162
      vertex 37.562 -27.2904 18.0227
    endloop
  endfacet
  facet normal 0.270333 -0.313025 -0.910459
    outer loop
      vertex 36.4524 -26.4843 17.4162
      vertex 36.1199 -28.8412 18.1278
      vertex 35.0654 -27.9759 17.5172
    endloop
  endfacet
  facet normal 0.270304 -0.313058 -0.910456
    outer loop
      vertex 36.0173 -28.9516 18.1353
      vertex 35.0654 -27.9759 17.5172
      vertex 36.1199 -28.8412 18.1278
    endloop
  endfacet
  facet normal 0.270291 -0.31307 -0.910456
    outer loop
      vertex 35.7152 -29.2764 18.1573
      vertex 35.0654 -27.9759 17.5172
      vertex 36.0173 -28.9516 18.1353
    endloop
  endfacet
  facet normal 0.270378 -0.313022 -0.910447
    outer loop
      vertex 35.0654 -27.9759 17.5172
      vertex 35.7152 -29.2764 18.1573
      vertex 34.6602 -28.4117 17.5467
    endloop
  endfacet
  facet normal 0.2303 0.732974 0.640087
    outer loop
      vertex 35.9305 -29.1466 17.9312
      vertex 34.6602 -28.4117 17.5467
      vertex 35.7152 -29.2764 18.1573
    endloop
  endfacet
  facet normal 0.230212 0.732894 0.64021
    outer loop
      vertex 36.3463 -27.3943 15.7757
      vertex 35.9305 -29.1466 17.9312
      vertex 37.46 -28.2237 16.3247
    endloop
  endfacet
  facet normal 0.230215 0.732893 0.64021
    outer loop
      vertex 35.9305 -29.1466 17.9312
      vertex 36.3463 -27.3943 15.7757
      vertex 34.6602 -28.4117 17.5467
    endloop
  endfacet
  facet normal 0.23017 0.732902 0.640216
    outer loop
      vertex 36.5791 -27.2539 15.5312
      vertex 37.46 -28.2237 16.3247
      vertex 37.6925 -28.0834 16.0805
    endloop
  endfacet
  facet normal 0.23028 0.732937 0.640137
    outer loop
      vertex 37.46 -28.2237 16.3247
      vertex 36.5791 -27.2539 15.5312
      vertex 36.3463 -27.3943 15.7757
    endloop
  endfacet
  facet normal -0.0691929 0.484449 0.872079
    outer loop
      vertex 37.5411 -26.1602 15
      vertex 38.1202 -27.696 15.8991
      vertex 39.5043 -25.8798 15
    endloop
  endfacet
  facet normal -0.0691303 0.484469 0.872073
    outer loop
      vertex 36.9942 -26.8778 15.3553
      vertex 38.1202 -27.696 15.8991
      vertex 37.5411 -26.1602 15
    endloop
  endfacet
  facet normal -0.069046 0.484557 0.872031
    outer loop
      vertex 38.1202 -27.696 15.8991
      vertex 36.9942 -26.8778 15.3553
      vertex 37.6925 -28.0834 16.0805
    endloop
  endfacet
  facet normal -0.0693516 0.484413 0.872086
    outer loop
      vertex 37.6925 -28.0834 16.0805
      vertex 36.9942 -26.8778 15.3553
      vertex 36.5791 -27.2539 15.5312
    endloop
  endfacet
  facet normal 0.165616 -0.351229 -0.921526
    outer loop
      vertex 37.0563 -28.4761 15
      vertex 38.3561 -27.8674 15.0016
      vertex 37.4442 -28.7896 15.1892
    endloop
  endfacet
  facet normal 0.160016 -0.339257 -0.926984
    outer loop
      vertex 38.3561 -27.8674 15.0016
      vertex 37.0563 -28.4761 15
      vertex 38.3604 -27.861 15
    endloop
  endfacet
  facet normal 0.165636 -0.351207 -0.92153
    outer loop
      vertex 36.6678 -29.5748 15.3489
      vertex 37.0563 -28.4761 15
      vertex 37.4442 -28.7896 15.1892
    endloop
  endfacet
  facet normal 0.16562 -0.351203 -0.921535
    outer loop
      vertex 37.0563 -28.4761 15
      vertex 36.6678 -29.5748 15.3489
      vertex 35.9515 -28.9971 15
    endloop
  endfacet
  facet normal -0.12421 -0.621275 -0.773686
    outer loop
      vertex 35.2798 -30.608 16.4014
      vertex 35.9515 -28.9971 15
      vertex 36.6678 -29.5748 15.3489
    endloop
  endfacet
  facet normal -0.124252 -0.621261 -0.77369
    outer loop
      vertex 35.9515 -28.9971 15
      vertex 35.2798 -30.608 16.4014
      vertex 35.349 -28.8766 15
    endloop
  endfacet
  facet normal -0.124219 -0.621234 -0.773717
    outer loop
      vertex 33.0518 -30.5867 16.742
      vertex 35.2798 -30.608 16.4014
      vertex 34.0447 -31.5274 17.3379
    endloop
  endfacet
  facet normal -0.124216 -0.621265 -0.773693
    outer loop
      vertex 35.2798 -30.608 16.4014
      vertex 33.0518 -30.5867 16.742
      vertex 35.349 -28.8766 15
    endloop
  endfacet
  facet normal -0.124315 -0.621295 -0.773652
    outer loop
      vertex 33.6326 -31.8342 17.6505
      vertex 33.0518 -30.5867 16.742
      vertex 34.0447 -31.5274 17.3379
    endloop
  endfacet
  facet normal -0.12416 -0.621261 -0.773705
    outer loop
      vertex 33.0518 -30.5867 16.742
      vertex 33.6326 -31.8342 17.6505
      vertex 32.6391 -30.8939 17.0549
    endloop
  endfacet
  facet normal -0.371999 -0.744312 -0.554632
    outer loop
      vertex 32.6391 -30.8939 17.0549
      vertex 32.384 -32.4302 19.2877
      vertex 31.4327 -31.4698 18.6369
    endloop
  endfacet
  facet normal -0.371964 -0.744325 -0.554637
    outer loop
      vertex 32.384 -32.4302 19.2877
      vertex 32.6391 -30.8939 17.0549
      vertex 33.6326 -31.8342 17.6505
    endloop
  endfacet
  facet normal -0.37193 -0.744333 -0.55465
    outer loop
      vertex 31.4327 -31.4698 18.6369
      vertex 32.2141 -32.5113 19.5106
      vertex 31.2625 -31.551 18.86
    endloop
  endfacet
  facet normal -0.372142 -0.744352 -0.554482
    outer loop
      vertex 32.2141 -32.5113 19.5106
      vertex 31.4327 -31.4698 18.6369
      vertex 32.384 -32.4302 19.2877
    endloop
  endfacet
  facet normal 0.0771375 -0.505637 -0.859291
    outer loop
      vertex 29.8839 -32.7898 19.4653
      vertex 32.2141 -32.5113 19.5106
      vertex 30.5885 -33.972 20.2242
    endloop
  endfacet
  facet normal 0.0770993 -0.505663 -0.859279
    outer loop
      vertex 29.685 -32.9685 19.5526
      vertex 30.5885 -33.972 20.2242
      vertex 30.1769 -34.2261 20.3368
    endloop
  endfacet
  facet normal 0.077144 -0.505697 -0.859255
    outer loop
      vertex 32.2141 -32.5113 19.5106
      vertex 29.8839 -32.7898 19.4653
      vertex 31.2625 -31.551 18.86
    endloop
  endfacet
  facet normal 0.0771331 -0.50564 -0.85929
    outer loop
      vertex 30.5885 -33.972 20.2242
      vertex 29.685 -32.9685 19.5526
      vertex 29.8839 -32.7898 19.4653
    endloop
  endfacet
  facet normal 0.0773871 -0.505569 -0.859309
    outer loop
      vertex 30.1769 -34.2261 20.3368
      vertex 29.561 -33.0451 19.5865
      vertex 29.685 -32.9685 19.5526
    endloop
  endfacet
  facet normal 0.077115 -0.505683 -0.859266
    outer loop
      vertex 30.1769 -34.2261 20.3368
      vertex 29.0484 -33.3615 19.7267
      vertex 29.561 -33.0451 19.5865
    endloop
  endfacet
  facet normal 0.077129 -0.50567 -0.859272
    outer loop
      vertex 26.7196 -36.1533 21.1606
      vertex 29.0484 -33.3615 19.7267
      vertex 30.1769 -34.2261 20.3368
    endloop
  endfacet
  facet normal 0.0771254 -0.505668 -0.859274
    outer loop
      vertex 29.0484 -33.3615 19.7267
      vertex 26.7196 -36.1533 21.1606
      vertex 25.9595 -35.0833 20.4627
    endloop
  endfacet
  facet normal 0.0770679 -0.5057 -0.85926
    outer loop
      vertex 26.0094 -36.5492 21.3299
      vertex 25.9595 -35.0833 20.4627
      vertex 26.7196 -36.1533 21.1606
    endloop
  endfacet
  facet normal 0.0770733 -0.505699 -0.85926
    outer loop
      vertex 25.9595 -35.0833 20.4627
      vertex 26.0094 -36.5492 21.3299
      vertex 25.2483 -35.4797 20.6322
    endloop
  endfacet
  facet normal 0.0376472 -0.527059 -0.848994
    outer loop
      vertex 24.014 -37.5991 21.8932
      vertex 25.2483 -35.4797 20.6322
      vertex 26.0094 -36.5492 21.3299
    endloop
  endfacet
  facet normal 0.0375858 -0.527034 -0.849012
    outer loop
      vertex 25.2483 -35.4797 20.6322
      vertex 24.014 -37.5991 21.8932
      vertex 23.3182 -36.4953 21.1772
    endloop
  endfacet
  facet normal 0.0374846 -0.527082 -0.848987
    outer loop
      vertex 23.7904 -37.7168 21.9564
      vertex 23.3182 -36.4953 21.1772
      vertex 24.014 -37.5991 21.8932
    endloop
  endfacet
  facet normal 0.0376254 -0.52704 -0.849007
    outer loop
      vertex 23.3182 -36.4953 21.1772
      vertex 23.7904 -37.7168 21.9564
      vertex 23.0942 -36.6131 21.2404
    endloop
  endfacet
  facet normal 0.386642 0.661059 0.643047
    outer loop
      vertex 25.0362 -36.2765 19.7267
      vertex 23.7904 -37.7168 21.9564
      vertex 25.8682 -37.3566 20.3368
    endloop
  endfacet
  facet normal 0.386648 0.661055 0.643047
    outer loop
      vertex 23.7904 -37.7168 21.9564
      vertex 25.0362 -36.2765 19.7267
      vertex 23.0942 -36.6131 21.2404
    endloop
  endfacet
  facet normal 0.38663 0.661054 0.643059
    outer loop
      vertex 27.5411 -35.4128 17.3328
      vertex 25.8682 -37.3566 20.3368
      vertex 28.3947 -36.4854 17.9222
    endloop
  endfacet
  facet normal 0.386629 0.661055 0.643059
    outer loop
      vertex 25.8682 -37.3566 20.3368
      vertex 27.5411 -35.4128 17.3328
      vertex 25.0362 -36.2765 19.7267
    endloop
  endfacet
  facet normal 0.386665 0.661072 0.643019
    outer loop
      vertex 27.9409 -35.275 16.9507
      vertex 28.3947 -36.4854 17.9222
      vertex 28.8762 -36.3194 17.462
    endloop
  endfacet
  facet normal 0.386687 0.661071 0.643007
    outer loop
      vertex 28.3947 -36.4854 17.9222
      vertex 27.9409 -35.275 16.9507
      vertex 27.5411 -35.4128 17.3328
    endloop
  endfacet
  facet normal 0.386715 0.661092 0.642969
    outer loop
      vertex 27.9409 -35.275 16.9507
      vertex 28.8762 -36.3194 17.462
      vertex 28.0232 -35.2466 16.872
    endloop
  endfacet
  facet normal 0.103601 0.541288 0.834431
    outer loop
      vertex 31.4959 -33.1248 15.0644
      vertex 31.4542 -34.9334 16.2428
      vertex 32.4687 -34.1217 15.5903
    endloop
  endfacet
  facet normal 0.103616 0.541287 0.83443
    outer loop
      vertex 30.525 -33.9015 15.6888
      vertex 31.4542 -34.9334 16.2428
      vertex 31.4959 -33.1248 15.0644
    endloop
  endfacet
  facet normal 0.103614 0.541285 0.834431
    outer loop
      vertex 30.525 -33.9015 15.6888
      vertex 28.8762 -36.3194 17.462
      vertex 31.4542 -34.9334 16.2428
    endloop
  endfacet
  facet normal 0.10361 0.541287 0.83443
    outer loop
      vertex 28.8762 -36.3194 17.462
      vertex 30.525 -33.9015 15.6888
      vertex 28.0232 -35.2466 16.872
    endloop
  endfacet
  facet normal 0.10364 0.541314 0.834409
    outer loop
      vertex 32.3565 -33.1903 15
      vertex 32.4687 -34.1217 15.5903
      vertex 32.9159 -33.764 15.3027
    endloop
  endfacet
  facet normal 0.10364 0.541333 0.834396
    outer loop
      vertex 31.4959 -33.1248 15.0644
      vertex 32.3565 -33.1903 15
      vertex 31.596 -33.0447 15
    endloop
  endfacet
  facet normal 0.103639 0.541314 0.834409
    outer loop
      vertex 32.3565 -33.1903 15
      vertex 31.4959 -33.1248 15.0644
      vertex 32.4687 -34.1217 15.5903
    endloop
  endfacet
  facet normal 0.0453608 -0.431219 -0.901107
    outer loop
      vertex 31.5418 -35.0307 15.8397
      vertex 32.3565 -33.1903 15
      vertex 32.9159 -33.764 15.3027
    endloop
  endfacet
  facet normal 0.0453591 -0.431218 -0.901107
    outer loop
      vertex 31.5418 -35.0307 15.8397
      vertex 31.3716 -33.2939 15
      vertex 32.3565 -33.1903 15
    endloop
  endfacet
  facet normal 0.0453647 -0.431217 -0.901107
    outer loop
      vertex 31.5418 -35.0307 15.8397
      vertex 30.6101 -33.9959 15.2976
      vertex 31.3716 -33.2939 15
    endloop
  endfacet
  facet normal 0.0453644 -0.431218 -0.901107
    outer loop
      vertex 29.5071 -36.3061 16.3476
      vertex 30.6101 -33.9959 15.2976
      vertex 31.5418 -35.0307 15.8397
    endloop
  endfacet
  facet normal 0.0453998 -0.431231 -0.901099
    outer loop
      vertex 30.6101 -33.9959 15.2976
      vertex 29.5071 -36.3061 16.3476
      vertex 28.6531 -35.2227 15.7861
    endloop
  endfacet
  facet normal 0.0453717 -0.431249 -0.901091
    outer loop
      vertex 28.9348 -36.6649 16.4905
      vertex 28.6531 -35.2227 15.7861
      vertex 29.5071 -36.3061 16.3476
    endloop
  endfacet
  facet normal 0.0452431 -0.431272 -0.901087
    outer loop
      vertex 28.6531 -35.2227 15.7861
      vertex 28.9348 -36.6649 16.4905
      vertex 28.0801 -35.5818 15.9292
    endloop
  endfacet
  facet normal -0.124104 -0.532005 -0.837597
    outer loop
      vertex 28.9348 -36.6649 16.4905
      vertex 27.4895 -35.8962 16.2164
      vertex 28.0801 -35.5818 15.9292
    endloop
  endfacet
  facet normal -0.124118 -0.532027 -0.837581
    outer loop
      vertex 24.5369 -39.0059 18.6292
      vertex 27.4895 -35.8962 16.2164
      vertex 28.9348 -36.6649 16.4905
    endloop
  endfacet
  facet normal -0.124123 -0.532024 -0.837582
    outer loop
      vertex 23.5568 -37.9896 18.1289
      vertex 24.5369 -39.0059 18.6292
      vertex 24.2521 -39.1575 18.7677
    endloop
  endfacet
  facet normal -0.124123 -0.532024 -0.837583
    outer loop
      vertex 24.5369 -39.0059 18.6292
      vertex 23.5568 -37.9896 18.1289
      vertex 27.4895 -35.8962 16.2164
    endloop
  endfacet
  facet normal -0.124111 -0.532019 -0.837587
    outer loop
      vertex 23.5693 -39.5209 19.0997
      vertex 23.5568 -37.9896 18.1289
      vertex 24.2521 -39.1575 18.7677
    endloop
  endfacet
  facet normal -0.12405 -0.532023 -0.837594
    outer loop
      vertex 23.5568 -37.9896 18.1289
      vertex 23.5693 -39.5209 19.0997
      vertex 22.8731 -38.3535 18.4613
    endloop
  endfacet
  facet normal -0.503704 -0.625998 -0.595322
    outer loop
      vertex 21.6679 -38.5872 19.7267
      vertex 19.4641 -39.6014 22.6578
      vertex 18.9109 -38.4435 21.9083
    endloop
  endfacet
  facet normal -0.503718 -0.625982 -0.595328
    outer loop
      vertex 19.4641 -39.6014 22.6578
      vertex 21.6679 -38.5872 19.7267
      vertex 22.3971 -39.7542 20.3368
    endloop
  endfacet
  facet normal -0.503603 -0.625968 -0.595439
    outer loop
      vertex 21.9462 -38.5575 19.4601
      vertex 22.3971 -39.7542 20.3368
      vertex 21.6679 -38.5872 19.7267
    endloop
  endfacet
  facet normal -0.503684 -0.625957 -0.595382
    outer loop
      vertex 22.3971 -39.7542 20.3368
      vertex 21.9462 -38.5575 19.4601
      vertex 22.6502 -39.7273 20.0944
    endloop
  endfacet
  facet normal -0.503783 -0.625966 -0.595289
    outer loop
      vertex 22.243 -38.526 19.1758
      vertex 22.6502 -39.7273 20.0944
      vertex 21.9462 -38.5575 19.4601
    endloop
  endfacet
  facet normal -0.503639 -0.625991 -0.595385
    outer loop
      vertex 22.6502 -39.7273 20.0944
      vertex 22.243 -38.526 19.1758
      vertex 22.92 -39.6986 19.836
    endloop
  endfacet
  facet normal -0.503737 -0.625997 -0.595296
    outer loop
      vertex 22.243 -38.526 19.1758
      vertex 23.5693 -39.5209 19.0997
      vertex 22.92 -39.6986 19.836
    endloop
  endfacet
  facet normal -0.503718 -0.625968 -0.595342
    outer loop
      vertex 23.5693 -39.5209 19.0997
      vertex 22.243 -38.526 19.1758
      vertex 22.8731 -38.3535 18.4613
    endloop
  endfacet
  facet normal -0.503697 -0.625991 -0.595335
    outer loop
      vertex 18.3795 -38.4158 22.3288
      vertex 19.4641 -39.6014 22.6578
      vertex 18.9335 -39.5737 23.0776
    endloop
  endfacet
  facet normal -0.50371 -0.625998 -0.595318
    outer loop
      vertex 19.4641 -39.6014 22.6578
      vertex 18.3795 -38.4158 22.3288
      vertex 18.9109 -38.4435 21.9083
    endloop
  endfacet
  facet normal -0.688006 -0.596484 -0.413346
    outer loop
      vertex 18.9335 -39.5737 23.0776
      vertex 18.1575 -38.3458 22.5973
      vertex 18.3795 -38.4158 22.3288
    endloop
  endfacet
  facet normal -0.68782 -0.596486 -0.413652
    outer loop
      vertex 18.1575 -38.3458 22.5973
      vertex 18.9335 -39.5737 23.0776
      vertex 18.704 -39.5015 23.3551
    endloop
  endfacet
  facet normal -0.68643 -0.596925 -0.415324
    outer loop
      vertex 18.704 -39.5015 23.3551
      vertex 18.1337 -38.3384 22.626
      vertex 18.1575 -38.3458 22.5973
    endloop
  endfacet
  facet normal -0.688515 -0.596322 -0.412731
    outer loop
      vertex 18.1337 -38.3384 22.626
      vertex 18.704 -39.5015 23.3551
      vertex 18.6803 -39.494 23.3838
    endloop
  endfacet
  facet normal -0.0774502 -0.572084 -0.81653
    outer loop
      vertex 16.5734 -40.058 23.9788
      vertex 18.1337 -38.3384 22.626
      vertex 18.6803 -39.494 23.3838
    endloop
  endfacet
  facet normal -0.0774939 -0.572057 -0.816545
    outer loop
      vertex 16.5734 -40.058 23.9788
      vertex 16.0465 -38.8971 23.2155
      vertex 18.1337 -38.3384 22.626
    endloop
  endfacet
  facet normal -0.077463 -0.572048 -0.816554
    outer loop
      vertex 13.3004 -40.9343 24.9032
      vertex 16.0465 -38.8971 23.2155
      vertex 16.5734 -40.058 23.9788
    endloop
  endfacet
  facet normal -0.077469 -0.572043 -0.816557
    outer loop
      vertex 13.3004 -40.9343 24.9032
      vertex 12.9112 -39.7365 24.101
      vertex 16.0465 -38.8971 23.2155
    endloop
  endfacet
  facet normal -0.0774625 -0.572042 -0.816558
    outer loop
      vertex 10.0249 -41.2984 25.469
      vertex 12.9112 -39.7365 24.101
      vertex 13.3004 -40.9343 24.9032
    endloop
  endfacet
  facet normal -0.0774728 -0.572029 -0.816566
    outer loop
      vertex 12.9112 -39.7365 24.101
      vertex 10.0249 -41.2984 25.469
      vertex 9.75937 -40.0869 24.6455
    endloop
  endfacet
  facet normal -0.0774719 -0.572029 -0.816566
    outer loop
      vertex 9.1287 -41.398 25.6238
      vertex 9.75937 -40.0869 24.6455
      vertex 10.0249 -41.2984 25.469
    endloop
  endfacet
  facet normal -0.0774817 -0.572026 -0.816568
    outer loop
      vertex 9.75937 -40.0869 24.6455
      vertex 9.1287 -41.398 25.6238
      vertex 8.86159 -40.1867 24.8006
    endloop
  endfacet
  facet normal 0.10284 -0.543501 -0.833085
    outer loop
      vertex 8.14147 -40.3351 24.8085
      vertex 9.1287 -41.398 25.6238
      vertex 8.33115 -41.5624 25.6326
    endloop
  endfacet
  facet normal 0.102861 -0.543487 -0.833092
    outer loop
      vertex 9.1287 -41.398 25.6238
      vertex 8.14147 -40.3351 24.8085
      vertex 8.86159 -40.1867 24.8006
    endloop
  endfacet
  facet normal 0.102823 -0.543548 -0.833056
    outer loop
      vertex 6.48285 -40.6769 24.8267
      vertex 8.33115 -41.5624 25.6326
      vertex 6.67099 -41.9045 25.6509
    endloop
  endfacet
  facet normal 0.10286 -0.543498 -0.833085
    outer loop
      vertex 8.33115 -41.5624 25.6326
      vertex 6.48285 -40.6769 24.8267
      vertex 8.14147 -40.3351 24.8085
    endloop
  endfacet
  facet normal 0.102908 -0.543542 -0.83305
    outer loop
      vertex 6.25497 -40.7239 24.8292
      vertex 6.67099 -41.9045 25.6509
      vertex 6.44351 -41.9514 25.6534
    endloop
  endfacet
  facet normal 0.102962 -0.543525 -0.833054
    outer loop
      vertex 6.67099 -41.9045 25.6509
      vertex 6.25497 -40.7239 24.8292
      vertex 6.48285 -40.6769 24.8267
    endloop
  endfacet
  facet normal 0.924248 0.300281 0.235789
    outer loop
      vertex 6.82985 -42.4131 24.727
      vertex 6.25497 -40.7239 24.8292
      vertex 6.44351 -41.9514 25.6534
    endloop
  endfacet
  facet normal 0.924243 0.300278 0.235812
    outer loop
      vertex 6.25497 -40.7239 24.8292
      vertex 6.82985 -42.4131 24.727
      vertex 6.62889 -41.1707 23.9326
    endloop
  endfacet
  facet normal 0.924264 0.300251 0.235765
    outer loop
      vertex 6.86564 -42.4559 24.6412
      vertex 6.62889 -41.1707 23.9326
      vertex 6.82985 -42.4131 24.727
    endloop
  endfacet
  facet normal 0.924226 0.300295 0.235857
    outer loop
      vertex 6.62889 -41.1707 23.9326
      vertex 6.86564 -42.4559 24.6412
      vertex 6.66475 -41.2136 23.8467
    endloop
  endfacet
  facet normal 0.947325 0.266649 0.177407
    outer loop
      vertex 8.17464 -44.4879 20.7055
      vertex 6.66475 -41.2136 23.8467
      vertex 6.86564 -42.4559 24.6412
    endloop
  endfacet
  facet normal 0.947324 0.266661 0.177393
    outer loop
      vertex 6.66475 -41.2136 23.8467
      vertex 8.17464 -44.4879 20.7055
      vertex 7.93154 -43.1801 20.0378
    endloop
  endfacet
  facet normal 0.947339 0.26664 0.177345
    outer loop
      vertex 8.17464 -44.4879 20.7055
      vertex 8.03501 -43.3408 19.7267
      vertex 7.93154 -43.1801 20.0378
    endloop
  endfacet
  facet normal 0.947341 0.266637 0.177342
    outer loop
      vertex 8.29725 -44.6783 20.3368
      vertex 8.03501 -43.3408 19.7267
      vertex 8.17464 -44.4879 20.7055
    endloop
  endfacet
  facet normal 0.947395 0.266565 0.177162
    outer loop
      vertex 8.30148 -44.6827 20.3208
      vertex 8.03501 -43.3408 19.7267
      vertex 8.29725 -44.6783 20.3368
    endloop
  endfacet
  facet normal 0.947265 0.266734 0.1776
    outer loop
      vertex 8.03501 -43.3408 19.7267
      vertex 8.30148 -44.6827 20.3208
      vertex 8.05626 -43.3628 19.6464
    endloop
  endfacet
  facet normal 0.17546 0.473638 0.863065
    outer loop
      vertex 14.4164 -42.4739 17.866
      vertex 14.2792 -43.9468 18.7022
      vertex 14.8786 -43.7594 18.4775
    endloop
  endfacet
  facet normal 0.175348 0.473656 0.863078
    outer loop
      vertex 13.8574 -42.6487 18.0755
      vertex 14.2792 -43.9468 18.7022
      vertex 14.4164 -42.4739 17.866
    endloop
  endfacet
  facet normal 0.175383 0.473662 0.863067
    outer loop
      vertex 13.8574 -42.6487 18.0755
      vertex 8.30148 -44.6827 20.3208
      vertex 14.2792 -43.9468 18.7022
    endloop
  endfacet
  facet normal 0.175423 0.47359 0.863099
    outer loop
      vertex 8.30148 -44.6827 20.3208
      vertex 13.8574 -42.6487 18.0755
      vertex 8.05626 -43.3628 19.6464
    endloop
  endfacet
  facet normal 0.175457 0.473601 0.863086
    outer loop
      vertex 15.1537 -42.2434 17.5897
      vertex 14.8786 -43.7594 18.4775
      vertex 15.6149 -43.5292 18.2015
    endloop
  endfacet
  facet normal 0.175374 0.47362 0.863092
    outer loop
      vertex 14.8786 -43.7594 18.4775
      vertex 15.1537 -42.2434 17.5897
      vertex 14.4164 -42.4739 17.866
    endloop
  endfacet
  facet normal -0.138116 0.384708 0.912646
    outer loop
      vertex 19.6023 -40.3125 17.449
      vertex 15.6149 -43.5292 18.2015
      vertex 20.2183 -41.5311 18.0559
    endloop
  endfacet
  facet normal -0.138116 0.384708 0.912646
    outer loop
      vertex 15.6149 -43.5292 18.2015
      vertex 19.6023 -40.3125 17.449
      vertex 15.1537 -42.2434 17.5897
    endloop
  endfacet
  facet normal -0.138216 0.384693 0.912638
    outer loop
      vertex 20.2125 -40.0476 17.4297
      vertex 20.2183 -41.5311 18.0559
      vertex 20.8277 -41.2666 18.0367
    endloop
  endfacet
  facet normal -0.138139 0.384697 0.912648
    outer loop
      vertex 20.2183 -41.5311 18.0559
      vertex 20.2125 -40.0476 17.4297
      vertex 19.6023 -40.3125 17.449
    endloop
  endfacet
  facet normal -0.0142315 0.439979 0.897895
    outer loop
      vertex 24.5437 -37.9375 16.4641
      vertex 23.2811 -40.324 17.6135
      vertex 25.3087 -39.0813 17.0367
    endloop
  endfacet
  facet normal -0.0141959 0.439964 0.897903
    outer loop
      vertex 22.5934 -39.1329 17.019
      vertex 23.2811 -40.324 17.6135
      vertex 24.5437 -37.9375 16.4641
    endloop
  endfacet
  facet normal -0.0141628 0.439979 0.897896
    outer loop
      vertex 22.5934 -39.1329 17.019
      vertex 21.0247 -41.1909 18.0027
      vertex 23.2811 -40.324 17.6135
    endloop
  endfacet
  facet normal -0.0141375 0.439964 0.897904
    outer loop
      vertex 20.35 -39.9948 17.406
      vertex 21.0247 -41.1909 18.0027
      vertex 22.5934 -39.1329 17.019
    endloop
  endfacet
  facet normal -0.0141017 0.43998 0.897897
    outer loop
      vertex 21.0247 -41.1909 18.0027
      vertex 20.35 -39.9948 17.406
      vertex 20.8277 -41.2666 18.0367
    endloop
  endfacet
  facet normal -0.014177 0.439957 0.897907
    outer loop
      vertex 20.8277 -41.2666 18.0367
      vertex 20.35 -39.9948 17.406
      vertex 20.2125 -40.0476 17.4297
    endloop
  endfacet
  facet normal -0.0140857 0.440004 0.897885
    outer loop
      vertex 25.1089 -37.5911 16.3033
      vertex 25.3087 -39.0813 17.0367
      vertex 25.8732 -38.7353 16.876
    endloop
  endfacet
  facet normal -0.0142106 0.43999 0.89789
    outer loop
      vertex 25.3087 -39.0813 17.0367
      vertex 25.1089 -37.5911 16.3033
      vertex 24.5437 -37.9375 16.4641
    endloop
  endfacet
  facet normal 0.152192 -0.359221 -0.92076
    outer loop
      vertex 22.6691 -39.2641 16.5527
      vertex 25.8732 -38.7353 16.876
      vertex 23.3591 -40.4592 17.133
    endloop
  endfacet
  facet normal 0.15219 -0.359206 -0.920766
    outer loop
      vertex 25.8732 -38.7353 16.876
      vertex 22.6691 -39.2641 16.5527
      vertex 25.1089 -37.5911 16.3033
    endloop
  endfacet
  facet normal 0.152202 -0.359215 -0.92076
    outer loop
      vertex 20.3661 -41.784 17.1551
      vertex 22.6691 -39.2641 16.5527
      vertex 23.3591 -40.4592 17.133
    endloop
  endfacet
  facet normal 0.152181 -0.359199 -0.92077
    outer loop
      vertex 20.3661 -41.784 17.1551
      vertex 19.7039 -40.5765 16.5746
      vertex 22.6691 -39.2641 16.5527
    endloop
  endfacet
  facet normal 0.152164 -0.359208 -0.920769
    outer loop
      vertex 18.6077 -42.5622 17.1681
      vertex 19.7039 -40.5765 16.5746
      vertex 20.3661 -41.784 17.1551
    endloop
  endfacet
  facet normal 0.152207 -0.359227 -0.920754
    outer loop
      vertex 19.7039 -40.5765 16.5746
      vertex 18.6077 -42.5622 17.1681
      vertex 18.091 -41.2904 16.5865
    endloop
  endfacet
  facet normal 0.152223 -0.359233 -0.92075
    outer loop
      vertex 17.0203 -41.7644 16.5944
      vertex 18.6077 -42.5622 17.1681
      vertex 17.5383 -43.0356 17.176
    endloop
  endfacet
  facet normal 0.152232 -0.359217 -0.920754
    outer loop
      vertex 18.6077 -42.5622 17.1681
      vertex 17.0203 -41.7644 16.5944
      vertex 18.091 -41.2904 16.5865
    endloop
  endfacet
  facet normal 0.458187 0.517395 0.722749
    outer loop
      vertex 19.127 -41.4023 15
      vertex 19.3263 -42.7202 15.8171
      vertex 19.7146 -42.6517 15.5219
    endloop
  endfacet
  facet normal 0.456699 0.52029 0.721612
    outer loop
      vertex 18.7171 -41.4651 15.3047
      vertex 19.127 -41.4023 15
      vertex 19.118 -41.3944 15
    endloop
  endfacet
  facet normal 0.45804 0.51742 0.722825
    outer loop
      vertex 19.127 -41.4023 15
      vertex 18.7171 -41.4651 15.3047
      vertex 19.3263 -42.7202 15.8171
    endloop
  endfacet
  facet normal 0.458067 0.517424 0.722805
    outer loop
      vertex 18.7171 -41.4651 15.3047
      vertex 17.5383 -43.0356 17.176
      vertex 19.3263 -42.7202 15.8171
    endloop
  endfacet
  facet normal 0.458125 0.517377 0.722802
    outer loop
      vertex 17.5383 -43.0356 17.176
      vertex 18.7171 -41.4651 15.3047
      vertex 17.0203 -41.7644 16.5944
    endloop
  endfacet
  facet normal 0.458196 0.517329 0.722791
    outer loop
      vertex 19.6973 -41.9072 15
      vertex 19.7146 -42.6517 15.5219
      vertex 20.0217 -42.5976 15.2885
    endloop
  endfacet
  facet normal 0.458042 0.517372 0.722858
    outer loop
      vertex 19.7146 -42.6517 15.5219
      vertex 19.6973 -41.9072 15
      vertex 19.127 -41.4023 15
    endloop
  endfacet
  facet normal 0.0380265 0.400444 0.915532
    outer loop
      vertex 20.0217 -42.5976 15.2885
      vertex 21.4317 -42.0719 15
      vertex 19.6973 -41.9072 15
    endloop
  endfacet
  facet normal -0.298648 -0.459524 -0.836449
    outer loop
      vertex 14.4713 -44.538 16.7889
      vertex 16.4632 -42.5763 15
      vertex 18.0225 -43.5897 15
    endloop
  endfacet
  facet normal -0.298611 -0.459508 -0.836471
    outer loop
      vertex 14.0438 -43.2224 16.2188
      vertex 14.4713 -44.538 16.7889
      vertex 14.3264 -44.5496 16.847
    endloop
  endfacet
  facet normal -0.298658 -0.459514 -0.836451
    outer loop
      vertex 14.4713 -44.538 16.7889
      vertex 14.0438 -43.2224 16.2188
      vertex 16.4632 -42.5763 15
    endloop
  endfacet
  facet normal -0.298722 -0.459512 -0.836429
    outer loop
      vertex 14.0438 -43.2224 16.2188
      vertex 14.3264 -44.5496 16.847
      vertex 13.9232 -43.2321 16.2672
    endloop
  endfacet
  facet normal -0.298737 -0.459513 -0.836423
    outer loop
      vertex 13.6773 -44.6016 17.1074
      vertex 13.9232 -43.2321 16.2672
      vertex 14.3264 -44.5496 16.847
    endloop
  endfacet
  facet normal -0.298632 -0.459545 -0.836444
    outer loop
      vertex 13.9232 -43.2321 16.2672
      vertex 13.6773 -44.6016 17.1074
      vertex 13.2733 -43.2841 16.5278
    endloop
  endfacet
  facet normal -0.146045 -0.435542 -0.888242
    outer loop
      vertex 7.03127 -45.5066 18.6439
      vertex 13.2733 -43.2841 16.5278
      vertex 13.6773 -44.6016 17.1074
    endloop
  endfacet
  facet normal -0.14605 -0.435531 -0.888247
    outer loop
      vertex 13.2733 -43.2841 16.5278
      vertex 7.03127 -45.5066 18.6439
      vertex 6.85241 -44.1585 18.0123
    endloop
  endfacet
  facet normal -0.146127 -0.435531 -0.888234
    outer loop
      vertex 6.27554 -44.237 18.1457
      vertex 7.03127 -45.5066 18.6439
      vertex 6.37807 -45.5956 18.795
    endloop
  endfacet
  facet normal -0.146134 -0.435535 -0.888231
    outer loop
      vertex 7.03127 -45.5066 18.6439
      vertex 6.27554 -44.237 18.1457
      vertex 6.85241 -44.1585 18.0123
    endloop
  endfacet
  facet normal -0.145915 -0.435498 -0.888285
    outer loop
      vertex 5.9166 -44.2859 18.2287
      vertex 6.37807 -45.5956 18.795
      vertex 6.09668 -45.6339 18.86
    endloop
  endfacet
  facet normal -0.14606 -0.435531 -0.888245
    outer loop
      vertex 6.37807 -45.5956 18.795
      vertex 5.9166 -44.2859 18.2287
      vertex 6.27554 -44.237 18.1457
    endloop
  endfacet
  facet normal 0.75947 -0.189932 -0.622199
    outer loop
      vertex 6.09668 -45.6339 18.86
      vertex 4.72471 -44.9527 16.9774
      vertex 5.9166 -44.2859 18.2287
    endloop
  endfacet
  facet normal 0.759469 -0.189935 -0.622199
    outer loop
      vertex 4.86852 -46.3209 17.5706
      vertex 4.72471 -44.9527 16.9774
      vertex 6.09668 -45.6339 18.86
    endloop
  endfacet
  facet normal 0.759465 -0.189937 -0.622203
    outer loop
      vertex 4.25951 -46.5396 16.894
      vertex 4.72471 -44.9527 16.9774
      vertex 4.86852 -46.3209 17.5706
    endloop
  endfacet
  facet normal 0.759453 -0.189933 -0.622219
    outer loop
      vertex 4.72471 -44.9527 16.9774
      vertex 4.25951 -46.5396 16.894
      vertex 4.141 -45.1622 16.3289
    endloop
  endfacet
  facet normal 0.759443 -0.189938 -0.62223
    outer loop
      vertex 4.02144 -46.625 16.6295
      vertex 4.141 -45.1622 16.3289
      vertex 4.25951 -46.5396 16.894
    endloop
  endfacet
  facet normal 0.759478 -0.189932 -0.622189
    outer loop
      vertex 4.141 -45.1622 16.3289
      vertex 4.02144 -46.625 16.6295
      vertex 3.90266 -45.2478 16.0641
    endloop
  endfacet
  facet normal 0.377502 -0.323634 -0.867613
    outer loop
      vertex 4.02144 -46.625 16.6295
      vertex 1.1623 -45.5916 15
      vertex 3.90266 -45.2478 16.0641
    endloop
  endfacet
  facet normal 0.377503 -0.323633 -0.867613
    outer loop
      vertex 1.1623 -45.5916 15
      vertex 4.02144 -46.625 16.6295
      vertex -0.175088 -47.1516 15
    endloop
  endfacet
  facet normal -0.306816 0.350793 0.884764
    outer loop
      vertex -1.62313 -45.5916 15
      vertex -0.100559 -46.8232 16.0163
      vertex -0.118204 -45.4421 15.4626
    endloop
  endfacet
  facet normal -0.306838 0.350767 0.884767
    outer loop
      vertex -0.100559 -46.8232 16.0163
      vertex -1.62313 -45.5916 15
      vertex -3.40647 -47.1516 15
    endloop
  endfacet
  facet normal -0.306831 0.350828 0.884745
    outer loop
      vertex -0.118204 -45.4421 15.4626
      vertex 0.571358 -46.7564 16.2229
      vertex 0.55448 -45.3753 15.6694
    endloop
  endfacet
  facet normal -0.306911 0.350781 0.884736
    outer loop
      vertex 0.571358 -46.7564 16.2229
      vertex -0.118204 -45.4421 15.4626
      vertex -0.100559 -46.8232 16.0163
    endloop
  endfacet
  facet normal -0.929081 0.127734 0.34712
    outer loop
      vertex 2.25069 -44.0642 19.7267
      vertex 2.7445 -44.852 21.3383
      vertex 2.65459 -43.5518 20.6192
    endloop
  endfacet
  facet normal -0.929075 0.127763 0.347126
    outer loop
      vertex 0.571358 -46.7564 16.2229
      vertex 2.25069 -44.0642 19.7267
      vertex 0.55448 -45.3753 15.6694
    endloop
  endfacet
  facet normal -0.929081 0.127734 0.34712
    outer loop
      vertex 2.25069 -44.0642 19.7267
      vertex 2.29127 -45.427 20.3368
      vertex 2.7445 -44.852 21.3383
    endloop
  endfacet
  facet normal -0.929072 0.127743 0.34714
    outer loop
      vertex 2.25069 -44.0642 19.7267
      vertex 0.571358 -46.7564 16.2229
      vertex 2.29127 -45.427 20.3368
    endloop
  endfacet
  facet normal -0.929067 0.127761 0.347148
    outer loop
      vertex 2.65459 -43.5518 20.6192
      vertex 3.05665 -44.456 22.028
      vertex 2.96721 -43.1552 21.3099
    endloop
  endfacet
  facet normal -0.929072 0.127746 0.34714
    outer loop
      vertex 3.05665 -44.456 22.028
      vertex 2.65459 -43.5518 20.6192
      vertex 2.7445 -44.852 21.3383
    endloop
  endfacet
  facet normal -0.810937 -0.324539 -0.486884
    outer loop
      vertex 2.96721 -43.1552 21.3099
      vertex 2.63923 -44.1673 22.5308
      vertex 2.5634 -42.8759 21.7963
    endloop
  endfacet
  facet normal -0.810935 -0.32454 -0.486885
    outer loop
      vertex 2.63923 -44.1673 22.5308
      vertex 2.96721 -43.1552 21.3099
      vertex 3.05665 -44.456 22.028
    endloop
  endfacet
  facet normal -0.810985 -0.324512 -0.486821
    outer loop
      vertex 2.5634 -42.8759 21.7963
      vertex 2.594 -44.136 22.5853
      vertex 2.5181 -42.8446 21.8509
    endloop
  endfacet
  facet normal -0.811047 -0.324468 -0.486748
    outer loop
      vertex 2.594 -44.136 22.5853
      vertex 2.5634 -42.8759 21.7963
      vertex 2.63923 -44.1673 22.5308
    endloop
  endfacet
  facet normal 0.491982 -0.408346 -0.7689
    outer loop
      vertex 2.594 -44.136 22.5853
      vertex -1.814 -44.0642 19.7267
      vertex 2.5181 -42.8446 21.8509
    endloop
  endfacet
  facet normal 0.491987 -0.408327 -0.768907
    outer loop
      vertex -1.99156 -45.427 20.3368
      vertex -1.814 -44.0642 19.7267
      vertex 2.594 -44.136 22.5853
    endloop
  endfacet
  facet normal 0.491973 -0.408328 -0.768915
    outer loop
      vertex -1.99156 -45.427 20.3368
      vertex -3.09287 -44.2899 19.0283
      vertex -1.814 -44.0642 19.7267
    endloop
  endfacet
  facet normal 0.491996 -0.408304 -0.768913
    outer loop
      vertex -3.09287 -44.2899 19.0283
      vertex -1.99156 -45.427 20.3368
      vertex -3.20652 -45.6415 19.6733
    endloop
  endfacet
  facet normal 0.49194 -0.408314 -0.768944
    outer loop
      vertex -3.20652 -45.6415 19.6733
      vertex -3.70655 -44.3982 18.6932
      vertex -3.09287 -44.2899 19.0283
    endloop
  endfacet
  facet normal 0.491964 -0.408299 -0.768937
    outer loop
      vertex -3.70655 -44.3982 18.6932
      vertex -3.20652 -45.6415 19.6733
      vertex -3.81937 -45.7496 19.3386
    endloop
  endfacet
  facet normal 0.872013 -0.268315 -0.40939
    outer loop
      vertex -4.87128 -46.3471 17.4896
      vertex -3.70655 -44.3982 18.6932
      vertex -3.81937 -45.7496 19.3386
    endloop
  endfacet
  facet normal 0.872022 -0.268343 -0.409352
    outer loop
      vertex -3.70655 -44.3982 18.6932
      vertex -4.87128 -46.3471 17.4896
      vertex -4.72739 -44.9781 16.8987
    endloop
  endfacet
  facet normal 0.872019 -0.268345 -0.409357
    outer loop
      vertex -5.15366 -46.4611 16.9628
      vertex -4.72739 -44.9781 16.8987
      vertex -4.87128 -46.3471 17.4896
    endloop
  endfacet
  facet normal 0.872008 -0.268343 -0.409383
    outer loop
      vertex -4.72739 -44.9781 16.8987
      vertex -5.15366 -46.4611 16.9628
      vertex -4.99639 -45.0867 16.3969
    endloop
  endfacet
  facet normal 0.872013 -0.26834 -0.409373
    outer loop
      vertex -5.31781 -46.5274 16.6566
      vertex -4.99639 -45.0867 16.3969
      vertex -5.15366 -46.4611 16.9628
    endloop
  endfacet
  facet normal 0.872011 -0.26834 -0.409378
    outer loop
      vertex -4.99639 -45.0867 16.3969
      vertex -5.31781 -46.5274 16.6566
      vertex -5.16073 -45.153 16.0903
    endloop
  endfacet
  facet normal 0.1698 -0.391959 -0.904177
    outer loop
      vertex -5.31781 -46.5274 16.6566
      vertex -8.8292 -44.67 15.192
      vertex -5.16073 -45.153 16.0903
    endloop
  endfacet
  facet normal 0.169796 -0.391965 -0.904175
    outer loop
      vertex -8.8292 -44.67 15.192
      vertex -5.31781 -46.5274 16.6566
      vertex -9.11537 -46.0274 15.7267
    endloop
  endfacet
  facet normal 0.169686 -0.391952 -0.904201
    outer loop
      vertex -9.11537 -46.0274 15.7267
      vertex -9.38201 -44.5972 15.0567
      vertex -8.8292 -44.67 15.192
    endloop
  endfacet
  facet normal 0.169779 -0.391931 -0.904193
    outer loop
      vertex -9.38201 -44.5972 15.0567
      vertex -9.11537 -46.0274 15.7267
      vertex -9.66758 -45.9547 15.5915
    endloop
  endfacet
  facet normal -0.787239 0.362222 0.499048
    outer loop
      vertex -9.57465 -45.9316 15.7213
      vertex -7.3566 -44.0931 17.8858
      vertex -9.14773 -44.5389 15.3839
    endloop
  endfacet
  facet normal -0.787201 0.362227 0.499106
    outer loop
      vertex -9.66758 -45.9547 15.5915
      vertex -9.14773 -44.5389 15.3839
      vertex -9.38201 -44.5972 15.0567
    endloop
  endfacet
  facet normal -0.787239 0.362217 0.499053
    outer loop
      vertex -7.3566 -44.0931 17.8858
      vertex -9.57465 -45.9316 15.7213
      vertex -7.57023 -45.4327 18.5211
    endloop
  endfacet
  facet normal -0.78719 0.362226 0.499123
    outer loop
      vertex -9.14773 -44.5389 15.3839
      vertex -9.66758 -45.9547 15.5915
      vertex -9.57465 -45.9316 15.7213
    endloop
  endfacet
  facet normal -0.787211 0.362229 0.499088
    outer loop
      vertex -7.57023 -45.4327 18.5211
      vertex -7.03263 -44.0125 18.3383
      vertex -7.3566 -44.0931 17.8858
    endloop
  endfacet
  facet normal -0.787248 0.362235 0.499026
    outer loop
      vertex -7.03263 -44.0125 18.3383
      vertex -7.57023 -45.4327 18.5211
      vertex -7.24669 -45.3521 18.973
    endloop
  endfacet
  facet normal -0.0303356 -0.424011 -0.905149
    outer loop
      vertex -7.24669 -45.3521 18.973
      vertex -11.3051 -43.1851 18.0939
      vertex -7.03263 -44.0125 18.3383
    endloop
  endfacet
  facet normal -0.0303176 -0.423982 -0.905163
    outer loop
      vertex -11.3051 -43.1851 18.0939
      vertex -7.24669 -45.3521 18.973
      vertex -11.667 -44.4961 18.7201
    endloop
  endfacet
  facet normal -0.030336 -0.423978 -0.905164
    outer loop
      vertex -11.667 -44.4961 18.7201
      vertex -11.8665 -43.0764 18.0618
      vertex -11.3051 -43.1851 18.0939
    endloop
  endfacet
  facet normal -0.0302973 -0.423974 -0.905167
    outer loop
      vertex -11.8665 -43.0764 18.0618
      vertex -11.667 -44.4961 18.7201
      vertex -12.2277 -44.3875 18.688
    endloop
  endfacet
  facet normal -0.350219 -0.323376 -0.879076
    outer loop
      vertex -14.2234 -43.7751 19.2578
      vertex -11.8665 -43.0764 18.0618
      vertex -12.2277 -44.3875 18.688
    endloop
  endfacet
  facet normal -0.350193 -0.323441 -0.879062
    outer loop
      vertex -11.8665 -43.0764 18.0618
      vertex -14.2234 -43.7751 19.2578
      vertex -13.8033 -42.4821 18.6147
    endloop
  endfacet
  facet normal -0.350126 -0.32347 -0.879078
    outer loop
      vertex -14.5951 -43.5823 19.3349
      vertex -13.8033 -42.4821 18.6147
      vertex -14.2234 -43.7751 19.2578
    endloop
  endfacet
  facet normal -0.350189 -0.323421 -0.879071
    outer loop
      vertex -13.8033 -42.4821 18.6147
      vertex -14.5951 -43.5823 19.3349
      vertex -14.1551 -42.2996 18.6877
    endloop
  endfacet
  facet normal -0.35021 -0.323411 -0.879067
    outer loop
      vertex -14.8837 -43.4326 19.3948
      vertex -14.1551 -42.2996 18.6877
      vertex -14.5951 -43.5823 19.3349
    endloop
  endfacet
  facet normal -0.350241 -0.323389 -0.879062
    outer loop
      vertex -14.1551 -42.2996 18.6877
      vertex -14.8837 -43.4326 19.3948
      vertex -14.4441 -42.1497 18.7477
    endloop
  endfacet
  facet normal -4.40853e-06 0.450363 0.892846
    outer loop
      vertex -13.7771 -42.4017 18.8748
      vertex -7.63647 -44.8875 20.1287
      vertex -7.4109 -43.5616 19.4599
    endloop
  endfacet
  facet normal -2.74196e-06 0.450366 0.892844
    outer loop
      vertex -13.7771 -42.4017 18.8748
      vertex -14.1965 -43.6923 19.5258
      vertex -7.63647 -44.8875 20.1287
    endloop
  endfacet
  facet normal 1.16494e-05 0.450353 0.89285
    outer loop
      vertex -14.8837 -43.4326 19.3948
      vertex -13.7771 -42.4017 18.8748
      vertex -14.4441 -42.1497 18.7477
    endloop
  endfacet
  facet normal -3.49671e-06 0.450366 0.892844
    outer loop
      vertex -13.7771 -42.4017 18.8748
      vertex -14.8837 -43.4326 19.3948
      vertex -14.1965 -43.6923 19.5258
    endloop
  endfacet
  facet normal -0.433574 0.463511 0.772769
    outer loop
      vertex -4.55793 -43.3658 20.9431
      vertex -2.44675 -44.1342 22.5885
      vertex -2.39419 -42.8473 21.8461
    endloop
  endfacet
  facet normal -0.433568 0.46352 0.772766
    outer loop
      vertex -4.55793 -43.3658 20.9431
      vertex -4.69532 -44.673 21.6501
      vertex -2.44675 -44.1342 22.5885
    endloop
  endfacet
  facet normal -0.433565 0.463521 0.772768
    outer loop
      vertex -6.94654 -43.5721 19.7267
      vertex -4.69532 -44.673 21.6501
      vertex -4.55793 -43.3658 20.9431
    endloop
  endfacet
  facet normal -0.433556 0.463535 0.772764
    outer loop
      vertex -6.94654 -43.5721 19.7267
      vertex -7.27423 -44.8957 20.3368
      vertex -4.69532 -44.673 21.6501
    endloop
  endfacet
  facet normal -0.433524 0.463536 0.772782
    outer loop
      vertex -7.4109 -43.5616 19.4599
      vertex -7.27423 -44.8957 20.3368
      vertex -6.94654 -43.5721 19.7267
    endloop
  endfacet
  facet normal -0.433467 0.463555 0.772802
    outer loop
      vertex -7.27423 -44.8957 20.3368
      vertex -7.4109 -43.5616 19.4599
      vertex -7.63647 -44.8875 20.1287
    endloop
  endfacet
  facet normal -0.433557 0.463525 0.77277
    outer loop
      vertex -2.39419 -42.8473 21.8461
      vertex -1.82924 -43.9862 22.8462
      vertex -1.77571 -42.6991 22.1042
    endloop
  endfacet
  facet normal -0.433582 0.463509 0.772765
    outer loop
      vertex -1.82924 -43.9862 22.8462
      vertex -2.39419 -42.8473 21.8461
      vertex -2.44675 -44.1342 22.5885
    endloop
  endfacet
  facet normal -0.929487 0.212474 0.30151
    outer loop
      vertex -1.82924 -43.9862 22.8462
      vertex -0.468494 -41.0518 24.9732
      vertex -1.77571 -42.6991 22.1042
    endloop
  endfacet
  facet normal -0.929487 0.212471 0.301514
    outer loop
      vertex -0.468494 -41.0518 24.9732
      vertex -1.82924 -43.9862 22.8462
      vertex -0.478136 -42.2836 25.8115
    endloop
  endfacet
  facet normal -0.929466 0.2125 0.301558
    outer loop
      vertex -0.478136 -42.2836 25.8115
      vertex -0.328122 -40.8749 25.2812
      vertex -0.468494 -41.0518 24.9732
    endloop
  endfacet
  facet normal -0.929481 0.212487 0.30152
    outer loop
      vertex -0.328122 -40.8749 25.2812
      vertex -0.478136 -42.2836 25.8115
      vertex -0.338012 -42.107 26.119
    endloop
  endfacet
  facet normal -0.811028 -0.324483 -0.48677
    outer loop
      vertex -0.338012 -42.107 26.119
      vertex -2.80634 -39.1603 28.2673
      vertex -0.328122 -40.8749 25.2812
    endloop
  endfacet
  facet normal -0.81103 -0.324491 -0.486761
    outer loop
      vertex -2.80634 -39.1603 28.2673
      vertex -0.338012 -42.107 26.119
      vertex -2.89835 -40.3356 29.2041
    endloop
  endfacet
  facet normal -0.811104 -0.324409 -0.486692
    outer loop
      vertex -3.00571 -39.0224 28.5076
      vertex -3.12761 -40.1586 29.4681
      vertex -3.03685 -38.9933 28.5401
    endloop
  endfacet
  facet normal -0.811066 -0.324458 -0.486723
    outer loop
      vertex -2.89835 -40.3356 29.2041
      vertex -3.00571 -39.0224 28.5076
      vertex -2.80634 -39.1603 28.2673
    endloop
  endfacet
  facet normal -0.811032 -0.324479 -0.486765
    outer loop
      vertex -3.00571 -39.0224 28.5076
      vertex -3.05203 -40.2293 29.3893
      vertex -3.12761 -40.1586 29.4681
    endloop
  endfacet
  facet normal -0.811036 -0.324476 -0.486761
    outer loop
      vertex -3.00571 -39.0224 28.5076
      vertex -2.89835 -40.3356 29.2041
      vertex -3.05203 -40.2293 29.3893
    endloop
  endfacet
  facet normal -0.961871 0.212262 0.17248
    outer loop
      vertex -3.03685 -38.9933 28.5401
      vertex -1.4654 -36.2097 33.878
      vertex -1.42699 -35.1687 32.8111
    endloop
  endfacet
  facet normal -0.96187 0.212269 0.172476
    outer loop
      vertex -1.4654 -36.2097 33.878
      vertex -3.03685 -38.9933 28.5401
      vertex -3.12761 -40.1586 29.4681
    endloop
  endfacet
  facet normal -0.961872 0.212258 0.172476
    outer loop
      vertex -1.4654 -36.2097 33.878
      vertex -1.29533 -34.8559 33.1604
      vertex -1.42699 -35.1687 32.8111
    endloop
  endfacet
  facet normal -0.961874 0.212256 0.172472
    outer loop
      vertex -1.29533 -34.8559 33.1604
      vertex -1.4654 -36.2097 33.878
      vertex -1.33404 -35.8976 34.2265
    endloop
  endfacet
  facet normal 0.690297 -0.529868 -0.492676
    outer loop
      vertex -3.94863 -37.5687 32.3604
      vertex -1.29533 -34.8559 33.1604
      vertex -1.33404 -35.8976 34.2265
    endloop
  endfacet
  facet normal 0.690301 -0.529875 -0.492663
    outer loop
      vertex -1.29533 -34.8559 33.1604
      vertex -3.94863 -37.5687 32.3604
      vertex -3.83405 -36.4785 31.3484
    endloop
  endfacet
  facet normal 0.690303 -0.529874 -0.492662
    outer loop
      vertex -4.33696 -37.7781 32.0415
      vertex -3.83405 -36.4785 31.3484
      vertex -3.94863 -37.5687 32.3604
    endloop
  endfacet
  facet normal 0.690266 -0.529882 -0.492704
    outer loop
      vertex -3.83405 -36.4785 31.3484
      vertex -4.33696 -37.7781 32.0415
      vertex -4.20478 -36.6784 31.044
    endloop
  endfacet
  facet normal 0.690366 -0.529824 -0.492626
    outer loop
      vertex -4.54002 -37.8876 31.8747
      vertex -4.20478 -36.6784 31.044
      vertex -4.33696 -37.7781 32.0415
    endloop
  endfacet
  facet normal 0.690381 -0.529818 -0.492612
    outer loop
      vertex -4.20478 -36.6784 31.044
      vertex -4.54002 -37.8876 31.8747
      vertex -4.40827 -36.7881 30.8768
    endloop
  endfacet
  facet normal 0.856894 -0.398958 -0.326444
    outer loop
      vertex -5.33354 -38.708 30.7944
      vertex -4.40827 -36.7881 30.8768
      vertex -4.54002 -37.8876 31.8747
    endloop
  endfacet
  facet normal 0.856889 -0.398955 -0.32646
    outer loop
      vertex -4.40827 -36.7881 30.8768
      vertex -5.33354 -38.708 30.7944
      vertex -5.16002 -37.5653 29.8534
    endloop
  endfacet
  facet normal 0.856885 -0.398959 -0.326465
    outer loop
      vertex -6.36561 -39.7749 29.3893
      vertex -5.16002 -37.5653 29.8534
      vertex -5.33354 -38.708 30.7944
    endloop
  endfacet
  facet normal 0.856898 -0.398978 -0.326408
    outer loop
      vertex -5.16002 -37.5653 29.8534
      vertex -6.36561 -39.7749 29.3893
      vertex -6.14851 -38.5873 28.5076
    endloop
  endfacet
  facet normal 0.856891 -0.398985 -0.326419
    outer loop
      vertex -8.92682 -41.7559 25.0872
      vertex -6.14851 -38.5873 28.5076
      vertex -6.36561 -39.7749 29.3893
    endloop
  endfacet
  facet normal 0.856892 -0.398969 -0.326435
    outer loop
      vertex -6.14851 -38.5873 28.5076
      vertex -8.92682 -41.7559 25.0872
      vertex -8.60157 -40.4846 24.3872
    endloop
  endfacet
  facet normal 0.856871 -0.398984 -0.326473
    outer loop
      vertex -9.26145 -42.0147 24.5252
      vertex -8.60157 -40.4846 24.3872
      vertex -8.92682 -41.7559 25.0872
    endloop
  endfacet
  facet normal 0.856888 -0.398987 -0.326422
    outer loop
      vertex -8.60157 -40.4846 24.3872
      vertex -9.26145 -42.0147 24.5252
      vertex -8.97986 -40.7772 23.7518
    endloop
  endfacet
  facet normal 0.856895 -0.398982 -0.326412
    outer loop
      vertex -9.60422 -42.2798 23.9494
      vertex -8.97986 -40.7772 23.7518
      vertex -9.26145 -42.0147 24.5252
    endloop
  endfacet
  facet normal 0.856881 -0.398981 -0.32645
    outer loop
      vertex -8.97986 -40.7772 23.7518
      vertex -9.60422 -42.2798 23.9494
      vertex -9.32319 -41.0427 23.1751
    endloop
  endfacet
  facet normal 0.237244 -0.553554 -0.798307
    outer loop
      vertex -9.60422 -42.2798 23.9494
      vertex -10.2426 -41.0178 22.8846
      vertex -9.32319 -41.0427 23.1751
    endloop
  endfacet
  facet normal 0.237226 -0.553563 -0.798306
    outer loop
      vertex -10.4673 -42.2564 23.6767
      vertex -10.2426 -41.0178 22.8846
      vertex -9.60422 -42.2798 23.9494
    endloop
  endfacet
  facet normal 0.237184 -0.553563 -0.798318
    outer loop
      vertex -10.4673 -42.2564 23.6767
      vertex -13.3005 -40.9349 21.9186
      vertex -10.2426 -41.0178 22.8846
    endloop
  endfacet
  facet normal 0.237204 -0.553537 -0.79833
    outer loop
      vertex -13.7015 -42.1688 22.655
      vertex -13.3005 -40.9349 21.9186
      vertex -10.4673 -42.2564 23.6767
    endloop
  endfacet
  facet normal 0.237182 -0.553535 -0.798338
    outer loop
      vertex -13.7015 -42.1688 22.655
      vertex -14.7565 -40.6728 21.3043
      vertex -13.3005 -40.9349 21.9186
    endloop
  endfacet
  facet normal 0.237203 -0.553522 -0.798341
    outer loop
      vertex -15.2413 -41.8916 22.0053
      vertex -14.7565 -40.6728 21.3043
      vertex -13.7015 -42.1688 22.655
    endloop
  endfacet
  facet normal 0.237204 -0.553522 -0.79834
    outer loop
      vertex -15.2413 -41.8916 22.0053
      vertex -16.4757 -40.3633 20.5789
      vertex -14.7565 -40.6728 21.3043
    endloop
  endfacet
  facet normal 0.237193 -0.55353 -0.798339
    outer loop
      vertex -16.4757 -40.3633 20.5789
      vertex -15.2413 -41.8916 22.0053
      vertex -16.9949 -41.5759 21.2654
    endloop
  endfacet
  facet normal 0.23717 -0.553525 -0.798348
    outer loop
      vertex -16.9949 -41.5759 21.2654
      vertex -17.191 -40.2345 20.2771
      vertex -16.4757 -40.3633 20.5789
    endloop
  endfacet
  facet normal 0.237209 -0.553516 -0.798343
    outer loop
      vertex -17.191 -40.2345 20.2771
      vertex -16.9949 -41.5759 21.2654
      vertex -17.7092 -41.4473 20.964
    endloop
  endfacet
  facet normal 0.93611 -0.327826 0.12739
    outer loop
      vertex -17.7092 -41.4473 20.964
      vertex -17.231 -40.5626 19.7267
      vertex -17.191 -40.2345 20.2771
    endloop
  endfacet
  facet normal 0.936107 -0.327839 0.12738
    outer loop
      vertex -17.7548 -41.8212 20.3368
      vertex -17.231 -40.5626 19.7267
      vertex -17.7092 -41.4473 20.964
    endloop
  endfacet
  facet normal 0.936105 -0.32786 0.127336
    outer loop
      vertex -17.7408 -42.2984 19.0052
      vertex -17.231 -40.5626 19.7267
      vertex -17.7548 -41.8212 20.3368
    endloop
  endfacet
  facet normal 0.936104 -0.327862 0.127343
    outer loop
      vertex -17.231 -40.5626 19.7267
      vertex -17.7408 -42.2984 19.0052
      vertex -17.2168 -41.0464 18.3767
    endloop
  endfacet
  facet normal 0.9361 -0.327918 0.127227
    outer loop
      vertex -17.7384 -42.3816 18.7731
      vertex -17.2168 -41.0464 18.3767
      vertex -17.7408 -42.2984 19.0052
    endloop
  endfacet
  facet normal 0.9361 -0.327925 0.127206
    outer loop
      vertex -17.2168 -41.0464 18.3767
      vertex -17.7384 -42.3816 18.7731
      vertex -17.2144 -41.1297 18.1443
    endloop
  endfacet
  facet normal 0.553387 0.177158 0.813866
    outer loop
      vertex -17.7384 -42.3816 18.7731
      vertex -15.0853 -42.4853 16.9917
      vertex -17.2144 -41.1297 18.1443
    endloop
  endfacet
  facet normal 0.55339 0.177128 0.813871
    outer loop
      vertex -15.0853 -42.4853 16.9917
      vertex -17.7384 -42.3816 18.7731
      vertex -15.5355 -43.7842 17.5805
    endloop
  endfacet
  facet normal 0.553421 0.177109 0.813854
    outer loop
      vertex -15.5355 -43.7842 17.5805
      vertex -14.8018 -42.6658 16.8382
      vertex -15.0853 -42.4853 16.9917
    endloop
  endfacet
  facet normal 0.553464 0.177067 0.813833
    outer loop
      vertex -14.8018 -42.6658 16.8382
      vertex -15.5355 -43.7842 17.5805
      vertex -15.2524 -43.9645 17.4272
    endloop
  endfacet
  facet normal 0.823553 -0.445069 -0.351673
    outer loop
      vertex -14.8018 -42.6658 16.8382
      vertex -15.8956 -43.2373 15
      vertex -15.7178 -42.9083 15
    endloop
  endfacet
  facet normal 0.823516 -0.445192 -0.351604
    outer loop
      vertex -16.2645 -44.2324 15.3959
      vertex -14.8018 -42.6658 16.8382
      vertex -15.2524 -43.9645 17.4272
    endloop
  endfacet
  facet normal 0.823516 -0.445182 -0.351616
    outer loop
      vertex -14.8018 -42.6658 16.8382
      vertex -16.2645 -44.2324 15.3959
      vertex -15.8956 -43.2373 15
    endloop
  endfacet
  facet normal 0.823447 -0.445208 -0.351747
    outer loop
      vertex -16.2645 -44.2324 15.3959
      vertex -16.2998 -43.9849 15
      vertex -15.8956 -43.2373 15
    endloop
  endfacet
  facet normal 0.823508 -0.445128 -0.351703
    outer loop
      vertex -16.2998 -43.9849 15
      vertex -16.2645 -44.2324 15.3959
      vertex -16.4053 -44.2696 15.1133
    endloop
  endfacet
  facet normal 0.565175 0.115632 0.816827
    outer loop
      vertex -16.2161 -44.394 15
      vertex -16.2998 -43.9849 15
      vertex -16.4053 -44.2696 15.1133
    endloop
  endfacet
  facet normal -0.161292 0.448456 0.879131
    outer loop
      vertex -18.6659 -41.5112 15.2388
      vertex -19.0969 -42.8189 15.8268
      vertex -18.5446 -41.5503 15.281
    endloop
  endfacet
  facet normal -0.161395 0.448477 0.879102
    outer loop
      vertex -18.6659 -41.5112 15.2388
      vertex -19.2834 -42.7588 15.7619
      vertex -19.0969 -42.8189 15.8268
    endloop
  endfacet
  facet normal -0.161402 0.448479 0.879099
    outer loop
      vertex -19.3522 -41.2901 15
      vertex -19.2834 -42.7588 15.7619
      vertex -18.6659 -41.5112 15.2388
    endloop
  endfacet
  facet normal -0.161405 0.448479 0.879099
    outer loop
      vertex -19.2834 -42.7588 15.7619
      vertex -19.3522 -41.2901 15
      vertex -21.4731 -42.0534 15
    endloop
  endfacet
  facet normal -0.161461 0.44852 0.879068
    outer loop
      vertex -18.5446 -41.5503 15.281
      vertex -18.7122 -42.9428 15.9607
      vertex -18.1595 -41.6743 15.415
    endloop
  endfacet
  facet normal -0.161513 0.448521 0.879058
    outer loop
      vertex -18.7122 -42.9428 15.9607
      vertex -18.5446 -41.5503 15.281
      vertex -19.0969 -42.8189 15.8268
    endloop
  endfacet
  facet normal -0.839499 0.14 -0.525016
    outer loop
      vertex -18.1595 -41.6743 15.415
      vertex -19.5294 -42.0308 17.5104
      vertex -18.9487 -40.7935 16.9118
    endloop
  endfacet
  facet normal -0.839502 0.139915 -0.525033
    outer loop
      vertex -19.5294 -42.0308 17.5104
      vertex -18.1595 -41.6743 15.415
      vertex -18.7122 -42.9428 15.9607
    endloop
  endfacet
  facet normal -0.839477 0.139963 -0.525061
    outer loop
      vertex -18.9487 -40.7935 16.9118
      vertex -19.6529 -41.893 17.7446
      vertex -19.0723 -40.6555 17.1462
    endloop
  endfacet
  facet normal -0.839484 0.13998 -0.525045
    outer loop
      vertex -19.6529 -41.893 17.7446
      vertex -18.9487 -40.7935 16.9118
      vertex -19.5294 -42.0308 17.5104
    endloop
  endfacet
  facet normal -0.533036 -0.15236 -0.832262
    outer loop
      vertex -21.6275 -40.6472 18.7812
      vertex -19.0723 -40.6555 17.1462
      vertex -19.6529 -41.893 17.7446
    endloop
  endfacet
  facet normal -0.533034 -0.152376 -0.83226
    outer loop
      vertex -19.0723 -40.6555 17.1462
      vertex -21.6275 -40.6472 18.7812
      vertex -20.8894 -39.5091 18.1001
    endloop
  endfacet
  facet normal -0.533168 -0.152252 -0.832197
    outer loop
      vertex -20.8894 -39.5091 18.1001
      vertex -21.6275 -40.6472 18.7812
      vertex -20.9804 -39.4517 18.1479
    endloop
  endfacet
  facet normal -0.533728 -0.151802 -0.83192
    outer loop
      vertex -21.6313 -40.6448 18.7832
      vertex -20.9804 -39.4517 18.1479
      vertex -21.6275 -40.6472 18.7812
    endloop
  endfacet
  facet normal -0.532968 -0.152417 -0.832295
    outer loop
      vertex -21.8952 -40.4783 18.9217
      vertex -20.9804 -39.4517 18.1479
      vertex -21.6313 -40.6448 18.7832
    endloop
  endfacet
  facet normal -0.533047 -0.152321 -0.832261
    outer loop
      vertex -20.9804 -39.4517 18.1479
      vertex -21.8952 -40.4783 18.9217
      vertex -21.2484 -39.2826 18.2886
    endloop
  endfacet
  facet normal -0.798197 0.555349 0.233386
    outer loop
      vertex -21.8952 -40.4783 18.9217
      vertex -21.1749 -39.2521 18.4674
      vertex -21.2484 -39.2826 18.2886
    endloop
  endfacet
  facet normal -0.798065 0.555397 0.233725
    outer loop
      vertex -21.1749 -39.2521 18.4674
      vertex -21.8952 -40.4783 18.9217
      vertex -20.9788 -39.1708 18.9438
    endloop
  endfacet
  facet normal -0.7981 0.555408 0.233575
    outer loop
      vertex -20.9788 -39.1708 18.9438
      vertex -21.8411 -40.4559 19.0532
      vertex -21.6163 -40.3627 19.5997
    endloop
  endfacet
  facet normal -0.798065 0.555397 0.233722
    outer loop
      vertex -20.9788 -39.1708 18.9438
      vertex -21.8952 -40.4783 18.9217
      vertex -21.8411 -40.4559 19.0532
    endloop
  endfacet
  facet normal -0.798057 0.555434 0.233664
    outer loop
      vertex -21.6163 -40.3627 19.5997
      vertex -20.9434 -39.1562 19.03
      vertex -20.9788 -39.1708 18.9438
    endloop
  endfacet
  facet normal -0.798094 0.555415 0.233581
    outer loop
      vertex -20.9434 -39.1562 19.03
      vertex -21.6163 -40.3627 19.5997
      vertex -21.5809 -40.348 19.6857
    endloop
  endfacet
  facet normal 0.0566322 -0.504348 -0.861642
    outer loop
      vertex -21.5809 -40.348 19.6857
      vertex -21.4959 -38.963 18.8806
      vertex -20.9434 -39.1562 19.03
    endloop
  endfacet
  facet normal 0.0566817 -0.504348 -0.861638
    outer loop
      vertex -22.2021 -40.1308 19.5177
      vertex -21.4959 -38.963 18.8806
      vertex -21.5809 -40.348 19.6857
    endloop
  endfacet
  facet normal 0.0567964 -0.504398 -0.861601
    outer loop
      vertex -22.2021 -40.1308 19.5177
      vertex -22.3275 -38.6723 18.6556
      vertex -21.4959 -38.963 18.8806
    endloop
  endfacet
  facet normal 0.0568585 -0.504392 -0.861601
    outer loop
      vertex -23.0071 -39.8495 19.2999
      vertex -22.3275 -38.6723 18.6556
      vertex -22.2021 -40.1308 19.5177
    endloop
  endfacet
  facet normal 0.0567761 -0.504358 -0.861626
    outer loop
      vertex -24.4353 -39.0389 18.7313
      vertex -22.3275 -38.6723 18.6556
      vertex -23.0071 -39.8495 19.2999
    endloop
  endfacet
  facet normal 0.0567795 -0.504376 -0.861615
    outer loop
      vertex -24.4353 -39.0389 18.7313
      vertex -27.6792 -35.6351 16.525
      vertex -22.3275 -38.6723 18.6556
    endloop
  endfacet
  facet normal 0.0567044 -0.50443 -0.861589
    outer loop
      vertex -28.5663 -36.6944 17.0868
      vertex -27.6792 -35.6351 16.525
      vertex -24.4353 -39.0389 18.7313
    endloop
  endfacet
  facet normal 0.0562856 -0.504174 -0.861766
    outer loop
      vertex -27.6792 -35.6351 16.525
      vertex -28.5663 -36.6944 17.0868
      vertex -27.6968 -35.6251 16.518
    endloop
  endfacet
  facet normal 0.0566717 -0.504403 -0.861607
    outer loop
      vertex -28.5663 -36.6944 17.0868
      vertex -28.534 -35.15 16.1848
      vertex -27.6968 -35.6251 16.518
    endloop
  endfacet
  facet normal 0.0567904 -0.504401 -0.8616
    outer loop
      vertex -28.534 -35.15 16.1848
      vertex -28.5663 -36.6944 17.0868
      vertex -29.4025 -36.2199 16.7539
    endloop
  endfacet
  facet normal 0.718821 -0.67404 -0.170198
    outer loop
      vertex -30.0402 -36.4571 15
      vertex -28.534 -35.15 16.1848
      vertex -29.4025 -36.2199 16.7539
    endloop
  endfacet
  facet normal 0.718832 -0.674018 -0.170235
    outer loop
      vertex -28.534 -35.15 16.1848
      vertex -30.0402 -36.4571 15
      vertex -28.9648 -35.3102 15
    endloop
  endfacet
  facet normal -0.760958 0.543674 -0.354065
    outer loop
      vertex -32.0857 -33.5062 15
      vertex -32.6139 -34.2455 15
      vertex -32.6343 -34.0764 15.3035
    endloop
  endfacet
  facet normal -0.762249 0.544561 -0.3499
    outer loop
      vertex -32.0857 -33.5062 15
      vertex -31.6858 -32.9404 15.0094
      vertex -31.6852 -32.9456 15
    endloop
  endfacet
  facet normal -0.760963 0.543719 -0.353985
    outer loop
      vertex -32.0857 -33.5062 15
      vertex -32.6503 -33.943 15.5428
      vertex -31.6858 -32.9404 15.0094
    endloop
  endfacet
  facet normal -0.760962 0.543722 -0.353982
    outer loop
      vertex -32.6503 -33.943 15.5428
      vertex -32.0857 -33.5062 15
      vertex -32.6343 -34.0764 15.3035
    endloop
  endfacet
  facet normal -0.407866 0.702509 0.583203
    outer loop
      vertex -31.6858 -32.9404 15.0094
      vertex -31.2631 -34.6209 17.3293
      vertex -30.3463 -33.595 16.7347
    endloop
  endfacet
  facet normal -0.407768 0.702554 0.583217
    outer loop
      vertex -31.2631 -34.6209 17.3293
      vertex -31.6858 -32.9404 15.0094
      vertex -32.6503 -33.943 15.5428
    endloop
  endfacet
  facet normal -0.407864 0.702582 0.583117
    outer loop
      vertex -30.2787 -33.628 16.8216
      vertex -31.2004 -34.6515 17.4101
      vertex -31.0278 -34.7036 17.5936
    endloop
  endfacet
  facet normal -0.408165 0.702613 0.582868
    outer loop
      vertex -30.2787 -33.628 16.8216
      vertex -31.0278 -34.7036 17.5936
      vertex -30.1113 -33.6785 16.9997
    endloop
  endfacet
  facet normal -0.407367 0.702435 0.583641
    outer loop
      vertex -31.2004 -34.6515 17.4101
      vertex -30.2787 -33.628 16.8216
      vertex -30.3463 -33.595 16.7347
    endloop
  endfacet
  facet normal -0.408205 0.702607 0.582849
    outer loop
      vertex -31.2004 -34.6515 17.4101
      vertex -30.3463 -33.595 16.7347
      vertex -31.2631 -34.6209 17.3293
    endloop
  endfacet
  facet normal -0.0879591 0.557075 0.825791
    outer loop
      vertex -28.4507 -34.5733 17.7802
      vertex -25.2621 -37.8103 20.3035
      vertex -24.5402 -36.6803 19.6181
    endloop
  endfacet
  facet normal -0.0879591 0.557071 0.825794
    outer loop
      vertex -31.0278 -34.7036 17.5936
      vertex -28.4507 -34.5733 17.7802
      vertex -30.1113 -33.6785 16.9997
    endloop
  endfacet
  facet normal -0.0879591 0.557075 0.825791
    outer loop
      vertex -28.4507 -34.5733 17.7802
      vertex -31.0278 -34.7036 17.5936
      vertex -25.2621 -37.8103 20.3035
    endloop
  endfacet
  facet normal -0.088079 0.557077 0.825777
    outer loop
      vertex -24.3091 -36.8048 19.7267
      vertex -24.4414 -38.1785 20.6393
      vertex -23.7263 -37.0613 19.9619
    endloop
  endfacet
  facet normal -0.0879585 0.557064 0.825798
    outer loop
      vertex -25.1912 -37.8485 20.3368
      vertex -24.3091 -36.8048 19.7267
      vertex -24.5402 -36.6803 19.6181
    endloop
  endfacet
  facet normal -0.0879784 0.557075 0.825789
    outer loop
      vertex -24.3091 -36.8048 19.7267
      vertex -25.1912 -37.8485 20.3368
      vertex -24.4414 -38.1785 20.6393
    endloop
  endfacet
  facet normal -0.0877803 0.557002 0.825859
    outer loop
      vertex -25.1912 -37.8485 20.3368
      vertex -24.5402 -36.6803 19.6181
      vertex -25.2621 -37.8103 20.3035
    endloop
  endfacet
  facet normal -0.226013 0.60679 0.762053
    outer loop
      vertex -21.7698 -37.7064 21.0558
      vertex -17.4283 -39.7051 23.9349
      vertex -16.9438 -38.5389 23.15
    endloop
  endfacet
  facet normal -0.226015 0.606787 0.762054
    outer loop
      vertex -21.7698 -37.7064 21.0558
      vertex -22.426 -38.843 21.7662
      vertex -17.4283 -39.7051 23.9349
    endloop
  endfacet
  facet normal -0.226004 0.606784 0.76206
    outer loop
      vertex -21.7698 -37.7064 21.0558
      vertex -23.2826 -38.5606 21.2873
      vertex -22.426 -38.843 21.7662
    endloop
  endfacet
  facet normal -0.226005 0.606786 0.762058
    outer loop
      vertex -23.7263 -37.0613 19.9619
      vertex -23.2826 -38.5606 21.2873
      vertex -21.7698 -37.7064 21.0558
    endloop
  endfacet
  facet normal -0.226068 0.606765 0.762056
    outer loop
      vertex -23.2826 -38.5606 21.2873
      vertex -23.7263 -37.0613 19.9619
      vertex -24.4414 -38.1785 20.6393
    endloop
  endfacet
  facet normal -0.226058 0.606819 0.762016
    outer loop
      vertex -16.2156 -38.6645 23.4659
      vertex -16.6059 -39.8469 24.2917
      vertex -16.12 -38.681 23.5074
    endloop
  endfacet
  facet normal -0.22629 0.606838 0.761933
    outer loop
      vertex -16.2156 -38.6645 23.4659
      vertex -16.7441 -39.8231 24.2317
      vertex -16.6059 -39.8469 24.2917
    endloop
  endfacet
  facet normal -0.225942 0.606778 0.762083
    outer loop
      vertex -16.9438 -38.5389 23.15
      vertex -16.7441 -39.8231 24.2317
      vertex -16.2156 -38.6645 23.4659
    endloop
  endfacet
  facet normal -0.225937 0.606779 0.762083
    outer loop
      vertex -16.7441 -39.8231 24.2317
      vertex -16.9438 -38.5389 23.15
      vertex -17.4283 -39.7051 23.9349
    endloop
  endfacet
  facet normal -0.747204 0.556157 0.363835
    outer loop
      vertex -12.3028 -37.864 30.0981
      vertex -11.687 -36.5854 29.4083
      vertex -11.9458 -36.7653 29.1518
    endloop
  endfacet
  facet normal -0.747227 0.556123 0.36384
    outer loop
      vertex -12.9504 -38.2705 29.3893
      vertex -11.9458 -36.7653 29.1518
      vertex -12.5344 -37.1347 28.5076
    endloop
  endfacet
  facet normal -0.747116 0.556187 0.36397
    outer loop
      vertex -11.687 -36.5854 29.4083
      vertex -12.3028 -37.864 30.0981
      vertex -12.0208 -37.6681 30.3776
    endloop
  endfacet
  facet normal -0.747248 0.556129 0.363786
    outer loop
      vertex -11.9458 -36.7653 29.1518
      vertex -12.9504 -38.2705 29.3893
      vertex -12.3028 -37.864 30.0981
    endloop
  endfacet
  facet normal -0.74721 0.556154 0.363828
    outer loop
      vertex -16.6059 -39.8469 24.2917
      vertex -12.5344 -37.1347 28.5076
      vertex -16.12 -38.681 23.5074
    endloop
  endfacet
  facet normal -0.747217 0.556128 0.363852
    outer loop
      vertex -12.5344 -37.1347 28.5076
      vertex -16.6059 -39.8469 24.2917
      vertex -12.9504 -38.2705 29.3893
    endloop
  endfacet
  facet normal -0.747167 0.556154 0.363915
    outer loop
      vertex -12.0208 -37.6681 30.3776
      vertex -11.205 -36.2505 29.8861
      vertex -11.687 -36.5854 29.4083
    endloop
  endfacet
  facet normal -0.747254 0.556146 0.363748
    outer loop
      vertex -11.205 -36.2505 29.8861
      vertex -12.0208 -37.6681 30.3776
      vertex -11.5399 -37.3338 30.8544
    endloop
  endfacet
  facet normal -0.972357 0.210832 -0.100362
    outer loop
      vertex -10.9889 -32.0303 36.6463
      vertex -10.6308 -30.7321 35.904
      vertex -10.667 -31.0719 35.5409
    endloop
  endfacet
  facet normal -0.97236 0.21072 -0.10056
    outer loop
      vertex -10.6308 -30.7321 35.904
      vertex -10.9889 -32.0303 36.6463
      vertex -10.9471 -31.6366 37.0671
    endloop
  endfacet
  facet normal -0.97236 0.210757 -0.100484
    outer loop
      vertex -11.2719 -34.6912 33.8032
      vertex -10.667 -31.0719 35.5409
      vertex -10.9448 -33.6845 32.7494
    endloop
  endfacet
  facet normal -0.972368 0.21074 -0.100446
    outer loop
      vertex -10.667 -31.0719 35.5409
      vertex -11.2719 -34.6912 33.8032
      vertex -10.9889 -32.0303 36.6463
    endloop
  endfacet
  facet normal -0.972357 0.210759 -0.100513
    outer loop
      vertex -11.5399 -37.3338 30.8544
      vertex -10.9448 -33.6845 32.7494
      vertex -11.205 -36.2505 29.8861
    endloop
  endfacet
  facet normal -0.972361 0.210749 -0.100492
    outer loop
      vertex -10.9448 -33.6845 32.7494
      vertex -11.5399 -37.3338 30.8544
      vertex -11.2719 -34.6912 33.8032
    endloop
  endfacet
  facet normal -0.972351 0.210825 -0.100427
    outer loop
      vertex -10.6171 -30.6024 36.0425
      vertex -10.8795 -31.1433 37.4476
      vertex -10.5659 -30.2456 36.2958
    endloop
  endfacet
  facet normal -0.972405 0.210386 -0.100832
    outer loop
      vertex -10.9471 -31.6366 37.0671
      vertex -10.6171 -30.6024 36.0425
      vertex -10.6308 -30.7321 35.904
    endloop
  endfacet
  facet normal -0.972372 0.210709 -0.100475
    outer loop
      vertex -10.6171 -30.6024 36.0425
      vertex -10.9381 -31.5522 37.1572
      vertex -10.8795 -31.1433 37.4476
    endloop
  endfacet
  facet normal -0.972356 0.210832 -0.100366
    outer loop
      vertex -10.6171 -30.6024 36.0425
      vertex -10.9471 -31.6366 37.0671
      vertex -10.9381 -31.5522 37.1572
    endloop
  endfacet
  facet normal 0.647098 -0.67669 -0.351219
    outer loop
      vertex -11.2974 -31.3922 37.1572
      vertex -10.5659 -30.2456 36.2958
      vertex -10.8795 -31.1433 37.4476
    endloop
  endfacet
  facet normal 0.6472 -0.676659 -0.351091
    outer loop
      vertex -11.2974 -31.3922 37.1572
      vertex -10.9305 -30.4629 36.0425
      vertex -10.5659 -30.2456 36.2958
    endloop
  endfacet
  facet normal 0.647084 -0.676723 -0.351183
    outer loop
      vertex -16.3487 -33.7718 32.4352
      vertex -10.9305 -30.4629 36.0425
      vertex -11.2974 -31.3922 37.1572
    endloop
  endfacet
  facet normal 0.647093 -0.676691 -0.351225
    outer loop
      vertex -16.3487 -33.7718 32.4352
      vertex -15.6833 -32.7018 31.5996
      vertex -10.9305 -30.4629 36.0425
    endloop
  endfacet
  facet normal 0.647106 -0.676687 -0.35121
    outer loop
      vertex -19.607 -35.3068 29.3893
      vertex -15.6833 -32.7018 31.5996
      vertex -16.3487 -33.7718 32.4352
    endloop
  endfacet
  facet normal 0.646923 -0.67675 -0.351426
    outer loop
      vertex -18.9909 -34.26 28.5076
      vertex -19.607 -35.3068 29.3893
      vertex -19.6595 -35.3237 29.3252
    endloop
  endfacet
  facet normal 0.647107 -0.676682 -0.351217
    outer loop
      vertex -19.607 -35.3068 29.3893
      vertex -18.9909 -34.26 28.5076
      vertex -15.6833 -32.7018 31.5996
    endloop
  endfacet
  facet normal 0.647154 -0.676677 -0.351142
    outer loop
      vertex -18.9909 -34.26 28.5076
      vertex -19.6595 -35.3237 29.3252
      vertex -19.0688 -34.2851 28.4124
    endloop
  endfacet
  facet normal 0.647125 -0.676688 -0.351173
    outer loop
      vertex -19.946 -35.4161 28.9753
      vertex -19.0688 -34.2851 28.4124
      vertex -19.6595 -35.3237 29.3252
    endloop
  endfacet
  facet normal 0.647148 -0.67669 -0.351128
    outer loop
      vertex -19.335 -34.371 28.0873
      vertex -19.946 -35.4161 28.9753
      vertex -20.1528 -35.4828 28.7227
    endloop
  endfacet
  facet normal 0.647161 -0.676685 -0.351113
    outer loop
      vertex -19.946 -35.4161 28.9753
      vertex -19.335 -34.371 28.0873
      vertex -19.0688 -34.2851 28.4124
    endloop
  endfacet
  facet normal 0.647068 -0.676702 -0.351251
    outer loop
      vertex -19.335 -34.371 28.0873
      vertex -20.1528 -35.4828 28.7227
      vertex -19.5631 -34.4445 27.8087
    endloop
  endfacet
  facet normal 0.188637 -0.707066 -0.681524
    outer loop
      vertex -19.8586 -34.396 27.6766
      vertex -20.1528 -35.4828 28.7227
      vertex -20.4571 -35.4328 28.5866
    endloop
  endfacet
  facet normal 0.18862 -0.707066 -0.681528
    outer loop
      vertex -20.1528 -35.4828 28.7227
      vertex -19.8586 -34.396 27.6766
      vertex -19.5631 -34.4445 27.8087
    endloop
  endfacet
  facet normal 0.18879 -0.707092 -0.681453
    outer loop
      vertex -20.4571 -35.4328 28.5866
      vertex -22.0612 -33.7238 26.3689
      vertex -19.8586 -34.396 27.6766
    endloop
  endfacet
  facet normal 0.188755 -0.707112 -0.681443
    outer loop
      vertex -25.3384 -33.9431 25.6887
      vertex -22.0612 -33.7238 26.3689
      vertex -20.4571 -35.4328 28.5866
    endloop
  endfacet
  facet normal 0.1888 -0.707089 -0.681454
    outer loop
      vertex -27.5396 -32.0519 23.1165
      vertex -25.3384 -33.9431 25.6887
      vertex -28.3914 -33.0114 23.8761
    endloop
  endfacet
  facet normal 0.188754 -0.707119 -0.681436
    outer loop
      vertex -25.3384 -33.9431 25.6887
      vertex -27.5396 -32.0519 23.1165
      vertex -22.0612 -33.7238 26.3689
    endloop
  endfacet
  facet normal 0.188769 -0.707059 -0.681493
    outer loop
      vertex -28.2217 -31.8437 22.7116
      vertex -28.3914 -33.0114 23.8761
      vertex -29.0723 -32.8036 23.4719
    endloop
  endfacet
  facet normal 0.188726 -0.707062 -0.681502
    outer loop
      vertex -28.3914 -33.0114 23.8761
      vertex -28.2217 -31.8437 22.7116
      vertex -27.5396 -32.0519 23.1165
    endloop
  endfacet
  facet normal 0.349077 -0.75215 -0.558942
    outer loop
      vertex -28.6202 -31.786 22.3849
      vertex -29.0723 -32.8036 23.4719
      vertex -29.4829 -32.7441 23.1354
    endloop
  endfacet
  facet normal 0.349257 -0.752133 -0.558852
    outer loop
      vertex -29.0723 -32.8036 23.4719
      vertex -28.6202 -31.786 22.3849
      vertex -28.2217 -31.8437 22.7116
    endloop
  endfacet
  facet normal 0.349057 -0.752146 -0.55896
    outer loop
      vertex -29.4829 -32.7441 23.1354
      vertex -29.9659 -31.4271 21.0616
      vertex -28.6202 -31.786 22.3849
    endloop
  endfacet
  facet normal 0.3491 -0.752127 -0.558958
    outer loop
      vertex -32.3286 -31.9851 20.3368
      vertex -29.9659 -31.4271 21.0616
      vertex -29.4829 -32.7441 23.1354
    endloop
  endfacet
  facet normal 0.349103 -0.752113 -0.558976
    outer loop
      vertex -32.3286 -31.9851 20.3368
      vertex -31.3232 -31.065 19.7267
      vertex -29.9659 -31.4271 21.0616
    endloop
  endfacet
  facet normal 0.34911 -0.752107 -0.558979
    outer loop
      vertex -32.9296 -30.2773 17.6636
      vertex -32.3286 -31.9851 20.3368
      vertex -33.9459 -31.192 18.2596
    endloop
  endfacet
  facet normal 0.349099 -0.752111 -0.55898
    outer loop
      vertex -32.3286 -31.9851 20.3368
      vertex -32.9296 -30.2773 17.6636
      vertex -31.3232 -31.065 19.7267
    endloop
  endfacet
  facet normal 0.349098 -0.75213 -0.558956
    outer loop
      vertex -33.3733 -30.0597 17.0936
      vertex -33.9459 -31.192 18.2596
      vertex -34.3891 -30.9747 17.6904
    endloop
  endfacet
  facet normal 0.349161 -0.752126 -0.558922
    outer loop
      vertex -33.9459 -31.192 18.2596
      vertex -33.3733 -30.0597 17.0936
      vertex -32.9296 -30.2773 17.6636
    endloop
  endfacet
  facet normal -0.65253 0.756194 0.0487293
    outer loop
      vertex -32.5662 -29.5439 19.8907
      vertex -33.6549 -30.5121 20.3368
      vertex -33.5425 -30.4306 20.5772
    endloop
  endfacet
  facet normal -0.652498 0.756214 0.0488503
    outer loop
      vertex -32.6428 -29.5994 19.7267
      vertex -33.6549 -30.5121 20.3368
      vertex -32.5662 -29.5439 19.8907
    endloop
  endfacet
  facet normal -0.652503 0.756211 0.0488377
    outer loop
      vertex -32.6428 -29.5994 19.7267
      vertex -34.3891 -30.9747 17.6904
      vertex -33.6549 -30.5121 20.3368
    endloop
  endfacet
  facet normal -0.652494 0.75622 0.048824
    outer loop
      vertex -34.3891 -30.9747 17.6904
      vertex -32.6428 -29.5994 19.7267
      vertex -33.3733 -30.0597 17.0936
    endloop
  endfacet
  facet normal -0.652458 0.756248 0.048864
    outer loop
      vertex -32.4 -29.4235 20.246
      vertex -33.5425 -30.4306 20.5772
      vertex -33.3766 -30.3104 20.9321
    endloop
  endfacet
  facet normal -0.652446 0.756254 0.0489262
    outer loop
      vertex -33.5425 -30.4306 20.5772
      vertex -32.4 -29.4235 20.246
      vertex -32.5662 -29.5439 19.8907
    endloop
  endfacet
  facet normal -0.548653 0.797707 0.250289
    outer loop
      vertex -30.8616 -29.1061 22.6069
      vertex -33.3766 -30.3104 20.9321
      vertex -31.7861 -29.9823 23.3729
    endloop
  endfacet
  facet normal -0.54864 0.797725 0.250256
    outer loop
      vertex -33.3766 -30.3104 20.9321
      vertex -30.8616 -29.1061 22.6069
      vertex -32.4 -29.4235 20.246
    endloop
  endfacet
  facet normal -0.54865 0.797719 0.250255
    outer loop
      vertex -30.6804 -29.0688 22.8851
      vertex -31.7861 -29.9823 23.3729
      vertex -31.6052 -29.945 23.6506
    endloop
  endfacet
  facet normal -0.548601 0.797718 0.250365
    outer loop
      vertex -31.7861 -29.9823 23.3729
      vertex -30.6804 -29.0688 22.8851
      vertex -30.8616 -29.1061 22.6069
    endloop
  endfacet
  facet normal 4.80326e-06 -0.657935 -0.753074
    outer loop
      vertex -31.6052 -29.945 23.6506
      vertex -33.6249 -27.1998 21.2522
      vertex -30.6804 -29.0688 22.8851
    endloop
  endfacet
  facet normal 1.04184e-05 -0.657933 -0.753076
    outer loop
      vertex -33.6249 -27.1998 21.2522
      vertex -31.6052 -29.945 23.6506
      vertex -34.6384 -28.0197 21.9685
    endloop
  endfacet
  facet normal -0.0719483 -0.6043 -0.793502
    outer loop
      vertex -35.7023 -27.255 21.4826
      vertex -33.6249 -27.1998 21.2522
      vertex -34.6384 -28.0197 21.9685
    endloop
  endfacet
  facet normal -0.0719474 -0.604308 -0.793496
    outer loop
      vertex -33.6249 -27.1998 21.2522
      vertex -35.7023 -27.255 21.4826
      vertex -35.5414 -25.8223 20.3769
    endloop
  endfacet
  facet normal -0.0719896 -0.604303 -0.793496
    outer loop
      vertex -36.6127 -26.6007 21.0669
      vertex -35.5414 -25.8223 20.3769
      vertex -35.7023 -27.255 21.4826
    endloop
  endfacet
  facet normal -0.0719139 -0.604369 -0.793452
    outer loop
      vertex -36.9537 -26.2667 20.8434
      vertex -35.5414 -25.8223 20.3769
      vertex -36.6127 -26.6007 21.0669
    endloop
  endfacet
  facet normal -0.0719501 -0.604303 -0.793499
    outer loop
      vertex -35.5414 -25.8223 20.3769
      vertex -36.9537 -26.2667 20.8434
      vertex -36.5336 -24.8504 19.7267
    endloop
  endfacet
  facet normal -0.0719777 -0.604297 -0.793502
    outer loop
      vertex -37.7268 -25.5094 20.3368
      vertex -36.5336 -24.8504 19.7267
      vertex -36.9537 -26.2667 20.8434
    endloop
  endfacet
  facet normal -0.0719306 -0.604349 -0.793466
    outer loop
      vertex -36.5336 -24.8504 19.7267
      vertex -37.7268 -25.5094 20.3368
      vertex -36.7935 -24.5385 19.5127
    endloop
  endfacet
  facet normal -0.0720075 -0.604301 -0.793496
    outer loop
      vertex -36.7935 -24.5385 19.5127
      vertex -37.7268 -25.5094 20.3368
      vertex -37.9226 -25.2744 20.1756
    endloop
  endfacet
  facet normal -0.0720159 -0.604292 -0.793501
    outer loop
      vertex -37.9226 -25.2744 20.1756
      vertex -37.0822 -24.1921 19.2751
      vertex -36.7935 -24.5385 19.5127
    endloop
  endfacet
  facet normal -0.0720624 -0.604268 -0.793516
    outer loop
      vertex -37.0822 -24.1921 19.2751
      vertex -37.9226 -25.2744 20.1756
      vertex -38.2109 -24.9284 19.9383
    endloop
  endfacet
  facet normal 0.442625 -0.870898 -0.213587
    outer loop
      vertex -39.1662 -24.8252 17.5378
      vertex -37.0822 -24.1921 19.2751
      vertex -38.2109 -24.9284 19.9383
    endloop
  endfacet
  facet normal 0.442636 -0.870889 -0.213604
    outer loop
      vertex -37.0822 -24.1921 19.2751
      vertex -39.1662 -24.8252 17.5378
      vertex -38.0057 -24.0923 16.9545
    endloop
  endfacet
  facet normal 0.442643 -0.8709 -0.213544
    outer loop
      vertex -38.0123 -24.0916 16.9378
      vertex -39.1662 -24.8252 17.5378
      vertex -39.2818 -24.8127 17.2472
    endloop
  endfacet
  facet normal 0.443536 -0.870873 -0.211793
    outer loop
      vertex -39.1662 -24.8252 17.5378
      vertex -38.0123 -24.0916 16.9378
      vertex -38.0057 -24.0923 16.9545
    endloop
  endfacet
  facet normal 0.442586 -0.870881 -0.213737
    outer loop
      vertex -38.0123 -24.0916 16.9378
      vertex -39.2818 -24.8127 17.2472
      vertex -38.1215 -24.0798 16.6636
    endloop
  endfacet
  facet normal 0.115405 -0.72419 -0.679875
    outer loop
      vertex -38.3693 -23.8417 16.3678
      vertex -39.2818 -24.8127 17.2472
      vertex -39.5383 -24.5663 16.9412
    endloop
  endfacet
  facet normal 0.115559 -0.724252 -0.679783
    outer loop
      vertex -39.2818 -24.8127 17.2472
      vertex -38.3693 -23.8417 16.3678
      vertex -38.1215 -24.0798 16.6636
    endloop
  endfacet
  facet normal 0.115768 -0.724482 -0.679503
    outer loop
      vertex -38.4052 -23.8072 16.3249
      vertex -39.5383 -24.5663 16.9412
      vertex -39.5742 -24.5318 16.8983
    endloop
  endfacet
  facet normal 0.115768 -0.724482 -0.679503
    outer loop
      vertex -39.5383 -24.5663 16.9412
      vertex -38.4052 -23.8072 16.3249
      vertex -38.3693 -23.8417 16.3678
    endloop
  endfacet
  facet normal 0.53185 -0.208542 0.820759
    outer loop
      vertex -39.5742 -24.5318 16.8983
      vertex -37.5972 -25.8865 15.273
      vertex -38.4052 -23.8072 16.3249
    endloop
  endfacet
  facet normal 0.531843 -0.208555 0.820761
    outer loop
      vertex -37.5972 -25.8865 15.273
      vertex -39.5742 -24.5318 16.8983
      vertex -38.7378 -26.6842 15.8094
    endloop
  endfacet
  facet normal 0.531876 -0.208629 0.82072
    outer loop
      vertex -38.7378 -26.6842 15.8094
      vertex -37.4773 -26.1953 15.1168
      vertex -37.5972 -25.8865 15.273
    endloop
  endfacet
  facet normal 0.531863 -0.208558 0.820747
    outer loop
      vertex -37.4773 -26.1953 15.1168
      vertex -38.7378 -26.6842 15.8094
      vertex -38.618 -26.9926 15.6534
    endloop
  endfacet
  facet normal 0.597938 -0.380775 0.705323
    outer loop
      vertex -38.618 -26.9926 15.6534
      vertex -37.4346 -26.3446 15
      vertex -37.4773 -26.1953 15.1168
    endloop
  endfacet
  facet normal 0.597928 -0.380712 0.705366
    outer loop
      vertex -37.4346 -26.3446 15
      vertex -38.618 -26.9926 15.6534
      vertex -38.3793 -27.8283 15
    endloop
  endfacet
  facet normal -0.494867 0.166756 -0.852818
    outer loop
      vertex -40.021 -24.3744 15.9444
      vertex -38.4593 -24.5697 15
      vertex -39.1232 -26.5399 15
    endloop
  endfacet
  facet normal -0.494878 0.166696 -0.852824
    outer loop
      vertex -38.4593 -24.5697 15
      vertex -40.021 -24.3744 15.9444
      vertex -38.8331 -23.6683 15.3931
    endloop
  endfacet
  facet normal -0.494847 0.166619 -0.852857
    outer loop
      vertex -40.2084 -23.9226 16.1414
      vertex -38.8331 -23.6683 15.3931
      vertex -40.021 -24.3744 15.9444
    endloop
  endfacet
  facet normal -0.494854 0.166731 -0.852831
    outer loop
      vertex -38.8331 -23.6683 15.3931
      vertex -40.2084 -23.9226 16.1414
      vertex -39.0207 -23.2159 15.5904
    endloop
  endfacet
  facet normal 0.11555 -0.724356 -0.679674
    outer loop
      vertex -40.1582 -22.8436 15
      vertex -40.2084 -23.9226 16.1414
      vertex -40.6909 -23.4591 15.5654
    endloop
  endfacet
  facet normal 0.115546 -0.724355 -0.679676
    outer loop
      vertex -40.1582 -22.8436 15
      vertex -40.6909 -23.4591 15.5654
      vertex -40.8972 -23.2609 15.3191
    endloop
  endfacet
  facet normal 0.115693 -0.724347 -0.679659
    outer loop
      vertex -39.5152 -22.7409 15
      vertex -40.2084 -23.9226 16.1414
      vertex -40.1582 -22.8436 15
    endloop
  endfacet
  facet normal 0.115688 -0.724346 -0.679661
    outer loop
      vertex -40.2084 -23.9226 16.1414
      vertex -39.5152 -22.7409 15
      vertex -39.0207 -23.2159 15.5904
    endloop
  endfacet
  facet normal 0.115417 -0.724338 -0.679716
    outer loop
      vertex -40.5479 -22.9058 15
      vertex -40.8972 -23.2609 15.3191
      vertex -41.0007 -23.1615 15.1956
    endloop
  endfacet
  facet normal 0.115626 -0.724427 -0.679586
    outer loop
      vertex -40.8972 -23.2609 15.3191
      vertex -40.5479 -22.9058 15
      vertex -40.1582 -22.8436 15
    endloop
  endfacet
  facet normal -0.0872759 -0.503148 -0.859782
    outer loop
      vertex -40.5479 -22.9058 15
      vertex -41.0007 -23.1615 15.1956
      vertex -41.2962 -22.776 15
    endloop
  endfacet
  facet normal 0.0939428 0.515958 0.851447
    outer loop
      vertex -41.9421 -21.5443 15.1749
      vertex -41.5273 -21.3312 15
      vertex -42.2012 -21.2085 15
    endloop
  endfacet
  facet normal -0.156159 0.790339 0.592435
    outer loop
      vertex -39.5293 -21.8923 16.2755
      vertex -40.9148 -22.4057 16.5952
      vertex -40.7263 -22.5638 16.8558
    endloop
  endfacet
  facet normal -0.156199 0.790394 0.59235
    outer loop
      vertex -40.4518 -21.1187 15
      vertex -40.9148 -22.4057 16.5952
      vertex -39.5293 -21.8923 16.2755
    endloop
  endfacet
  facet normal -0.156168 0.790394 0.592359
    outer loop
      vertex -40.9148 -22.4057 16.5952
      vertex -40.4518 -21.1187 15
      vertex -41.5273 -21.3312 15
    endloop
  endfacet
  facet normal -0.156267 0.790362 0.592376
    outer loop
      vertex -40.9148 -22.4057 16.5952
      vertex -41.5273 -21.3312 15
      vertex -41.9421 -21.5443 15.1749
    endloop
  endfacet
  facet normal -0.156137 0.790342 0.592437
    outer loop
      vertex -39.5293 -21.8923 16.2755
      vertex -40.5329 -22.726 17.1232
      vertex -39.3356 -22.0547 16.5432
    endloop
  endfacet
  facet normal -0.156195 0.790365 0.592391
    outer loop
      vertex -40.5329 -22.726 17.1232
      vertex -39.5293 -21.8923 16.2755
      vertex -40.7263 -22.5638 16.8558
    endloop
  endfacet
  facet normal -0.486437 0.873687 0.00705662
    outer loop
      vertex -38.7358 -21.7377 18.6411
      vertex -40.5329 -22.726 17.1232
      vertex -39.9121 -22.3979 19.2947
    endloop
  endfacet
  facet normal -0.486438 0.873687 0.00705794
    outer loop
      vertex -40.5329 -22.726 17.1232
      vertex -38.7358 -21.7377 18.6411
      vertex -39.3356 -22.0547 16.5432
    endloop
  endfacet
  facet normal -0.486376 0.873721 0.00713121
    outer loop
      vertex -38.6486 -21.6917 18.9461
      vertex -39.9121 -22.3979 19.2947
      vertex -39.825 -22.3519 19.5993
    endloop
  endfacet
  facet normal -0.486346 0.873736 0.00727048
    outer loop
      vertex -39.9121 -22.3979 19.2947
      vertex -38.6486 -21.6917 18.9461
      vertex -38.7358 -21.7377 18.6411
    endloop
  endfacet
  facet normal -0.127236 0.802884 0.582398
    outer loop
      vertex -38.0822 -22.1682 19.7267
      vertex -37.2018 -23.9994 22.4435
      vertex -36.1235 -23.2913 21.7029
    endloop
  endfacet
  facet normal -0.12722 0.802888 0.582396
    outer loop
      vertex -37.2018 -23.9994 22.4435
      vertex -38.0822 -22.1682 19.7267
      vertex -39.2898 -22.8021 20.3368
    endloop
  endfacet
  facet normal -0.127212 0.802882 0.582406
    outer loop
      vertex -38.6486 -21.6917 18.9461
      vertex -39.2898 -22.8021 20.3368
      vertex -38.0822 -22.1682 19.7267
    endloop
  endfacet
  facet normal -0.127192 0.80288 0.582414
    outer loop
      vertex -39.2898 -22.8021 20.3368
      vertex -38.6486 -21.6917 18.9461
      vertex -39.825 -22.3519 19.5993
    endloop
  endfacet
  facet normal -0.127345 0.802921 0.582324
    outer loop
      vertex -36.1235 -23.2913 21.7029
      vertex -36.9537 -24.1417 22.6939
      vertex -36.8683 -24.1906 22.78
    endloop
  endfacet
  facet normal -0.127361 0.802925 0.582315
    outer loop
      vertex -36.1235 -23.2913 21.7029
      vertex -36.8683 -24.1906 22.78
      vertex -35.7895 -23.4828 22.04
    endloop
  endfacet
  facet normal -0.127262 0.802898 0.582373
    outer loop
      vertex -36.9537 -24.1417 22.6939
      vertex -36.1235 -23.2913 21.7029
      vertex -37.2018 -23.9994 22.4435
    endloop
  endfacet
  facet normal 0.129139 0.615829 0.777225
    outer loop
      vertex -30.7795 -27.5993 24.4693
      vertex -29.9503 -29.7419 26.0292
      vertex -29.0969 -28.8544 25.1842
    endloop
  endfacet
  facet normal 0.129113 0.615824 0.777232
    outer loop
      vertex -30.7795 -27.5993 24.4693
      vertex -31.4177 -28.6472 25.4056
      vertex -29.9503 -29.7419 26.0292
    endloop
  endfacet
  facet normal 0.129114 0.615824 0.777232
    outer loop
      vertex -34.3358 -24.9464 22.9581
      vertex -31.4177 -28.6472 25.4056
      vertex -30.7795 -27.5993 24.4693
    endloop
  endfacet
  facet normal 0.129127 0.61583 0.777225
    outer loop
      vertex -34.3358 -24.9464 22.9581
      vertex -35.3707 -25.6983 23.7258
      vertex -31.4177 -28.6472 25.4056
    endloop
  endfacet
  facet normal 0.129141 0.615818 0.777233
    outer loop
      vertex -35.7895 -23.4828 22.04
      vertex -35.3707 -25.6983 23.7258
      vertex -34.3358 -24.9464 22.9581
    endloop
  endfacet
  facet normal 0.129109 0.615816 0.777239
    outer loop
      vertex -35.3707 -25.6983 23.7258
      vertex -35.7895 -23.4828 22.04
      vertex -36.8683 -24.1906 22.78
    endloop
  endfacet
  facet normal 0.129109 0.615834 0.777226
    outer loop
      vertex -29.0969 -28.8544 25.1842
      vertex -29.2083 -30.2953 26.3444
      vertex -28.3537 -29.4089 25.5001
    endloop
  endfacet
  facet normal 0.129137 0.61583 0.777224
    outer loop
      vertex -29.2083 -30.2953 26.3444
      vertex -29.0969 -28.8544 25.1842
      vertex -29.9503 -29.7419 26.0292
    endloop
  endfacet
  facet normal -0.295355 0.792704 0.533278
    outer loop
      vertex -24.8982 -30.1447 28.5076
      vertex -23.0027 -31.1589 31.065
      vertex -22.3535 -30.2539 30.0793
    endloop
  endfacet
  facet normal -0.295305 0.792739 0.533255
    outer loop
      vertex -23.0027 -31.1589 31.065
      vertex -24.8982 -30.1447 28.5076
      vertex -25.7159 -31.0424 29.3893
    endloop
  endfacet
  facet normal -0.295375 0.792749 0.5332
    outer loop
      vertex -25.7159 -31.0424 29.3893
      vertex -24.8982 -30.1447 28.5076
      vertex -26.701 -30.8826 28.606
    endloop
  endfacet
  facet normal -0.295347 0.792694 0.533298
    outer loop
      vertex -26.8563 -29.8269 26.9508
      vertex -26.701 -30.8826 28.606
      vertex -24.8982 -30.1447 28.5076
    endloop
  endfacet
  facet normal -0.295353 0.792692 0.533297
    outer loop
      vertex -26.701 -30.8826 28.606
      vertex -26.8563 -29.8269 26.9508
      vertex -27.6658 -30.726 27.8389
    endloop
  endfacet
  facet normal -0.29536 0.792693 0.533292
    outer loop
      vertex -26.8563 -29.8269 26.9508
      vertex -29.2083 -30.2953 26.3444
      vertex -27.6658 -30.726 27.8389
    endloop
  endfacet
  facet normal -0.295357 0.792707 0.533273
    outer loop
      vertex -29.2083 -30.2953 26.3444
      vertex -26.8563 -29.8269 26.9508
      vertex -28.3537 -29.4089 25.5001
    endloop
  endfacet
  facet normal -0.295316 0.792728 0.533265
    outer loop
      vertex -22.3535 -30.2539 30.0793
      vertex -22.4138 -31.1841 31.4287
      vertex -21.7634 -30.2792 30.4437
    endloop
  endfacet
  facet normal -0.295407 0.792706 0.533246
    outer loop
      vertex -22.4138 -31.1841 31.4287
      vertex -22.3535 -30.2539 30.0793
      vertex -23.0027 -31.1589 31.065
    endloop
  endfacet
  facet normal -0.837063 0.544593 -0.0523906
    outer loop
      vertex -17.883 -23.3997 39.9561
      vertex -17.1001 -22.2776 39.1115
      vertex -17.3522 -22.6995 38.7538
    endloop
  endfacet
  facet normal -0.837078 0.544565 -0.0524407
    outer loop
      vertex -17.1001 -22.2776 39.1115
      vertex -17.883 -23.3997 39.9561
      vertex -17.5949 -22.9175 40.3647
    endloop
  endfacet
  facet normal -0.837057 0.544599 -0.0524141
    outer loop
      vertex -19.8561 -26.7017 37.1572
      vertex -17.3522 -22.6995 38.7538
      vertex -19.2636 -25.8983 36.0425
    endloop
  endfacet
  facet normal -0.837063 0.544593 -0.0523906
    outer loop
      vertex -17.3522 -22.6995 38.7538
      vertex -19.8561 -26.7017 37.1572
      vertex -17.883 -23.3997 39.9561
    endloop
  endfacet
  facet normal -0.83706 0.544597 -0.052384
    outer loop
      vertex -21.4351 -29.4689 33.6207
      vertex -19.2636 -25.8983 36.0425
      vertex -20.774 -28.5452 32.6598
    endloop
  endfacet
  facet normal -0.837052 0.544607 -0.0524053
    outer loop
      vertex -19.2636 -25.8983 36.0425
      vertex -21.4351 -29.4689 33.6207
      vertex -19.8561 -26.7017 37.1572
    endloop
  endfacet
  facet normal -0.837061 0.544594 -0.0524069
    outer loop
      vertex -22.4138 -31.1841 31.4287
      vertex -20.774 -28.5452 32.6598
      vertex -21.7634 -30.2792 30.4437
    endloop
  endfacet
  facet normal -0.837064 0.54459 -0.0523936
    outer loop
      vertex -20.774 -28.5452 32.6598
      vertex -22.4138 -31.1841 31.4287
      vertex -21.4351 -29.4689 33.6207
    endloop
  endfacet
  facet normal -0.837058 0.544597 -0.0524166
    outer loop
      vertex -17.5949 -22.9175 40.3647
      vertex -16.7083 -21.6219 39.6673
      vertex -17.1001 -22.2776 39.1115
    endloop
  endfacet
  facet normal -0.837043 0.544629 -0.0523386
    outer loop
      vertex -16.7083 -21.6219 39.6673
      vertex -17.5949 -22.9175 40.3647
      vertex -17.2041 -22.2636 40.9191
    endloop
  endfacet
  facet normal -0.938201 0.241628 -0.247781
    outer loop
      vertex -16.3595 -17.8734 42.0022
      vertex -16.2722 -14.9241 44.5477
      vertex -15.8078 -14.5096 43.1935
    endloop
  endfacet
  facet normal -0.938206 0.24156 -0.247828
    outer loop
      vertex -16.8841 -18.7517 43.1321
      vertex -16.3595 -17.8734 42.0022
      vertex -16.3779 -18.0372 41.9122
    endloop
  endfacet
  facet normal -0.938176 0.241876 -0.24763
    outer loop
      vertex -16.8841 -18.7517 43.1321
      vertex -16.3779 -18.0372 41.9122
      vertex -16.3975 -18.2112 41.8165
    endloop
  endfacet
  facet normal -0.938206 0.241618 -0.24777
    outer loop
      vertex -16.3595 -17.8734 42.0022
      vertex -16.8495 -18.4439 43.3013
      vertex -16.2722 -14.9241 44.5477
    endloop
  endfacet
  facet normal -0.938201 0.241655 -0.247752
    outer loop
      vertex -16.3595 -17.8734 42.0022
      vertex -16.8841 -18.7517 43.1321
      vertex -16.8495 -18.4439 43.3013
    endloop
  endfacet
  facet normal -0.938215 0.241608 -0.247745
    outer loop
      vertex -17.2041 -22.2636 40.9191
      vertex -16.3975 -18.2112 41.8165
      vertex -16.7083 -21.6219 39.6673
    endloop
  endfacet
  facet normal -0.938213 0.241609 -0.247754
    outer loop
      vertex -16.3975 -18.2112 41.8165
      vertex -17.2041 -22.2636 40.9191
      vertex -16.8841 -18.7517 43.1321
    endloop
  endfacet
  facet normal -0.938196 0.241656 -0.247771
    outer loop
      vertex -16.2722 -14.9241 44.5477
      vertex -15.738 -14.0842 43.3441
      vertex -15.8078 -14.5096 43.1935
    endloop
  endfacet
  facet normal -0.938193 0.241707 -0.247734
    outer loop
      vertex -15.738 -14.0842 43.3441
      vertex -16.2722 -14.9241 44.5477
      vertex -16.2026 -14.5 44.6979
    endloop
  endfacet
  facet normal 0.152321 -0.958241 -0.24202
    outer loop
      vertex -19.5333 -14.3486 42.0022
      vertex -16.2026 -14.5 44.6979
      vertex -20.1529 -14.7752 43.3013
    endloop
  endfacet
  facet normal 0.152082 -0.958249 -0.242136
    outer loop
      vertex -19.5333 -14.3486 42.0022
      vertex -20.1529 -14.7752 43.3013
      vertex -20.2429 -14.7769 43.2515
    endloop
  endfacet
  facet normal 0.152111 -0.958249 -0.242119
    outer loop
      vertex -19.5333 -14.3486 42.0022
      vertex -20.2429 -14.7769 43.2515
      vertex -20.3413 -14.7788 43.1972
    endloop
  endfacet
  facet normal 0.15233 -0.958236 -0.242031
    outer loop
      vertex -16.2026 -14.5 44.6979
      vertex -19.5333 -14.3486 42.0022
      vertex -15.738 -14.0842 43.3441
    endloop
  endfacet
  facet normal 0.152249 -0.95825 -0.242027
    outer loop
      vertex -20.3413 -14.7788 43.1972
      vertex -19.7551 -14.3529 41.8797
      vertex -19.5333 -14.3486 42.0022
    endloop
  endfacet
  facet normal 0.152318 -0.958247 -0.241995
    outer loop
      vertex -24.8898 -14.7754 40.3208
      vertex -19.7551 -14.3529 41.8797
      vertex -20.3413 -14.7788 43.1972
    endloop
  endfacet
  facet normal 0.152339 -0.958225 -0.242071
    outer loop
      vertex -24.8898 -14.7754 40.3208
      vertex -24.1509 -14.3495 39.0999
      vertex -19.7551 -14.3529 41.8797
    endloop
  endfacet
  facet normal 0.152349 -0.958225 -0.242065
    outer loop
      vertex -26.8204 -14.7739 39.0998
      vertex -24.1509 -14.3495 39.0999
      vertex -24.8898 -14.7754 40.3208
    endloop
  endfacet
  facet normal 0.15235 -0.958235 -0.242024
    outer loop
      vertex -24.1509 -14.3495 39.0999
      vertex -26.8204 -14.7739 39.0998
      vertex -26.0311 -14.3481 37.9108
    endloop
  endfacet
  facet normal 0.152325 -0.958234 -0.242044
    outer loop
      vertex -26.5533 -14.3477 37.5806
      vertex -26.8204 -14.7739 39.0998
      vertex -27.3413 -14.7735 38.7704
    endloop
  endfacet
  facet normal 0.152317 -0.958235 -0.242046
    outer loop
      vertex -26.8204 -14.7739 39.0998
      vertex -26.5533 -14.3477 37.5806
      vertex -26.0311 -14.3481 37.9108
    endloop
  endfacet
  facet normal -2.16871e-06 -0.941529 -0.336932
    outer loop
      vertex -29.3022 -13.7973 36.0425
      vertex -27.3413 -14.7735 38.7704
      vertex -30.2245 -14.1962 37.1572
    endloop
  endfacet
  facet normal -1.5219e-05 -0.94153 -0.336929
    outer loop
      vertex -30.3259 -13.502 35.2173
      vertex -30.2245 -14.1962 37.1572
      vertex -31.2323 -13.9055 36.3449
    endloop
  endfacet
  facet normal 1.19847e-05 -0.941526 -0.336941
    outer loop
      vertex -27.3413 -14.7735 38.7704
      vertex -29.3022 -13.7973 36.0425
      vertex -26.5533 -14.3477 37.5806
    endloop
  endfacet
  facet normal 6.78107e-07 -0.94153 -0.33693
    outer loop
      vertex -30.2245 -14.1962 37.1572
      vertex -30.3259 -13.502 35.2173
      vertex -29.3022 -13.7973 36.0425
    endloop
  endfacet
  facet normal 1.62166e-06 -0.941534 -0.336917
    outer loop
      vertex -33.7923 -13.0395 33.9248
      vertex -30.3259 -13.502 35.2173
      vertex -31.2323 -13.9055 36.3449
    endloop
  endfacet
  facet normal 1.54138e-05 -0.941523 -0.33695
    outer loop
      vertex -30.3259 -13.502 35.2173
      vertex -33.7923 -13.0395 33.9248
      vertex -32.8117 -12.6611 32.8675
    endloop
  endfacet
  facet normal -0.0908132 -0.907935 -0.409153
    outer loop
      vertex -34.0913 -12.0203 31.7295
      vertex -33.7923 -13.0395 33.9248
      vertex -35.1347 -12.3673 32.7311
    endloop
  endfacet
  facet normal -0.0907988 -0.907936 -0.409156
    outer loop
      vertex -33.7923 -13.0395 33.9248
      vertex -34.0913 -12.0203 31.7295
      vertex -32.8117 -12.6611 32.8675
    endloop
  endfacet
  facet normal -0.0908202 -0.907944 -0.409132
    outer loop
      vertex -36.938 -10.5949 29.1981
      vertex -35.1347 -12.3673 32.7311
      vertex -38.0513 -10.9068 30.1374
    endloop
  endfacet
  facet normal -0.0907997 -0.907942 -0.409142
    outer loop
      vertex -35.1347 -12.3673 32.7311
      vertex -36.938 -10.5949 29.1981
      vertex -34.0913 -12.0203 31.7295
    endloop
  endfacet
  facet normal -0.0908909 -0.907917 -0.409177
    outer loop
      vertex -37.2337 -10.4468 28.9351
      vertex -38.0513 -10.9068 30.1374
      vertex -38.3464 -10.759 29.875
    endloop
  endfacet
  facet normal -0.0908346 -0.907936 -0.409147
    outer loop
      vertex -38.0513 -10.9068 30.1374
      vertex -37.2337 -10.4468 28.9351
      vertex -36.938 -10.5949 29.1981
    endloop
  endfacet
  facet normal 0.512134 -0.786561 0.345023
    outer loop
      vertex -38.6667 -11.1806 29.3893
      vertex -37.2337 -10.4468 28.9351
      vertex -38.3464 -10.759 29.875
    endloop
  endfacet
  facet normal 0.512137 -0.786542 0.345063
    outer loop
      vertex -38.6667 -11.1806 29.3893
      vertex -37.5156 -10.8179 28.5076
      vertex -37.2337 -10.4468 28.9351
    endloop
  endfacet
  facet normal 0.512102 -0.786593 0.344997
    outer loop
      vertex -40.0463 -13.6682 25.7654
      vertex -37.5156 -10.8179 28.5076
      vertex -38.6667 -11.1806 29.3893
    endloop
  endfacet
  facet normal 0.512156 -0.786545 0.345027
    outer loop
      vertex -39.4343 -14.2777 23.4675
      vertex -40.0463 -13.6682 25.7654
      vertex -40.6285 -14.7181 24.2362
    endloop
  endfacet
  facet normal 0.51208 -0.786597 0.345021
    outer loop
      vertex -40.0463 -13.6682 25.7654
      vertex -39.4343 -14.2777 23.4675
      vertex -37.5156 -10.8179 28.5076
    endloop
  endfacet
  facet normal 0.512127 -0.786596 0.344953
    outer loop
      vertex -40.8017 -15.0304 23.7812
      vertex -39.4343 -14.2777 23.4675
      vertex -40.6285 -14.7181 24.2362
    endloop
  endfacet
  facet normal 0.512126 -0.78654 0.345083
    outer loop
      vertex -39.4343 -14.2777 23.4675
      vertex -40.8017 -15.0304 23.7812
      vertex -39.6078 -14.5906 23.0118
    endloop
  endfacet
  facet normal -0.0152667 -0.857682 -0.513953
    outer loop
      vertex -40.8017 -15.0304 23.7812
      vertex -39.7277 -14.499 22.8625
      vertex -39.6078 -14.5906 23.0118
    endloop
  endfacet
  facet normal -0.01536 -0.857632 -0.514035
    outer loop
      vertex -42.2462 -12.5744 19.7267
      vertex -40.8017 -15.0304 23.7812
      vertex -43.568 -12.9164 20.3368
    endloop
  endfacet
  facet normal -0.0153615 -0.857632 -0.514035
    outer loop
      vertex -40.8017 -15.0304 23.7812
      vertex -42.2462 -12.5744 19.7267
      vertex -39.7277 -14.499 22.8625
    endloop
  endfacet
  facet normal -0.0153257 -0.857631 -0.514037
    outer loop
      vertex -42.6143 -12.1575 19.0422
      vertex -43.568 -12.9164 20.3368
      vertex -43.919 -12.5188 19.6839
    endloop
  endfacet
  facet normal -0.0153789 -0.857613 -0.514066
    outer loop
      vertex -43.568 -12.9164 20.3368
      vertex -42.6143 -12.1575 19.0422
      vertex -42.2462 -12.5744 19.7267
    endloop
  endfacet
  facet normal -0.0153073 -0.857627 -0.514044
    outer loop
      vertex -42.8566 -11.883 18.5915
      vertex -43.919 -12.5188 19.6839
      vertex -44.161 -12.2447 19.2338
    endloop
  endfacet
  facet normal -0.015351 -0.857608 -0.514075
    outer loop
      vertex -43.919 -12.5188 19.6839
      vertex -42.8566 -11.883 18.5915
      vertex -42.6143 -12.1575 19.0422
    endloop
  endfacet
  facet normal -0.240827 -0.55071 -0.7992
    outer loop
      vertex -44.161 -12.2447 19.2338
      vertex -43.3387 -10.9322 18.0816
      vertex -42.8566 -11.883 18.5915
    endloop
  endfacet
  facet normal -0.240874 -0.550684 -0.799204
    outer loop
      vertex -44.9643 -10.6606 18.3844
      vertex -43.3387 -10.9322 18.0816
      vertex -44.161 -12.2447 19.2338
    endloop
  endfacet
  facet normal -0.240871 -0.550593 -0.799267
    outer loop
      vertex -43.3387 -10.9322 18.0816
      vertex -44.9643 -10.6606 18.3844
      vertex -43.6331 -10.3518 17.7705
    endloop
  endfacet
  facet normal -0.240823 -0.550691 -0.799214
    outer loop
      vertex -44.9643 -10.6606 18.3844
      vertex -43.7338 -10.1532 17.664
      vertex -43.6331 -10.3518 17.7705
    endloop
  endfacet
  facet normal -0.240984 -0.55046 -0.799325
    outer loop
      vertex -43.7338 -10.1532 17.664
      vertex -44.9643 -10.6606 18.3844
      vertex -45.0649 -10.4622 18.2781
    endloop
  endfacet
  facet normal -0.171507 0.977817 0.120249
    outer loop
      vertex -43.3387 -10.2192 18.7635
      vertex -44.3661 -10.5789 20.2231
      vertex -43.0585 -10.266 19.5437
    endloop
  endfacet
  facet normal -0.17147 0.97782 0.120275
    outer loop
      vertex -43.3387 -10.2192 18.7635
      vertex -45.0649 -10.4622 18.2781
      vertex -44.3661 -10.5789 20.2231
    endloop
  endfacet
  facet normal -0.171481 0.977813 0.120316
    outer loop
      vertex -45.0649 -10.4622 18.2781
      vertex -43.3387 -10.2192 18.7635
      vertex -43.7338 -10.1532 17.664
    endloop
  endfacet
  facet normal -0.175964 0.976755 0.122418
    outer loop
      vertex -44.2477 -10.5878 20.4643
      vertex -44.3661 -10.5789 20.2231
      vertex -44.3253 -10.5858 20.3368
    endloop
  endfacet
  facet normal -0.171812 0.977831 0.119693
    outer loop
      vertex -42.9927 -10.277 19.7267
      vertex -44.2477 -10.5878 20.4643
      vertex -42.9529 -10.278 19.792
    endloop
  endfacet
  facet normal -0.171479 0.977821 0.120256
    outer loop
      vertex -44.2477 -10.5878 20.4643
      vertex -42.9927 -10.277 19.7267
      vertex -44.3661 -10.5789 20.2231
    endloop
  endfacet
  facet normal -0.17142 0.977812 0.120412
    outer loop
      vertex -44.3661 -10.5789 20.2231
      vertex -42.9927 -10.277 19.7267
      vertex -43.0585 -10.266 19.5437
    endloop
  endfacet
  facet normal -0.324219 -0.450354 -0.831903
    outer loop
      vertex -44.448 -10.208 20.3368
      vertex -43.3387 -9.45328 19.4959
      vertex -43.0555 -10.0835 19.7267
    endloop
  endfacet
  facet normal -0.324187 -0.450376 -0.831904
    outer loop
      vertex -44.7599 -9.51401 20.0827
      vertex -43.5757 -8.67961 19.1695
      vertex -43.4377 -9.23297 19.4153
    endloop
  endfacet
  facet normal -0.324212 -0.450327 -0.831921
    outer loop
      vertex -44.2477 -10.5878 20.4643
      vertex -43.0555 -10.0835 19.7267
      vertex -42.9529 -10.278 19.792
    endloop
  endfacet
  facet normal -0.324239 -0.450281 -0.831935
    outer loop
      vertex -44.448 -10.208 20.3368
      vertex -43.0555 -10.0835 19.7267
      vertex -44.2477 -10.5878 20.4643
    endloop
  endfacet
  facet normal -0.324399 -0.450141 -0.831949
    outer loop
      vertex -43.3387 -9.45328 19.4959
      vertex -44.448 -10.208 20.3368
      vertex -43.4377 -9.23297 19.4153
    endloop
  endfacet
  facet normal -0.324211 -0.450315 -0.831928
    outer loop
      vertex -44.7599 -9.51401 20.0827
      vertex -43.4377 -9.23297 19.4153
      vertex -44.448 -10.208 20.3368
    endloop
  endfacet
  facet normal -0.324221 -0.450336 -0.831913
    outer loop
      vertex -45.433 -6.81503 18.884
      vertex -43.5757 -8.67961 19.1695
      vertex -44.7599 -9.51401 20.0827
    endloop
  endfacet
  facet normal -0.324245 -0.450356 -0.831892
    outer loop
      vertex -43.5757 -8.67961 19.1695
      vertex -45.433 -6.81503 18.884
      vertex -44.0876 -6.62753 18.2581
    endloop
  endfacet
  facet normal -0.324276 -0.450262 -0.831931
    outer loop
      vertex -45.433 -6.81503 18.884
      vertex -44.1993 -6.1794 18.0591
      vertex -44.0876 -6.62753 18.2581
    endloop
  endfacet
  facet normal -0.324162 -0.450426 -0.831887
    outer loop
      vertex -44.1993 -6.1794 18.0591
      vertex -45.433 -6.81503 18.884
      vertex -45.5447 -6.36748 18.6852
    endloop
  endfacet
  facet normal 0.224588 -0.954568 0.195857
    outer loop
      vertex -45.5447 -6.36748 18.6852
      vertex -44.5457 -6.501 16.8889
      vertex -44.1993 -6.1794 18.0591
    endloop
  endfacet
  facet normal 0.224608 -0.954561 0.195867
    outer loop
      vertex -46.1954 -6.97166 16.4869
      vertex -44.5457 -6.501 16.8889
      vertex -45.5447 -6.36748 18.6852
    endloop
  endfacet
  facet normal 0.224617 -0.954566 0.195836
    outer loop
      vertex -44.5457 -6.501 16.8889
      vertex -46.1954 -6.97166 16.4869
      vertex -44.8283 -6.76332 15.9344
    endloop
  endfacet
  facet normal 0.224602 -0.954577 0.195796
    outer loop
      vertex -46.2797 -7.04987 16.2023
      vertex -44.8283 -6.76332 15.9344
      vertex -46.1954 -6.97166 16.4869
    endloop
  endfacet
  facet normal 0.224618 -0.95455 0.195912
    outer loop
      vertex -44.8283 -6.76332 15.9344
      vertex -46.2797 -7.04987 16.2023
      vertex -44.9126 -6.84163 15.6495
    endloop
  endfacet
  facet normal -0.160888 -0.72411 -0.670656
    outer loop
      vertex -45.0804 -6.44499 15.2615
      vertex -46.2797 -7.04987 16.2023
      vertex -46.4534 -6.63923 15.8006
    endloop
  endfacet
  facet normal -0.160888 -0.724111 -0.670655
    outer loop
      vertex -46.2797 -7.04987 16.2023
      vertex -45.0804 -6.44499 15.2615
      vertex -44.9126 -6.84163 15.6495
    endloop
  endfacet
  facet normal -0.16104 -0.723868 -0.670881
    outer loop
      vertex -45.1064 -6.38356 15.2014
      vertex -46.4534 -6.63923 15.8006
      vertex -46.4793 -6.57786 15.7406
    endloop
  endfacet
  facet normal -0.160859 -0.724166 -0.670602
    outer loop
      vertex -46.4534 -6.63923 15.8006
      vertex -45.1064 -6.38356 15.2014
      vertex -45.0804 -6.44499 15.2615
    endloop
  endfacet
  facet normal 0.380908 -0.450082 0.807673
    outer loop
      vertex -46.4793 -6.57786 15.7406
      vertex -45.1316 -6.7663 15
      vertex -45.1064 -6.38356 15.2014
    endloop
  endfacet
  facet normal 0.380891 -0.450129 0.807655
    outer loop
      vertex -45.1316 -6.7663 15
      vertex -46.4793 -6.57786 15.7406
      vertex -46.572 -7.98514 15
    endloop
  endfacet
  facet normal 0.0486995 0.949797 0.309052
    outer loop
      vertex -45.0293 -3.80455 16.273
      vertex -46.4919 -3.83264 16.5898
      vertex -46.396 -3.92398 16.8554
    endloop
  endfacet
  facet normal 0.0487102 0.949781 0.3091
    outer loop
      vertex -45.4889 -3.36669 15
      vertex -46.4919 -3.83264 16.5898
      vertex -45.0293 -3.80455 16.273
    endloop
  endfacet
  facet normal 0.0487027 0.949783 0.309096
    outer loop
      vertex -46.4919 -3.83264 16.5898
      vertex -45.4889 -3.36669 15
      vertex -47.066 -3.28582 15
    endloop
  endfacet
  facet normal 0.0487136 0.949781 0.309099
    outer loop
      vertex -44.9088 -3.91932 16.6067
      vertex -46.396 -3.92398 16.8554
      vertex -46.2757 -4.03862 17.1887
    endloop
  endfacet
  facet normal 0.0487094 0.94979 0.309074
    outer loop
      vertex -46.396 -3.92398 16.8554
      vertex -44.9088 -3.91932 16.6067
      vertex -45.0293 -3.80455 16.273
    endloop
  endfacet
  facet normal 3.61996e-07 0.979629 0.200818
    outer loop
      vertex -44.0328 -4.43758 19.1349
      vertex -46.2757 -4.03862 17.1887
      vertex -45.3731 -4.57265 19.7938
    endloop
  endfacet
  facet normal 3.22621e-06 0.979629 0.200815
    outer loop
      vertex -46.2757 -4.03862 17.1887
      vertex -44.0328 -4.43758 19.1349
      vertex -44.9088 -3.91932 16.6067
    endloop
  endfacet
  facet normal 0.352695 0.464075 0.812552
    outer loop
      vertex -43.7055 -5.72261 19.7267
      vertex -43.9778 -8.90069 21.66
      vertex -42.6966 -8.62425 20.946
    endloop
  endfacet
  facet normal 0.352716 0.464048 0.812558
    outer loop
      vertex -45.0727 -5.75172 20.3368
      vertex -43.7055 -5.72261 19.7267
      vertex -44.0328 -4.43758 19.1349
    endloop
  endfacet
  facet normal 0.352711 0.464071 0.812547
    outer loop
      vertex -43.7055 -5.72261 19.7267
      vertex -45.0727 -5.75172 20.3368
      vertex -43.9778 -8.90069 21.66
    endloop
  endfacet
  facet normal 0.352692 0.464067 0.812558
    outer loop
      vertex -45.0727 -5.75172 20.3368
      vertex -44.0328 -4.43758 19.1349
      vertex -45.3731 -4.57265 19.7938
    endloop
  endfacet
  facet normal 0.352677 0.464112 0.812539
    outer loop
      vertex -42.5505 -9.04438 21.1226
      vertex -43.7799 -9.41709 21.8691
      vertex -42.4989 -9.14154 21.1557
    endloop
  endfacet
  facet normal 0.352641 0.464171 0.812521
    outer loop
      vertex -43.8331 -9.317 21.835
      vertex -42.5505 -9.04438 21.1226
      vertex -42.6966 -8.62425 20.946
    endloop
  endfacet
  facet normal 0.352614 0.464234 0.812496
    outer loop
      vertex -42.5505 -9.04438 21.1226
      vertex -43.8331 -9.317 21.835
      vertex -43.7799 -9.41709 21.8691
    endloop
  endfacet
  facet normal 0.35267 0.464135 0.812529
    outer loop
      vertex -43.8331 -9.317 21.835
      vertex -42.6966 -8.62425 20.946
      vertex -43.9778 -8.90069 21.66
    endloop
  endfacet
  facet normal 0.0866904 0.867068 0.490589
    outer loop
      vertex -42.4989 -9.14154 21.1557
      vertex -42.7253 -10.2556 23.1647
      vertex -41.4787 -9.95266 22.409
    endloop
  endfacet
  facet normal 0.0867027 0.867067 0.490589
    outer loop
      vertex -42.7253 -10.2556 23.1647
      vertex -42.4989 -9.14154 21.1557
      vertex -43.7799 -9.41709 21.8691
    endloop
  endfacet
  facet normal 0.0866255 0.86715 0.490457
    outer loop
      vertex -41.4787 -9.95266 22.409
      vertex -42.6103 -10.3469 23.3059
      vertex -41.3635 -10.0442 22.5505
    endloop
  endfacet
  facet normal 0.0864857 0.867241 0.49032
    outer loop
      vertex -42.6103 -10.3469 23.3059
      vertex -41.4787 -9.95266 22.409
      vertex -42.7253 -10.2556 23.1647
    endloop
  endfacet
  facet normal -0.448806 0.785618 -0.425885
    outer loop
      vertex -39.5151 -6.67883 26.8107
      vertex -41.9175 -8.90985 25.2269
      vertex -40.6994 -6.86875 27.7084
    endloop
  endfacet
  facet normal -0.448828 0.785621 -0.425857
    outer loop
      vertex -40.691 -8.64914 24.4152
      vertex -41.9175 -8.90985 25.2269
      vertex -39.5151 -6.67883 26.8107
    endloop
  endfacet
  facet normal -0.448822 0.785631 -0.425844
    outer loop
      vertex -40.691 -8.64914 24.4152
      vertex -42.6103 -10.3469 23.3059
      vertex -41.9175 -8.90985 25.2269
    endloop
  endfacet
  facet normal -0.448778 0.785622 -0.425906
    outer loop
      vertex -42.6103 -10.3469 23.3059
      vertex -40.691 -8.64914 24.4152
      vertex -41.3635 -10.0442 22.5505
    endloop
  endfacet
  facet normal -0.448807 0.785657 -0.425812
    outer loop
      vertex -39.3028 -6.32309 27.2432
      vertex -40.6937 -6.85928 27.7199
      vertex -40.4874 -6.51369 28.1401
    endloop
  endfacet
  facet normal -0.448716 0.78616 -0.424979
    outer loop
      vertex -40.6937 -6.85928 27.7199
      vertex -39.3028 -6.32309 27.2432
      vertex -40.6994 -6.86875 27.7084
    endloop
  endfacet
  facet normal -0.448801 0.785646 -0.425838
    outer loop
      vertex -39.4878 -6.63306 26.8663
      vertex -40.6994 -6.86875 27.7084
      vertex -39.3028 -6.32309 27.2432
    endloop
  endfacet
  facet normal -0.448948 0.785412 -0.426115
    outer loop
      vertex -40.6994 -6.86875 27.7084
      vertex -39.4878 -6.63306 26.8663
      vertex -39.5151 -6.67883 26.8107
    endloop
  endfacet
  facet normal -0.276836 -0.798061 -0.535221
    outer loop
      vertex -42.4981 -2.02743 22.4907
      vertex -40.4874 -6.51369 28.1401
      vertex -43.788 -2.0766 23.2312
    endloop
  endfacet
  facet normal -0.276829 -0.798061 -0.535223
    outer loop
      vertex -40.4874 -6.51369 28.1401
      vertex -42.4981 -2.02743 22.4907
      vertex -39.3028 -6.32309 27.2432
    endloop
  endfacet
  facet normal -0.276812 -0.798092 -0.535186
    outer loop
      vertex -42.7784 -1.65064 22.0738
      vertex -43.788 -2.0766 23.2312
      vertex -44.0678 -1.70039 22.8149
    endloop
  endfacet
  facet normal -0.276816 -0.798089 -0.535189
    outer loop
      vertex -43.788 -2.0766 23.2312
      vertex -42.7784 -1.65064 22.0738
      vertex -42.4981 -2.02743 22.4907
    endloop
  endfacet
  facet normal -0.108821 -0.961101 -0.253857
    outer loop
      vertex -43.3233 -1.35394 21.1841
      vertex -44.0678 -1.70039 22.8149
      vertex -44.6867 -1.36341 21.8044
    endloop
  endfacet
  facet normal -0.108826 -0.961099 -0.253859
    outer loop
      vertex -44.0678 -1.70039 22.8149
      vertex -43.3233 -1.35394 21.1841
      vertex -42.7784 -1.65064 22.0738
    endloop
  endfacet
  facet normal -0.108805 -0.961107 -0.253839
    outer loop
      vertex -44.2157 -0.867987 19.7267
      vertex -44.6867 -1.36341 21.8044
      vertex -45.5854 -0.87406 20.3368
    endloop
  endfacet
  facet normal -0.108813 -0.961106 -0.253841
    outer loop
      vertex -44.6867 -1.36341 21.8044
      vertex -44.2157 -0.867987 19.7267
      vertex -43.3233 -1.35394 21.1841
    endloop
  endfacet
  facet normal -0.108809 -0.961105 -0.253847
    outer loop
      vertex -45.8204 -0.673532 19.6783
      vertex -44.2157 -0.867987 19.7267
      vertex -45.5854 -0.87406 20.3368
    endloop
  endfacet
  facet normal -0.108825 -0.9611 -0.253859
    outer loop
      vertex -44.7004 -0.454466 18.3688
      vertex -45.8204 -0.673532 19.6783
      vertex -46.0659 -0.464142 18.9908
    endloop
  endfacet
  facet normal -0.108809 -0.961105 -0.253846
    outer loop
      vertex -45.8204 -0.673532 19.6783
      vertex -44.7004 -0.454466 18.3688
      vertex -44.2157 -0.867987 19.7267
    endloop
  endfacet
  facet normal -0.108815 -0.961107 -0.253837
    outer loop
      vertex -46.2192 -0.333298 18.5611
      vertex -44.7004 -0.454466 18.3688
      vertex -46.0659 -0.464142 18.9908
    endloop
  endfacet
  facet normal -0.108816 -0.961105 -0.253843
    outer loop
      vertex -44.7004 -0.454466 18.3688
      vertex -46.2192 -0.333298 18.5611
      vertex -44.854 -0.323453 17.9386
    endloop
  endfacet
  facet normal -0.18114 0.905853 -0.382909
    outer loop
      vertex -43.3223 1.35526 21.1855
      vertex -43.9742 1.9621 22.9295
      vertex -42.6979 1.89568 22.1686
    endloop
  endfacet
  facet normal -0.181123 0.905858 -0.382904
    outer loop
      vertex -43.9742 1.9621 22.9295
      vertex -43.3223 1.35526 21.1855
      vertex -44.7219 1.315 21.7523
    endloop
  endfacet
  facet normal -0.181121 0.905861 -0.382899
    outer loop
      vertex -44.2488 0.553391 19.7267
      vertex -44.7219 1.315 21.7523
      vertex -43.3223 1.35526 21.1855
    endloop
  endfacet
  facet normal -0.18112 0.905861 -0.382899
    outer loop
      vertex -44.7219 1.315 21.7523
      vertex -44.2488 0.553391 19.7267
      vertex -45.6208 0.536953 20.3368
    endloop
  endfacet
  facet normal -0.181132 0.905847 -0.382926
    outer loop
      vertex -45.6208 0.536953 20.3368
      vertex -44.2488 0.553391 19.7267
      vertex -45.754 0.361096 19.9838
    endloop
  endfacet
  facet normal -0.181131 0.905853 -0.382914
    outer loop
      vertex -44.6679 0 18.6158
      vertex -45.754 0.361096 19.9838
      vertex -44.2488 0.553391 19.7267
    endloop
  endfacet
  facet normal -0.181116 0.90586 -0.382904
    outer loop
      vertex -45.754 0.361096 19.9838
      vertex -44.6679 0 18.6158
      vertex -46.0275 0 19.2589
    endloop
  endfacet
  facet normal -0.181121 0.905854 -0.382915
    outer loop
      vertex -44.6679 0 18.6158
      vertex -46.2192 -0.333298 18.5611
      vertex -46.0275 0 19.2589
    endloop
  endfacet
  facet normal -0.181124 0.905862 -0.382895
    outer loop
      vertex -46.2192 -0.333298 18.5611
      vertex -44.6679 0 18.6158
      vertex -44.854 -0.323453 17.9386
    endloop
  endfacet
  facet normal -0.181134 0.905848 -0.382923
    outer loop
      vertex -42.6979 1.89568 22.1686
      vertex -43.6367 2.2542 23.4608
      vertex -42.3599 2.18824 22.7008
    endloop
  endfacet
  facet normal -0.181157 0.905837 -0.382937
    outer loop
      vertex -43.6367 2.2542 23.4608
      vertex -42.6979 1.89568 22.1686
      vertex -43.9742 1.9621 22.9295
    endloop
  endfacet
  facet normal 0.329959 0.810414 0.484104
    outer loop
      vertex -38.9569 -2.66768 28.5076
      vertex -40.0712 -2.79743 29.4843
      vertex -38.9237 -2.70091 28.5406
    endloop
  endfacet
  facet normal 0.330064 0.810308 0.484209
    outer loop
      vertex -40.0712 -2.79743 29.4843
      vertex -38.9569 -2.66768 28.5076
      vertex -40.1669 -2.70168 29.3893
    endloop
  endfacet
  facet normal 0.330061 0.810312 0.484205
    outer loop
      vertex -38.9569 -2.66768 28.5076
      vertex -42.2438 0 26.2838
      vertex -40.1669 -2.70168 29.3893
    endloop
  endfacet
  facet normal 0.330062 0.810312 0.484204
    outer loop
      vertex -41.0077 0 25.4412
      vertex -42.2438 0 26.2838
      vertex -38.9569 -2.66768 28.5076
    endloop
  endfacet
  facet normal 0.330057 0.810319 0.484196
    outer loop
      vertex -41.0077 0 25.4412
      vertex -43.6367 2.2542 23.4608
      vertex -42.2438 0 26.2838
    endloop
  endfacet
  facet normal 0.330067 0.810321 0.484185
    outer loop
      vertex -43.6367 2.2542 23.4608
      vertex -41.0077 0 25.4412
      vertex -42.3599 2.18824 22.7008
    endloop
  endfacet
  facet normal 0.330103 0.810282 0.484227
    outer loop
      vertex -38.9237 -2.70091 28.5406
      vertex -39.5773 -3.29196 29.9752
      vertex -38.4288 -3.19643 29.0324
    endloop
  endfacet
  facet normal 0.330061 0.810304 0.484218
    outer loop
      vertex -39.5773 -3.29196 29.9752
      vertex -38.9237 -2.70091 28.5406
      vertex -40.0712 -2.79743 29.4843
    endloop
  endfacet
  facet normal 0.254411 0.880847 0.399228
    outer loop
      vertex -33.2763 -7.0731 34.3023
      vertex -33.2213 -7.98353 36.276
      vertex -32.2739 -7.74075 35.1366
    endloop
  endfacet
  facet normal 0.254463 0.880835 0.399221
    outer loop
      vertex -33.2213 -7.98353 36.276
      vertex -33.2763 -7.0731 34.3023
      vertex -34.2708 -7.28449 35.4026
    endloop
  endfacet
  facet normal 0.254439 0.880851 0.399202
    outer loop
      vertex -36.0665 -4.97379 31.4485
      vertex -34.2708 -7.28449 35.4026
      vertex -33.2763 -7.0731 34.3023
    endloop
  endfacet
  facet normal 0.254443 0.880851 0.3992
    outer loop
      vertex -36.0665 -4.97379 31.4485
      vertex -39.5773 -3.29196 29.9752
      vertex -34.2708 -7.28449 35.4026
    endloop
  endfacet
  facet normal 0.25444 0.880849 0.399206
    outer loop
      vertex -39.5773 -3.29196 29.9752
      vertex -36.0665 -4.97379 31.4485
      vertex -38.4288 -3.19643 29.0324
    endloop
  endfacet
  facet normal 0.254417 0.880857 0.399204
    outer loop
      vertex -32.2061 -7.78591 35.193
      vertex -32.6917 -8.33624 36.7168
      vertex -31.743 -8.09433 35.5784
    endloop
  endfacet
  facet normal 0.254441 0.880848 0.399208
    outer loop
      vertex -32.6917 -8.33624 36.7168
      vertex -32.2061 -7.78591 35.193
      vertex -33.1917 -8.00323 36.3007
    endloop
  endfacet
  facet normal 0.254532 0.88079 0.399277
    outer loop
      vertex -32.2739 -7.74075 35.1366
      vertex -33.1917 -8.00323 36.3007
      vertex -32.2061 -7.78591 35.193
    endloop
  endfacet
  facet normal 0.253752 0.881247 0.398766
    outer loop
      vertex -33.1917 -8.00323 36.3007
      vertex -32.2739 -7.74075 35.1366
      vertex -33.2213 -7.98353 36.276
    endloop
  endfacet
  facet normal -0.313691 0.947623 -0.0600686
    outer loop
      vertex -16.6292 -2.47614 45.2794
      vertex -16.6873 -2.39326 46.8903
      vertex -16.2416 -2.33648 45.4585
    endloop
  endfacet
  facet normal -0.313701 0.94762 -0.0600688
    outer loop
      vertex -16.6292 -2.47614 45.2794
      vertex -24.4259 -5.18173 43.3144
      vertex -16.6873 -2.39326 46.8903
    endloop
  endfacet
  facet normal -0.313705 0.947619 -0.0600533
    outer loop
      vertex -23.7212 -5.0316 42.0022
      vertex -24.4259 -5.18173 43.3144
      vertex -16.6292 -2.47614 45.2794
    endloop
  endfacet
  facet normal -0.313989 0.947515 -0.0602174
    outer loop
      vertex -24.49 -5.20552 43.2743
      vertex -24.4259 -5.18173 43.3144
      vertex -23.7212 -5.0316 42.0022
    endloop
  endfacet
  facet normal -0.314726 0.947351 -0.0589414
    outer loop
      vertex -24.4259 -5.18173 43.3144
      vertex -24.49 -5.20552 43.2743
      vertex -24.4543 -5.19198 43.3013
    endloop
  endfacet
  facet normal -0.313785 0.947591 -0.0600841
    outer loop
      vertex -23.7842 -5.05548 41.9546
      vertex -24.49 -5.20552 43.2743
      vertex -23.7212 -5.0316 42.0022
    endloop
  endfacet
  facet normal -0.313713 0.947618 -0.0600425
    outer loop
      vertex -23.7842 -5.05548 41.9546
      vertex -30.7646 -7.59313 38.3758
      vertex -24.49 -5.20552 43.2743
    endloop
  endfacet
  facet normal -0.313703 0.94762 -0.0600628
    outer loop
      vertex -29.8485 -7.3631 37.2203
      vertex -30.7646 -7.59313 38.3758
      vertex -23.7842 -5.05548 41.9546
    endloop
  endfacet
  facet normal -0.313698 0.947621 -0.0600585
    outer loop
      vertex -31.3571 -7.93715 36.0425
      vertex -30.7646 -7.59313 38.3758
      vertex -29.8485 -7.3631 37.2203
    endloop
  endfacet
  facet normal -0.313722 0.947614 -0.0600515
    outer loop
      vertex -30.7646 -7.59313 38.3758
      vertex -31.3571 -7.93715 36.0425
      vertex -32.3254 -8.18708 37.1572
    endloop
  endfacet
  facet normal -0.313702 0.947622 -0.0600325
    outer loop
      vertex -32.3254 -8.18708 37.1572
      vertex -31.3571 -7.93715 36.0425
      vertex -32.6917 -8.33624 36.7168
    endloop
  endfacet
  facet normal -0.313721 0.947613 -0.0600754
    outer loop
      vertex -32.6917 -8.33624 36.7168
      vertex -31.3571 -7.93715 36.0425
      vertex -31.743 -8.09433 35.5784
    endloop
  endfacet
  facet normal -0.313705 0.947619 -0.0600585
    outer loop
      vertex -15.2053 -1.96305 45.9373
      vertex -16.6873 -2.39326 46.8903
      vertex -15.6542 -2.021 47.3677
    endloop
  endfacet
  facet normal -0.313715 0.947615 -0.0600764
    outer loop
      vertex -16.6873 -2.39326 46.8903
      vertex -15.2053 -1.96305 45.9373
      vertex -16.2416 -2.33648 45.4585
    endloop
  endfacet
  facet normal -0.944046 0.15731 -0.28988
    outer loop
      vertex -13.2995 8.93277 45.6432
      vertex -13.5828 9.71627 46.991
      vertex -13.197 9.42019 45.5739
    endloop
  endfacet
  facet normal -0.944041 0.157325 -0.289888
    outer loop
      vertex -13.2995 8.93277 45.6432
      vertex -14.2621 6.48676 47.4505
      vertex -13.5828 9.71627 46.991
    endloop
  endfacet
  facet normal -0.944029 0.157268 -0.28996
    outer loop
      vertex -13.8786 6.17917 46.0351
      vertex -14.2621 6.48676 47.4505
      vertex -13.2995 8.93277 45.6432
    endloop
  endfacet
  facet normal -0.944056 0.157141 -0.28994
    outer loop
      vertex -14.2621 6.48676 47.4505
      vertex -13.8786 6.17917 46.0351
      vertex -14.2884 6.3616 47.4683
    endloop
  endfacet
  facet normal -0.94401 0.157385 -0.289957
    outer loop
      vertex -14.2884 6.3616 47.4683
      vertex -13.8786 6.17917 46.0351
      vertex -14.3064 6.26432 47.4741
    endloop
  endfacet
  facet normal -0.943872 0.158199 -0.289965
    outer loop
      vertex -13.8981 6.07419 46.0413
      vertex -14.3064 6.26432 47.4741
      vertex -13.8786 6.17917 46.0351
    endloop
  endfacet
  facet normal -0.944043 0.157301 -0.289894
    outer loop
      vertex -13.8981 6.07419 46.0413
      vertex -14.5505 4.94439 47.5528
      vertex -14.3064 6.26432 47.4741
    endloop
  endfacet
  facet normal -0.944043 0.157298 -0.289897
    outer loop
      vertex -14.1615 4.64983 46.1262
      vertex -14.5505 4.94439 47.5528
      vertex -13.8981 6.07419 46.0413
    endloop
  endfacet
  facet normal -0.944055 0.157243 -0.289888
    outer loop
      vertex -14.1615 4.64983 46.1262
      vertex -14.8644 3.15954 47.6069
      vertex -14.5505 4.94439 47.5528
    endloop
  endfacet
  facet normal -0.944056 0.157256 -0.289876
    outer loop
      vertex -14.4395 3.06921 46.1741
      vertex -14.8644 3.15954 47.6069
      vertex -14.1615 4.64983 46.1262
    endloop
  endfacet
  facet normal -0.944216 0.156316 -0.289864
    outer loop
      vertex -14.4433 3.0457 46.1738
      vertex -14.8644 3.15954 47.6069
      vertex -14.4395 3.06921 46.1741
    endloop
  endfacet
  facet normal -0.944044 0.157303 -0.289892
    outer loop
      vertex -14.4433 3.0457 46.1738
      vertex -15.3777 0.00768573 47.5682
      vertex -14.8644 3.15954 47.6069
    endloop
  endfacet
  facet normal -0.944042 0.1573 -0.289899
    outer loop
      vertex -14.9393 0 46.1364
      vertex -15.3777 0.00768573 47.5682
      vertex -14.4433 3.0457 46.1738
    endloop
  endfacet
  facet normal -0.943724 0.159353 -0.289812
    outer loop
      vertex -15.3801 -0.00743696 47.5677
      vertex -15.3777 0.00768573 47.5682
      vertex -14.9393 0 46.1364
    endloop
  endfacet
  facet normal -0.876328 0.154164 -0.45638
    outer loop
      vertex -15.3777 0.00768573 47.5682
      vertex -15.3801 -0.00743696 47.5677
      vertex -15.379 0 47.5681
    endloop
  endfacet
  facet normal -0.944003 0.157713 -0.289802
    outer loop
      vertex -15.4212 -0.281775 47.5528
      vertex -14.9393 0 46.1364
      vertex -14.9676 -0.188134 46.1262
    endloop
  endfacet
  facet normal -0.944054 0.15718 -0.289925
    outer loop
      vertex -14.9393 0 46.1364
      vertex -15.4212 -0.281775 47.5528
      vertex -15.3801 -0.00743696 47.5677
    endloop
  endfacet
  facet normal -0.944046 0.157281 -0.289896
    outer loop
      vertex -15.6542 -2.021 47.3677
      vertex -14.9676 -0.188134 46.1262
      vertex -15.2053 -1.96305 45.9373
    endloop
  endfacet
  facet normal -0.944055 0.15732 -0.289844
    outer loop
      vertex -14.9676 -0.188134 46.1262
      vertex -15.6542 -2.021 47.3677
      vertex -15.4212 -0.281775 47.5528
    endloop
  endfacet
  facet normal -0.944034 0.15737 -0.289886
    outer loop
      vertex -13.1664 9.56592 45.5531
      vertex -13.4588 10.2585 46.8813
      vertex -13.0729 9.96434 45.4649
    endloop
  endfacet
  facet normal -0.944027 0.157394 -0.289897
    outer loop
      vertex -13.4588 10.2585 46.8813
      vertex -13.1664 9.56592 45.5531
      vertex -13.5551 9.84833 46.9722
    endloop
  endfacet
  facet normal -0.944155 0.156782 -0.28981
    outer loop
      vertex -13.5551 9.84833 46.9722
      vertex -13.1664 9.56592 45.5531
      vertex -13.5828 9.71627 46.991
    endloop
  endfacet
  facet normal -0.944137 0.156882 -0.289816
    outer loop
      vertex -13.5828 9.71627 46.991
      vertex -13.1664 9.56592 45.5531
      vertex -13.197 9.42019 45.5739
    endloop
  endfacet
  facet normal -0.326774 -0.939138 0.106012
    outer loop
      vertex -14.5852 10.5967 46.4053
      vertex -13.0729 9.96434 45.4649
      vertex -13.4588 10.2585 46.8813
    endloop
  endfacet
  facet normal -0.326822 -0.939131 0.10593
    outer loop
      vertex -14.5852 10.5967 46.4053
      vertex -14.1669 10.2929 45.0025
      vertex -13.0729 9.96434 45.4649
    endloop
  endfacet
  facet normal -0.326798 -0.939138 0.105939
    outer loop
      vertex -17.98 11.6041 44.8636
      vertex -14.1669 10.2929 45.0025
      vertex -14.5852 10.5967 46.4053
    endloop
  endfacet
  facet normal -0.326822 -0.939122 0.106008
    outer loop
      vertex -20.7736 12.2533 42.0022
      vertex -17.98 11.6041 44.8636
      vertex -21.4203 12.625 43.3013
    endloop
  endfacet
  facet normal -0.326755 -0.939141 0.106047
    outer loop
      vertex -20.7736 12.2533 42.0022
      vertex -21.4203 12.625 43.3013
      vertex -22.294 12.857 42.6638
    endloop
  endfacet
  facet normal -0.326798 -0.939133 0.105982
    outer loop
      vertex -17.98 11.6041 44.8636
      vertex -20.7736 12.2533 42.0022
      vertex -14.1669 10.2929 45.0025
    endloop
  endfacet
  facet normal -0.326794 -0.939138 0.105955
    outer loop
      vertex -20.7736 12.2533 42.0022
      vertex -22.294 12.857 42.6638
      vertex -21.639 12.4832 41.3708
    endloop
  endfacet
  facet normal -0.326899 -0.939108 0.105893
    outer loop
      vertex -22.6849 12.9609 42.3785
      vertex -21.639 12.4832 41.3708
      vertex -22.294 12.857 42.6638
    endloop
  endfacet
  facet normal -0.326737 -0.939143 0.106078
    outer loop
      vertex -21.639 12.4832 41.3708
      vertex -22.6849 12.9609 42.3785
      vertex -22.0311 12.5873 41.0847
    endloop
  endfacet
  facet normal -0.356255 -0.930181 0.0885735
    outer loop
      vertex -24.3072 13.4669 41.1673
      vertex -22.0311 12.5873 41.0847
      vertex -22.6849 12.9609 42.3785
    endloop
  endfacet
  facet normal -0.356254 -0.930181 0.0885772
    outer loop
      vertex -24.3072 13.4669 41.1673
      vertex -23.5816 13.0709 39.9271
      vertex -22.0311 12.5873 41.0847
    endloop
  endfacet
  facet normal -0.356247 -0.930183 0.0885822
    outer loop
      vertex -27.7777 14.5493 38.5762
      vertex -23.5816 13.0709 39.9271
      vertex -24.3072 13.4669 41.1673
    endloop
  endfacet
  facet normal -0.356247 -0.930184 0.0885797
    outer loop
      vertex -23.5816 13.0709 39.9271
      vertex -27.7777 14.5493 38.5762
      vertex -26.9684 14.1272 37.3985
    endloop
  endfacet
  facet normal -0.356191 -0.930201 0.0886237
    outer loop
      vertex -28.0551 14.6358 38.3692
      vertex -26.9684 14.1272 37.3985
      vertex -27.7777 14.5493 38.5762
    endloop
  endfacet
  facet normal -0.356339 -0.930162 0.0884382
    outer loop
      vertex -26.9684 14.1272 37.3985
      vertex -28.0551 14.6358 38.3692
      vertex -27.2465 14.214 37.1909
    endloop
  endfacet
  facet normal 0.48928 -0.658697 0.571597
    outer loop
      vertex -28.7071 12.7812 36.7901
      vertex -28.0551 14.6358 38.3692
      vertex -29.5591 13.1605 37.9565
    endloop
  endfacet
  facet normal 0.489288 -0.658678 0.571612
    outer loop
      vertex -30.4033 10.8724 36.0425
      vertex -29.5591 13.1605 37.9565
      vertex -31.3725 11.1198 37.1572
    endloop
  endfacet
  facet normal 0.489309 -0.658692 0.571579
    outer loop
      vertex -28.0551 14.6358 38.3692
      vertex -28.7071 12.7812 36.7901
      vertex -27.2465 14.214 37.1909
    endloop
  endfacet
  facet normal 0.4893 -0.658676 0.571604
    outer loop
      vertex -29.5591 13.1605 37.9565
      vertex -30.4033 10.8724 36.0425
      vertex -28.7071 12.7812 36.7901
    endloop
  endfacet
  facet normal 0.489277 -0.658687 0.571611
    outer loop
      vertex -32.4265 8.28097 34.7881
      vertex -31.3725 11.1198 37.1572
      vertex -33.4147 8.50403 35.891
    endloop
  endfacet
  facet normal 0.489286 -0.65868 0.571611
    outer loop
      vertex -33.3562 7.09008 34.2116
      vertex -33.4147 8.50403 35.891
      vertex -34.3531 7.30198 35.3091
    endloop
  endfacet
  facet normal 0.489282 -0.658686 0.571608
    outer loop
      vertex -31.3725 11.1198 37.1572
      vertex -32.4265 8.28097 34.7881
      vertex -30.4033 10.8724 36.0425
    endloop
  endfacet
  facet normal 0.48929 -0.658674 0.571614
    outer loop
      vertex -33.3562 7.09008 34.2116
      vertex -34.3531 7.30198 35.3091
      vertex -34.9779 6.33382 34.7283
    endloop
  endfacet
  facet normal 0.48928 -0.658683 0.571613
    outer loop
      vertex -33.4147 8.50403 35.891
      vertex -33.3562 7.09008 34.2116
      vertex -32.4265 8.28097 34.7881
    endloop
  endfacet
  facet normal 0.489293 -0.658707 0.571574
    outer loop
      vertex -33.3562 7.09008 34.2116
      vertex -34.9779 6.33382 34.7283
      vertex -33.9524 6.16624 33.6573
    endloop
  endfacet
  facet normal 0.489295 -0.658675 0.57161
    outer loop
      vertex -34.2872 5.64732 33.346
      vertex -34.9779 6.33382 34.7283
      vertex -35.312 5.81609 34.4177
    endloop
  endfacet
  facet normal 0.489347 -0.658632 0.571615
    outer loop
      vertex -34.9779 6.33382 34.7283
      vertex -34.2872 5.64732 33.346
      vertex -33.9524 6.16624 33.6573
    endloop
  endfacet
  facet normal 0.103153 -0.962673 0.25024
    outer loop
      vertex -35.312 5.81609 34.4177
      vertex -36.0608 4.96593 31.4558
      vertex -34.2872 5.64732 33.346
    endloop
  endfacet
  facet normal 0.103156 -0.962673 0.250239
    outer loop
      vertex -39.3199 4.27628 30.1462
      vertex -36.0608 4.96593 31.4558
      vertex -35.312 5.81609 34.4177
    endloop
  endfacet
  facet normal 0.103156 -0.962673 0.250238
    outer loop
      vertex -36.0608 4.96593 31.4558
      vertex -39.3199 4.27628 30.1462
      vertex -38.1704 4.15545 29.2075
    endloop
  endfacet
  facet normal 0.10313 -0.962677 0.250233
    outer loop
      vertex -38.4446 4.05007 28.9152
      vertex -39.3199 4.27628 30.1462
      vertex -39.5936 4.17111 29.8544
    endloop
  endfacet
  facet normal 0.103181 -0.962663 0.250267
    outer loop
      vertex -39.3199 4.27628 30.1462
      vertex -38.4446 4.05007 28.9152
      vertex -38.1704 4.15545 29.2075
    endloop
  endfacet
  facet normal -0.380533 0.735701 -0.560302
    outer loop
      vertex -35.6301 7.5734 31.6298
      vertex -35.0344 9.54346 33.812
      vertex -34.03 9.25371 32.7494
    endloop
  endfacet
  facet normal -0.380548 0.735698 -0.560296
    outer loop
      vertex -35.0344 9.54346 33.812
      vertex -35.6301 7.5734 31.6298
      vertex -36.6949 7.79974 32.6502
    endloop
  endfacet
  facet normal -0.380557 0.735688 -0.560303
    outer loop
      vertex -36.8478 6.04908 30.4554
      vertex -36.6949 7.79974 32.6502
      vertex -35.6301 7.5734 31.6298
    endloop
  endfacet
  facet normal -0.380533 0.735695 -0.56031
    outer loop
      vertex -36.8478 6.04908 30.4554
      vertex -39.5936 4.17111 29.8544
      vertex -36.6949 7.79974 32.6502
    endloop
  endfacet
  facet normal -0.38052 0.735684 -0.560333
    outer loop
      vertex -39.5936 4.17111 29.8544
      vertex -36.8478 6.04908 30.4554
      vertex -38.4446 4.05007 28.9152
    endloop
  endfacet
  facet normal -0.380485 0.735732 -0.560295
    outer loop
      vertex -34.03 9.25371 32.7494
      vertex -34.6446 9.95284 34.0848
      vertex -33.6392 9.66402 33.0228
    endloop
  endfacet
  facet normal -0.380532 0.735702 -0.560301
    outer loop
      vertex -34.6446 9.95284 34.0848
      vertex -34.03 9.25371 32.7494
      vertex -35.0344 9.54346 33.812
    endloop
  endfacet
  facet normal -0.657407 0.281671 -0.698912
    outer loop
      vertex -34.3777 10.6671 34.1217
      vertex -33.3669 10.3931 33.0605
      vertex -33.6392 9.66402 33.0228
    endloop
  endfacet
  facet normal -0.657371 0.281773 -0.698904
    outer loop
      vertex -33.7747 12.281 34.2052
      vertex -33.3669 10.3931 33.0605
      vertex -34.3777 10.6671 34.1217
    endloop
  endfacet
  facet normal -0.657384 0.281765 -0.698895
    outer loop
      vertex -33.3669 10.3931 33.0605
      vertex -33.7747 12.281 34.2052
      vertex -32.7965 11.9196 33.1394
    endloop
  endfacet
  facet normal -0.657349 0.281742 -0.698937
    outer loop
      vertex -34.3777 10.6671 34.1217
      vertex -33.6392 9.66402 33.0228
      vertex -34.6446 9.95284 34.0848
    endloop
  endfacet
  facet normal -0.657258 0.281967 -0.698932
    outer loop
      vertex -32.7965 11.9196 33.1394
      vertex -33.7153 12.4401 34.2134
      vertex -32.7369 12.0791 33.1477
    endloop
  endfacet
  facet normal -0.657491 0.281496 -0.698903
    outer loop
      vertex -33.7153 12.4401 34.2134
      vertex -32.7965 11.9196 33.1394
      vertex -33.7747 12.281 34.2052
    endloop
  endfacet
  facet normal -0.113877 -0.968057 0.223376
    outer loop
      vertex -35.0946 12.2773 32.8047
      vertex -32.7369 12.0791 33.1477
      vertex -33.7153 12.4401 34.2134
    endloop
  endfacet
  facet normal -0.113874 -0.968063 0.223352
    outer loop
      vertex -35.0946 12.2773 32.8047
      vertex -34.0486 11.9243 31.808
      vertex -32.7369 12.0791 33.1477
    endloop
  endfacet
  facet normal -0.11384 -0.968069 0.223344
    outer loop
      vertex -35.3045 11.7761 30.5253
      vertex -35.0946 12.2773 32.8047
      vertex -36.3654 12.1273 31.5068
    endloop
  endfacet
  facet normal -0.113878 -0.968064 0.223347
    outer loop
      vertex -35.0946 12.2773 32.8047
      vertex -35.3045 11.7761 30.5253
      vertex -34.0486 11.9243 31.808
    endloop
  endfacet
  facet normal -0.113954 -0.968066 0.223297
    outer loop
      vertex -35.4864 11.7546 30.3396
      vertex -36.3654 12.1273 31.5068
      vertex -36.5469 12.1059 31.3214
    endloop
  endfacet
  facet normal -0.113718 -0.968054 0.223471
    outer loop
      vertex -36.3654 12.1273 31.5068
      vertex -35.4864 11.7546 30.3396
      vertex -35.3045 11.7761 30.5253
    endloop
  endfacet
  facet normal 0.226063 -0.813808 0.535362
    outer loop
      vertex -37.8128 9.9032 28.5076
      vertex -36.5469 12.1059 31.3214
      vertex -39.0005 10.1533 29.3893
    endloop
  endfacet
  facet normal 0.225995 -0.813856 0.535318
    outer loop
      vertex -38.0694 9.64412 28.2221
      vertex -39.0005 10.1533 29.3893
      vertex -39.2223 9.92931 29.1424
    endloop
  endfacet
  facet normal 0.226055 -0.813808 0.535365
    outer loop
      vertex -36.5469 12.1059 31.3214
      vertex -37.8128 9.9032 28.5076
      vertex -35.4864 11.7546 30.3396
    endloop
  endfacet
  facet normal 0.226048 -0.813823 0.535346
    outer loop
      vertex -39.0005 10.1533 29.3893
      vertex -38.0694 9.64412 28.2221
      vertex -37.8128 9.9032 28.5076
    endloop
  endfacet
  facet normal 0.226053 -0.813797 0.535382
    outer loop
      vertex -38.2394 9.47235 28.0328
      vertex -39.2223 9.92931 29.1424
      vertex -39.3921 9.75787 28.9535
    endloop
  endfacet
  facet normal 0.226076 -0.813782 0.535396
    outer loop
      vertex -39.2223 9.92931 29.1424
      vertex -38.2394 9.47235 28.0328
      vertex -38.0694 9.64412 28.2221
    endloop
  endfacet
  facet normal -0.446504 0.527711 -0.722603
    outer loop
      vertex -37.5528 10.7035 28.5076
      vertex -37.1971 13.3323 30.2076
      vertex -36.1234 12.9365 29.2551
    endloop
  endfacet
  facet normal -0.446509 0.527693 -0.722613
    outer loop
      vertex -38.7619 10.8878 29.3893
      vertex -37.5528 10.7035 28.5076
      vertex -38.2394 9.47235 28.0328
    endloop
  endfacet
  facet normal -0.4465 0.527712 -0.722605
    outer loop
      vertex -37.5528 10.7035 28.5076
      vertex -38.7619 10.8878 29.3893
      vertex -37.1971 13.3323 30.2076
    endloop
  endfacet
  facet normal -0.446468 0.527716 -0.722621
    outer loop
      vertex -38.7619 10.8878 29.3893
      vertex -38.2394 9.47235 28.0328
      vertex -39.3921 9.75787 28.9535
    endloop
  endfacet
  facet normal -0.446542 0.527647 -0.722626
    outer loop
      vertex -36.1234 12.9365 29.2551
      vertex -37.013 13.62 30.3039
      vertex -35.9389 13.2248 29.3516
    endloop
  endfacet
  facet normal -0.446555 0.527633 -0.722628
    outer loop
      vertex -37.013 13.62 30.3039
      vertex -36.1234 12.9365 29.2551
      vertex -37.1971 13.3323 30.2076
    endloop
  endfacet
  facet normal -0.0363032 0.90782 -0.417787
    outer loop
      vertex -32.8594 14.6299 32.1373
      vertex -32.9161 15.4243 33.8684
      vertex -31.9714 14.9726 32.8048
    endloop
  endfacet
  facet normal -0.0363248 0.907819 -0.417787
    outer loop
      vertex -32.9161 15.4243 33.8684
      vertex -32.8594 14.6299 32.1373
      vertex -33.8414 15.0672 33.1729
    endloop
  endfacet
  facet normal -0.0363017 0.907828 -0.417769
    outer loop
      vertex -34.849 13.7221 30.3375
      vertex -33.8414 15.0672 33.1729
      vertex -32.8594 14.6299 32.1373
    endloop
  endfacet
  facet normal -0.036345 0.907832 -0.417755
    outer loop
      vertex -33.8414 15.0672 33.1729
      vertex -34.849 13.7221 30.3375
      vertex -35.9154 14.1208 31.2967
    endloop
  endfacet
  facet normal -0.0363394 0.907835 -0.41775
    outer loop
      vertex -35.9389 13.2248 29.3516
      vertex -35.9154 14.1208 31.2967
      vertex -34.849 13.7221 30.3375
    endloop
  endfacet
  facet normal -0.0363533 0.907834 -0.41775
    outer loop
      vertex -35.9154 14.1208 31.2967
      vertex -35.9389 13.2248 29.3516
      vertex -37.013 13.62 30.3039
    endloop
  endfacet
  facet normal -0.036371 0.907826 -0.417767
    outer loop
      vertex -31.9714 14.9726 32.8048
      vertex -32.5813 15.5534 34.12
      vertex -31.6359 15.1021 33.057
    endloop
  endfacet
  facet normal -0.0361799 0.907866 -0.417697
    outer loop
      vertex -32.5813 15.5534 34.12
      vertex -31.9714 14.9726 32.8048
      vertex -32.9161 15.4243 33.8684
    endloop
  endfacet
  facet normal -0.196905 0.827145 -0.526365
    outer loop
      vertex -31.6359 15.1021 33.057
      vertex -29.8279 17.2874 35.8147
      vertex -28.9682 16.782 34.6989
    endloop
  endfacet
  facet normal -0.196956 0.827151 -0.526336
    outer loop
      vertex -29.8279 17.2874 35.8147
      vertex -31.6359 15.1021 33.057
      vertex -32.5813 15.5534 34.12
    endloop
  endfacet
  facet normal -0.19704 0.827097 -0.52639
    outer loop
      vertex -28.9682 16.782 34.6989
      vertex -29.6407 17.4053 35.93
      vertex -28.7806 16.9002 34.8144
    endloop
  endfacet
  facet normal -0.196809 0.827199 -0.526316
    outer loop
      vertex -29.6407 17.4053 35.93
      vertex -28.9682 16.782 34.6989
      vertex -29.8279 17.2874 35.8147
    endloop
  endfacet
  facet normal -0.718954 -0.643338 -0.263101
    outer loop
      vertex -29.3731 18.0621 33.5926
      vertex -30.3316 18.76 34.5053
      vertex -29.45 18.2129 33.434
    endloop
  endfacet
  facet normal -0.71885 -0.643572 -0.262812
    outer loop
      vertex -30.3316 18.76 34.5053
      vertex -29.3731 18.0621 33.5926
      vertex -30.2635 18.6266 34.6457
    endloop
  endfacet
  facet normal -0.718998 -0.643295 -0.263086
    outer loop
      vertex -28.7806 16.9002 34.8144
      vertex -30.2635 18.6266 34.6457
      vertex -29.3731 18.0621 33.5926
    endloop
  endfacet
  facet normal -0.719001 -0.643296 -0.263073
    outer loop
      vertex -30.2635 18.6266 34.6457
      vertex -28.7806 16.9002 34.8144
      vertex -29.6407 17.4053 35.93
    endloop
  endfacet
  facet normal -0.718941 -0.643359 -0.263083
    outer loop
      vertex -29.45 18.2129 33.434
      vertex -30.3764 18.8478 34.413
      vertex -29.4949 18.3009 33.3415
    endloop
  endfacet
  facet normal -0.718931 -0.643379 -0.263061
    outer loop
      vertex -30.3764 18.8478 34.413
      vertex -29.45 18.2129 33.434
      vertex -30.3316 18.76 34.5053
    endloop
  endfacet
  facet normal -0.0850292 -0.914043 0.396606
    outer loop
      vertex -35.3876 16.7516 28.5076
      vertex -30.3764 18.8478 34.413
      vertex -36.5005 17.2377 29.3893
    endloop
  endfacet
  facet normal -0.0850648 -0.914056 0.396568
    outer loop
      vertex -35.3876 16.7516 28.5076
      vertex -36.5005 17.2377 29.3893
      vertex -36.9537 17.0531 28.8666
    endloop
  endfacet
  facet normal -0.0850151 -0.914048 0.396596
    outer loop
      vertex -30.3764 18.8478 34.413
      vertex -35.3876 16.7516 28.5076
      vertex -29.4949 18.3009 33.3415
    endloop
  endfacet
  facet normal -0.0849989 -0.914057 0.39658
    outer loop
      vertex -36.1641 16.4353 27.6119
      vertex -36.9537 17.0531 28.8666
      vertex -37.2671 16.9254 28.5051
    endloop
  endfacet
  facet normal -0.0850738 -0.914068 0.396538
    outer loop
      vertex -36.9537 17.0531 28.8666
      vertex -36.1641 16.4353 27.6119
      vertex -35.3876 16.7516 28.5076
    endloop
  endfacet
  facet normal -0.0826465 -0.91318 0.39909
    outer loop
      vertex -36.5558 16.2757 27.1602
      vertex -37.6576 16.7663 28.0546
      vertex -37.6672 16.7614 28.0414
    endloop
  endfacet
  facet normal -0.0850863 -0.914055 0.396565
    outer loop
      vertex -37.6576 16.7663 28.0546
      vertex -36.5558 16.2757 27.1602
      vertex -37.2671 16.9254 28.5051
    endloop
  endfacet
  facet normal -0.0849529 -0.91404 0.396628
    outer loop
      vertex -37.2671 16.9254 28.5051
      vertex -36.5558 16.2757 27.1602
      vertex -36.1641 16.4353 27.6119
    endloop
  endfacet
  facet normal -0.084937 -0.914025 0.396667
    outer loop
      vertex -36.5558 16.2757 27.1602
      vertex -37.6672 16.7614 28.0414
      vertex -36.565 16.271 27.1474
    endloop
  endfacet
  facet normal 0.37771 -0.532267 0.757646
    outer loop
      vertex -38.8041 14.7867 27.2209
      vertex -36.565 16.271 27.1474
      vertex -37.6672 16.7614 28.0414
    endloop
  endfacet
  facet normal 0.377693 -0.532239 0.757674
    outer loop
      vertex -38.8041 14.7867 27.2209
      vertex -39.15 11.7811 25.282
      vertex -36.565 16.271 27.1474
    endloop
  endfacet
  facet normal 0.377683 -0.532241 0.757678
    outer loop
      vertex -41.628 9.88204 25.1832
      vertex -39.15 11.7811 25.282
      vertex -38.8041 14.7867 27.2209
    endloop
  endfacet
  facet normal 0.377718 -0.532284 0.75763
    outer loop
      vertex -39.15 11.7811 25.282
      vertex -41.628 9.88204 25.1832
      vertex -40.3996 9.61092 24.3803
    endloop
  endfacet
  facet normal 0.377757 -0.532207 0.757664
    outer loop
      vertex -41.628 9.88204 25.1832
      vertex -40.7356 9.0272 24.1378
      vertex -40.3996 9.61092 24.3803
    endloop
  endfacet
  facet normal 0.377724 -0.532237 0.75766
    outer loop
      vertex -40.7356 9.0272 24.1378
      vertex -41.628 9.88204 25.1832
      vertex -41.9635 9.2993 24.9411
    endloop
  endfacet
  facet normal 0.0274455 -0.933281 0.358096
    outer loop
      vertex -41.2183 8.76121 23.4816
      vertex -41.9635 9.2993 24.9411
      vertex -42.4607 9.0253 24.2651
    endloop
  endfacet
  facet normal 0.0274609 -0.933278 0.358103
    outer loop
      vertex -41.9635 9.2993 24.9411
      vertex -41.2183 8.76121 23.4816
      vertex -40.7356 9.0272 24.1378
    endloop
  endfacet
  facet normal 0.0274391 -0.933288 0.35808
    outer loop
      vertex -42.763 7.75922 20.9884
      vertex -42.4607 9.0253 24.2651
      vertex -44.0582 7.9891 21.6868
    endloop
  endfacet
  facet normal 0.0274343 -0.933287 0.358081
    outer loop
      vertex -42.4607 9.0253 24.2651
      vertex -42.763 7.75922 20.9884
      vertex -41.2183 8.76121 23.4816
    endloop
  endfacet
  facet normal 0.0274353 -0.933282 0.358095
    outer loop
      vertex -42.9586 7.63232 20.6727
      vertex -44.0582 7.9891 21.6868
      vertex -44.2535 7.86238 21.3715
    endloop
  endfacet
  facet normal 0.0274657 -0.93327 0.358124
    outer loop
      vertex -44.0582 7.9891 21.6868
      vertex -42.9586 7.63232 20.6727
      vertex -42.763 7.75922 20.9884
    endloop
  endfacet
  facet normal -0.282057 0.62458 -0.728247
    outer loop
      vertex -42.2928 8.9896 21.5789
      vertex -41.7754 11.8846 23.8614
      vertex -40.5623 11.5232 23.0816
    endloop
  endfacet
  facet normal -0.282079 0.624584 -0.728235
    outer loop
      vertex -43.5676 9.26058 22.3051
      vertex -42.2928 8.9896 21.5789
      vertex -42.9586 7.63232 20.6727
    endloop
  endfacet
  facet normal -0.282082 0.624578 -0.728239
    outer loop
      vertex -42.2928 8.9896 21.5789
      vertex -43.5676 9.26058 22.3051
      vertex -41.7754 11.8846 23.8614
    endloop
  endfacet
  facet normal -0.282026 0.624606 -0.728237
    outer loop
      vertex -43.5676 9.26058 22.3051
      vertex -42.9586 7.63232 20.6727
      vertex -44.2535 7.86238 21.3715
    endloop
  endfacet
  facet normal -0.281966 0.624648 -0.728224
    outer loop
      vertex -40.5623 11.5232 23.0816
      vertex -41.4746 12.325 24.1226
      vertex -40.261 11.9643 23.3433
    endloop
  endfacet
  facet normal -0.282061 0.624575 -0.72825
    outer loop
      vertex -41.4746 12.325 24.1226
      vertex -40.5623 11.5232 23.0816
      vertex -41.7754 11.8846 23.8614
    endloop
  endfacet
  facet normal -0.362886 0.490795 -0.792108
    outer loop
      vertex -37.6365 16.7568 25.1111
      vertex -38.6486 17.4234 25.9878
      vertex -37.5286 16.8992 25.1499
    endloop
  endfacet
  facet normal -0.362865 0.490819 -0.792102
    outer loop
      vertex -37.6365 16.7568 25.1111
      vertex -38.771 17.2619 25.9438
      vertex -38.6486 17.4234 25.9878
    endloop
  endfacet
  facet normal -0.362835 0.490865 -0.792088
    outer loop
      vertex -39.4887 13.3745 23.8635
      vertex -38.771 17.2619 25.9438
      vertex -37.6365 16.7568 25.1111
    endloop
  endfacet
  facet normal -0.362796 0.490878 -0.792097
    outer loop
      vertex -41.4127 12.4379 24.1643
      vertex -39.4887 13.3745 23.8635
      vertex -40.261 11.9643 23.3433
    endloop
  endfacet
  facet normal -0.362792 0.490866 -0.792106
    outer loop
      vertex -39.4887 13.3745 23.8635
      vertex -41.4127 12.4379 24.1643
      vertex -38.771 17.2619 25.9438
    endloop
  endfacet
  facet normal -0.362535 0.491283 -0.791965
    outer loop
      vertex -41.4127 12.4379 24.1643
      vertex -40.261 11.9643 23.3433
      vertex -41.4746 12.325 24.1226
    endloop
  endfacet
  facet normal -0.36274 0.490898 -0.79211
    outer loop
      vertex -37.5286 16.8992 25.1499
      vertex -38.2957 17.889 26.1146
      vertex -37.1751 17.3655 25.277
    endloop
  endfacet
  facet normal -0.362897 0.490778 -0.792112
    outer loop
      vertex -38.2957 17.889 26.1146
      vertex -37.5286 16.8992 25.1499
      vertex -38.6486 17.4234 25.9878
    endloop
  endfacet
  facet normal -0.329444 -0.933346 0.142588
    outer loop
      vertex -39.5457 18.0242 24.1115
      vertex -37.1751 17.3655 25.277
      vertex -38.2957 17.889 26.1146
    endloop
  endfacet
  facet normal -0.329432 -0.933355 0.142557
    outer loop
      vertex -37.1751 17.3655 25.277
      vertex -39.5457 18.0242 24.1115
      vertex -38.385 17.4964 23.3381
    endloop
  endfacet
  facet normal -0.329369 -0.933362 0.142656
    outer loop
      vertex -39.6596 18.0365 23.929
      vertex -38.385 17.4964 23.3381
      vertex -39.5457 18.0242 24.1115
    endloop
  endfacet
  facet normal -0.329259 -0.933365 0.142894
    outer loop
      vertex -38.385 17.4964 23.3381
      vertex -39.6596 18.0365 23.929
      vertex -38.4992 17.5087 23.1553
    endloop
  endfacet
  facet normal 0.0672426 -0.774363 0.629158
    outer loop
      vertex -38.8022 17.2758 22.9011
      vertex -39.6596 18.0365 23.929
      vertex -39.9718 17.7966 23.6671
    endloop
  endfacet
  facet normal 0.0673221 -0.774325 0.629197
    outer loop
      vertex -39.6596 18.0365 23.929
      vertex -38.8022 17.2758 22.9011
      vertex -38.4992 17.5087 23.1553
    endloop
  endfacet
  facet normal 0.0673381 -0.774334 0.629184
    outer loop
      vertex -40.0529 16.029 21.5004
      vertex -39.9718 17.7966 23.6671
      vertex -41.8731 15.9011 21.5378
    endloop
  endfacet
  facet normal 0.0672738 -0.774336 0.629188
    outer loop
      vertex -39.9718 17.7966 23.6671
      vertex -40.0529 16.029 21.5004
      vertex -38.8022 17.2758 22.9011
    endloop
  endfacet
  facet normal 0.0673395 -0.774366 0.629144
    outer loop
      vertex -40.0529 16.029 21.5004
      vertex -41.8731 15.9011 21.5378
      vertex -40.6413 15.4425 20.8415
    endloop
  endfacet
  facet normal 0.0672852 -0.774344 0.629178
    outer loop
      vertex -40.8578 15.2266 20.5991
      vertex -41.8731 15.9011 21.5378
      vertex -42.0893 15.6856 21.2957
    endloop
  endfacet
  facet normal 0.0674851 -0.774222 0.629307
    outer loop
      vertex -41.8731 15.9011 21.5378
      vertex -40.8578 15.2266 20.5991
      vertex -40.6413 15.4425 20.8415
    endloop
  endfacet
  facet normal 0.378165 -0.309486 0.872473
    outer loop
      vertex -42.0893 15.6856 21.2957
      vertex -41.1935 14.4409 20.4659
      vertex -40.8578 15.2266 20.5991
    endloop
  endfacet
  facet normal 0.378248 -0.309419 0.872461
    outer loop
      vertex -41.1935 14.4409 20.4659
      vertex -42.0893 15.6856 21.2957
      vertex -42.4364 14.8733 21.1581
    endloop
  endfacet
  facet normal 0.378245 -0.309426 0.87246
    outer loop
      vertex -42.4364 14.8733 21.1581
      vertex -41.2326 14.3494 20.4504
      vertex -41.1935 14.4409 20.4659
    endloop
  endfacet
  facet normal 0.378136 -0.309639 0.872432
    outer loop
      vertex -41.2326 14.3494 20.4504
      vertex -42.4364 14.8733 21.1581
      vertex -42.4754 14.782 21.1426
    endloop
  endfacet
  facet normal 0.130581 -0.718309 0.68336
    outer loop
      vertex -41.9346 13.5333 19.7267
      vertex -42.4754 14.782 21.1426
      vertex -43.2571 13.8733 20.3368
    endloop
  endfacet
  facet normal 0.130577 -0.71831 0.68336
    outer loop
      vertex -42.4754 14.782 21.1426
      vertex -41.9346 13.5333 19.7267
      vertex -41.2326 14.3494 20.4504
    endloop
  endfacet
  facet normal 0.130597 -0.718293 0.683374
    outer loop
      vertex -43.3387 11.341 17.6907
      vertex -43.2571 13.8733 20.3368
      vertex -44.7635 11.5213 18.1525
    endloop
  endfacet
  facet normal 0.130591 -0.718293 0.683375
    outer loop
      vertex -43.2571 13.8733 20.3368
      vertex -43.3387 11.341 17.6907
      vertex -41.9346 13.5333 19.7267
    endloop
  endfacet
  facet normal 0.130512 -0.718485 0.683188
    outer loop
      vertex -43.3387 11.341 17.6907
      vertex -44.7635 11.5213 18.1525
      vertex -43.4338 11.1926 17.5528
    endloop
  endfacet
  facet normal 0.130571 -0.718347 0.683322
    outer loop
      vertex -43.6754 10.8154 17.2025
      vertex -44.7635 11.5213 18.1525
      vertex -45.0048 11.1446 17.8026
    endloop
  endfacet
  facet normal 0.130635 -0.718299 0.68336
    outer loop
      vertex -44.7635 11.5213 18.1525
      vertex -43.6754 10.8154 17.2025
      vertex -43.4338 11.1926 17.5528
    endloop
  endfacet
  facet normal 0.32211 -0.322054 0.89024
    outer loop
      vertex -45.0048 11.1446 17.8026
      vertex -44.2386 9.4032 16.8954
      vertex -43.6754 10.8154 17.2025
    endloop
  endfacet
  facet normal 0.322083 -0.322068 0.890244
    outer loop
      vertex -45.5851 9.68942 17.4861
      vertex -44.2386 9.4032 16.8954
      vertex -45.0048 11.1446 17.8026
    endloop
  endfacet
  facet normal 0.322074 -0.322097 0.890237
    outer loop
      vertex -44.2386 9.4032 16.8954
      vertex -45.5851 9.68942 17.4861
      vertex -44.7058 7.05853 16.2161
    endloop
  endfacet
  facet normal 0.322064 -0.322101 0.890239
    outer loop
      vertex -44.7058 7.05853 16.2161
      vertex -45.5851 9.68942 17.4861
      vertex -46.0665 7.27338 16.7861
    endloop
  endfacet
  facet normal -0.383528 0.0211551 -0.923287
    outer loop
      vertex -44.4683 9.45203 16.1727
      vertex -45.7095 10.1247 16.7037
      vertex -44.3629 9.81351 16.1372
    endloop
  endfacet
  facet normal -0.38342 0.0213035 -0.923328
    outer loop
      vertex -46.0665 7.27338 16.7861
      vertex -44.4683 9.45203 16.1727
      vertex -44.7058 7.05853 16.2161
    endloop
  endfacet
  facet normal -0.383403 0.0214213 -0.923333
    outer loop
      vertex -44.4683 9.45203 16.1727
      vertex -45.8218 9.73973 16.7414
      vertex -45.7095 10.1247 16.7037
    endloop
  endfacet
  facet normal -0.383425 0.0213073 -0.923326
    outer loop
      vertex -44.4683 9.45203 16.1727
      vertex -46.0665 7.27338 16.7861
      vertex -45.8218 9.73973 16.7414
    endloop
  endfacet
  facet normal -0.383425 0.0214519 -0.923323
    outer loop
      vertex -44.3629 9.81351 16.1372
      vertex -45.5941 10.5204 16.6649
      vertex -44.2473 10.2097 16.0984
    endloop
  endfacet
  facet normal -0.383497 0.0213081 -0.923296
    outer loop
      vertex -45.5941 10.5204 16.6649
      vertex -44.3629 9.81351 16.1372
      vertex -45.7095 10.1247 16.7037
    endloop
  endfacet
  facet normal -0.296385 0.341591 -0.891892
    outer loop
      vertex -43.3387 12.4313 16.6481
      vertex -44.5749 13.0125 17.2815
      vertex -43.2628 12.617 16.694
    endloop
  endfacet
  facet normal -0.296247 0.341834 -0.891845
    outer loop
      vertex -44.2473 10.2097 16.0984
      vertex -44.5749 13.0125 17.2815
      vertex -43.3387 12.4313 16.6481
    endloop
  endfacet
  facet normal -0.296273 0.341828 -0.891839
    outer loop
      vertex -44.5749 13.0125 17.2815
      vertex -44.2473 10.2097 16.0984
      vertex -45.5941 10.5204 16.6649
    endloop
  endfacet
  facet normal -0.296284 0.341874 -0.891817
    outer loop
      vertex -43.2628 12.617 16.694
      vertex -44.4273 13.3733 17.3708
      vertex -43.115 12.9783 16.7834
    endloop
  endfacet
  facet normal -0.29625 0.341921 -0.891811
    outer loop
      vertex -44.4273 13.3733 17.3708
      vertex -43.2628 12.617 16.694
      vertex -44.5749 13.0125 17.2815
    endloop
  endfacet
  facet normal -5.5439e-06 0.829786 -0.558082
    outer loop
      vertex -43.115 12.9783 16.7834
      vertex -43.2115 14.838 19.5485
      vertex -41.9351 14.3997 18.8968
    endloop
  endfacet
  facet normal -4.02539e-05 0.829785 -0.558083
    outer loop
      vertex -43.2115 14.838 19.5485
      vertex -43.115 12.9783 16.7834
      vertex -44.4273 13.3733 17.3708
    endloop
  endfacet
  facet normal -0.519627 -0.363715 -0.77311
    outer loop
      vertex -43.2115 14.838 19.5485
      vertex -41.6533 16.4968 17.7208
      vertex -41.9351 14.3997 18.8968
    endloop
  endfacet
  facet normal -0.519567 -0.363328 -0.773332
    outer loop
      vertex -41.6533 16.4968 17.7208
      vertex -42.9314 16.9227 18.3794
      vertex -42.92 17.0075 18.3319
    endloop
  endfacet
  facet normal -0.519595 -0.36375 -0.773115
    outer loop
      vertex -41.6533 16.4968 17.7208
      vertex -43.2115 14.838 19.5485
      vertex -42.9314 16.9227 18.3794
    endloop
  endfacet
  facet normal -0.519608 -0.363636 -0.77316
    outer loop
      vertex -42.92 17.0075 18.3319
      vertex -41.6173 16.7645 17.5707
      vertex -41.6533 16.4968 17.7208
    endloop
  endfacet
  facet normal -0.5196 -0.363766 -0.773104
    outer loop
      vertex -41.6173 16.7645 17.5707
      vertex -42.92 17.0075 18.3319
      vertex -42.8841 17.2748 18.182
    endloop
  endfacet
  facet normal -0.257781 -0.934409 0.245823
    outer loop
      vertex -43.6039 16.9881 16.3374
      vertex -41.6173 16.7645 17.5707
      vertex -42.8841 17.2748 18.182
    endloop
  endfacet
  facet normal -0.257777 -0.934412 0.245816
    outer loop
      vertex -41.6173 16.7645 17.5707
      vertex -43.6039 16.9881 16.3374
      vertex -42.313 16.4875 15.7882
    endloop
  endfacet
  facet normal -0.257821 -0.934424 0.245724
    outer loop
      vertex -43.6997 16.95 16.092
      vertex -42.313 16.4875 15.7882
      vertex -43.6039 16.9881 16.3374
    endloop
  endfacet
  facet normal -0.2578 -0.93441 0.245799
    outer loop
      vertex -42.313 16.4875 15.7882
      vertex -43.6997 16.95 16.092
      vertex -42.4089 16.4493 15.5424
    endloop
  endfacet
  facet normal 0.180604 -0.477967 0.85961
    outer loop
      vertex -43.6997 16.95 16.092
      vertex -42.9803 15.2579 15
      vertex -42.4089 16.4493 15.5424
    endloop
  endfacet
  facet normal 0.180564 -0.477984 0.859609
    outer loop
      vertex -42.9803 15.2579 15
      vertex -43.6997 16.95 16.092
      vertex -44.85 14.5516 15
    endloop
  endfacet
  facet normal -0.119432 0.54191 -0.831907
    outer loop
      vertex -41.71 18.5705 15.5708
      vertex -41.5946 20.9143 17.081
      vertex -40.3833 20.2743 16.4902
    endloop
  endfacet
  facet normal -0.119412 0.5419 -0.831917
    outer loop
      vertex -42.9796 19.1357 16.1212
      vertex -41.71 18.5705 15.5708
      vertex -42.2256 17.5806 15
    endloop
  endfacet
  facet normal -0.119404 0.541911 -0.831911
    outer loop
      vertex -41.71 18.5705 15.5708
      vertex -42.9796 19.1357 16.1212
      vertex -41.5946 20.9143 17.081
    endloop
  endfacet
  facet normal -0.119382 0.541912 -0.831913
    outer loop
      vertex -42.9796 19.1357 16.1212
      vertex -42.2256 17.5806 15
      vertex -43.9923 17.1914 15
    endloop
  endfacet
  facet normal -0.119451 0.541909 -0.831905
    outer loop
      vertex -41.0956 21.5551 17.4268
      vertex -39.8189 20.9991 16.8813
      vertex -40.3833 20.2743 16.4902
    endloop
  endfacet
  facet normal -0.119236 0.542228 -0.831728
    outer loop
      vertex -39.8189 20.9991 16.8813
      vertex -41.0956 21.5551 17.4268
      vertex -41.0309 21.6382 17.4717
    endloop
  endfacet
  facet normal -0.119423 0.541922 -0.831901
    outer loop
      vertex -41.0956 21.5551 17.4268
      vertex -40.3833 20.2743 16.4902
      vertex -41.5946 20.9143 17.081
    endloop
  endfacet
  facet normal 0.582385 0.630928 0.512598
    outer loop
      vertex -39.9701 19.1754 19.2978
      vertex -41.0309 21.6382 17.4717
      vertex -41.1874 19.7508 19.9726
    endloop
  endfacet
  facet normal 0.582392 0.630927 0.512592
    outer loop
      vertex -41.0309 21.6382 17.4717
      vertex -39.9701 19.1754 19.2978
      vertex -39.8189 20.9991 16.8813
    endloop
  endfacet
  facet normal 0.58237 0.630983 0.512547
    outer loop
      vertex -39.9916 18.916 19.6416
      vertex -41.1874 19.7508 19.9726
      vertex -41.2089 19.4917 20.316
    endloop
  endfacet
  facet normal 0.582376 0.631003 0.512517
    outer loop
      vertex -41.1874 19.7508 19.9726
      vertex -39.9916 18.916 19.6416
      vertex -39.9701 19.1754 19.2978
    endloop
  endfacet
  facet normal 1.53764e-05 0.760502 -0.649336
    outer loop
      vertex -35.3206 22.3843 23.7037
      vertex -36.9537 22.6392 24.0022
      vertex -36.3852 23.0591 24.494
    endloop
  endfacet
  facet normal 1.16822e-05 0.760492 -0.649348
    outer loop
      vertex -39.9179 18.9886 19.7267
      vertex -36.9537 22.6392 24.0022
      vertex -35.3206 22.3843 23.7037
    endloop
  endfacet
  facet normal 3.19308e-05 0.760485 -0.649356
    outer loop
      vertex -36.9537 22.6392 24.0022
      vertex -39.9179 18.9886 19.7267
      vertex -41.1908 19.5096 20.3368
    endloop
  endfacet
  facet normal 0.000217551 0.760676 -0.649132
    outer loop
      vertex -39.9916 18.916 19.6416
      vertex -41.1908 19.5096 20.3368
      vertex -39.9179 18.9886 19.7267
    endloop
  endfacet
  facet normal -0.00196545 0.758812 -0.651306
    outer loop
      vertex -41.1908 19.5096 20.3368
      vertex -39.9916 18.916 19.6416
      vertex -41.2089 19.4917 20.316
    endloop
  endfacet
  facet normal 0.426583 0.885996 -0.181764
    outer loop
      vertex -33.4041 22.1044 26.838
      vertex -34.1047 22.726 28.2237
      vertex -33.1136 22.062 27.3131
    endloop
  endfacet
  facet normal 0.42663 0.88598 -0.181733
    outer loop
      vertex -33.4041 22.1044 26.838
      vertex -36.3852 23.0591 24.494
      vertex -34.1047 22.726 28.2237
    endloop
  endfacet
  facet normal 0.426646 0.885967 -0.181758
    outer loop
      vertex -36.3852 23.0591 24.494
      vertex -33.4041 22.1044 26.838
      vertex -35.3206 22.3843 23.7037
    endloop
  endfacet
  facet normal 0.426622 0.885996 -0.181675
    outer loop
      vertex -32.8937 22.0299 27.6727
      vertex -34.1047 22.726 28.2237
      vertex -33.8852 22.6939 28.5826
    endloop
  endfacet
  facet normal 0.426579 0.885997 -0.181769
    outer loop
      vertex -34.1047 22.726 28.2237
      vertex -32.8937 22.0299 27.6727
      vertex -33.1136 22.062 27.3131
    endloop
  endfacet
  facet normal 0.17016 0.875008 -0.453218
    outer loop
      vertex -31.0805 22.5813 29.418
      vertex -27.6403 23.9976 33.444
      vertex -26.8548 23.2984 32.389
    endloop
  endfacet
  facet normal 0.170156 0.87501 -0.453216
    outer loop
      vertex -27.6403 23.9976 33.444
      vertex -31.0805 22.5813 29.418
      vertex -32.0093 23.2562 30.3723
    endloop
  endfacet
  facet normal 0.170141 0.875007 -0.453227
    outer loop
      vertex -32.1716 22.3219 28.5076
      vertex -32.0093 23.2562 30.3723
      vertex -31.0805 22.5813 29.418
    endloop
  endfacet
  facet normal 0.170117 0.875011 -0.453227
    outer loop
      vertex -32.0093 23.2562 30.3723
      vertex -32.1716 22.3219 28.5076
      vertex -33.1875 22.9761 29.3893
    endloop
  endfacet
  facet normal 0.170117 0.875011 -0.453228
    outer loop
      vertex -33.1875 22.9761 29.3893
      vertex -32.1716 22.3219 28.5076
      vertex -33.8852 22.6939 28.5826
    endloop
  endfacet
  facet normal 0.170124 0.875036 -0.453177
    outer loop
      vertex -33.8852 22.6939 28.5826
      vertex -32.1716 22.3219 28.5076
      vertex -32.8937 22.0299 27.6727
    endloop
  endfacet
  facet normal 0.170149 0.875019 -0.453202
    outer loop
      vertex -26.8548 23.2984 32.389
      vertex -27.1123 24.0872 33.8153
      vertex -26.3255 23.3882 32.7611
    endloop
  endfacet
  facet normal 0.170204 0.875014 -0.453189
    outer loop
      vertex -27.1123 24.0872 33.8153
      vertex -26.8548 23.2984 32.389
      vertex -27.6403 23.9976 33.444
    endloop
  endfacet
  facet normal 0.676141 0.736594 0.01621
    outer loop
      vertex -21.5549 18.8785 38.6904
      vertex -24.9439 22.0231 37.1572
      vertex -22.1828 19.4277 39.9249
    endloop
  endfacet
  facet normal 0.676138 0.736596 0.0162205
    outer loop
      vertex -24.1964 21.3615 36.0425
      vertex -24.9439 22.0231 37.1572
      vertex -21.5549 18.8785 38.6904
    endloop
  endfacet
  facet normal 0.676147 0.736588 0.0162319
    outer loop
      vertex -24.1964 21.3615 36.0425
      vertex -27.0669 24.044 33.8853
      vertex -24.9439 22.0231 37.1572
    endloop
  endfacet
  facet normal 0.676148 0.736587 0.016231
    outer loop
      vertex -26.2549 23.321 32.87
      vertex -27.0669 24.044 33.8853
      vertex -24.1964 21.3615 36.0425
    endloop
  endfacet
  facet normal 0.676081 0.736651 0.0161322
    outer loop
      vertex -27.0669 24.044 33.8853
      vertex -26.2549 23.321 32.87
      vertex -27.1123 24.0872 33.8153
    endloop
  endfacet
  facet normal 0.676127 0.736606 0.0162107
    outer loop
      vertex -27.1123 24.0872 33.8153
      vertex -26.2549 23.321 32.87
      vertex -26.3255 23.3882 32.7611
    endloop
  endfacet
  facet normal 0.676162 0.736575 0.0161939
    outer loop
      vertex -21.1921 18.5374 39.0541
      vertex -22.1828 19.4277 39.9249
      vertex -21.821 19.0876 40.2876
    endloop
  endfacet
  facet normal 0.678962 0.733839 0.0221758
    outer loop
      vertex -21.1989 18.5439 39.0472
      vertex -22.1828 19.4277 39.9249
      vertex -21.1921 18.5374 39.0541
    endloop
  endfacet
  facet normal 0.676115 0.736618 0.0161865
    outer loop
      vertex -22.1828 19.4277 39.9249
      vertex -21.1989 18.5439 39.0472
      vertex -21.5549 18.8785 38.6904
    endloop
  endfacet
  facet normal 0.181468 0.929231 -0.321869
    outer loop
      vertex -15.6107 18.4686 42.0022
      vertex -12.9502 18.725 44.2424
      vertex -12.5953 18.1896 42.8968
    endloop
  endfacet
  facet normal 0.181479 0.929224 -0.321881
    outer loop
      vertex -12.9502 18.725 44.2424
      vertex -15.6107 18.4686 42.0022
      vertex -16.1227 19.0186 43.3013
    endloop
  endfacet
  facet normal 0.18149 0.929224 -0.321877
    outer loop
      vertex -16.1227 19.0186 43.3013
      vertex -15.6107 18.4686 42.0022
      vertex -17.1605 19.0587 42.8319
    endloop
  endfacet
  facet normal 0.181492 0.929224 -0.321874
    outer loop
      vertex -16.6659 18.5094 41.525
      vertex -17.1605 19.0587 42.8319
      vertex -15.6107 18.4686 42.0022
    endloop
  endfacet
  facet normal 0.181485 0.929225 -0.321877
    outer loop
      vertex -16.6659 18.5094 41.525
      vertex -21.1583 19.0835 40.6494
      vertex -17.1605 19.0587 42.8319
    endloop
  endfacet
  facet normal 0.181488 0.929218 -0.321895
    outer loop
      vertex -21.134 18.5371 39.0858
      vertex -21.1583 19.0835 40.6494
      vertex -16.6659 18.5094 41.525
    endloop
  endfacet
  facet normal 0.181487 0.929218 -0.321895
    outer loop
      vertex -21.1583 19.0835 40.6494
      vertex -21.134 18.5371 39.0858
      vertex -21.821 19.0876 40.2876
    endloop
  endfacet
  facet normal 0.180679 0.929216 -0.322356
    outer loop
      vertex -21.821 19.0876 40.2876
      vertex -21.134 18.5371 39.0858
      vertex -21.1921 18.5374 39.0541
    endloop
  endfacet
  facet normal 0.181474 0.929225 -0.321883
    outer loop
      vertex -12.0739 18.1413 43.0514
      vertex -12.9502 18.725 44.2424
      vertex -12.4304 18.6769 44.3966
    endloop
  endfacet
  facet normal 0.181512 0.929227 -0.321856
    outer loop
      vertex -12.9502 18.725 44.2424
      vertex -12.0739 18.1413 43.0514
      vertex -12.5953 18.1896 42.8968
    endloop
  endfacet
  facet normal -0.966707 -0.000692857 -0.255884
    outer loop
      vertex -10.1307 31.1791 35.6751
      vertex -8.87882 37.8325 30.9276
      vertex -8.62822 36.7086 29.9839
    endloop
  endfacet
  facet normal -0.966703 -0.000705646 -0.255901
    outer loop
      vertex -8.87882 37.8325 30.9276
      vertex -10.1307 31.1791 35.6751
      vertex -10.4335 32.111 36.8164
    endloop
  endfacet
  facet normal -0.966685 -0.000618175 -0.255968
    outer loop
      vertex -10.1935 30.9181 35.9129
      vertex -10.4335 32.111 36.8164
      vertex -10.1307 31.1791 35.6751
    endloop
  endfacet
  facet normal -0.966719 -0.00072266 -0.255839
    outer loop
      vertex -10.4335 32.111 36.8164
      vertex -10.1935 30.9181 35.9129
      vertex -10.4917 31.8688 37.037
    endloop
  endfacet
  facet normal -0.966713 -0.000691313 -0.255864
    outer loop
      vertex -10.2277 30.7758 36.0425
      vertex -10.4917 31.8688 37.037
      vertex -10.1935 30.9181 35.9129
    endloop
  endfacet
  facet normal -0.966732 -0.000762446 -0.255791
    outer loop
      vertex -10.4917 31.8688 37.037
      vertex -10.2277 30.7758 36.0425
      vertex -10.5234 31.7368 37.1572
    endloop
  endfacet
  facet normal -0.966713 -0.000673307 -0.255863
    outer loop
      vertex -10.2277 30.7758 36.0425
      vertex -11.0754 28.3527 39.2517
      vertex -10.5234 31.7368 37.1572
    endloop
  endfacet
  facet normal -0.966712 -0.00067874 -0.255866
    outer loop
      vertex -10.8227 27.128 38.3002
      vertex -11.0754 28.3527 39.2517
      vertex -10.2277 30.7758 36.0425
    endloop
  endfacet
  facet normal -0.96671 -0.00067396 -0.255872
    outer loop
      vertex -10.8227 27.128 38.3002
      vertex -12.1427 21.8097 43.3013
      vertex -11.0754 28.3527 39.2517
    endloop
  endfacet
  facet normal -0.966699 -0.000715373 -0.255913
    outer loop
      vertex -11.7983 21.1466 42.0022
      vertex -12.1427 21.8097 43.3013
      vertex -10.8227 27.128 38.3002
    endloop
  endfacet
  facet normal -0.966708 -0.000786465 -0.255879
    outer loop
      vertex -12.1427 21.8097 43.3013
      vertex -11.7983 21.1466 42.0022
      vertex -12.2104 21.1491 43.5591
    endloop
  endfacet
  facet normal -0.966708 -0.000620705 -0.25588
    outer loop
      vertex -11.8603 20.5426 42.2379
      vertex -12.2104 21.1491 43.5591
      vertex -11.7983 21.1466 42.0022
    endloop
  endfacet
  facet normal -0.966713 -0.000663425 -0.255861
    outer loop
      vertex -11.8603 20.5426 42.2379
      vertex -12.2644 20.5423 43.7647
      vertex -12.2104 21.1491 43.5591
    endloop
  endfacet
  facet normal -0.966713 -0.000688467 -0.255861
    outer loop
      vertex -12.0739 18.1413 43.0514
      vertex -12.2644 20.5423 43.7647
      vertex -11.8603 20.5426 42.2379
    endloop
  endfacet
  facet normal -0.966697 -0.00066844 -0.255924
    outer loop
      vertex -12.2644 20.5423 43.7647
      vertex -12.0739 18.1413 43.0514
      vertex -12.4304 18.6769 44.3966
    endloop
  endfacet
  facet normal -0.966706 -0.000698231 -0.255889
    outer loop
      vertex -8.40035 37.5472 29.1208
      vertex -8.87882 37.8325 30.9276
      vertex -8.65141 38.6694 30.0662
    endloop
  endfacet
  facet normal -0.966705 -0.00068709 -0.255891
    outer loop
      vertex -8.87882 37.8325 30.9276
      vertex -8.40035 37.5472 29.1208
      vertex -8.62822 36.7086 29.9839
    endloop
  endfacet
  facet normal -0.980488 -0.0622723 -0.186455
    outer loop
      vertex -6.99595 43.5616 19.7267
      vertex -6.89913 45.5664 18.548
      vertex -6.7005 44.2091 17.9568
    endloop
  endfacet
  facet normal -0.980487 -0.062274 -0.186458
    outer loop
      vertex -6.89913 45.5664 18.548
      vertex -6.99595 43.5616 19.7267
      vertex -7.19774 44.912 20.3368
    endloop
  endfacet
  facet normal -0.980488 -0.0622765 -0.186452
    outer loop
      vertex -6.99595 43.5616 19.7267
      vertex -8.03717 41.4668 25.9018
      vertex -7.19774 44.912 20.3368
    endloop
  endfacet
  facet normal -0.980487 -0.0622846 -0.186455
    outer loop
      vertex -7.80848 40.2269 25.1134
      vertex -8.03717 41.4668 25.9018
      vertex -6.99595 43.5616 19.7267
    endloop
  endfacet
  facet normal -0.980487 -0.0622814 -0.18646
    outer loop
      vertex -8.32048 38.1256 28.5076
      vertex -8.03717 41.4668 25.9018
      vertex -7.80848 40.2269 25.1134
    endloop
  endfacet
  facet normal -0.980489 -0.062274 -0.18645
    outer loop
      vertex -8.03717 41.4668 25.9018
      vertex -8.32048 38.1256 28.5076
      vertex -8.56323 39.3078 29.3893
    endloop
  endfacet
  facet normal -0.980488 -0.0622695 -0.186456
    outer loop
      vertex -8.56323 39.3078 29.3893
      vertex -8.32048 38.1256 28.5076
      vertex -8.65141 38.6694 30.0662
    endloop
  endfacet
  facet normal -0.980488 -0.062278 -0.186453
    outer loop
      vertex -8.65141 38.6694 30.0662
      vertex -8.32048 38.1256 28.5076
      vertex -8.40035 37.5472 29.1208
    endloop
  endfacet
  facet normal -0.980486 -0.0622772 -0.186465
    outer loop
      vertex -6.6689 44.2784 17.7675
      vertex -6.73137 45.9341 17.543
      vertex -6.53253 44.5773 16.9506
    endloop
  endfacet
  facet normal -0.980488 -0.0622756 -0.186452
    outer loop
      vertex -6.73137 45.9341 17.543
      vertex -6.6689 44.2784 17.7675
      vertex -6.86259 45.6465 18.3291
    endloop
  endfacet
  facet normal -0.980486 -0.0622684 -0.186469
    outer loop
      vertex -6.7005 44.2091 17.9568
      vertex -6.86259 45.6465 18.3291
      vertex -6.6689 44.2784 17.7675
    endloop
  endfacet
  facet normal -0.980488 -0.0622722 -0.186455
    outer loop
      vertex -6.86259 45.6465 18.3291
      vertex -6.7005 44.2091 17.9568
      vertex -6.89913 45.5664 18.548
    endloop
  endfacet
  facet normal -0.871194 -0.298012 0.390141
    outer loop
      vertex -7.55233 45.0049 15
      vertex -6.73137 45.9341 17.543
      vertex -8.06089 46.4916 15
    endloop
  endfacet
  facet normal -0.871192 -0.298016 0.390142
    outer loop
      vertex -6.73137 45.9341 17.543
      vertex -7.55233 45.0049 15
      vertex -6.53253 44.5773 16.9506
    endloop
  endfacet
  facet normal 0.265704 0.795712 0.544282
    outer loop
      vertex -4.0871 -28.1947 40.6967
      vertex -5.30237 -26.9901 39.5289
      vertex -5.46225 -27.7903 40.7768
    endloop
  endfacet
  facet normal 0.265668 0.795704 0.544311
    outer loop
      vertex -5.30237 -26.9901 39.5289
      vertex -4.0871 -28.1947 40.6967
      vertex -3.9693 -27.3821 39.4513
    endloop
  endfacet
  facet normal 0.265441 0.795761 0.54434
    outer loop
      vertex -5.46225 -27.7903 40.7768
      vertex -5.38017 -26.9672 39.5335
      vertex -5.53983 -27.7675 40.7813
    endloop
  endfacet
  facet normal 0.266338 0.795526 0.544244
    outer loop
      vertex -5.38017 -26.9672 39.5335
      vertex -5.46225 -27.7903 40.7768
      vertex -5.30237 -26.9901 39.5289
    endloop
  endfacet
  facet normal -0.502798 -0.70139 -0.50522
    outer loop
      vertex -5.08106 -26.7756 39.7158
      vertex -4.14786 -28.1615 40.7111
      vertex -5.23185 -27.5702 40.969
    endloop
  endfacet
  facet normal -0.502787 -0.70139 -0.50523
    outer loop
      vertex -4.14786 -28.1615 40.7111
      vertex -5.08106 -26.7756 39.7158
      vertex -4.03023 -27.3488 39.4658
    endloop
  endfacet
  facet normal -0.502935 -0.701311 -0.505192
    outer loop
      vertex -4.03023 -27.3488 39.4658
      vertex -4.0871 -28.1947 40.6967
      vertex -4.14786 -28.1615 40.7111
    endloop
  endfacet
  facet normal -0.503363 -0.701096 -0.505064
    outer loop
      vertex -4.0871 -28.1947 40.6967
      vertex -4.03023 -27.3488 39.4658
      vertex -3.9693 -27.3821 39.4513
    endloop
  endfacet
  facet normal 0.647376 -0.676503 -0.351067
    outer loop
      vertex -5.53983 -27.7675 40.7813
      vertex -5.09751 -26.7861 39.7058
      vertex -5.24826 -27.5807 40.959
    endloop
  endfacet
  facet normal 0.647407 -0.676487 -0.35104
    outer loop
      vertex -5.09751 -26.7861 39.7058
      vertex -5.53983 -27.7675 40.7813
      vertex -5.38017 -26.9672 39.5335
    endloop
  endfacet
  facet normal 0.647046 -0.676733 -0.351232
    outer loop
      vertex -5.24826 -27.5807 40.959
      vertex -5.08106 -26.7756 39.7158
      vertex -5.23185 -27.5702 40.969
    endloop
  endfacet
  facet normal 0.646155 -0.677324 -0.351734
    outer loop
      vertex -5.08106 -26.7756 39.7158
      vertex -5.24826 -27.5807 40.959
      vertex -5.09751 -26.7861 39.7058
    endloop
  endfacet
  facet normal -0.327862 0.910776 -0.250984
    outer loop
      vertex 29.6024 20.7448 34.1024
      vertex 28.3093 20.1076 33.4793
      vertex 29.1544 20.7085 34.5559
    endloop
  endfacet
  facet normal -0.327901 0.910783 -0.250909
    outer loop
      vertex 28.3093 20.1076 33.4793
      vertex 29.6024 20.7448 34.1024
      vertex 28.7433 20.1428 33.0399
    endloop
  endfacet
  facet normal -0.328256 0.910747 -0.250574
    outer loop
      vertex 29.1544 20.7085 34.5559
      vertex 28.2787 20.1052 33.5103
      vertex 29.1238 20.706 34.5869
    endloop
  endfacet
  facet normal -0.326708 0.910919 -0.25197
    outer loop
      vertex 28.2787 20.1052 33.5103
      vertex 29.1544 20.7085 34.5559
      vertex 28.3093 20.1076 33.4793
    endloop
  endfacet
  facet normal -0.194518 -0.777647 0.597853
    outer loop
      vertex 28.2225 20.5048 33.3415
      vertex 29.0659 21.1176 34.413
      vertex 28.922 21.1988 34.4718
    endloop
  endfacet
  facet normal -0.194556 -0.777629 0.597864
    outer loop
      vertex 28.2225 20.5048 33.3415
      vertex 28.922 21.1988 34.4718
      vertex 28.0827 20.5836 33.3985
    endloop
  endfacet
  facet normal -0.194398 -0.777719 0.597798
    outer loop
      vertex 29.0659 21.1176 34.413
      vertex 28.2225 20.5048 33.3415
      vertex 28.701 20.1722 33.0644
    endloop
  endfacet
  facet normal -0.194342 -0.777735 0.597795
    outer loop
      vertex 29.0659 21.1176 34.413
      vertex 28.701 20.1722 33.0644
      vertex 29.5602 20.7741 34.1268
    endloop
  endfacet
  facet normal -0.194325 -0.777746 0.597787
    outer loop
      vertex 28.7433 20.1428 33.0399
      vertex 29.5602 20.7741 34.1268
      vertex 28.701 20.1722 33.0644
    endloop
  endfacet
  facet normal -0.194346 -0.777734 0.597796
    outer loop
      vertex 29.5602 20.7741 34.1268
      vertex 28.7433 20.1428 33.0399
      vertex 29.6024 20.7448 34.1024
    endloop
  endfacet
  facet normal 0.736413 0.14729 -0.660304
    outer loop
      vertex 28.0975 20.554 33.4084
      vertex 28.99 21.0625 34.5172
      vertex 29.1238 20.706 34.5869
    endloop
  endfacet
  facet normal 0.736535 0.146945 -0.660245
    outer loop
      vertex 28.99 21.0625 34.5172
      vertex 28.0975 20.554 33.4084
      vertex 28.9368 21.1692 34.4816
    endloop
  endfacet
  facet normal 0.736303 0.147911 -0.660288
    outer loop
      vertex 29.1238 20.706 34.5869
      vertex 28.1488 20.4513 33.4426
      vertex 28.0975 20.554 33.4084
    endloop
  endfacet
  facet normal 0.736451 0.147255 -0.660269
    outer loop
      vertex 28.1488 20.4513 33.4426
      vertex 29.1238 20.706 34.5869
      vertex 28.2787 20.1052 33.5103
    endloop
  endfacet
  facet normal 0.73567 0.14908 -0.66073
    outer loop
      vertex 28.9368 21.1692 34.4816
      vertex 28.0827 20.5836 33.3985
      vertex 28.922 21.1988 34.4718
    endloop
  endfacet
  facet normal 0.736374 0.14733 -0.660339
    outer loop
      vertex 28.0827 20.5836 33.3985
      vertex 28.9368 21.1692 34.4816
      vertex 28.0975 20.554 33.4084
    endloop
  endfacet
endsolid OpenSCAD_Model
